time,open,high,low,close,volume,rsi14,macd,macd_signal,bb_mid,bb_up,bb_low
2025-12-18 12:00:00,87300.5,87428.0,87109.76,87259.99,364.92164,,0.0,0.0,,,
2025-12-18 13:00:00,87259.99,89203.23,87259.99,88851.7,2595.36979,100.0,126.97401709402038,25.394803418804077,,,
2025-12-18 14:00:00,88851.7,89477.61,87727.25,88345.2,2494.91228,97.61070592436432,184.60352886746114,57.23654850853549,,,
2025-12-18 15:00:00,88345.19,89362.79,87966.24,88513.44,1859.88413,97.6309537151787,241.07196653762367,94.00363211435314,,,
2025-12-18 16:00:00,88513.43,88533.61,87852.0,88014.0,962.80719,95.05567155619975,242.7249935836153,123.74790440820557,,,
2025-12-18 17:00:00,88014.0,88022.63,85481.22,86483.56,2784.29449,87.44392047726485,119.16762168421701,122.83184786340786,,,
2025-12-18 18:00:00,86483.56,86889.04,85720.0,85970.0,1482.84371,84.98464833530207,-19.96237193135312,94.27300390445566,,,
2025-12-18 19:00:00,85970.0,86010.0,84481.31,84483.79,4102.16356,78.1360442205501,-247.29792394433753,25.958818334697025,,,
2025-12-18 20:00:00,84483.8,85268.41,84450.01,84582.65,1888.57496,78.26153607698575,-414.7053459038725,-62.174014513016886,,,
2025-12-18 21:00:00,84582.64,85835.9,84559.21,85630.95,999.89541,79.59872790799736,-457.51394891030213,-141.24200139247395,,,
2025-12-18 22:00:00,85630.96,85750.85,85288.01,85582.88,409.43501,79.35766689746396,-489.6742623892933,-210.92845359183784,,,
2025-12-18 23:00:00,85582.89,85619.99,85322.07,85516.41,298.2954,79.00138660547674,-514.5932058570033,-271.66140404487095,,,
2025-12-19 00:00:00,85516.41,85604.88,85295.2,85604.88,318.70597,79.13565159014874,-521.1948486780602,-321.5680929715088,,,
2025-12-19 01:00:00,85604.88,85604.88,85110.24,85320.43,357.58384,77.42158070949799,-543.1187016156036,-365.87821470032776,,,
2025-12-19 02:00:00,85320.42,85929.06,85135.39,85643.44,554.49887,78.00420811541376,-528.3389430724783,-398.37036037475787,,,
2025-12-19 03:00:00,85643.44,87568.99,85610.47,86891.39,2080.88033,80.13682101809194,-411.18683660055103,-400.9336556199165,,,
2025-12-19 04:00:00,86891.39,87380.0,86846.15,87103.34,691.06624,80.48292616251052,-297.80741601312184,-380.30840769855763,,,
2025-12-19 05:00:00,87103.34,87223.98,86647.51,87139.95,797.75888,80.54598117583137,-202.66311309121375,-344.7793487770889,,,
2025-12-19 06:00:00,87139.95,87484.0,86907.8,87483.41,424.48329,81.16091151779422,-98.41178615133686,-295.5058362519385,,,
2025-12-19 07:00:00,87483.41,88449.06,87473.53,87953.4,1800.28697,81.999406652447,21.8801855098136,-232.02863189958808,86618.7405,89258.35091357064,83979.13008642936
2025-12-19 08:00:00,87953.39,88222.0,87742.6,88102.78,559.50769,82.26952222371193,127.79303868582065,-160.06429778250634,86660.88,89369.59837864719,83952.16162135282
2025-12-19 09:00:00,88102.78,88165.27,87898.36,88105.03,362.43771,82.27383694041603,209.49635056234547,-86.15216811353599,86623.5465,89223.52579570927,84023.56720429072
2025-12-19 10:00:00,88105.03,88341.29,87921.41,88267.09,527.07869,82.60223702264933,284.04935729681165,-12.111863031466465,86619.641,89208.94401574036,84030.33798425965
2025-12-19 11:00:00,88267.09,88385.06,88138.51,88198.7,348.79773,81.91256832801865,333.76719041015895,57.06394765685862,86603.904,89148.17838190476,84059.62961809523
2025-12-19 12:00:00,88198.7,88280.06,87846.03,87855.92,788.49881,78.38022612476539,341.57202045156737,113.96556221580038,86596.0,89122.7516692261,84069.2483307739
2025-12-19 13:00:00,87855.92,88220.41,87825.19,87997.14,815.3906,78.78610647619068,355.05977025094035,162.18440382282836,86671.679,89273.7937600155,84069.56423998451
2025-12-19 14:00:00,87997.13,88552.17,87514.59,88180.01,1848.73686,79.32732724204142,376.16875063220505,204.9812731847037,86782.1795,89445.80416108418,84118.55483891582
2025-12-19 15:00:00,88180.0,89399.97,87692.77,87951.87,2536.09207,76.698368044315,370.22109992656624,238.0292385330762,86955.5835,89434.33361881114,84476.83338118884
2025-12-19 16:00:00,87951.86,88882.55,87872.91,87983.25,1009.42568,76.8121980588802,363.84546361956745,263.19248355037445,87125.61349999999,89374.91941593587,84876.30758406411
2025-12-19 17:00:00,87983.24,88346.96,86873.14,86943.25,1787.60684,65.40796299208967,271.74095695601136,264.90217823150186,87191.2285,89330.83850602075,85051.61849397924
2025-12-19 18:00:00,86943.26,87466.09,86846.16,87155.44,656.70102,66.50077871783344,213.4093810007471,254.60361878535093,87269.85650000001,89271.75143475056,85267.96156524945
2025-12-19 19:00:00,87155.43,88125.67,87134.6,87845.92,1130.87692,69.83977717926243,220.35701373094344,247.75429777446945,87386.332,89222.91718951367,85549.74681048632
2025-12-19 20:00:00,87845.92,88416.0,87614.79,88099.6,970.95933,70.98407161666336,243.5257058844436,246.9085793964643,87511.068,89168.330366531,85853.805633469
2025-12-19 21:00:00,88099.59,88099.6,87800.0,87839.4,343.56863,68.1288485938332,238.14589824534778,245.156043166241,87637.0165,88937.83484015154,86336.19815984846
2025-12-19 22:00:00,87839.39,88426.85,87839.39,88344.78,328.59939,70.60221880313813,271.5322495452565,250.43128444204413,87772.0835,88712.33315359477,86831.83384640522
2025-12-19 23:00:00,88344.77,88360.0,88133.85,88136.94,217.10768,68.25621171995067,278.01543361731456,255.94811427709823,87834.361,88690.20889440268,86978.51310559733
2025-12-20 00:00:00,88136.95,88188.0,87961.6,88005.63,238.63486,66.74718382802939,269.4517124929407,258.6488339202667,87879.4755,88665.33663583749,87093.61436416251
2025-12-20 01:00:00,88005.63,88165.27,88005.62,88075.89,236.74301,67.16547704734106,265.27635591410217,259.97433831903385,87926.27249999999,88634.3277609082,87218.21723909178
2025-12-20 02:00:00,88075.89,88311.87,87988.67,88204.04,365.01084,67.95720847713064,269.20476479490753,261.8204236142086,87962.304,88648.47382855312,87276.13417144689
2025-12-20 03:00:00,88204.03,88339.27,88176.45,88214.98,144.05844,68.02808448152727,270.0874240058474,263.47382369253637,87975.383,88670.74849792842,87280.01750207158
2025-12-20 04:00:00,88214.98,88338.31,88123.07,88295.37,198.26731,68.57809473667892,274.11392425367376,265.60184380476386,87985.01249999998,88693.02524501966,87276.99975498031
2025-12-20 05:00:00,88295.38,88573.07,88275.19,88295.31,306.24924,68.57714650284865,274.1399979606067,267.3094746359324,87994.5265,88714.3451523159,87274.70784768411
2025-12-20 06:00:00,88295.31,88444.54,88275.92,88305.81,99.47233,68.65881755303681,271.87393037532456,268.22236578381086,87996.4625,88719.56856806934,87273.35643193065
2025-12-20 07:00:00,88305.81,88328.84,88189.67,88275.41,193.88304,68.10688941820104,264.5751716646337,267.4929269599754,88000.298,88728.71500204425,87271.88099795574
2025-12-20 08:00:00,88275.41,88428.0,88257.21,88257.21,190.13912,67.75572162685884,254.3898174421338,264.87230505640713,88020.3625,88754.12223376833,87286.60276623168
2025-12-20 09:00:00,88257.21,88339.05,88220.61,88224.0,171.15417,67.07609006260881,240.86157903485582,260.0701598520969,88031.7055,88770.94715576606,87292.46384423393
2025-12-20 10:00:00,88224.0,88288.21,88129.27,88163.99,255.88825,65.79187063718831,222.73054804300773,252.60223749027907,88030.9045,88769.5039860679,87292.30501393211
2025-12-20 11:00:00,88163.99,88313.2,88107.35,88277.66,204.54149,67.07765794684443,215.05477677538875,245.09274534730102,88047.194,88792.79140403305,87301.59659596696
2025-12-20 12:00:00,88277.66,88335.0,88195.51,88256.08,140.78522,66.56611361732575,204.86874769933638,237.0479458177081,88060.83550000002,88811.47330426963,87310.1976957304
2025-12-20 13:00:00,88256.07,88343.73,87795.76,88270.39,491.51954,66.7472085796317,195.69509246652888,228.77737514747227,88127.1925,88666.83604655816,87587.54895344184
2025-12-20 14:00:00,88270.39,88287.84,88012.0,88260.88,329.36375,66.489459054876,185.5189797631465,220.12569607060712,88182.4645,88471.10616241711,87893.82283758289
2025-12-20 15:00:00,88260.89,88267.1,88025.96,88178.71,354.00686,64.18322308750145,168.87719368770195,209.8759955940261,88199.104,88440.57143517125,87957.63656482876
2025-12-20 16:00:00,88178.72,88242.55,88133.65,88149.72,141.45563,63.348377702850094,151.6016382874077,198.22112413270244,88201.61,88439.74667610224,87963.47332389776
2025-12-20 17:00:00,88149.72,88258.22,88103.54,88181.8,145.0622,63.90783670899792,138.89809330669232,186.35651796750042,88218.73000000001,88385.87480164082,88051.5851983592
2025-12-20 18:00:00,88181.8,88418.73,88151.97,88313.21,203.88068,66.18484783254227,137.84513819866697,176.65424201373375,88217.1515,88379.82043214448,88054.48256785554
2025-12-20 19:00:00,88313.22,88329.03,88201.14,88232.92,83.7064,63.546910899254634,129.04438831972948,167.13227127493292,88221.9505,88380.26049894867,88063.64050105134
2025-12-20 20:00:00,88232.92,88312.72,88211.17,88271.6,128.50977,64.28542869714164,123.76420663886529,158.4586583477194,88235.249,88357.66182782699,88112.836172173
2025-12-20 21:00:00,88271.6,88443.44,88184.96,88208.73,169.66114,62.08378765752881,113.20162319501105,149.40725131717772,88241.891,88339.8748012164,88143.9071987836
2025-12-20 22:00:00,88208.74,88339.99,88154.06,88279.35,182.0376,63.59212417353604,109.26955214132613,141.37971148200742,88245.6565,88343.3033598184,88148.0096401816
2025-12-20 23:00:00,88279.34,88423.31,88252.78,88360.9,149.10105,65.30836791250009,111.44904573583335,135.39357833277262,88252.9525,88362.07937273258,88143.82562726742
2025-12-21 00:00:00,88360.91,88433.64,88306.0,88387.92,134.46825,65.88223362645752,114.04199318752217,131.12326130372253,88257.58,88381.17092949078,88133.98907050923
2025-12-21 01:00:00,88387.93,88387.93,88011.83,88011.83,279.93502,52.7920630701805,84.77239938828279,121.85308892063459,88243.406,88407.24569950043,88079.56630049957
2025-12-21 02:00:00,88011.84,88149.99,87869.35,87943.76,392.18461,50.82375799284304,55.444228754829965,108.57131688747367,88225.30350000001,88433.98145881586,88016.62554118416
2025-12-21 03:00:00,87943.76,88150.0,87934.48,88070.64,184.82899,54.247937751698906,41.955955708617694,95.24824465170248,88215.065,88433.26791333809,87996.86208666192
2025-12-21 04:00:00,88070.64,88149.13,88050.0,88065.83,180.33962,54.09416187756362,30.52638616290642,82.30387295394327,88205.496,88432.52393617983,87978.46806382017
2025-12-21 05:00:00,88065.83,88150.01,88054.05,88138.95,67.73322,56.130023084450464,27.056650636630366,71.25442849048069,88201.2435,88429.9917160086,87972.49528399139
2025-12-21 06:00:00,88138.95,88201.59,88068.36,88090.72,107.2407,54.41578588795008,20.182451570333797,61.04003310645132,88197.57999999999,88431.13670615338,87964.02329384659
2025-12-21 07:00:00,88090.73,88174.79,88054.61,88174.79,100.25965,56.8874415048854,21.273122369442717,53.0866509590496,88192.4365,88423.08043019901,87961.79256980098
2025-12-21 08:00:00,88174.79,88767.2,88141.87,88537.87,426.66802,65.5701397809919,50.848854506984935,52.63909166863667,88206.526,88483.34533484298,87929.70666515702
2025-12-21 09:00:00,88537.88,89081.77,88500.3,88892.82,535.95501,71.59326360129587,101.75635000498733,62.4625433359068,88237.64749999999,88650.98752146159,87824.3074785384
2025-12-21 10:00:00,88892.82,88979.94,88580.52,88669.78,321.68195,64.01501820494832,122.68915872843354,74.50786641441215,88258.0925,88714.48018408446,87801.70481591554
2025-12-21 11:00:00,88669.78,88750.0,88588.11,88601.57,155.51107,61.85853485248152,132.250086831089,86.05631049774752,88279.2355,88758.73322933856,87799.73777066144
2025-12-21 12:00:00,88601.57,88920.01,88463.78,88638.01,273.81982,62.583705167260625,141.14061355731974,97.07317110966197,88303.65,88804.62470573798,87802.67529426201
2025-12-21 13:00:00,88638.01,88694.32,87600.04,87670.1,1029.34323,40.5372680326879,69.28549217693217,91.51563532311602,88278.06499999999,88852.16946518655,87703.96053481342
2025-12-21 14:00:00,87670.1,88148.34,87615.07,88065.18,535.83684,48.51043911201289,43.71551967460255,81.95561219341333,88265.6635,88847.23842320041,87684.08857679958
2025-12-21 15:00:00,88065.19,88272.34,87813.0,88067.95,367.50892,48.56251603895773,23.40485153546615,70.24546006182389,88257.41500000001,88845.58743173444,87669.24256826557
2025-12-21 16:00:00,88067.96,88369.0,87985.11,88359.18,434.1318,53.84770464778033,30.45723573944997,62.28781519734911,88261.794,88851.71259082934,87671.87540917065
2025-12-21 17:00:00,88359.18,88494.97,88280.67,88324.14,292.57922,53.140220367146696,32.840303298246,56.39831281752849,88267.56450000001,88857.55540007148,87677.57359992854
2025-12-21 18:00:00,88324.14,88451.84,87950.0,88445.09,223.91956,55.3222821311038,43.981563598732464,53.91496297376929,88275.85149999999,88871.17130137241,87680.53169862757
2025-12-21 19:00:00,88445.08,88600.0,88201.58,88484.01,289.83713,56.03179001369905,55.31398618631647,54.19476761627873,88282.007,88883.54289790397,87680.47110209602
2025-12-21 20:00:00,88484.01,88500.0,88230.76,88230.96,127.7821,50.42481349317865,43.3759812485514,52.03101034273327,88274.159,88873.96988840417,87674.34811159583
2025-12-21 21:00:00,88230.97,88368.83,88091.96,88162.86,151.57667,49.00363702249901,28.09605166768597,47.24401860772381,88281.7105,88871.33173326295,87692.08926673705
2025-12-21 22:00:00,88162.86,88494.99,88120.99,88483.63,176.80431,55.38246122530486,41.392903971354826,46.07379568045001,88308.704,88882.39760189803,87735.01039810196
2025-12-21 23:00:00,88483.64,88823.52,88374.74,88658.86,342.92687,58.44068467482789,65.31741328083444,49.9225192005269,88338.115,88920.66389560295,87755.56610439706
2025-12-22 00:00:00,88658.87,89627.24,88613.87,88622.4,1109.80548,57.556684682504056,80.40883894175931,56.019783148773385,88365.9435,88946.89835949363,87784.98864050636
2025-12-22 01:00:00,88622.4,89279.31,88516.0,88626.31,593.85875,57.63070194372049,91.6281742722058,63.14146137345987,88390.3115,88972.06099998017,87808.56200001983
2025-12-22 02:00:00,88626.31,88658.22,87900.0,88458.27,639.02818,53.326548133940534,85.96915580720815,67.70700026020953,88408.689,88973.56680218922,87843.81119781078
2025-12-22 03:00:00,88458.27,88850.0,88283.4,88774.12,277.28751,59.45589847746259,105.75175779835263,75.31595176783814,88438.65550000001,89014.76480528926,87862.54619471075
2025-12-22 04:00:00,88774.13,89034.44,88712.11,88904.99,316.78715,61.700218211742936,130.48557123531646,86.34987566133381,88457.0115,89068.72517045532,87845.29782954467
2025-12-22 05:00:00,88905.0,89000.0,88762.43,88831.34,260.18369,59.697452362278355,142.50168636415037,97.58023780189713,88453.9375,89056.98649987248,87850.88850012752
2025-12-22 06:00:00,88831.34,89008.0,88730.07,88909.26,222.6097,61.134810981606016,156.5079111931409,109.36577248014589,88465.9115,89095.91342445055,87835.90957554945
2025-12-22 07:00:00,88909.26,89200.0,88891.63,89170.1,491.12288,65.56247357255127,186.50563251279527,124.79374448667578,88494.338,89197.20482345935,87791.47117654065
2025-12-22 08:00:00,89170.1,89908.71,89093.44,89334.2,921.73946,68.03007189564956,220.97329870326212,144.02965532999306,88529.14749999999,89324.80623726369,87733.48876273629
2025-12-22 09:00:00,89334.21,89836.89,89301.0,89829.6,441.59532,74.07051178060789,284.97875456526526,172.2194751770475,88637.12250000001,89522.93322106436,87751.31177893566
2025-12-22 10:00:00,89829.6,89868.0,89615.38,89778.94,435.91534,72.56070194955262,327.836604547585,203.34290105115502,88722.81049999999,89702.275264955,87743.34573504499
2025-12-22 11:00:00,89778.95,90118.0,89656.38,89945.43,823.65187,74.40701562439861,370.9599160203652,236.86630404499707,88816.6845,89887.50591931421,87745.8630806858
2025-12-22 12:00:00,89945.43,90588.23,89866.0,90208.48,1081.30015,77.03614588952817,421.5025684161956,273.7935569192368,88909.1495,90123.39969134358,87694.89930865642
2025-12-22 13:00:00,90208.49,90319.98,89731.72,89912.37,614.87382,68.50490346245033,432.676753986525,305.5701963326944,88988.561,90248.59510847571,87728.52689152429
2025-12-22 14:00:00,89912.38,90293.28,89440.5,90126.43,1047.85448,71.00474139066948,453.57667995773954,335.17149305770346,89072.628,90402.41216986568,87742.84383013431
2025-12-22 15:00:00,90126.44,90454.74,89196.42,89726.92,1198.6937,61.235729817873505,432.91255722910864,354.7197058919845,89134.7735,90464.90478085405,87804.64221914594
2025-12-22 16:00:00,89726.93,90127.0,89523.22,89550.0,654.12884,57.4652018198219,397.6759646955179,363.31095765269123,89200.7255,90471.65344055498,87929.79755944503
2025-12-22 17:00:00,89550.01,89579.81,89092.09,89308.92,588.68917,52.70306287630461,346.3055749362102,359.90988110939503,89258.0285,90431.53815017051,88084.51884982949
2025-12-22 18:00:00,89308.91,89523.23,89140.0,89150.04,385.95267,49.775504724739285,289.4374282594217,345.81539053940037,89291.349,90408.78088987125,88173.91711012875
2025-12-22 19:00:00,89150.04,89150.04,87965.76,88052.43,980.77862,35.220112299348784,154.0255477775063,307.4574219870216,89261.0275,90479.10162457671,88042.95337542328
2025-12-22 20:00:00,88052.42,88486.12,87911.79,88351.03,544.44938,40.33194421468592,69.99828474718379,259.96559453905405,89247.459,90501.01520485592,87993.90279514408
2025-12-22 21:00:00,88351.03,88619.13,88235.09,88275.06,405.03635,39.47838672451847,-2.6930271397868637,207.4338702032859,89229.8965,90529.10515881026,87930.68784118975
2025-12-22 22:00:00,88275.05,88833.33,88150.0,88660.07,389.08575,45.74506545360557,-28.901171471283305,160.16686186837205,89239.9865,90516.90619276857,87963.06680723143
2025-12-22 23:00:00,88660.07,88700.0,88430.43,88620.79,248.79144,45.23049783251919,-52.238707098862506,117.68574807492514,89232.31999999999,90522.78590842227,87941.85409157771
2025-12-23 00:00:00,88620.79,88940.0,88504.78,88770.47,270.13686,47.64715725019883,-57.987503307376755,82.55109779846477,89225.594,90524.61723230963,87926.57076769037
2025-12-23 01:00:00,88770.47,88889.76,88430.0,88513.71,241.89286,44.056033850313675,-82.31299887465138,49.578278463841535,89209.7125,90536.50043950499,87882.924560495
2025-12-23 02:00:00,88513.72,88755.24,88091.21,88206.8,579.81965,40.15973280993458,-124.91624470228271,14.679373830616687,89174.5895,90570.26921731533,87778.90978268467
2025-12-23 03:00:00,88206.8,88355.56,87800.0,88170.0,413.85546,39.70628446635552,-159.80692169314716,-20.217885274136083,89124.5845,90590.82199104516,87658.34700895484
2025-12-23 04:00:00,88170.0,88368.1,87930.99,87930.99,308.91036,36.800002234866234,-204.3880854700983,-57.05192531332853,89054.424,90609.99653383342,87498.85146616658
2025-12-23 05:00:00,87931.0,88025.71,87614.79,87765.01,482.98475,34.890125074744645,-250.22770853785914,-95.68708195823466,88951.1945,90563.16564392972,87339.22335607027
2025-12-23 06:00:00,87765.01,87780.0,87051.52,87400.01,787.33301,31.07122923854621,-312.4071544338076,-139.03109645334925,88832.24799999999,90535.5381563936,87128.95784360639
2025-12-23 07:00:00,87400.01,87698.82,87373.22,87574.79,417.2025,34.75398431275019,-343.62048492855683,-179.9489741483908,88713.716,90420.77362251459,87006.65837748541
2025-12-23 08:00:00,87574.78,87699.99,87433.2,87477.15,347.82336,33.67165967346011,-371.9484163996094,-218.34886259863453,88577.1495,90216.37172118292,86937.92727881708
2025-12-23 09:00:00,87477.14,87630.76,87297.69,87531.85,429.48493,34.89490111648381,-385.54040354758035,-251.7871707884237,88458.1235,90033.59192271077,86882.65507728924
2025-12-23 10:00:00,87531.85,87659.9,87510.6,87615.93,241.30517,36.82357225456531,-385.0885370276519,-278.44744403626936,88332.5985,89739.41583883735,86925.78116116264
2025-12-23 11:00:00,87615.92,87890.0,87564.29,87856.65,413.76507,42.110988124487605,-361.1433021527482,-294.98661565956513,88239.08499999999,89496.34939908226,86981.82060091772
2025-12-23 12:00:00,87856.66,87963.03,87600.0,87789.18,403.03862,41.07338302220044,-343.64941953391826,-304.7191764344358,88151.04400000001,89259.60232616094,87042.48567383908
2025-12-23 13:00:00,87789.18,87902.0,87426.7,87616.67,558.41583,38.463766325001295,-339.78863492334494,-311.7330681322176,88066.43149999999,89054.67562701499,87078.18737298499
2025-12-23 14:00:00,87616.66,87829.2,86601.9,86874.0,1406.81005,29.711708752838078,-392.1358990042354,-327.8136343066212,87952.62950000001,88939.66581417152,86965.5931858285
2025-12-23 15:00:00,86873.99,87550.0,86720.0,87443.45,1039.72862,40.829273329523865,-383.25371674277994,-338.901650793853,87922.18049999999,88933.52707992963,86910.83392007035
2025-12-23 16:00:00,87443.45,88189.64,87325.4,88003.63,1214.11389,49.32125774723104,-327.2404546662292,-336.56941156832823,87904.8105,88896.89409546892,86912.7269045311
2025-12-23 17:00:00,88003.63,88275.4,87180.0,87180.01,705.26293,40.18873795273405,-345.32806466703187,-338.32114218806896,87850.058,88876.3837084651,86823.7322915349
2025-12-23 18:00:00,87180.0,88177.98,87162.39,87975.01,814.37143,49.84288585487929,-292.1451031045144,-329.08593437135806,87815.805,88771.60881011539,86860.0011898846
2025-12-23 19:00:00,87975.02,88043.94,87650.0,87752.87,487.08154,47.53411558305696,-264.8688215030561,-316.2425117976977,87772.409,88649.93064093603,86894.88735906397
2025-12-23 20:00:00,87752.88,88372.35,87524.58,87691.5,807.56489,46.88793678510832,-245.3756798323593,-302.06914540463004,87718.4605,88459.71431511293,86977.20668488707
2025-12-23 21:00:00,87691.51,87856.37,87540.87,87722.89,406.59734,47.28268524351952,-224.80292576178908,-286.6159014760619,87678.91949999999,88319.02637053306,87038.81262946692
2025-12-23 22:00:00,87722.9,87779.25,87250.0,87399.45,627.85138,43.68022472241179,-231.924295925739,-275.6775803659973,87638.552,88239.09640304167,87038.00759695833
2025-12-23 23:00:00,87399.45,87520.87,87180.0,87486.0,504.97854,44.890220345301934,-227.9564315706957,-266.133350606937,87604.352,88153.13953267968,87055.56446732032
2025-12-24 00:00:00,87486.0,87672.26,87264.0,87660.47,394.43819,47.34601745223588,-208.33207708659756,-254.5730959028691,87590.826,88118.65065878,87063.00134122
2025-12-24 01:00:00,87660.47,87839.66,87500.0,87632.51,313.39351,46.98467323490725,-192.81314320774982,-242.22110536384525,87584.201,88106.11333625199,87062.28866374801
2025-12-24 02:00:00,87632.51,87658.07,86940.76,87134.39,587.21641,40.98359604325778,-218.19320192708983,-237.4155246764942,87570.92,88125.08893187185,87016.75106812814
2025-12-24 03:00:00,87134.39,87392.61,86863.88,87336.23,303.84075,44.09924566552938,-219.49013451999053,-233.83044664519346,87558.992,88122.99257848364,86994.99142151636
2025-12-24 04:00:00,87336.23,87458.54,87083.5,87147.65,288.59994,41.87489780541648,-233.04835652845213,-233.6740286218452,87542.51699999999,88135.1089364634,86949.92506353659
2025-12-24 05:00:00,87147.64,87248.79,86796.65,86957.9,344.84105,39.70477115941102,-256.1518255490082,-238.1695880072778,87513.8195,88161.60553301299,86866.033466987
2025-12-24 06:00:00,86957.89,87071.64,86802.03,87019.21,370.38507,40.772809072118186,-266.4428987069987,-243.824250147222,87483.9835,88166.02923114954,86801.93776885046
2025-12-24 07:00:00,87019.21,87184.57,86911.52,86911.53,345.81136,39.45105470490583,-280.05917655206576,-251.07123542819076,87436.72750000001,88140.6705899204,86732.78441007962
2025-12-24 08:00:00,86911.53,87077.67,86769.32,86795.56,315.09263,38.02148768678315,-296.7868110283889,-260.2143505482304,87387.0465,88125.65178078998,86648.44121921001
2025-12-24 09:00:00,86795.56,86903.17,86724.05,86812.8,230.63616,38.37896720360583,-305.1350510194752,-269.1984906424794,87346.853,88119.54836531702,86574.15763468298
2025-12-24 10:00:00,86812.8,87196.0,86812.79,87077.66,292.48243,43.74704896346564,-287.0699393199611,-272.7727803779757,87357.036,88108.5715715749,86605.50042842509
2025-12-24 11:00:00,87077.66,87359.59,87077.66,87203.94,350.15883,46.15548172682651,-259.57129124405037,-270.13248255119066,87345.06049999999,88098.42906174767,86591.69193825232
2025-12-24 12:00:00,87203.94,87478.59,87129.47,87428.51,308.22922,50.2359220171227,-217.1542730507499,-259.5368406511025,87316.3045,88004.95562757764,86627.65337242236
2025-12-24 13:00:00,87428.5,87440.24,87038.44,87286.9,403.57201,47.77718028028613,-192.74339813517872,-246.17815214791779,87321.649,88007.49982680318,86635.79817319683
2025-12-24 14:00:00,87286.9,87448.49,86420.0,86994.7,906.39237,43.09063904290954,-194.73096453311155,-235.88871462495655,87272.63350000001,87899.45902116975,86645.80797883027
2025-12-24 15:00:00,86994.7,87218.69,86580.0,87049.99,682.33537,44.20588682595955,-189.65842009238258,-226.64265571844177,87237.4895,87828.75302284809,86646.2259771519
2025-12-24 16:00:00,87050.0,87670.0,86917.25,87283.23,859.06821,48.767074495284035,-164.91681495970988,-214.29748756669542,87217.076,87769.23865118474,86664.91334881526
2025-12-24 17:00:00,87283.23,87576.68,87255.06,87322.77,412.5613,49.52047026707349,-140.4987845570722,-199.5377469647708,87197.07,87698.75467488021,86695.3853251198
2025-12-24 18:00:00,87322.77,87500.67,87233.93,87470.65,257.686,52.343120616591044,-107.9700281497935,-181.22420320177537,87200.62999999999,87709.32297260535,86691.93702739463
2025-12-24 19:00:00,87470.64,87578.81,87329.9,87566.06,217.13377,54.12542934397586,-73.64305343582237,-159.70797324858478,87204.633,87723.93073117486,86685.33526882515
2025-12-24 20:00:00,87566.07,87679.05,87516.77,87556.2,186.42889,53.901081184042845,-46.696015657813405,-137.10558173043052,87199.41949999999,87701.24805279275,86697.59094720722
2025-12-24 21:00:00,87556.21,87795.65,87556.2,87696.33,184.56137,56.65111467240597,-13.873054257288459,-112.45907623580212,87202.6105,87716.69640764597,86688.52459235402
2025-12-24 22:00:00,87696.34,88049.89,87696.33,88009.81,324.48249,62.09826908057717,37.00799019334954,-82.5656629499718,87246.38149999999,87872.80821003263,86619.95478996735
2025-12-24 23:00:00,88009.82,88023.57,87599.14,87669.45,261.49587,54.143118921114905,49.29908780916594,-56.19271279814425,87263.04250000001,87916.66591222178,86609.41908777824
2025-12-25 00:00:00,87669.44,87749.0,87508.52,87568.37,172.91056,52.012112389851154,50.30369035364129,-34.89343216778715,87284.0785,87949.04721648635,86619.10978351366
2025-12-25 01:00:00,87568.37,87748.78,87567.42,87699.99,127.73475,54.522163931817246,61.01711183034058,-15.711323368161601,87321.18299999999,87992.30557953469,86650.06042046529
2025-12-25 02:00:00,87700.0,87967.5,87563.87,87892.66,207.0102,57.98647603466883,84.08515302340675,4.247971910152068,87364.8555,88066.23440177193,86663.47659822808
2025-12-25 03:00:00,87892.66,87925.08,87767.84,87840.42,145.20674,56.72475426434681,97.03287586101214,22.804952700324083,87411.3,88109.29630241766,86713.30369758235
2025-12-25 04:00:00,87840.42,87843.38,87743.0,87773.33,132.58221,55.06756518885836,100.71940656442894,38.387843473145054,87460.1885,88112.03974974975,86808.33725025026
2025-12-25 05:00:00,87773.34,87787.92,87661.17,87750.55,171.99245,54.48551410425529,100.6427066133765,50.83881610119135,87507.076,88094.58670291287,86919.56529708713
2025-12-25 06:00:00,87750.56,87842.53,87692.67,87836.42,122.21291,56.3580981670131,106.2857171176729,61.92819630448766,87545.014,88113.45331418478,86976.57468581521
2025-12-25 07:00:00,87836.43,87862.2,87755.94,87837.59,141.89666,56.38442886230916,109.58897928352235,71.46035290029461,87576.69649999999,88135.6483541081,87017.74464589189
2025-12-25 08:00:00,87837.59,87888.0,87351.96,87584.65,461.19047,49.43976271205333,90.75057808258862,75.31839793675341,87584.5035,88139.08520422717,87029.92179577284
2025-12-25 09:00:00,87584.65,87603.78,87450.01,87526.48,318.47286,47.976288521605774,70.31661043988424,74.31804043737958,87596.48250000001,88134.08792587562,87058.87707412441
2025-12-25 10:00:00,87526.47,87533.36,87251.6,87414.14,276.87514,45.19395566495406,44.544167296015075,68.36326580910668,87617.45449999999,88084.2810056949,87150.62799430509
2025-12-25 11:00:00,87414.15,87591.32,87414.14,87519.44,147.21369,48.22492675317915,32.24445637364988,61.13950392201532,87640.927,88028.01461521929,87253.8393847807
2025-12-25 12:00:00,87519.45,87586.92,87476.49,87566.0,142.98872,49.55340509051833,25.954660564122605,54.10253525043678,87655.0655,88006.12221207513,87304.00878792486
2025-12-25 13:00:00,87566.0,87683.87,87398.78,87638.25,370.11784,51.6275605679733,26.49451102031162,48.58093040441175,87670.83949999999,87985.49217464526,87356.18682535471
2025-12-25 14:00:00,87638.25,87759.33,87550.0,87718.21,282.91916,53.88725662761824,32.99411452849745,45.46356722922889,87683.2175,87983.87774979134,87382.55725020866
2025-12-25 15:00:00,87718.22,88592.74,87714.0,88371.27,1137.4468,67.31636925046985,89.80634959012968,54.33212370140905,87723.478,88148.15273331873,87298.80326668128
2025-12-25 16:00:00,88371.27,88478.0,87993.21,88086.72,533.77153,59.22336735463398,110.59478048354504,65.58465505783626,87750.004,88196.40392361743,87303.60407638257
2025-12-25 17:00:00,88086.73,88211.18,88000.32,88139.08,203.97629,60.17222430257693,129.79853938313317,78.42743192289565,87772.1415,88250.12940855701,87294.15359144298
2025-12-25 18:00:00,88139.07,88314.37,88139.07,88241.26,193.54871,62.02913418396643,151.51614490977954,93.04517452027244,87783.714,88295.91286957619,87271.51513042382
2025-12-25 19:00:00,88241.26,88249.51,88075.99,88151.18,108.25003,59.399851411664066,159.6188142550527,106.3599024672285,87807.8005,88342.20096078057,87273.40003921943
2025-12-25 20:00:00,88151.19,88167.65,87650.0,87892.69,287.61054,52.5201780532084,143.52775674202712,113.79347332218822,87824.0165,88347.39487556677,87300.63812443323
2025-12-25 21:00:00,87892.69,87982.98,87820.0,87901.21,144.90662,52.71457537846093,129.9648170182336,117.0277420613973,87834.0775,88355.14829595202,87313.00670404798
2025-12-25 22:00:00,87901.22,87915.1,87311.0,87650.0,459.19007,46.64982124074963,97.81795749654702,113.18578514842726,87821.9445,88348.54303904525,87295.34596095474
2025-12-25 23:00:00,87649.99,87771.01,86934.72,87225.27,806.5574,38.5701373498341,37.635341546541895,98.0756964280502,87791.187,88381.27392312713,87201.10007687288
2025-12-26 00:00:00,87225.27,87320.1,86891.7,87120.0,573.22847,36.86584180125188,-18.34278025527601,74.79200109138496,87758.5205,88420.70084625522,87096.34015374478
2025-12-26 01:00:00,87119.99,87500.0,87119.99,87432.26,232.7474,44.67511568593721,-37.081618929005344,52.4172770873069,87742.606,88420.70090266973,87064.51109733027
2025-12-26 02:00:00,87432.26,89440.0,87416.04,89199.99,2823.54617,68.45972419694773,89.67503588706313,59.86882884725815,87810.7845,88751.81542521383,86869.75357478615
2025-12-26 03:00:00,89200.0,89289.99,88714.36,88844.87,1335.10374,62.634250313535574,159.6352066302934,79.82210440386521,87861.1485,88909.8765362974,86812.4204637026
2025-12-26 04:00:00,88844.88,89153.17,88516.73,88969.24,561.2344,63.796169240465886,222.5493551427353,108.36755455163923,87930.378,89080.1839997021,86780.57200029789
2025-12-26 05:00:00,88969.24,89045.71,88828.06,88996.58,281.22768,64.06073816871772,271.485860613815,140.9912157640744,88003.883,89230.37557173,86777.39042827001
2025-12-26 06:00:00,88996.58,89250.0,88996.58,89124.24,512.77497,65.3345977819306,316.91627532063285,176.17622767538612,88089.388,89379.55567872424,86799.22032127577
2025-12-26 07:00:00,89124.24,89567.75,88347.45,88470.75,1799.23903,54.655078010794355,296.76806718129956,200.2945955765688,88136.9535,89408.65991703453,86865.24708296548
2025-12-26 08:00:00,88470.75,88886.0,88414.81,88742.28,449.86032,57.7456806384073,299.260974568635,220.08787137498206,88195.7675,89465.09200277363,86926.44299722638
2025-12-26 09:00:00,88742.28,88918.59,88649.63,88811.76,363.34862,58.52466913280439,303.3462897630525,236.73955505259616,88254.443,89523.74799048368,86985.13800951632
2025-12-26 10:00:00,88811.77,88882.01,88680.0,88748.34,245.05773,57.48295129296456,298.0309522115276,248.99783448438245,88305.9495,89567.21219479541,87044.68680520459
2025-12-26 11:00:00,88748.35,88754.69,88532.0,88533.42,192.05882,53.976626442656645,273.3255344465142,253.86337447680881,88314.057,89579.16639486357,87048.94760513643
2025-12-26 12:00:00,88533.43,88761.45,88533.42,88678.9,338.36189,55.93596074328901,262.4598591668473,255.58267141481653,88343.666,89614.08059499416,87073.25140500584
2025-12-26 13:00:00,88678.89,89050.0,88618.14,88992.88,360.81787,59.90348919503045,276.0027077748964,259.66667868683254,88386.356,89684.89384732775,87087.81815267225
2025-12-26 14:00:00,88992.88,89049.88,87345.88,87380.43,1728.76389,39.98973245104367,154.8393816669559,238.7012192828572,88343.31450000001,89716.9945687276,86969.63443127241
2025-12-26 15:00:00,87380.44,87381.0,86655.08,87137.81,3504.43069,37.94569604360937,38.79199646368215,198.7193747190222,88292.646,89767.217475227,86818.074524773
2025-12-26 16:00:00,87137.81,87380.0,86850.38,86855.82,711.31648,35.663979345906554,-75.06532238748332,143.9624352977211,88240.8025,89842.04965218925,86639.55534781076
2025-12-26 17:00:00,86855.83,87463.77,86818.18,87331.91,460.45969,42.00461328519801,-125.43563975077996,90.0828202880209,88212.3375,89858.61057879741,86566.06442120258
2025-12-26 18:00:00,87331.91,87380.0,87117.11,87277.77,386.97537,41.50368105174696,-167.7889580297051,38.5084646244757,88193.726,89874.8150378046,86512.63696219539
2025-12-26 19:00:00,87277.78,87580.29,87246.0,87501.83,382.01197,44.455913695123606,-181.18590017952374,-5.430408336324188,88207.554,89859.39670030249,86555.71129969752
2025-12-26 20:00:00,87501.83,87792.7,87399.71,87585.77,275.036,45.56431004960216,-182.92121496720938,-40.928569662501225,88230.8425,89830.43257980316,86631.25242019683
2025-12-26 21:00:00,87585.76,87697.81,87460.57,87470.59,309.65661,44.25918108397255,-191.38436797789473,-71.01972932557993,88232.75899999999,89828.407451335,86637.11054866498
2025-12-26 22:00:00,87470.59,87592.67,87321.4,87550.0,304.7143,45.419948939088435,-189.49932412042108,-94.71564828454817,88150.2595,89705.450948759,86595.068051241
2025-12-26 23:00:00,87549.99,87550.09,87331.85,87369.56,212.64294,43.21765380152193,-200.2569755241566,-115.82391373246986,88076.494,89632.9155423902,86520.07245760981
2025-12-27 00:00:00,87369.56,87414.26,87253.05,87401.07,201.59724,43.73075172803682,-203.88958587724483,-133.43704816142485,87998.08550000002,89522.81998149212,86473.3510185079
2025-12-27 01:00:00,87401.08,87492.66,87333.0,87475.03,129.68193,44.98731101015433,-198.51217705557065,-146.45207394025402,87922.008,89387.66484609629,86456.35115390371
2025-12-27 02:00:00,87475.03,87492.66,87392.64,87446.02,170.0172,44.566913690132765,-194.35104846814647,-156.03186884583252,87838.097,89202.6168986663,86473.57710133369
2025-12-27 03:00:00,87446.01,87532.0,87386.97,87514.22,174.05379,45.84807879703541,-183.4356223843497,-161.51261955353596,87790.27050000001,89128.21811454311,86452.32288545692
2025-12-27 04:00:00,87514.23,87516.84,87463.32,87470.19,106.03892,45.12300361923907,-176.30558061059855,-164.4712117649485,87726.666,88993.09171469367,86460.24028530632
2025-12-27 05:00:00,87470.19,87512.8,87446.19,87506.0,107.21243,45.87275646995696,-165.85354696324794,-164.7476788046084,87661.378,88822.52316679985,86500.23283320015
2025-12-27 06:00:00,87506.01,87566.0,87417.93,87469.02,148.91554,45.18619280866334,-158.7245343111863,-163.543049905924,87597.412,88641.4838058506,86553.3401941494
2025-12-27 07:00:00,87469.02,87702.0,87469.01,87539.26,153.18664,46.81444601640594,-145.72710805316456,-159.97986153537212,87547.704,88494.25020580382,86601.15779419617
2025-12-27 08:00:00,87539.26,87677.0,87539.25,87593.0,113.75997,48.0850843973245,-129.5962799814588,-153.90314522458945,87493.40900000001,88277.35979939306,86709.45820060697
2025-12-27 09:00:00,87593.01,87665.62,87533.84,87618.91,478.79096,48.721177607268864,-113.4143915494351,-145.80539448955858,87424.7105,87777.8012467949,87071.6197532051
2025-12-27 10:00:00,87618.9,87627.67,87370.73,87503.01,293.11984,46.00573110875429,-108.68938617905951,-138.38219282745877,87430.8395,87784.94797719244,87076.73102280757
2025-12-27 11:00:00,87503.02,87549.97,87442.15,87475.98,192.08386,45.370626097997174,-105.90507272728428,-131.88676880742386,87447.74799999999,87774.15404164874,87121.34195835124
2025-12-27 12:00:00,87475.99,87515.21,87422.41,87474.28,86.49536,45.32824325851708,-102.65234768412483,-126.03988458276406,87478.671,87648.66780825349,87308.67419174651
2025-12-27 13:00:00,87474.28,87478.37,87308.05,87452.78,204.72599,44.758777371191336,-100.64918877356104,-120.96174542092346,87484.7145,87640.76504531535,87328.66395468466
2025-12-27 14:00:00,87452.79,87544.91,87390.16,87544.9,306.42504,47.78561514030277,-90.58415898583189,-114.88622813390516,87498.071,87621.95487327846,87374.18712672153
2025-12-27 15:00:00,87544.89,87589.99,87484.71,87551.25,151.74415,47.99713813502816,-81.15960107251885,-108.14090272162791,87500.54199999999,87626.69230793942,87374.39169206056
2025-12-27 16:00:00,87551.26,87583.47,87442.08,87498.41,152.77888,46.315742863322974,-77.06594913391746,-101.92591200408583,87496.174,87615.77876216339,87376.56923783661
2025-12-27 17:00:00,87498.42,87562.79,87467.33,87562.58,129.16436,48.66754317217509,-67.86145318049239,-95.11302023936715,87500.7735,87623.27572653422,87378.27127346577
2025-12-27 18:00:00,87562.57,87572.41,87463.76,87500.01,152.40591,46.527219787614605,-64.86794263942284,-89.06400471937829,87498.274,87618.56720607124,87377.98079392877
2025-12-27 19:00:00,87500.01,87591.0,87500.0,87569.39,132.24207,49.195287198751075,-56.248776914784685,-82.50095915845958,87508.26550000001,87616.09407105292,87400.43692894709
2025-12-27 20:00:00,87569.39,87635.77,87523.78,87555.92,113.31975,48.68736373425579,-49.92938750755275,-75.98664482827822,87516.008,87613.13450840689,87418.88149159311
2025-12-27 21:00:00,87555.92,87668.23,87555.91,87668.22,95.93035,53.04043415628111,-35.4508985131979,-67.87949556526216,87525.6675,87642.13532358702,87409.19967641297
2025-12-27 22:00:00,87668.23,87955.0,87499.99,87565.99,386.61743,48.9678879027035,-31.858453876440763,-60.67528722749788,87531.666,87643.11116789856,87420.22083210143
2025-12-27 23:00:00,87566.0,87984.0,87565.99,87877.01,289.24395,59.22542389621062,-3.870088945928728,-49.314247571184055,87549.80549999999,87739.74865332012,87359.86234667986
2025-12-28 00:00:00,87877.0,87961.37,87705.97,87854.96,205.17782,58.330268483572894,16.343246414980968,-36.182748773951054,87569.044,87798.8038977778,87339.28410222218
2025-12-28 01:00:00,87854.97,87945.39,87739.06,87785.96,153.21984,55.50321772580713,26.48938384685607,-23.64832224978963,87583.04199999999,87830.09186733668,87335.99213266329
2025-12-28 02:00:00,87785.97,87872.67,87755.8,87810.78,104.97363,56.32324327215418,36.11670652028988,-11.695316495773728,87600.12999999999,87860.87119485464,87339.38880514534
2025-12-28 03:00:00,87810.79,87845.45,87725.47,87740.01,208.71524,53.306679517955715,37.60242421008297,-1.835768354602388,87610.1675,87876.43985371348,87343.89514628651
2025-12-28 04:00:00,87740.0,87837.99,87693.0,87724.87,151.07627,52.65693622802414,37.13018109854602,5.957421536027293,87616.761,87887.73275839543,87345.78924160457
2025-12-28 05:00:00,87724.86,87724.87,87614.79,87657.93,115.90545,49.76852227579054,30.99711106986797,10.96535944279543,87618.712,87890.3100722812,87347.1139277188
2025-12-28 06:00:00,87657.94,87784.2,87647.42,87732.0,93.33462,52.850451798277284,31.747473741765134,15.121782302589372,87630.1615,87900.52639310114,87359.79660689886
2025-12-28 07:00:00,87732.01,87734.98,87675.87,87730.85,81.91388,52.796290341617464,31.881832259721705,18.47379229401584,87642.905,87906.61532213297,87379.19467786702
2025-12-28 08:00:00,87730.86,87972.95,87730.86,87805.0,172.52967,55.93218285911109,37.53887289618433,22.28680841444954,87659.441,87920.08857370725,87398.79342629276
2025-12-28 09:00:00,87805.0,87900.0,87720.0,87800.0,198.63592,55.66364826743574,41.144373418806936,26.05832141532102,87676.802,87925.47065551423,87428.13334448576
2025-12-28 10:00:00,87800.0,88010.0,87799.99,87856.91,246.43833,58.127800358998996,48.04014307705802,30.454685747668425,87692.4025,87945.34090239221,87439.46409760778
2025-12-28 11:00:00,87856.91,87923.5,87818.58,87883.25,142.43984,59.256498409160294,54.996542175955256,35.363057033325795,87709.0025,87966.47288998788,87451.53211001212
2025-12-28 12:00:00,87883.25,87891.32,87794.86,87850.6,130.62309,57.19830009031831,57.21541278419318,39.733528183499274,87726.612,87971.2948320037,87481.92916799629
2025-12-28 13:00:00,87850.59,87962.45,87820.0,87896.59,171.73272,59.34058518326919,61.97053462501208,44.18092947180184,87743.3125,87986.44508621254,87500.17991378746
2025-12-28 14:00:00,87896.6,88088.75,87896.59,87910.0,249.63472,59.969735984636976,66.05958410570747,48.55666039858297,87763.812,87989.04775247534,87538.57624752467
2025-12-28 15:00:00,87910.0,88006.0,87824.18,87836.27,269.26609,54.9364207569856,62.62884413638676,51.37109714614373,87777.15599999999,87984.83081456774,87569.48118543223
2025-12-28 16:00:00,87836.27,87898.42,87740.0,87814.04,180.88996,53.478999239181775,57.45389009620703,52.58765573615639,87790.062,87970.08872369888,87610.03527630113
2025-12-28 17:00:00,87814.04,87931.59,87760.0,87760.0,91.8913,50.00597901768074,48.433810547954636,51.75688669851604,87794.651,87966.07400611878,87623.22799388121
2025-12-28 18:00:00,87760.01,87768.79,87500.26,87598.49,404.22039,41.36067256107125,27.930855795930256,46.99168051799889,87796.276,87958.96604813953,87633.58595186047
2025-12-28 19:00:00,87598.49,87698.3,87511.27,87520.75,204.83537,37.958924400163795,5.347505425583222,38.662845499515754,87778.463,87977.81657872639,87579.10942127362
2025-12-28 20:00:00,87520.75,87655.28,87446.73,87514.76,144.33445,37.70162333376324,-12.884777689934708,28.35332086162566,87761.45300000001,87989.33776479289,87533.56823520713
2025-12-28 21:00:00,87514.75,87592.67,87435.0,87588.37,122.38811,42.83011534202726,-21.15047212301579,18.452562264697374,87751.57350000001,87991.78371716838,87511.36328283165
2025-12-28 22:00:00,87588.37,87992.7,87481.55,87900.09,295.38221,58.43480950445565,-2.5188598170352634,14.258277848350847,87756.039,88004.07653212488,87508.00146787513
2025-12-28 23:00:00,87900.09,88049.53,87634.92,87952.71,306.73393,60.39978159401106,16.304869024606887,14.667596083602056,87766.674,88029.61002234738,87503.73797765262
2025-12-29 00:00:00,87952.71,88444.19,87813.17,88295.69,572.37767,70.26654344361815,58.227222173751215,23.37952130163189,87795.215,88147.71330204813,87442.71669795187
2025-12-29 01:00:00,88295.68,88480.0,87849.42,88445.57,562.88296,73.38707929491412,102.36505188120645,39.176627417546804,87834.597,88284.9318737194,87384.26212628059
2025-12-29 02:00:00,88445.57,89383.74,88445.57,89163.25,1796.47871,82.73230770605382,193.03024550521513,69.94735103508047,87906.1595,88648.22999455062,87164.08900544936
2025-12-29 03:00:00,89163.25,90169.06,89101.79,90123.55,1827.31757,88.53413656579224,338.4695824413502,123.65179731633442,88025.79449999999,89258.29409828261,86793.29490171737
2025-12-29 04:00:00,90123.55,90406.08,89952.81,90143.06,1199.9569,88.61781074087806,450.11693095324154,188.94482404371584,88142.6975,89690.27620249473,86595.11879750526
2025-12-29 05:00:00,90143.07,90300.07,89931.37,89984.0,828.28612,83.28172523502687,519.771840118352,255.11022725864308,88251.89749999999,89993.68785308486,86510.10714691512
2025-12-29 06:00:00,89984.0,90121.21,89749.87,89777.26,503.12838,76.80797010499768,551.9293690640334,314.4740556197211,88347.91500000001,90205.87302950148,86489.95697049853
2025-12-29 07:00:00,89777.25,89846.71,89507.03,89617.71,971.61551,72.14694460955363,558.1065855421039,363.2005616041977,88434.638,90361.89874451022,86507.37725548979
2025-12-29 08:00:00,89617.71,89825.01,89444.47,89555.1,990.67432,70.34298194801706,551.591566138406,400.8787625110394,88519.863,90488.68071029791,86551.04528970209
2025-12-29 09:00:00,89555.1,89618.22,87770.1,88100.05,2360.59949,43.26695915197895,424.12889776071825,405.52878956097516,88530.03600000001,90487.36280280653,86572.70919719349
2025-12-29 10:00:00,88100.5,88270.02,87653.69,87780.01,807.41906,39.651719059823066,293.90134962707816,383.2033015741958,88523.5365,90490.37251120136,86556.70048879864
2025-12-29 11:00:00,87780.0,87793.27,87567.65,87567.66,450.07731,37.417682172520415,171.5823150536744,340.87910427009155,88510.106,90500.23244801532,86519.97955198468
2025-12-29 12:00:00,87567.65,87636.34,86806.5,87397.0,1590.97728,35.67791189405901,60.179056455686805,284.7390947072106,88489.254,90518.44448149893,86460.06351850108
2025-12-29 13:00:00,87396.99,87537.23,87165.04,87387.71,611.5172,35.58092770274783,-28.52958269038936,222.08535922769062,88470.6395,90534.53078353485,86406.74821646516
2025-12-29 14:00:00,87387.7,88190.71,87259.3,87429.96,985.6991,36.42731234658746,-94.3351594265987,158.80125549683277,88462.213,90542.4090078202,86382.01699217981
2025-12-29 15:00:00,87429.97,87918.69,87222.41,87691.62,990.15708,41.54929789093657,-123.94402827204613,102.252198743057,88470.7565,90536.02184349528,86405.49115650472
2025-12-29 16:00:00,87691.62,87840.08,87439.03,87627.11,372.34157,40.67910887937114,-150.8754892959987,51.62666113524586,88476.374,90531.2758900016,86421.47210999839
2025-12-29 17:00:00,87627.11,87850.0,87350.0,87849.99,322.83525,44.967532063923635,-152.4766568868945,10.805997530817791,88489.45499999999,90523.78339058405,86455.12660941592
2025-12-29 18:00:00,87850.0,87996.22,87361.53,87464.77,459.75861,39.63437478166754,-182.72330776993476,-27.899863529332723,88467.689,90537.57280423319,86397.8051957668
2025-12-29 19:00:00,87464.78,87668.23,87312.34,87366.23,302.7479,38.380415525566775,-212.19925011112355,-64.75974084569089,88438.365,90555.05559932806,86321.67440067195
2025-12-29 20:00:00,87366.23,87597.59,87085.8,87212.01,665.4604,36.43741976160725,-245.17716220053262,-100.84322511665924,88384.181,90570.58265840336,86197.77934159663
2025-12-29 21:00:00,87212.01,87371.62,87173.31,87337.85,221.04149,39.14464073724982,-258.1819974591781,-132.310979585163,88328.79500000001,90564.22081737552,86093.3691826245
2025-12-29 22:00:00,87337.85,87404.29,87071.49,87351.05,310.53727,39.4360319256093,-264.3757345141348,-158.72393057095738,88238.18500000001,90478.10170308931,85998.26829691071
2025-12-29 23:00:00,87351.05,87395.07,87188.0,87237.13,191.0986,37.7557897881464,-275.30318395019276,-182.03978124680447,88093.864,90189.61239709638,85998.11560290362
2025-12-30 00:00:00,87237.13,87359.4,87105.09,87250.23,230.51064,38.082489051078085,-279.68220349182957,-201.5682656958095,87949.2225,89838.63105088637,86059.81394911364
2025-12-30 01:00:00,87250.22,87356.62,87117.87,87308.23,239.57935,39.59420155197562,-275.2990170530393,-216.31441596725546,87815.434,89461.44492588793,86169.42307411206
2025-12-30 02:00:00,87308.23,87347.7,86986.82,87111.0,471.28819,36.344633247307854,-284.46103318159294,-229.94373941012296,87682.121,89070.90621209813,86293.33578790187
2025-12-30 03:00:00,87110.99,87423.65,86845.66,87379.0,579.19187,43.16989121533814,-267.0186123913445,-237.35871400636728,87570.18549999999,88622.12377874686,86518.24722125313
2025-12-30 04:00:00,87378.99,87492.66,87294.67,87300.0,292.49013,41.74885357752622,-256.6119452492276,-241.20936025493936,87457.43049999999,87946.26757489057,86968.5934251094
2025-12-30 05:00:00,87300.01,87359.43,87157.07,87255.97,140.45208,40.9399838697699,-249.04658557663788,-242.77680531927908,87415.2265,87806.4650102267,87023.9879897733
2025-12-30 06:00:00,87255.98,87527.42,87241.91,87443.17,234.42509,45.75233093889636,-225.34783841918397,-239.29101193926007,87398.38450000001,87750.5542391259,87046.21476087414
2025-12-30 07:00:00,87443.17,87600.0,87369.98,87502.85,410.22407,47.22861366140611,-199.45157966710394,-231.32312548482886,87395.144,87741.90664397724,87048.38135602276
2025-12-30 08:00:00,87502.85,88224.76,87502.84,87872.68,1026.69682,55.33952729591669,-147.38742731529055,-214.5359858509212,87418.928,87826.19984427629,87011.65615572371
2025-12-30 09:00:00,87872.68,88046.37,87657.44,87992.7,436.16992,57.616233495739934,-95.34255094488617,-190.69729886971422,87449.1775,87929.92763454765,86968.42736545236
2025-12-30 10:00:00,87992.7,88179.38,87906.94,87949.51,416.39591,56.50002183452756,-56.92548198295117,-163.9429354923616,87475.155,88005.1579740723,86945.1520259277
2025-12-30 11:00:00,87949.52,88026.36,87735.09,87903.89,588.98774,55.2817608953216,-29.817117616941687,-137.11777191727762,87485.76849999999,88041.88163707894,86929.65536292104
2025-12-30 12:00:00,87903.89,88090.79,87901.7,88023.54,497.15542,57.84886278074489,1.3061549503472634,-109.43298654375265,87505.59,88109.15076399212,86902.02923600787
2025-12-30 13:00:00,88023.53,88136.0,87918.6,88110.02,448.15717,59.651758807263505,32.57428981132398,-81.03153127273733,87518.59150000001,88163.19665291817,86873.98634708185
2025-12-30 14:00:00,88110.02,89010.12,87834.01,88875.83,1626.18161,71.34149962229944,117.79115570169233,-41.2669938778514,87589.14450000001,88473.31465996163,86704.97434003839
2025-12-30 15:00:00,88875.82,89159.52,88204.14,89016.35,1310.95153,72.89337726544386,194.42372976733895,5.871150851186672,87671.6505,88753.98958541117,86589.31141458884
2025-12-30 16:00:00,89016.36,89400.0,88577.42,88742.63,1418.9593,65.45774153150772,230.41262705789995,50.779446092529334,87748.1815,88907.40200271101,86588.960997289
2025-12-30 17:00:00,88742.63,88900.72,88129.91,88371.34,713.60336,56.96871549774813,226.36469613673398,85.89649610137026,87799.856,88974.10266316448,86625.60933683552
2025-12-30 18:00:00,88371.34,88493.62,88132.59,88304.0,434.34765,55.561326987815605,215.24173377815168,111.76554363672655,87847.50349999999,89022.4069437596,86672.60005624038
2025-12-30 19:00:00,88304.01,88422.22,87960.2,88226.16,345.47514,53.90361208933803,197.86480618918722,128.9853961472187,87896.955,89046.67413308805,86747.23586691196
2025-12-30 20:00:00,88226.15,88226.15,87886.46,87947.15,439.95021,48.33668286779172,159.7383266686229,135.13598225149954,87931.801,89040.50231156625,86823.09968843377
2025-12-30 21:00:00,87947.15,88330.13,87891.15,88287.27,253.18432,54.50489858374848,155.1788532360515,139.14455644840993,87980.753,89059.58080379217,86901.92519620783
2025-12-30 22:00:00,88287.28,88470.0,88287.28,88430.19,280.86597,56.836933650015546,161.23922187736025,143.5634895342,88046.7125,89061.01962848686,87032.40537151313
2025-12-30 23:00:00,88430.18,88573.65,88371.33,88485.49,270.66652,57.73958696926146,168.56128594816255,148.5630488169925,88102.037,89083.15985003798,87120.91414996202
2025-12-31 00:00:00,88485.5,88485.5,88251.93,88255.54,243.9475,52.795370243367024,154.03342975350097,149.65712500429422,88149.814,89056.74714436785,87242.88085563215
2025-12-31 01:00:00,88255.54,88784.0,88172.15,88649.33,355.7574,59.233288515903695,172.30928681178193,154.18755736579178,88219.482,89047.9864538986,87390.9775461014
2025-12-31 02:00:00,88649.32,88742.0,88521.84,88673.6,258.23398,59.59900346863158,186.6004080191342,160.67012749646028,88281.00349999999,89047.17761521919,87514.8293847808
2025-12-31 03:00:00,88673.61,88819.8,88379.09,88453.04,274.04184,54.78872832748096,178.0761251130025,164.15132701976873,88328.513,89003.99159312634,87653.03440687367
2025-12-31 04:00:00,88453.04,88549.5,88325.06,88325.06,158.17484,52.15813905947666,159.1589675641735,163.1528551286497,88351.132,88991.73773842947,87710.52626157053
2025-12-31 05:00:00,88325.07,88526.06,88325.07,88463.09,296.57164,54.68521235418944,153.53499549526896,161.22928320197354,88374.6515,88994.03700023843,87755.26599976158
2025-12-31 06:00:00,88463.1,88561.69,88463.09,88512.92,212.68538,55.5970626782182,151.35410574902198,159.25424771138324,88402.822,88991.26932925622,87814.37467074378
2025-12-31 07:00:00,88512.93,88638.76,88431.08,88613.12,304.98001,57.45116132254938,155.91376072562707,158.58615031423201,88438.28349999999,88984.0664682887,87892.50053171128
2025-12-31 08:00:00,88613.11,88733.33,88393.52,88434.65,277.76782,53.19085984823435,143.47242190985708,155.56340463335704,88458.839,88968.63275399875,87949.04524600126
2025-12-31 09:00:00,88434.66,88715.27,88434.65,88660.1,315.83327,57.48030716637246,150.07453626320057,154.46563095932575,88486.343,88975.84926794904,87996.83673205094
2025-12-31 10:00:00,88660.1,88897.99,88660.09,88847.26,482.82711,60.6999744031663,168.46702430341975,157.26590962814456,88484.91449999998,88969.77975110029,88000.04924889968
2025-12-31 11:00:00,88847.27,89046.6,88802.97,89011.52,598.23924,63.32477954528967,194.06060297533986,164.6248482975836,88484.673,88968.42728217153,88000.91871782846
2025-12-31 12:00:00,89011.51,89044.74,88677.32,88775.96,545.9639,57.4037292163843,193.10992412314226,170.32186346269535,88486.3395,88974.04891181937,87998.63008818064
2025-12-31 13:00:00,88775.96,89045.98,88741.54,88991.88,300.73941,61.00313469802675,207.38879483297933,177.73524973675217,88517.3665,89051.05871404964,87983.67428595037
2025-12-31 14:00:00,88991.88,89200.0,88278.35,88479.99,1133.76043,50.1778423333313,175.37800926566706,177.26380164253516,88526.166,89050.77175016949,88001.56024983051
2025-12-31 15:00:00,88479.99,88487.68,87766.59,87953.97,1281.39241,41.94138354505131,106.33801476973167,163.07864426797448,88512.55649999999,89082.1276147044,87942.98538529559
2025-12-31 16:00:00,87953.97,88053.49,87400.41,87656.98,1249.28961,38.13528685019517,27.34351179120131,135.93161777261986,88498.048,89138.6184966367,87857.47750336329
2025-12-31 17:00:00,87656.99,87741.99,87489.59,87620.82,629.77671,37.68685317428159,-37.742933696717955,101.1967074787523,88464.7255,89211.92574570204,87717.52525429796
2025-12-31 18:00:00,87620.82,87980.0,87574.12,87684.07,434.88825,39.03722303086789,-83.26088462090411,64.30518905882103,88427.4195,89252.34176623152,87602.49723376849
2025-12-31 19:00:00,87684.08,87870.02,87516.7,87541.85,622.18859,37.09085601820234,-129.31944007865968,25.58026323132489,88380.2375,89294.3027831887,87466.1722168113
2025-12-31 20:00:00,87541.85,87712.13,87250.0,87662.01,770.32743,39.82093483565786,-154.34606398340838,-10.405002211621769,88350.561,89318.61768128707,87382.50431871293
2025-12-31 21:00:00,87662.01,87879.04,87662.01,87799.97,383.8555,42.88561303312275,-161.18953212548513,-40.56190819439445,88308.093,89295.29555158508,87320.89044841491
2025-12-31 22:00:00,87799.97,87879.04,87656.19,87728.29,236.18697,41.6974436254238,-170.43236862283084,-66.53600028008172,88260.82749999998,89264.72493361312,87256.93006638685
2025-12-31 23:00:00,87728.3,87728.3,87619.67,87648.22,191.19123,40.35253109536925,-182.1190084014088,-89.65260190434715,88220.5865,89256.06790993773,87185.10509006228
2026-01-01 00:00:00,87648.21,87849.26,87632.74,87809.23,233.66036,44.24676795540826,-176.35567479884776,-106.99321648324728,88194.795,89244.91266182817,87144.67733817182
2026-01-01 01:00:00,87809.24,88050.0,87809.23,87960.0,241.44162,47.69071076509733,-157.8032547421608,-117.15522413502998,88169.64050000001,89216.79607081694,87122.48492918308
2026-01-01 02:00:00,87960.01,88088.1,87895.37,87914.0,209.5586,46.74202799378411,-145.13907088301494,-122.75199348462698,88139.69450000001,89179.74674989107,87099.64225010895
2026-01-01 03:00:00,87914.0,88015.7,87832.09,87846.02,149.08354,45.30763990346461,-138.98588898900198,-125.99877258550198,88101.33949999999,89124.31834212223,87078.36065787774
2026-01-01 04:00:00,87846.01,87854.81,87550.43,87590.4,476.17901,40.29969817768633,-152.97247424026136,-131.39351291645386,88059.12700000001,89093.80289732666,87024.45110267335
2026-01-01 05:00:00,87590.41,87749.34,87590.4,87704.39,283.17436,43.30895264252124,-153.09412964520743,-135.73363626220458,88011.3415,89017.02359078021,87005.65940921978
2026-01-01 06:00:00,87704.39,87704.39,87636.29,87658.0,123.89656,42.37287342190871,-155.14540804343414,-139.6159906184505,87951.8785,88887.65925831461,87016.0977416854
2026-01-01 07:00:00,87658.01,87673.01,87596.0,87631.88,225.27492,41.82472084756549,-157.06814287915768,-143.10642107059195,87882.8965,88683.4088801602,87082.3841198398
2026-01-01 08:00:00,87631.88,87811.13,87631.87,87770.9,285.21745,45.840561660595235,-145.6946941848728,-143.62407569344813,87832.64349999999,88514.49374703318,87150.7932529668
2026-01-01 09:00:00,87770.89,87965.25,87751.82,87877.99,210.22963,48.77404991072152,-126.58074214024236,-140.215408982807,87776.949,88188.50787283052,87365.39012716946
2026-01-01 10:00:00,87877.99,87883.8,87799.17,87863.76,128.0738,48.39891584889384,-111.29806470197218,-134.43194012664003,87746.1375,87996.96387482877,87495.31112517123
2026-01-01 11:00:00,87863.75,88024.64,87859.36,88024.64,196.30405,52.817289200656276,-85.22237081498315,-124.59002626430866,87749.671,88014.42926749232,87484.91273250768
2026-01-01 12:00:00,88024.64,88036.42,87925.28,87950.0,200.13556,50.65038078741371,-69.77568904237705,-113.62715881992234,87764.32200000001,88039.70021521312,87488.94378478691
2026-01-01 13:00:00,87950.0,88019.82,87860.66,87922.64,155.72883,49.84314751678759,-59.0609874935617,-102.71392455465022,87779.413,88054.7594864938,87504.0665135062
2026-01-01 14:00:00,87922.63,87970.59,87810.66,87967.05,390.01531,51.20259498269497,-46.45054055367655,-91.46124775445548,87793.562,88077.23638276132,87509.8876172387
2026-01-01 15:00:00,87967.05,88113.45,87916.39,88032.18,260.01234,53.20572821412298,-30.845654312419356,-79.33812906604827,87818.0785,88094.82517567111,87541.3318243289
2026-01-01 16:00:00,88032.17,88048.7,87879.03,87988.76,189.99476,51.68255086259119,-21.731790114135947,-67.8168612756658,87834.416,88110.94826764274,87557.88373235725
2026-01-01 17:00:00,87988.77,88500.0,87976.0,88316.37,476.08554,60.80096770056918,11.79048856101872,-51.8953913083289,87860.236,88209.9705262899,87510.50147371012
2026-01-01 18:00:00,88316.38,88364.0,88105.08,88193.94,257.59166,56.50907344703452,28.153521841435577,-35.885608678376,87883.5185,88257.43088806387,87509.60611193614
2026-01-01 19:00:00,88193.94,88431.23,88062.32,88391.15,216.66303,61.25362690706882,56.3845761569537,-17.431571711310063,87920.66500000001,88340.89723095813,87500.43276904189
2026-01-01 20:00:00,88391.16,88391.16,88240.0,88258.12,135.39527,56.755708479572974,67.24828451062785,-0.4956004669224797,87943.10949999999,88385.6404656465,87500.57853435348
2026-01-01 21:00:00,88258.12,88447.84,88254.08,88377.67,168.57205,59.625014182755145,84.530126844591,16.509544995380217,87963.99299999999,88447.4117444085,87480.57425559148
2026-01-01 22:00:00,88377.67,88699.99,88377.67,88645.57,474.23054,65.19769158790754,118.47766568920633,36.90316913414544,88000.57149999999,88570.95145927943,87430.19154072055
2026-01-01 23:00:00,88645.57,88919.45,88474.63,88839.04,593.05254,68.57136221134452,159.15807172769564,61.35414965285548,88050.2225,88726.92845162326,87373.51654837675
2026-01-02 00:00:00,88839.05,88890.09,88594.39,88833.97,448.72758,68.38428110698054,188.8119730772014,86.84571433772467,88112.401,88837.9747596915,87386.8272403085
2026-01-02 01:00:00,88833.96,88877.12,88525.73,88639.89,242.38673,61.47056045096547,194.41121803106216,108.35881507639218,88159.176,88894.55069719808,87423.80130280193
2026-01-02 02:00:00,88639.89,88665.1,88379.88,88637.03,253.81052,61.3720921591663,196.3544302538212,125.95793811187798,88208.1275,88933.30302363417,87482.95197636583
2026-01-02 03:00:00,88637.02,89120.01,88573.64,88950.65,670.13653,67.51690945621188,220.65735230578866,144.89782095066013,88274.06599999999,89018.20076163166,87529.93123836833
2026-01-02 04:00:00,88950.64,88992.0,88629.0,88637.64,287.46487,57.65843367631285,212.21403081025346,158.3610629225788,88317.403,89038.76088621415,87596.04511378586
2026-01-02 05:00:00,88637.64,88787.56,88576.56,88765.2,223.91609,60.20837328248997,213.35622586862883,169.3600955117888,88361.7635,89078.44855737411,87645.07844262589
2026-01-02 06:00:00,88765.21,89079.44,88715.44,88935.04,291.36506,63.37133690134728,225.36818808395765,180.56171402622257,88415.3275,89135.42024358395,87695.23475641604
2026-01-02 07:00:00,88935.05,89068.62,88794.01,88857.61,387.57118,60.99108551290495,226.0342190152296,189.656215024024,88456.976,89178.27884800648,87735.67315199351
2026-01-02 08:00:00,88857.6,89200.0,88758.94,89178.13,436.78167,66.585950687232,249.5486965937016,201.63471133795952,88518.38249999999,89266.56525354997,87770.19974645002
2026-01-02 09:00:00,89178.13,89484.06,89106.34,89467.32,885.84196,70.67296978655412,288.19714829656004,218.94719872967963,88595.6165,89401.54378454157,87789.68921545843
2026-01-02 10:00:00,89467.32,89942.44,89451.34,89666.29,1401.67184,73.10998178032575,331.06522700053756,241.37080438385124,88680.57849999999,89562.21445693346,87798.94254306651
2026-01-02 11:00:00,89666.3,89682.04,89360.0,89502.95,610.27074,68.1065487854683,347.8485339395411,262.66635029498923,88754.117,89653.21659195625,87855.01740804374
2026-01-02 12:00:00,89502.94,89593.17,89387.01,89400.0,388.55376,65.08326292077243,348.82122702349443,279.89732564069027,88824.679,89691.81208121777,87957.54591878224
2026-01-02 13:00:00,89400.0,89688.6,89309.94,89348.68,481.02676,63.56838887598304,341.51423468730354,292.2207074500129,88876.29449999999,89738.91410504529,88013.67489495469
2026-01-02 14:00:00,89348.67,90135.0,88459.96,89580.0,2152.74387,67.26673651918247,350.35036052433134,303.84663806487663,88945.5975,89800.06814809561,88091.1268519044
2026-01-02 15:00:00,89580.01,89888.0,88800.0,89418.11,1551.51931,62.48591008586059,340.3663524419535,311.150580940292,88996.9455,89834.38446688722,88159.50653311278
2026-01-02 16:00:00,89418.1,90800.0,89205.92,90376.05,2486.21857,74.17991468409026,405.0821711530007,329.9368989828338,89102.84199999999,90072.15850783481,88133.52549216516
2026-01-02 17:00:00,90376.05,90961.81,90185.43,90370.52,1336.49207,74.03643650409317,450.72798728100315,354.0951166424677,89202.48449999999,90263.32223893834,88141.64676106164
2026-01-02 18:00:00,90370.52,90555.99,89552.18,89773.1,847.22983,60.43646769019153,433.69644165728823,370.01538164543183,89258.861,90314.91337690834,88202.80862309167
2026-01-02 19:00:00,89773.1,90157.03,89650.0,89897.23,485.53154,61.99844753475391,425.31233677650744,381.074772671647,89311.77050000001,90385.15162743555,88238.38937256447
2026-01-02 20:00:00,89897.23,90075.0,89636.77,89740.0,538.07124,58.830165887576456,401.3541652969725,385.1306511967121,89357.072,90421.99019614815,88292.15380385185
2026-01-02 21:00:00,89740.01,90175.01,89728.37,90065.8,330.88507,63.044442814605276,403.99942507458036,388.90440597228576,89428.36750000001,90481.98537957598,88374.74962042403
2026-01-02 22:00:00,90065.8,90400.0,90026.54,90195.37,409.68756,64.59657017056125,411.8040083752712,393.4843264528829,89506.2845,90543.86083987656,88468.70816012342
2026-01-02 23:00:00,90195.37,90201.67,89902.16,89995.13,249.06866,60.3762554889888,397.2522259655525,394.23790635541684,89558.50850000001,90583.39621573439,88533.62078426563
2026-01-03 00:00:00,89995.14,90195.77,89966.48,90156.19,298.52212,62.49854688401379,394.1722571150167,394.22477650733686,89634.436,90595.06080959835,88673.81119040166
2026-01-03 01:00:00,90156.19,90292.87,90077.69,90282.69,236.37769,64.12388034534288,397.3583526638686,394.85149173864323,89710.31049999999,90620.2351177789,88800.38588222109
2026-01-03 02:00:00,90282.68,90418.32,90129.53,90340.0,305.59164,64.86679129955651,399.8980189467111,395.86079718025684,89780.5585,90654.70075457396,88906.41624542604
2026-01-03 03:00:00,90340.01,90376.49,90200.0,90321.22,185.70264,64.39620268057966,395.83242393814726,395.8551225318349,89853.739,90643.5378349041,89063.9401650959
2026-01-03 04:00:00,90321.23,90480.62,90053.53,90170.0,411.08569,60.584831567577645,376.07308398628084,391.8987148227241,89903.33249999999,90637.08258545795,89169.58241454203
2026-01-03 05:00:00,90170.01,90198.0,89924.48,90031.1,222.72398,57.23399871857645,345.2260446053406,382.5641807792474,89931.5215,90637.53683933693,89225.50616066308
2026-01-03 06:00:00,90031.1,90134.6,89850.1,89871.05,273.68226,53.55819028805961,304.35641495241725,366.9226276138814,89941.75950000001,90637.44342745867,89246.07557254136
2026-01-03 07:00:00,89871.04,89950.88,89314.01,89577.13,869.92487,47.522139211346826,245.42099097985192,342.6223002870755,89945.46849999999,90632.03315394944,89258.90384605054
2026-01-03 08:00:00,89577.13,89831.9,89420.75,89670.51,458.1693,49.4705520371484,203.898809907565,314.87760221117344,89958.99399999999,90610.0530358025,89307.93496419748
2026-01-03 09:00:00,89670.51,89982.11,89634.95,89791.99,409.91195,51.96895501626403,178.73426564970578,287.64893489887993,89981.1595,90572.14455513038,89390.17444486961
2026-01-03 10:00:00,89792.0,89881.1,89715.21,89754.47,270.67124,51.12810152399948,153.98854846022732,260.9168576111494,89989.883,90560.74348420286,89419.02251579714
2026-01-03 11:00:00,89754.48,89782.81,89679.14,89752.74,162.35671,51.087057003193785,132.7080173464201,235.27508955820355,90006.6145,90524.02741992302,89489.20158007697
2026-01-03 12:00:00,89752.75,90046.0,89664.93,90039.13,374.21001,57.210913033624614,137.3688204071368,215.6938357279902,89989.7685,90477.63183954684,89501.90516045317
2026-01-03 13:00:00,90039.12,90065.74,89920.01,90004.96,287.30479,56.30513662082179,136.7291781281383,199.90090420801982,89971.4905,90425.50832995141,89517.47267004859
2026-01-03 14:00:00,90004.97,90249.99,89960.0,90126.02,298.26434,58.79422647033247,144.32707459754602,188.78613828592506,89989.1365,90438.09338496557,89540.17961503442
2026-01-03 15:00:00,90126.02,90126.02,89968.0,89969.31,155.37202,54.468709702622995,136.1340068787249,178.25571200448505,89992.7405,90439.74394062976,89545.73705937024
2026-01-03 16:00:00,89969.31,90219.67,89918.59,90105.24,200.27276,57.39657519541423,139.00697083829436,170.40596377124692,90011.0025,90444.15878028657,89577.84621971344
2026-01-03 17:00:00,90105.24,90123.77,90026.93,90093.99,83.86507,57.0694853897937,138.7763076061965,164.08003253823685,90012.412,90446.5015251626,89578.32247483739
2026-01-03 18:00:00,90094.0,90197.88,90035.52,90138.87,141.85601,58.09543810052001,140.59426310689014,159.3828786519675,90009.587,90439.37728761663,89579.79671238337
2026-01-03 19:00:00,90138.87,90156.19,90060.0,90123.77,90.08443,57.59670559511963,139.2118149879825,155.34866591917051,90016.019,90448.73864279197,89583.29935720803
2026-01-03 20:00:00,90123.76,90372.4,90017.23,90372.39,179.02196,63.19858728394308,156.37517540778208,155.55396781689282,90026.829,90484.3820184696,89569.2759815304
2026-01-03 21:00:00,90372.4,90741.16,90318.29,90564.31,398.89642,66.84036119700784,183.35005692862615,161.1131856392395,90040.91,90546.43538906424,89535.38461093577
2026-01-03 22:00:00,90564.32,90738.99,90497.52,90590.04,433.4938,67.30745218946774,204.44729963665304,169.78000843872223,90053.412,90600.72188891901,89506.10211108098
2026-01-03 23:00:00,90590.04,90700.0,90469.39,90628.01,310.10546,68.02328409863907,221.67554050889157,180.15911485275612,90068.7515,90662.86105492465,89474.64194507535
2026-01-04 00:00:00,90628.01,91610.17,90628.0,91341.47,1737.64298,77.84124593040558,289.561421072518,202.03957609670852,90127.325,90950.35320811103,89304.29679188896
2026-01-04 01:00:00,91341.48,91475.52,91005.37,91235.37,375.26249,74.19302606786688,330.984701615831,227.82860120053303,90187.5385,91145.99388661797,89229.08311338202
2026-01-04 02:00:00,91235.37,91292.0,91080.06,91124.0,278.2894,70.4600786900809,350.78271683791536,252.4194243280095,90250.186,91282.4880206648,89217.88397933521
2026-01-04 03:00:00,91124.0,91350.0,91080.06,91236.78,328.23931,71.99663190677391,371.2931536433898,276.1941701910856,90333.1685,91403.77746389329,89262.55953610671
2026-01-04 04:00:00,91236.78,91587.72,91183.15,91400.0,457.69348,74.09663718906027,396.1517220392125,300.185680560711,90419.64300000001,91542.97669070688,89296.30930929314
2026-01-04 05:00:00,91400.01,91490.68,91348.31,91480.04,172.44443,75.08340986719227,417.49821611527295,323.64818767162336,90504.04550000001,91681.191122373,89326.89987762702
2026-01-04 06:00:00,91480.04,91810.0,91237.54,91237.55,747.06543,66.78302055203423,410.1209312333667,340.94273638397203,90578.1995,91743.31799266765,89413.08100733235
2026-01-04 07:00:00,91237.54,91546.31,91211.25,91532.0,456.46078,70.97845898986645,423.15615326340776,357.3854197598592,90667.1625,91838.59382732854,89495.73117267147
2026-01-04 08:00:00,91532.0,91536.0,91174.46,91374.99,620.80815,66.17853044341965,416.0216274662671,369.1126613011408,90733.9555,91906.94652938122,89560.96447061877
2026-01-04 09:00:00,91374.99,91485.21,91244.29,91468.28,941.08164,67.58133075151343,413.13284939197183,377.916698919307,90807.1215,91971.17029147624,89643.07270852374
2026-01-04 10:00:00,91468.28,91620.5,91422.67,91600.62,665.01473,69.51310885614198,416.7185321042343,385.6770655562925,90880.8515,92050.0450057216,89711.65799427842
2026-01-04 11:00:00,91600.62,91600.62,91236.19,91300.0,369.35457,60.669244620862756,390.79781591464416,386.7012156279629,90947.386,92047.5826016344,89847.18939836559
2026-01-04 12:00:00,91300.01,91360.0,91084.0,91150.98,454.56858,56.81075540321673,354.14839079842204,380.19065066205474,90999.673,92028.42970437849,89970.9162956215
2026-01-04 13:00:00,91150.99,91276.94,91014.1,91264.0,272.68922,58.943440264565226,330.41441509996366,370.23540354963654,91058.1735,91999.42435769195,90116.92264230805
2026-01-04 14:00:00,91264.0,91419.22,91146.86,91336.39,272.07953,60.29580979652197,313.8287143094349,358.9540657015962,91118.0495,91960.20967722505,90275.88932277494
2026-01-04 15:00:00,91336.39,91381.6,91096.27,91334.94,316.98098,60.2529977892424,297.1421542677417,346.59168341482535,91178.60800000001,91882.5762268425,90474.63977315751
2026-01-04 16:00:00,91334.94,91455.9,91244.6,91321.0,326.44422,59.81329859793785,279.57038039727195,333.18742281131466,91226.0385,91820.62079078607,90631.45620921392
2026-01-04 17:00:00,91321.0,91436.21,91306.77,91335.73,137.11227,60.14427148314141,263.7923765910964,319.30841356727103,91264.60949999999,91772.16331443339,90757.0556855666
2026-01-04 18:00:00,91335.72,91335.73,91000.0,91205.39,304.66859,55.767527912895304,238.0270188900613,303.0521346318291,91295.37700000001,91693.57869758767,90897.17530241235
2026-01-04 19:00:00,91205.38,91205.39,90863.47,91138.07,372.30446,53.598042009993506,209.75767004862428,284.3932417151882,91320.88,91580.24786766781,91061.5121323322
2026-01-04 20:00:00,91138.06,91349.38,91132.0,91313.94,147.52188,58.17563461427633,199.24843468796462,267.3642803097435,91319.5035,91578.70342351083,91060.30357648918
2026-01-04 21:00:00,91313.93,91421.96,91182.71,91279.99,135.33795,57.006517437769126,186.03580373944715,251.09858499568423,91321.73449999999,91578.64332072627,91064.82567927371
2026-01-04 22:00:00,91279.99,91401.98,91150.47,91220.01,149.03275,54.90710938622204,168.7792318710708,234.63471437076157,91326.535,91571.18220924032,91081.88779075969
2026-01-04 23:00:00,91220.0,91590.0,91220.0,91529.73,388.43188,62.57215352217721,178.0427242035803,223.31631633732533,91341.1825,91597.9803863551,91084.38461364488
2026-01-05 00:00:00,91529.74,92426.82,91514.81,92405.46,2061.87264,75.33743677489207,253.130272621318,229.27910759412387,91391.4555,91932.78312561245,90850.12787438754
2026-01-05 01:00:00,92405.46,93388.0,92280.69,92967.28,1977.50385,80.04064117554891,353.89242283326166,254.20177064195144,91465.81749999999,92355.13427997904,90576.50072002094
2026-01-05 02:00:00,92967.29,93157.99,92724.98,93033.11,913.68581,80.5096559149953,434.05556134309154,290.1725287821795,91555.59550000001,92679.4796048411,90431.71139515893
2026-01-05 03:00:00,93033.11,93204.7,92871.26,92878.22,595.50021,75.98533014690544,479.5590395334875,328.0498309324411,91622.90650000001,92892.63186949854,90353.18113050149
2026-01-05 04:00:00,92878.22,92947.87,92330.46,92595.07,588.83873,68.41625110680584,487.15738809254253,359.87134236446144,91683.91050000001,93019.03686584621,90348.78413415382
2026-01-05 05:00:00,92595.07,92720.73,92340.39,92359.99,400.538,62.821208810899655,468.80603852379136,381.65828159632747,91728.49600000001,93092.54578318467,90364.44621681536
2026-01-05 06:00:00,92359.99,92500.0,92155.0,92491.81,320.70875,64.57087360445303,459.6012371405959,397.24687270518115,91773.05549999999,93177.15372063797,90368.957279362
2026-01-05 07:00:00,92491.82,92644.31,92484.72,92520.63,528.78142,64.95914167368495,449.45090856810566,407.6876798777661,91834.087,93257.58716063587,90410.58683936413
2026-01-05 08:00:00,92520.63,92774.28,92446.0,92467.53,603.26757,63.57667624463849,432.1405268253584,412.57824926728455,91899.9145,93312.12627966705,90487.70272033295
2026-01-05 09:00:00,92467.54,92845.53,92320.17,92688.6,645.33375,66.74940801420968,431.28879723402497,416.32035886063267,91971.1445,93391.9884548451,90550.3005451549
2026-01-05 10:00:00,92688.61,93151.0,92679.12,93080.0,681.83063,71.4852672207829,456.9293076996837,424.4421486284429,92058.325,93528.30006510176,90588.34993489823
2026-01-05 11:00:00,93080.0,93151.0,92883.03,93134.26,567.75651,72.07897723603372,476.13928817620035,434.7815765379944,92148.291,93651.71862274672,90644.86337725328
2026-01-05 12:00:00,93134.25,93206.2,92752.6,92874.28,453.5887,65.08635810908963,465.02460862731095,440.8301829558577,92225.95499999999,93709.7917850024,90742.11821499758
2026-01-05 13:00:00,92874.28,93020.0,92535.41,92742.74,486.24906,61.81857781689653,440.5238812470925,440.76892261410467,92296.30549999999,93735.16451069269,90857.44648930729
2026-01-05 14:00:00,92742.73,93666.0,92407.13,93428.0,1355.05943,70.2096990574631,470.97255488086375,446.8096490674565,92407.436,93834.80999684877,90980.06200315124
2026-01-05 15:00:00,93428.0,94000.0,93170.95,93957.73,1929.19905,74.81711344834086,531.7188085269008,463.7914809593454,92548.419,94004.60224623187,91092.23575376812
2026-01-05 16:00:00,93957.74,94076.35,93586.65,93701.31,1298.79178,69.23510190704337,552.7973968988663,481.5926641472496,92667.7875,94088.8673934521,91246.7076065479
2026-01-05 17:00:00,93701.3,94477.69,93250.0,94317.84,1154.3191,74.2161866626863,612.194155345278,507.7129623868553,92819.68000000001,94265.38056028947,91373.97943971054
2026-01-05 18:00:00,94317.84,94500.0,93920.0,94449.62,974.95833,75.1425986126828,662.2658703064808,538.6235439707804,92981.1605,94395.67021827484,91566.65078172515
2026-01-05 19:00:00,94449.61,94500.0,94131.44,94303.4,762.3129,72.04925302218238,682.2843835062085,567.355711877866,93119.84400000001,94477.93738608304,91761.75061391699
2026-01-05 20:00:00,94303.4,94789.08,94038.0,94177.99,1133.04005,69.41003910220711,680.1888666854211,589.922342839377,93208.47050000001,94601.17473376871,91815.76626623131
2026-01-05 21:00:00,94178.0,94227.4,93800.0,94095.78,474.75745,67.66036717205338,664.2375772482192,604.7853897211455,93264.89550000001,94707.02030824192,91822.77069175811
2026-01-05 22:00:00,94095.78,94406.0,94012.3,94171.22,370.72137,68.44640756129466,650.1884749569726,613.866006768311,93321.801,94814.35259020647,91829.24940979354
2026-01-05 23:00:00,94171.21,94194.01,93859.7,93859.71,394.98075,61.77000645503193,606.9219876922434,612.4772029530975,93370.8755,94866.55626684673,91875.19473315326
2026-01-06 00:00:00,93859.71,93993.07,93555.93,93816.7,522.32093,60.88693066956171,562.6762556450412,602.5170134914863,93431.957,94893.62913982534,91970.28486017465
2026-01-06 01:00:00,93816.7,94161.86,93739.37,93771.82,384.14412,59.924230857374496,518.0183601021272,585.6172828136146,93502.5485,94880.19227588446,92124.90472411555
2026-01-06 02:00:00,93771.82,93870.66,93529.18,93620.6,336.13865,56.67274320474521,465.06350336507603,561.5065269239069,93558.988,94852.18247561966,92265.79352438034
2026-01-06 03:00:00,93620.6,93943.88,93601.96,93769.24,285.34343,59.02615285474593,430.1321084472729,535.2316432285802,93621.4185,94820.6936312143,92422.1433687857
2026-01-06 04:00:00,93769.25,94000.0,93734.25,93801.07,231.47521,59.53305298503883,400.4015613356314,508.2656268499905,93688.0955,94758.6230173924,92617.5679826076
2026-01-06 05:00:00,93801.07,93816.0,93572.11,93599.99,407.00036,54.911421946425406,356.5048470876354,477.9134708975195,93733.66500000001,94697.30702505018,92770.02297494984
2026-01-06 06:00:00,93599.99,93951.07,93538.83,93780.01,538.64562,58.051161479528375,332.4106710006017,448.81291091813597,93768.6655,94681.8724000475,92855.4585999525
2026-01-06 07:00:00,93780.01,93782.6,93137.98,93255.08,860.27324,47.63478612624869,267.8705538839713,412.6244395113031,93774.7065,94671.69765229554,92877.71534770446
2026-01-06 08:00:00,93255.08,93420.11,93167.29,93240.17,355.74138,47.374761978265184,213.06287746629096,372.71212710230066,93793.001,94625.25664999215,92960.74535000786
2026-01-06 09:00:00,93240.18,93569.61,93229.37,93462.72,327.55172,51.61989144169558,185.4475996180554,335.2592216054516,93829.0,94520.33033901517,93137.66966098483
2026-01-06 10:00:00,93462.72,93654.49,93413.2,93579.56,273.28705,53.73018680849553,171.01890501196613,302.4111582867545,93836.57800000001,94512.55286261631,93160.6031373837
2026-01-06 11:00:00,93579.56,93895.0,93571.43,93840.0,403.66589,58.115773754645055,178.54127926632646,277.63718248266895,93830.6915,94504.27038703917,93157.11261296083
2026-01-06 12:00:00,93839.99,93981.1,93784.3,93872.16,338.69848,58.637128934076216,184.9656889611506,259.1028837783653,93839.23400000001,94510.23263265741,93168.23536734261
2026-01-06 13:00:00,93872.17,93872.17,93636.75,93716.53,315.19532,55.06504886400298,175.47625850596523,242.3775587238853,93809.1685,94442.7132338434,93175.6237661566
2026-01-06 14:00:00,93716.53,94444.44,93531.28,93836.81,1676.33623,57.23343984844074,175.63677585868572,229.02940215084539,93778.528,94336.4110362839,93220.64496371611
2026-01-06 15:00:00,93836.81,94311.22,93352.01,93648.99,1417.41756,52.93757634796294,158.77818659531476,214.97915903973927,93745.8075,94248.06260292727,93243.55239707272
2026-01-06 16:00:00,93649.0,93775.6,92336.0,92692.32,2208.46324,37.49854513044874,67.444896584464,185.47230654868423,93671.524,94322.18023988533,93020.86776011468
2026-01-06 17:00:00,92692.32,92773.05,91539.68,91589.24,1784.74974,27.52898951751979,-92.87611292926886,129.8026226530936,93546.197,94656.21887663819,92436.17512336181
2026-01-06 18:00:00,91589.23,92221.52,91262.94,92034.09,1427.50922,35.03070833499727,-181.9387145376968,67.45435521493553,93439.3405,94697.58934899591,92181.0916510041
2026-01-06 19:00:00,92034.09,92361.82,91902.0,92104.5,733.78195,36.157163910858806,-244.0269783102558,5.158088509897268,93351.58,94725.87054043035,91977.28945956966
2026-01-06 20:00:00,92104.49,92698.04,92098.29,92505.32,775.34743,42.29121757846279,-257.9164501741034,-47.456819226902866,93286.011,94691.64158133933,91880.38041866067
2026-01-06 21:00:00,92505.31,93845.03,92372.4,93258.05,1874.69965,51.68049916634621,-205.81245861246134,-79.12794710401457,93260.3225,94647.22444512256,91873.42055487743
2026-01-06 22:00:00,93258.04,93533.78,92966.75,93362.68,713.98511,52.82935091186509,-154.29824917114456,-94.16200751744057,93247.4265,94624.98817652983,91869.86482347017
2026-01-06 23:00:00,93362.67,93792.17,93333.32,93747.97,354.64676,56.89376404872232,-81.44434434764844,-91.61847488348215,93246.36300000001,94622.26030844027,91870.46569155976
2026-01-07 00:00:00,93747.97,93747.97,92626.31,92709.52,843.19542,45.51147853011295,-106.27624974978971,-94.55002985674366,93191.7855,94561.61992308665,91821.95107691335
2026-01-07 01:00:00,92709.36,92902.52,92330.33,92435.35,936.694,43.06197655991646,-146.39143204774882,-104.9183102949447,93133.55350000001,94529.10014498464,91738.00685501538
2026-01-07 02:00:00,92435.36,93060.0,92236.07,92949.77,598.87784,48.6467711005472,-135.11607422368252,-110.95786308069228,93092.0415,94455.64894680442,91728.4340531956
2026-01-07 03:00:00,92949.77,93108.69,92747.12,92815.83,294.44853,47.34464568068378,-135.42699246153643,-115.85168895686111,93070.079,94436.77568908434,91703.38231091565
2026-01-07 04:00:00,92815.83,92930.35,92610.0,92670.29,319.36155,45.90673482929254,-145.73729031214316,-121.82880922791753,93041.585,94417.08463173594,91666.08536826407
2026-01-07 05:00:00,92670.3,92847.16,92500.0,92529.54,227.33033,44.499184731982695,-163.3822554052167,-130.13949846337738,92994.926,94373.5821361651,91616.26986383491
2026-01-07 06:00:00,92529.53,92899.57,92523.75,92614.84,240.63686,45.58803258054188,-168.5401938068535,-137.81963753207262,92946.69,94306.59903279376,91586.78096720624
2026-01-07 07:00:00,92614.84,92895.56,92614.83,92879.13,256.24423,48.93106811171643,-149.5776647049206,-140.1712429666422,92898.6465,94191.9346620246,91605.3583379754
2026-01-07 08:00:00,92879.14,92961.53,92698.09,92718.9,263.5062,47.043953989020835,-145.79827393041342,-141.29664915939645,92840.9835,94051.71643337954,91630.25056662047
2026-01-07 09:00:00,92718.9,92718.91,91600.0,91716.14,1258.05952,37.33863598856378,-221.16794470330933,-157.27090826817903,92740.964,93977.38632940396,91504.54167059605
2026-01-07 10:00:00,91716.14,92000.0,91600.0,91975.31,538.05487,40.74138458615263,-257.0232942296134,-177.2213854604659,92647.889,93815.30669177519,91480.4713082248
2026-01-07 11:00:00,91975.31,92253.16,91928.21,92087.21,542.17686,42.20080969881922,-273.2595561749622,-196.42901960336516,92569.8,93661.76146153329,91477.83853846672
2026-01-07 12:00:00,92087.21,92176.98,91977.73,91997.86,317.95554,41.32562661204458,-289.99384053470567,-215.1419837896333,92535.077,93654.45602781864,91415.69797218137
2026-01-07 13:00:00,91997.85,92299.4,91864.52,92044.67,443.04448,42.004210223928915,-296.0658429187315,-231.32675561545295,92557.8485,93612.89304966612,91502.80395033387
2026-01-07 14:00:00,92044.67,92135.1,91353.39,91959.04,1427.59818,41.06851188283922,-304.28002321482927,-245.91740913532823,92554.09599999999,93617.48504963338,91490.7069503666
2026-01-07 15:00:00,91959.05,92000.0,91024.0,91349.96,1434.72957,35.082157668434405,-355.83563429336937,-267.9010541669365,92516.36899999999,93694.29069334769,91338.44730665229
2026-01-07 16:00:00,91349.95,91790.0,91150.0,91264.54,677.82559,34.32645269371994,-398.98723118632915,-294.118289570815,92454.33,93758.62248526393,91150.03751473608
2026-01-07 17:00:00,91264.55,91698.15,91026.01,91252.14,548.07377,34.21124495166222,-429.2377731259767,-321.1421862818474,92354.0345,93705.73603394238,91002.33296605761
2026-01-07 18:00:00,91252.13,91441.35,90733.14,90901.39,816.16719,31.03797647840115,-476.0267985986284,-352.1191087452036,92230.97,93642.84622840561,90819.09377159439
2026-01-07 19:00:00,90901.38,91280.07,90675.52,91186.07,611.7426,36.209713706344616,-484.5505444977316,-378.60539589570925,92102.875,93395.03632527922,90810.71367472078
2026-01-07 20:00:00,91186.07,91300.75,90778.32,91047.49,438.79062,34.83999064682915,-496.7615642819583,-402.2366295729591,92019.7735,93360.52634321156,90679.02065678843
2026-01-07 21:00:00,91047.49,91231.9,91035.77,91089.5,245.38775,35.63485900487815,-497.31627705555,-421.2525590694773,91952.481,93339.70281526732,90565.25918473268
2026-01-07 22:00:00,91089.5,91383.14,90873.08,91180.85,362.9278,37.42247009780218,-484.7962796325155,-433.961303182085,91864.035,93208.43475922728,90519.63524077272
2026-01-07 23:00:00,91180.85,91489.6,91004.1,91364.16,633.66095,40.96562065383788,-454.8394009719341,-438.13692274005484,91791.4515,93074.85117020606,90508.05182979393
2026-01-08 00:00:00,91364.16,91529.72,91072.16,91394.71,369.48198,41.559495441027416,-423.7485199589719,-435.2592421838383,91727.6725,92952.63104975836,90502.71395024164
2026-01-08 01:00:00,91394.7,91687.99,91300.0,91428.4,306.46699,42.24945000302716,-391.8730032683816,-426.58199440074696,91672.6155,92843.61897949448,90501.61202050552
2026-01-08 02:00:00,91428.39,91473.0,90764.0,90956.49,571.10105,35.862544550461905,-400.07876080973074,-421.28134768254375,91589.698,92713.69237579776,90465.70362420224
2026-01-08 03:00:00,90956.5,91142.51,90616.36,90813.4,547.79189,34.17552761538822,-413.36305790554616,-419.6976897271443,91486.41150000002,92484.05267855476,90488.77032144528
2026-01-08 04:00:00,90813.4,91168.0,90700.0,91022.75,357.33917,38.71768199051761,-402.36000796176086,-416.23015337406764,91401.604,92232.54835411618,90570.65964588383
2026-01-08 05:00:00,91022.74,91188.0,90786.14,90829.58,295.83835,36.23321745239007,-404.563658199957,-413.8968543392455,91357.276,92211.82476955812,90502.72723044187
2026-01-08 06:00:00,90829.58,90872.0,89897.01,89898.01,1360.25581,27.176395878980117,-475.9930290908669,-426.31608928956985,91253.411,92279.43419323102,90227.38780676897
2026-01-08 07:00:00,89898.0,90588.0,89641.84,90548.02,1094.34311,38.69174465170426,-474.67913985620544,-435.988699402897,91176.4515,92169.51560082528,90183.38739917471
2026-01-08 08:00:00,90548.02,90917.22,90155.05,90227.25,841.98085,35.6923191186106,-493.828780599928,-447.55671564230323,91087.921,92088.3268165804,90087.5151834196
2026-01-08 09:00:00,90227.25,90374.78,89956.0,90010.0,514.04982,33.782208438991574,-520.5348663039767,-462.152345774638,90986.1875,91990.7462638437,89981.6287361563
2026-01-08 10:00:00,90009.99,90493.18,89777.25,90410.1,526.53398,40.13613205088576,-503.60960733929824,-470.4437980875701,90908.7405,91833.13287935458,89984.34812064542
2026-01-08 11:00:00,90409.61,90487.31,90022.26,90226.77,548.71612,38.32161612832664,-499.23455137164274,-476.20194874438465,90852.581,91800.28874577695,89904.87325422306
2026-01-08 12:00:00,90226.77,90240.85,89781.96,89989.21,992.96975,36.04743970782246,-509.0681736035913,-482.775193716226,90788.81450000001,91789.92843743398,89787.70056256604
2026-01-08 13:00:00,89989.2,90105.08,89861.59,89962.14,441.44929,35.78682249385538,-513.1306619778625,-488.8462873685533,90724.31450000001,91765.17482327427,89683.45417672575
2026-01-08 14:00:00,89962.14,90171.0,89311.0,90024.01,1521.76403,36.909535978565025,-505.5303817927197,-492.1831062533866,90680.4455,91763.00429981218,89597.88670018782
2026-01-08 15:00:00,90024.0,90847.52,89820.89,90781.57,1428.07575,48.7298932287855,-433.3825795759476,-480.42300091789883,90660.2205,91717.83185071255,89602.60914928744
2026-01-08 16:00:00,90781.57,90926.84,90312.89,90926.84,855.68064,50.63969503501018,-360.3292008639255,-456.40424090710417,90654.188,91703.84497399484,89604.53102600515
2026-01-08 17:00:00,90926.84,91440.0,90842.0,91366.39,874.20589,55.98246885579953,-263.9235143988044,-417.90809560544426,90668.0325,91748.71022326066,89587.35477673935
2026-01-08 18:00:00,91366.39,91469.0,90952.0,91117.35,517.40477,52.51421154045864,-205.25075703269977,-375.3766278908954,90664.85750000001,91739.54800010947,89590.16699989056
2026-01-08 19:00:00,91117.35,91333.0,90812.98,90937.41,409.298,50.09912500578749,-171.2972205545957,-334.56074642363546,90643.51999999999,91675.86159360838,89611.1784063916
2026-01-08 20:00:00,90937.42,90996.02,90568.11,90927.62,476.53275,49.96449031791241,-143.52431054406043,-296.3534592477205,90620.1655,91600.79164567278,89639.53935432722
2026-01-08 21:00:00,90927.63,91336.63,90917.7,91272.96,629.96765,54.599361458244665,-92.58081340711215,-255.59893007959883,90612.3935,91568.19802208169,89656.58897791832
2026-01-08 22:00:00,91272.96,91493.0,91033.11,91231.9,417.67218,53.959357223506565,-54.88820666554966,-215.456785396789,90626.164,91610.35634532965,89641.97165467036
2026-01-08 23:00:00,91231.89,91336.63,91046.87,91099.99,233.87135,51.856350357651046,-35.254190481529804,-179.41626641373716,90640.4935,91644.3137069097,89636.6732930903
2026-01-09 00:00:00,91100.0,91307.72,91058.7,91290.33,179.40576,54.60559435296337,-4.285839448668412,-144.39018102072342,90653.8725,91685.88114737005,89621.86385262995
2026-01-09 01:00:00,91290.34,91632.1,90850.0,91056.19,545.56598,50.76524285720167,1.3481203571136575,-115.24252074515601,90665.20300000001,91710.22804828365,89620.17795171637
2026-01-09 02:00:00,91056.2,91481.19,91023.0,91038.38,431.1021,50.474453537203296,4.326087494337116,-91.32879909725739,90722.22150000001,91714.08537086466,89730.35762913537
2026-01-09 03:00:00,91038.39,91271.73,90941.44,91220.23,417.7946,53.409045100117844,21.11650519449904,-68.83973823890611,90755.83200000001,91768.186649353,89743.47735064702
2026-01-09 04:00:00,91220.24,91236.72,90933.3,91012.8,322.36121,49.78526250245882,17.483624416054226,-51.57506570791404,90795.1095,91781.74369110167,89808.47530889834
2026-01-09 05:00:00,91012.81,91119.81,90882.71,91091.82,292.21625,51.145156599680675,20.741696462398977,-37.11171327385144,90849.2005,91771.09749695125,89927.30350304877
2026-01-09 06:00:00,91091.82,91146.47,90989.29,91137.58,209.50276,51.95656888990366,26.708314772637095,-24.347707664553738,90885.5745,91791.7973116972,89979.3516883028
2026-01-09 07:00:00,91137.58,91137.58,90738.34,90741.84,669.4759,44.996392173589484,-0.49035538057796657,-19.576237207758584,90911.32800000001,91766.56085325562,90056.0951467444
2026-01-09 08:00:00,90741.85,90843.77,89694.66,90033.52,1141.88324,35.762041812483375,-78.29842623701552,-31.32067501360997,90913.5435,91758.89082422793,90068.19617577207
2026-01-09 09:00:00,90033.52,90481.2,90014.6,90338.46,507.45187,41.343109223228524,-114.04117774861515,-47.86477556061101,90932.3595,91701.89511434521,90162.8238856548
2026-01-09 10:00:00,90338.47,90558.01,90283.47,90485.87,396.79277,43.88133418498077,-128.98594115230662,-64.08900867895014,90955.4525,91632.35992113975,90278.54507886025
2026-01-09 11:00:00,90485.87,90691.32,90404.21,90463.11,540.59585,43.56785604867861,-141.04048864918877,-79.47930467299787,90939.5295,91647.90979404251,90231.1492059575
2026-01-09 12:00:00,90463.12,90603.53,90235.13,90449.23,690.17113,43.364403702149744,-149.98487214503984,-93.58041816740626,90915.649,91657.25317238604,90174.04482761397
2026-01-09 13:00:00,90449.22,90938.62,90405.15,90607.66,722.68305,46.4389312444347,-142.64506010168407,-103.39334655426183,90877.7125,91599.59538447594,90155.82961552405
2026-01-09 14:00:00,90607.66,90666.91,89940.0,90150.0,840.37741,39.729413817159475,-171.77740040843491,-117.07015732509645,90829.345,91610.79396723925,90047.89603276075
2026-01-09 15:00:00,90150.01,92082.55,89850.0,91176.47,3441.12901,55.32127150780253,-110.7606596184778,-115.80825778377273,90841.298,91636.89205902847,90045.70394097152
2026-01-09 16:00:00,91176.48,91783.32,91175.79,91623.89,1143.47636,60.15934769540918,-26.001667152057053,-97.8469396574296,90876.1115,91745.15407206019,90007.0689279398
2026-01-09 17:00:00,91623.89,91680.41,91012.0,91422.23,688.89123,57.15523010455914,24.614428565531853,-73.35466601283731,90883.575,91769.37036899084,89997.77963100915
2026-01-09 18:00:00,91422.23,91507.82,90340.0,90820.31,551.14415,49.249855335156305,15.973997249515378,-55.48893336036678,90862.9955,91733.71337175166,89992.27762824835
2026-01-09 19:00:00,90820.3,90820.3,90190.0,90332.15,578.57871,43.94161475442357,-29.91914976161206,-50.37497664061584,90824.6035,91718.72021161533,89930.48678838466
2026-01-09 20:00:00,90332.14,90580.62,90235.0,90303.36,313.31668,43.64285441511541,-67.83099827732076,-53.86618096795683,90775.255,91670.08817126673,89880.42182873328
2026-01-09 21:00:00,90303.37,90643.81,90113.87,90541.97,207.05117,46.86719797571622,-77.72659471239604,-58.638263716844676,90749.54400000001,91639.92850919004,89859.15949080998
2026-01-09 22:00:00,90541.98,90723.06,90353.91,90630.08,575.52178,48.04916696360787,-77.56506377448386,-62.42362372837252,90729.12899999999,91610.30485261802,89847.95314738195
2026-01-09 23:00:00,90630.08,90732.01,90604.58,90641.28,183.79042,48.20688917719787,-75.66112855219399,-65.07112469313681,90700.18149999999,91550.94150634123,89849.42149365875
2026-01-10 00:00:00,90641.27,90693.89,90527.99,90600.0,151.21516,47.63288691900765,-76.60019778199785,-67.37693931090902,90679.54149999999,91518.31260725672,89840.77039274326
2026-01-10 01:00:00,90600.0,90732.2,90587.0,90688.0,113.18366,49.026295116020364,-69.44305603575776,-67.79016265587877,90659.3505,91475.47033953482,89843.23066046518
2026-01-10 02:00:00,90688.0,90782.23,90607.02,90697.17,139.70054,49.17804990346891,-62.31272496920428,-66.69467511854388,90637.33,91422.29045838006,89852.36954161995
2026-01-10 03:00:00,90697.17,90697.18,90554.26,90626.14,124.89032,47.986338818578545,-61.68237755274458,-65.69221560538402,90631.545,91414.96629921411,89848.12370078589
2026-01-10 04:00:00,90626.15,90649.99,90408.23,90448.3,164.87324,45.04326053440293,-74.67224920590525,-67.48822232548827,90652.284,91389.65488208197,89914.91311791803
2026-01-10 05:00:00,90448.3,90617.62,90431.45,90603.52,84.41081,48.03874285484426,-71.61631105147535,-68.31384007068569,90665.537,91388.54675007128,89942.52724992871
2026-01-10 06:00:00,90603.52,90603.53,90474.35,90505.47,74.15884,46.32118999314349,-76.22756963645224,-69.896585983839,90666.517,91388.55384472488,89944.48015527513
2026-01-10 07:00:00,90505.48,90682.7,90505.47,90678.5,168.18359,49.73649681742382,-65.16872585390229,-68.95101395785166,90677.2865,91392.94611718818,89961.62688281182
2026-01-10 08:00:00,90678.5,90773.33,90618.28,90661.95,288.33994,49.41265990294548,-57.08195393477217,-66.57720195323576,90687.9225,91395.589418018,89980.255581982
2026-01-10 09:00:00,90661.94,90768.97,90630.09,90768.96,158.69299,51.60671395550261,-41.55924711568514,-61.57361098572564,90695.9875,91403.47948850904,89988.49551149097
2026-01-10 10:00:00,90768.97,90832.0,90728.45,90828.0,126.67512,52.8224724783003,-24.21422898545279,-54.10173458567107,90729.8875,91390.65724101922,90069.11775898078
2026-01-10 11:00:00,90828.0,90828.0,90708.25,90723.86,73.68827,50.41649917806375,-18.656346074465546,-47.01265688342997,90707.25700000001,91333.74036835427,90080.77363164576
2026-01-10 12:00:00,90723.87,90788.78,90665.75,90733.71,94.62022,50.645481700988164,-13.303516488085734,-40.27082880436112,90662.74799999999,91118.15975916125,90207.33624083873
2026-01-10 13:00:00,90733.71,90772.78,90633.86,90656.51,82.9916,48.74543256852078,-15.116501666983822,-35.23996337688566,90624.462,90906.95430365522,90341.96969634478
2026-01-10 14:00:00,90656.52,90658.69,90538.46,90591.01,144.35468,47.129851053670365,-21.589735050249146,-32.50991771155836,90612.997,90880.22160705163,90345.77239294838
2026-01-10 15:00:00,90591.01,90665.76,90584.17,90665.75,92.51513,49.19887150468971,-20.453154537986848,-30.098565076844057,90629.677,90862.5248604339,90396.82913956609
2026-01-10 16:00:00,90665.76,90725.74,90609.56,90676.66,142.80125,49.50948504957802,-18.459273458152893,-27.770706753105827,90648.34199999999,90823.83713252578,90472.8468674742
2026-01-10 17:00:00,90676.66,90746.0,90544.96,90544.96,152.86625,45.86392733099169,-27.192736732264166,-27.655112748937498,90648.49149999999,90823.609782343,90473.37321765698
2026-01-10 18:00:00,90544.96,90595.63,90504.55,90595.62,158.53961,47.46635057074951,-29.684051414456917,-28.060900482041383,90646.7685,90823.3217562869,90470.21524371312
2026-01-10 19:00:00,90595.62,90631.37,90580.61,90626.54,75.9405,48.468929642893585,-28.831103642238304,-28.21494111408077,90646.03150000001,90822.8041483077,90469.25885169233
2026-01-10 20:00:00,90626.54,90659.03,90571.0,90572.86,99.38243,46.79908476636353,-32.11644537461689,-28.995241966187994,90644.6745,90823.34151995383,90466.00748004616
2026-01-10 21:00:00,90572.86,90572.86,90500.38,90510.74,144.94285,44.872463986190276,-39.27987328033487,-31.05216822901737,90635.8115,90822.8208383827,90448.80216161729
2026-01-10 22:00:00,90510.75,90600.0,90404.0,90427.76,161.64189,42.36359297251634,-51.06409886709298,-35.054554356632494,90622.34099999999,90828.56561631411,90416.11638368586
2026-01-10 23:00:00,90427.76,90567.15,90427.75,90504.7,85.50833,45.411242751051596,-53.57716337105376,-38.75907615951675,90616.269,90829.06908041947,90403.46891958053
2026-01-11 00:00:00,90504.7,90650.75,90451.1,90640.44,114.3636,50.39476098483635,-44.10726047960634,-39.82871302353467,90625.876,90823.55898165768,90428.19301834232
2026-01-11 01:00:00,90640.44,90675.53,90558.95,90628.23,83.46973,49.953000438895,-37.15919114324788,-39.29480864747731,90627.1115,90824.51484730329,90429.70815269671
2026-01-11 02:00:00,90628.24,90731.9,90615.34,90699.0,123.06702,52.54934293571243,-25.646610425101244,-36.5651690030021,90636.788,90827.96000638285,90445.61599361715
2026-01-11 03:00:00,90699.0,90737.95,90631.64,90733.5,142.98004,53.80742985289801,-13.582376410311554,-31.96861048446399,90639.538,90834.7755428285,90444.3004571715
2026-01-11 04:00:00,90733.49,90785.48,90661.53,90785.48,141.85581,55.71267022255958,0.17099640938977245,-25.54068910569324,90645.7145,90851.47002825784,90439.95897174216
2026-01-11 05:00:00,90785.48,90850.0,90740.0,90774.43,128.06651,55.19152266086002,10.063000796217239,-18.419951125311144,90645.988,90852.44665308815,90439.52934691185
2026-01-11 06:00:00,90774.42,90796.83,90585.34,90744.0,169.88277,53.70175156163636,15.271004224123317,-11.681760055424252,90641.788,90835.6923536962,90447.8836463038
2026-01-11 07:00:00,90744.0,90749.0,90675.52,90710.79,107.03833,52.05046152538532,16.52808948274469,-6.039790147790464,90641.1345,90833.95931216795,90448.30968783205
2026-01-11 08:00:00,90710.8,90816.0,90610.27,90790.01,261.70108,55.560820923958765,23.644175204084604,-0.10299707741545108,90643.9495,90843.97418041989,90443.92481958012
2026-01-11 09:00:00,90790.01,90815.44,90675.6,90740.02,180.86038,52.92762866265507,24.962200482012122,4.910042434470064,90648.125,90852.68870748556,90443.56129251444
2026-01-11 10:00:00,90740.01,90740.02,90692.79,90736.67,123.08314,52.747218982372964,25.4431353808759,9.016661023751233,90655.408,90861.77365734083,90449.04234265916
2026-01-11 11:00:00,90736.66,90756.0,90695.05,90754.99,128.73157,53.67712330733496,26.991410468239337,12.611610912648855,90659.87,90870.98167181882,90448.75832818117
2026-01-11 12:00:00,90754.99,91020.0,90720.21,90938.13,211.42505,61.77545625828824,42.50631077350408,18.5905508848199,90672.94350000001,90918.0759242983,90427.81107570171
2026-01-11 13:00:00,90938.12,90972.33,90821.47,90849.45,154.00693,56.61423031257187,47.10326900955988,24.293094509767897,90688.168,90937.61628010136,90438.71971989865
2026-01-11 14:00:00,90849.45,91191.5,90849.45,91127.16,282.45011,66.15154783042766,72.3215893482411,33.89879347746254,90714.745,91027.82417824706,90401.66582175293
2026-01-11 15:00:00,91127.17,91153.99,90708.25,90875.79,496.14604,54.477915145572574,71.20304728484189,41.359644238938415,90727.20749999999,91045.30622951691,90409.10877048307
2026-01-11 16:00:00,90875.79,91283.89,90875.79,91039.15,389.24788,59.48206472657155,82.54683287865191,49.59708196688111,90750.522,91088.7063043189,90412.3376956811
2026-01-11 17:00:00,91039.14,91147.82,90904.07,90986.68,234.85682,57.30316728536623,86.3080685104942,56.93927927560373,90774.319,91108.41643670986,90440.22156329015
2026-01-11 18:00:00,90986.68,90986.69,90793.43,90886.68,177.99755,53.29615862786036,80.29412983448128,61.61024938737925,90797.265,91091.84469605115,90502.68530394885
2026-01-11 19:00:00,90886.68,90922.08,90673.3,90690.8,159.3051,46.44511855028126,59.041566714135115,61.09651285273043,90806.57,91072.61334581401,90540.526654186
2026-01-11 20:00:00,90690.81,90743.72,90370.85,90708.26,497.31755,47.09790673371839,43.110680318262894,57.499346345836926,90809.961,91068.71764054599,90551.204359454
2026-01-11 21:00:00,90708.25,90838.69,90590.61,90757.06,217.97309,48.970131297745674,34.03080430647242,52.80563793796403,90816.4025,91062.20034007085,90570.60465992914
2026-01-11 22:00:00,90757.07,90757.07,90453.36,90526.02,255.60666,41.48457961930114,8.098584590043174,43.864227268379864,90807.75349999999,91081.52685676434,90533.98014323565
2026-01-11 23:00:00,90526.01,91041.79,90236.0,91013.65,695.70318,56.57291031527054,26.588286127414904,40.409039040186876,90821.761,91107.92505930371,90535.59694069628
2026-01-12 00:00:00,91013.66,91258.66,90700.29,91258.65,740.6183,61.88995894710335,60.31567865809484,44.39036696376847,90845.41949999999,91191.0198386608,90499.81916133918
2026-01-12 01:00:00,91258.66,91799.0,91086.0,91412.44,973.78286,64.80309692541516,98.32106393246795,55.17650635750837,90877.31999999999,91303.67739201478,90450.9626079852
2026-01-12 02:00:00,91412.44,92384.4,91374.0,92203.56,1103.07593,75.27383594802535,190.08618272085732,82.15844163017817,90950.298,91675.49568886866,90225.10031113133
2026-01-12 03:00:00,92203.56,92519.95,91808.11,91808.12,968.99203,64.88349011973533,228.27063552975596,111.38088041009374,91005.1645,91815.15064190776,90195.17835809223
2026-01-12 04:00:00,91808.12,92290.81,91741.82,92175.78,651.2656,69.1475740287212,284.9148576959269,146.08767586726037,91074.45300000001,92030.80567973999,90118.10032026003
2026-01-12 05:00:00,92175.79,92267.66,92037.51,92111.86,274.66206,67.61046945694346,320.94830973271746,181.0598026403518,91143.045,92190.81659333994,90095.27340666005
2026-01-12 06:00:00,92111.87,92207.01,91805.43,91836.34,279.64865,61.28646608452546,323.54331278453174,209.55650466918777,91198.0285,92271.11787598568,90124.93912401432
2026-01-12 07:00:00,91836.35,91970.0,91381.36,91408.09,500.6572,52.98987043843909,287.7269383916864,225.1905914136875,91230.6835,92286.61806564151,90174.74893435849
2026-01-12 08:00:00,91408.09,91630.13,90388.89,90752.27,1298.94335,43.31863280729427,204.07061157801945,220.96659544655392,91221.3905,92291.3441942753,90151.43680572469
2026-01-12 09:00:00,90752.28,90942.85,90648.15,90685.64,605.22242,42.47053341469626,130.88710069462832,202.9506964961688,91213.2,92297.55297121793,90128.84702878207
2026-01-12 10:00:00,90685.65,90793.18,90370.0,90433.46,399.68146,39.331887593625474,51.94107819971396,172.74877283687783,91178.515,92317.4602268054,90039.5697731946
2026-01-12 11:00:00,90433.45,90824.86,90425.36,90620.96,457.29481,42.72129003807224,4.454125211399514,139.08984331178218,91165.7735,92324.50786643999,90007.03913356
2026-01-12 12:00:00,90620.95,90863.74,90615.66,90789.37,244.81991,45.65792625290946,-19.367095793248154,107.39845549077612,91153.28450000001,92323.09662243165,89983.47237756837
2026-01-12 13:00:00,90789.37,90829.73,90538.0,90636.01,327.61952,43.47219194998301,-50.0435840926948,75.91004757408193,91135.751,92326.40356631798,89945.09843368203
2026-01-12 14:00:00,90636.0,91131.39,90128.44,90908.95,1300.15719,48.22290337361475,-51.734581089782296,50.38112184130909,91136.8645,92326.5775850838,89947.1514149162
2026-01-12 15:00:00,90908.95,91665.0,90705.91,91665.0,1031.47333,58.601700467179036,7.841812500424567,41.873259973132186,91185.5745,92378.15967110328,89992.98932889673
2026-01-12 16:00:00,91664.99,92332.0,91567.81,92123.52,1578.09092,63.39409852449192,91.00620277764392,51.69984853403454,91256.3375,92496.66824449592,90016.00675550407
2026-01-12 17:00:00,92123.51,92306.62,91000.53,91522.83,1208.45838,54.4939814020637,107.20809028513031,62.801496884253694,91294.626,92517.21313913344,90072.03886086657
2026-01-12 18:00:00,91522.83,91943.26,91411.79,91691.8,505.47425,56.35038005010358,132.15922049428627,76.67304160626021,91352.91500000001,92531.58120320992,90174.2487967901
2026-01-12 19:00:00,91691.8,91880.0,91434.8,91861.27,337.94969,58.19252683283964,163.7207131596515,94.08257591693848,91395.296,92583.51516026324,90207.07683973676
2026-01-12 20:00:00,91861.27,92046.23,91417.99,91484.86,374.00813,52.85675478795784,156.55560669337865,106.57718207222652,91406.60650000001,92593.65491416403,90219.55808583599
2026-01-12 21:00:00,91484.87,91502.37,90938.2,91055.17,398.88227,47.50220901545914,114.88054485576868,108.23785462893495,91388.743,92586.12964507943,90191.35635492057
2026-01-12 22:00:00,91055.17,91441.34,91052.21,91244.99,313.86446,49.91596230909226,96.06229931513371,105.80274356617471,91340.81450000001,92475.99689238357,90205.63210761645
2026-01-12 23:00:00,91244.99,91311.68,91059.88,91296.2,313.43996,50.57617773783978,84.30906079393753,101.50400701172728,91315.21849999999,92428.91773870181,90201.51926129816
2026-01-13 00:00:00,91296.2,91546.08,91249.0,91482.74,334.56358,53.00629857209617,89.02057977826917,99.00732156503567,91280.56649999999,92322.32923775735,90238.80376224262
2026-01-13 01:00:00,91482.74,91546.08,91042.66,91185.35,442.20574,48.879989844249245,67.97404246081715,92.80066574419197,91234.24100000001,92199.98335075282,90268.4986492472
2026-01-13 02:00:00,91185.34,91382.82,91097.8,91118.3,271.94314,47.97323404586215,45.36123923535342,83.31278044242427,91198.339,92122.3197363882,90274.35826361181
2026-01-13 03:00:00,91118.3,91453.45,91118.29,91408.91,263.81213,52.11912406314532,50.310282414982794,76.71228083693597,91198.38,92122.3999970721,90274.3600029279
2026-01-13 04:00:00,91408.9,91650.81,91350.71,91515.16,272.26771,53.575720314872356,62.09018482165993,73.78786163388077,91236.5245,92145.87324496948,90327.17575503052
2026-01-13 05:00:00,91515.17,92255.94,91472.36,91920.99,991.25943,58.7389058799951,102.98577576909156,79.62744446092293,91298.29199999999,92217.85273290385,90378.73126709613
2026-01-13 06:00:00,91921.0,92275.38,91806.19,92184.36,600.50125,61.71475450118629,154.86242650261556,94.67444086926146,91385.837,92292.01013252453,90479.66386747546
2026-01-13 07:00:00,92184.37,92212.48,91905.33,91942.0,704.5617,57.59798360493732,174.40815084936912,110.62118286528299,91451.889,92314.86846763153,90588.90953236846
2026-01-13 08:00:00,91941.99,92250.66,91924.27,92165.9,528.9889,60.236900741225355,205.5951639318664,129.61597907859968,91520.71549999999,92380.77950717682,90660.65149282316
2026-01-13 09:00:00,92165.89,92672.11,91950.0,92269.42,1215.58278,61.432046011615114,235.9444743078202,150.8816781244438,91602.386,92417.77433541615,90786.99766458385
2026-01-13 10:00:00,92269.42,92350.03,92021.15,92128.62,394.76711,58.84152302673853,245.8016892826272,169.86568035608047,91663.3695,92442.00057195232,90884.73842804768
2026-01-13 11:00:00,92128.63,92261.04,91972.44,92000.74,405.87783,56.51070766283484,240.52216609442257,183.9969775037489,91680.1565,92473.27761942307,90887.03538057693
2026-01-13 12:00:00,92000.73,92153.84,91910.25,92109.35,280.96679,58.0312613316347,242.30883976641053,195.65934995628123,91679.448,92470.92511350637,90887.97088649364
2026-01-13 13:00:00,92109.35,92606.42,91978.66,92076.12,1336.2017,57.37033657271332,238.29647481121356,204.18677492726772,91707.1125,92514.06701997011,90900.1579800299
2026-01-13 14:00:00,92076.11,92915.12,91787.61,92462.03,1289.79234,62.68540776233166,263.2220979966223,215.99383954113864,91745.624,92620.18702877568,90871.06097122432
2026-01-13 15:00:00,92462.03,93450.0,92132.66,93449.99,1429.93474,72.2308782452113,358.5626620536059,244.5076040436321,91825.06,92985.67464989815,90664.44535010184
2026-01-13 16:00:00,93449.99,93760.0,93078.31,93389.63,1920.2444,71.03527453211554,424.3584582571784,280.4777748863414,91920.2985,93261.86953848296,90578.72746151705
2026-01-13 17:00:00,93389.63,93498.72,93100.0,93241.99,796.01222,68.06741654458821,459.2943275533471,316.2410854197426,92029.6395,93429.52092788841,90629.7580721116
2026-01-13 18:00:00,93241.99,93871.29,93198.09,93633.71,950.82758,71.4729300892615,512.6799308189657,355.5288544995872,92149.0755,93669.49727160075,90628.65372839927
2026-01-13 19:00:00,93633.71,94231.82,93475.07,94226.84,1085.51387,75.69895733220325,595.9789655049244,403.6188767006547,92295.60750000001,94021.00706534128,90570.20793465874
2026-01-13 20:00:00,94226.85,94500.0,94113.13,94408.7,1604.35758,76.8322223468816,668.9573093129584,456.68656322311546,92441.90550000001,94362.27342693484,90521.53757306517
2026-01-13 21:00:00,94408.7,94507.99,94062.0,94087.23,1173.77039,70.56753411874527,692.8662987999996,503.9225103384923,92586.9995,94545.74384748391,90628.2551525161
2026-01-13 22:00:00,94087.23,96495.0,94087.23,95757.21,3452.31954,79.78753337871709,836.9202786112292,570.5220639930398,92818.94499999999,95115.00154308273,90522.88845691725
2026-01-13 23:00:00,95757.19,96107.97,95055.01,95414.0,1275.24237,74.61432694070845,912.8669547754544,638.9910421495227,93019.1995,95489.46408371114,90548.93491628887
2026-01-14 00:00:00,95413.99,95647.91,95154.04,95236.84,662.80362,72.01859502693135,947.8338725135109,700.7596082223204,93205.2835,95757.83571124454,90652.73128875547
2026-01-14 01:00:00,95236.84,95582.0,95116.03,95245.6,749.06956,72.07033503057517,965.1268835901865,753.6330632958936,93371.514,96003.6859389244,90739.34206107559
2026-01-14 02:00:00,95245.61,95562.0,95190.06,95347.46,588.58584,72.70240559202331,975.802526073734,798.0669558514618,93529.66900000001,96240.44015444806,90818.89784555195
2026-01-14 03:00:00,95347.47,95722.01,95285.5,95720.99,381.4409,74.94192126595684,1002.8436416825134,839.0222930176722,93718.61850000001,96489.57644936536,90947.66055063467
2026-01-14 04:00:00,95720.99,95799.22,95224.44,95245.16,460.39311,67.36057189395649,974.6433346331905,866.1465013407759,93872.5815,96622.38684813755,91122.77615186245
2026-01-14 05:00:00,95245.17,95270.25,94972.0,95005.0,669.59606,63.84970686294651,922.2839677468583,877.3739946219924,94009.3605,96694.79351878501,91323.92748121498
2026-01-14 06:00:00,95005.01,95028.88,94559.28,95028.87,859.31999,64.05026509294058,872.6554726906616,876.4302902357263,94154.373,96722.86660547281,91585.8793945272
2026-01-14 07:00:00,95028.88,95233.99,94850.0,95205.1,884.32504,65.5690282407489,837.8861905504309,868.7214702986672,94314.591,96711.47507974738,91917.70692025262
2026-01-14 08:00:00,95205.11,95315.15,94900.0,94900.01,380.43239,60.78163040802843,776.7590755909914,850.328991357132,94454.124,96624.70439832164,92283.54360167835
2026-01-14 09:00:00,94900.01,95186.51,94870.01,95088.24,468.07232,62.59615386185165,735.0310046046507,827.2693940066358,94604.73000000001,96478.24615639051,92731.21384360951
2026-01-14 10:00:00,95088.24,95291.98,94888.0,95091.75,526.44388,62.630874599423926,694.2416497907834,800.6638451634653,94736.216,96323.86915519465,93148.56284480535
2026-01-14 11:00:00,95091.49,95091.49,94737.95,94792.99,381.08629,57.71958130539498,630.5398857652181,766.6390532838159,94803.36600000001,96271.03264684194,93335.69935315808
2026-01-14 12:00:00,94793.0,95154.78,94680.67,95077.56,424.37035,60.86731771304252,596.1461973034166,732.5404820877361,94887.7625,96198.91250325296,93576.61249674704
2026-01-14 13:00:00,95077.56,95241.7,94890.68,94998.19,454.3002,59.53597310367588,556.07437645951,697.2472609620909,94975.5725,96033.3963099632,93917.7486900368
2026-01-14 14:00:00,94998.2,96827.0,94982.56,96493.15,2348.26402,71.97149724558072,637.5981136734335,685.3174315043594,95118.5445,96185.64434787247,94051.44465212754
2026-01-14 15:00:00,96493.14,97084.68,96188.25,96764.57,2804.69067,73.56022577196671,715.8556500812265,691.4250752197329,95245.431,96459.47983791477,94031.38216208522
2026-01-14 16:00:00,96764.57,97693.66,96730.77,97293.24,2448.97546,76.36982419885942,811.1837409980944,715.3768083754052,95389.658,96846.29208998758,93933.02391001242
2026-01-14 17:00:00,97293.23,97777.0,96800.0,96956.07,2017.29615,71.17508837560163,849.7299804230133,742.2474427849269,95533.1,97014.51357485072,94051.6864251493
2026-01-14 18:00:00,96956.07,97110.0,96246.56,96806.55,1150.91366,68.93574249025095,858.3189716485358,765.4617485576487,95585.56700000001,97171.07228173479,94000.06171826523
2026-01-14 19:00:00,96806.54,97640.68,96688.36,97267.42,1063.44638,71.87323509046742,892.031383900452,790.7756756262094,95678.238,97429.51508203216,93926.96091796784
2026-01-14 20:00:00,97267.42,97924.49,97209.25,97655.28,1157.33493,74.09350465808258,939.2190415462683,820.4643488102212,95799.16,97745.25106237002,93853.06893762999
2026-01-14 21:00:00,97655.27,97717.72,97390.0,97564.0,494.72849,72.64022752374805,958.2044822483003,848.0123754978371,95915.08,97993.99758948706,93836.16241051294
2026-01-14 22:00:00,97563.99,97587.34,96772.02,96878.34,1038.79474,62.69293734018787,907.4628818610217,859.9024767704741,95991.624,98095.13058702652,93888.11741297347
2026-01-14 23:00:00,96878.34,97371.33,96865.34,96951.78,437.21023,63.273061373916626,863.2250709380896,860.5669956039973,96053.1635,98194.99888603199,93911.328113968
2026-01-15 00:00:00,96951.78,97000.0,96500.0,96658.03,798.45682,59.3009506379234,795.2954461872141,847.5126857206407,96123.807,98246.54669666533,94001.06730333467
2026-01-15 01:00:00,96658.03,96959.09,96297.32,96445.31,701.30226,56.533234985469164,716.041917437251,821.2185320639628,96195.8225,98255.53753266578,94136.10746733421
2026-01-15 02:00:00,96445.32,96617.06,96095.8,96339.91,530.33501,55.15951806586288,637.3806978475332,784.450965220677,96261.3745,98246.82501768426,94275.92398231575
2026-01-15 03:00:00,96339.92,96393.58,95777.0,95985.1,791.5879,50.69382948942006,540.1840078801179,735.5975737525652,96300.3745,98228.27257173897,94372.47642826104
2026-01-15 04:00:00,95985.11,96387.42,95952.89,96316.27,483.75975,54.40432128040649,484.2949316050217,685.3370453230565,96371.1875,98183.06058989755,94559.31441010245
2026-01-15 05:00:00,96316.27,96510.57,96247.64,96429.71,419.70339,55.635898936085745,444.03750795239466,637.0771378489242,96438.261,98146.51914351505,94730.00285648495
2026-01-15 06:00:00,96429.71,96588.45,96172.41,96243.78,473.63021,53.104072785445936,392.60451212253247,588.1826127036459,96495.8625,98086.59654329749,94905.12845670251
2026-01-15 07:00:00,96243.79,96760.15,96191.79,96630.48,679.19921,57.4418831358281,378.68174317182275,546.2824387972813,96587.737,97961.8659243465,95213.6080756535
2026-01-15 08:00:00,96630.47,96662.0,96289.98,96643.0,760.49437,57.57869830899124,364.4568758381065,509.9173262054464,96666.00899999999,97841.99532614743,95490.02267385255
2026-01-15 09:00:00,96643.01,97193.34,96559.19,97040.75,1029.77719,61.78217263172675,380.8880267779314,484.1114663199434,96768.137,97653.00288567484,95883.27111432517
2026-01-15 10:00:00,97040.75,97070.39,96750.0,96818.68,414.89635,58.308260108302896,371.70584558516566,461.63034217298787,96784.4135,97659.90788964,95908.91911035999
2026-01-15 11:00:00,96818.68,96935.39,96580.03,96581.08,588.17595,54.76042260798128,341.3220187750412,437.5686774933986,96775.239,97655.44194832114,95895.03605167886
2026-01-15 12:00:00,96581.07,96994.65,96525.24,96981.65,332.6743,59.260929404127026,345.5816186386219,419.17126572244325,96759.65950000001,97611.84219503087,95907.47680496915
2026-01-15 13:00:00,96981.66,97032.99,96620.12,96846.75,496.85903,57.19727745323993,334.21940635352803,402.1808938486602,96754.19350000001,97602.46518186202,95905.921818138
2026-01-15 14:00:00,96846.74,97165.03,95592.69,96063.43,1629.09421,46.969217444044325,259.02155449079874,373.5490259770879,96717.0375,97619.05099771703,95815.02400228298
2026-01-15 15:00:00,96063.43,96791.67,95435.91,96737.04,2359.5541,54.503618903808025,250.8893166554335,349.01708411275706,96690.5185,97554.79778225989,95826.23921774012
2026-01-15 16:00:00,96737.04,96969.99,96272.72,96738.51,1973.14331,54.518804997702546,241.7760326914722,327.5688738285001,96644.68000000001,97381.33871407068,95908.02128592934
2026-01-15 17:00:00,96738.5,97163.0,96426.18,96636.35,2398.07402,53.1900411998203,223.73119730442704,306.8013385236855,96598.2975,97194.70025868647,96001.89474131353
2026-01-15 18:00:00,96636.35,96650.51,95745.25,95835.0,2117.40598,44.10866939772887,143.11850636239978,274.0647720914284,96546.1305,97217.23776166329,95875.02323833671
2026-01-15 19:00:00,95835.01,95920.31,95183.13,95516.01,1380.26708,41.10046477969321,52.88293931251974,229.82840553564665,96474.34199999999,97260.11731235364,95688.56668764634
2026-01-15 20:00:00,95516.01,95660.0,95134.48,95260.67,524.36978,38.81830298287138,-38.78609970732941,176.10550448705146,96404.474,97353.09973074571,95455.84826925429
2026-01-15 21:00:00,95260.68,95631.08,95196.0,95584.35,297.62442,43.12922843798428,-84.34393825898587,124.015615937844,96361.426,97377.9582250108,95344.8937749892
2026-01-15 22:00:00,95584.36,95871.0,95488.91,95583.87,269.05055,43.124375755555974,-119.1145076284156,75.38959122459208,96323.624,97398.10355108806,95249.14444891193
2026-01-15 23:00:00,95583.87,95718.31,95378.58,95604.8,276.3785,43.42329954026288,-143.32934679102618,31.64580362146843,96304.60900000001,97417.10103351428,95192.11696648574
2026-01-16 00:00:00,95604.81,95828.01,95570.96,95633.5,207.12295,43.85902366758518,-158.37824531682418,-6.35900616619009,96270.47050000001,97422.65154930745,95118.28945069257
2026-01-16 01:00:00,95633.5,95855.12,95420.75,95664.18,401.56495,44.35240029400529,-165.91640518385975,-38.27048596972402,96232.194,97412.61807208552,95051.76992791449
2026-01-16 02:00:00,95664.17,95687.47,95393.9,95504.4,384.29986,42.26900179575025,-182.67756855336484,-67.15190248645219,96195.225,97419.61489611582,94970.8351038842
2026-01-16 03:00:00,95504.4,95586.6,95321.58,95354.69,214.15334,40.356163876874305,-205.67041656591755,-94.85560530234527,96131.43549999999,97392.72478182483,94870.14621817516
2026-01-16 04:00:00,95354.69,95582.41,95133.03,95261.29,700.90747,39.165363159451495,-228.79164601658704,-121.64281344519362,96062.35,97356.59145037887,94768.10854962115
2026-01-16 05:00:00,95261.3,95676.73,95242.18,95660.37,746.7663,46.4378800580167,-212.46381557462155,-139.80701387107922,95993.331,97212.95892769839,94773.70307230162
2026-01-16 06:00:00,95660.38,95816.83,95534.0,95741.21,443.54681,47.79920548707105,-190.80134083432495,-150.00587926372836,95939.45749999999,97099.30370454142,94779.61129545856
2026-01-16 07:00:00,95741.22,95788.34,95489.6,95653.16,403.70542,46.415465013423905,-178.67887383454945,-155.74047817789258,95893.0615,97018.56866858792,94767.55433141207
2026-01-16 08:00:00,95653.16,95871.47,95570.68,95676.0,594.74259,46.845324838082526,-165.3229937198048,-157.65698128627503,95827.779,96832.39937998157,94823.15862001842
2026-01-16 09:00:00,95676.01,95788.17,95601.5,95613.53,177.27273,45.76396283567413,-157.95832418581995,-157.717249866184,95766.11799999999,96651.74048927164,94880.49551072833
2026-01-16 10:00:00,95613.53,95637.0,95280.51,95307.35,538.64006,40.793612383567755,-174.81280447474273,-161.13636078789577,95728.314,96624.97975046874,94831.64824953125
2026-01-16 11:00:00,95307.35,95470.0,95261.43,95429.09,303.73259,43.42467744657062,-176.31425992076402,-164.17194061446943,95662.91649999999,96431.44416580713,94894.38883419285
2026-01-16 12:00:00,95429.09,95569.0,95353.5,95458.55,289.70117,44.07237687636327,-173.1312491172721,-165.96380231502997,95598.9185,96180.83268815326,95017.00431184674
2026-01-16 13:00:00,95458.55,95579.0,95288.05,95448.87,277.92918,43.89455531148788,-169.43662527843844,-166.65836690771167,95539.5445,95858.82315371686,95220.26584628315
2026-01-16 14:00:00,95448.86,95809.08,95192.35,95192.36,624.83754,39.36232169453538,-185.0734114414081,-170.34137581445097,95507.4125,95830.81656370402,95184.00843629599
2026-01-16 15:00:00,95192.36,95663.15,94293.46,94585.98,1821.66491,31.169153158467893,-243.58754975780903,-184.9906106031226,95460.911,95984.56607731733,94937.25592268266
2026-01-16 16:00:00,94585.99,94990.73,94508.0,94872.55,811.28371,37.762334414325245,-263.79574872639205,-200.7516382277765,95441.50499999999,96022.078199795,94860.93180020498
2026-01-16 17:00:00,94872.55,95130.49,94555.88,95076.08,513.23212,42.01088483584717,-260.38615249122086,-212.6785410804654,95416.09150000001,96014.55861354503,94817.62438645499
2026-01-16 18:00:00,95076.09,95215.74,94960.04,95001.19,353.51337,40.90441953837113,-260.7215839025157,-222.28714964487548,95386.95749999999,96007.36340091795,94766.55159908203
2026-01-16 19:00:00,95001.19,95055.31,94841.31,95002.09,176.56522,40.92455614676809,-257.94140527714626,-229.41800077132964,95356.82200000001,95991.07186103197,94722.57213896805
2026-01-16 20:00:00,95002.09,95561.5,94682.0,95553.6,414.87593,51.76993513493006,-208.82859974130406,-225.30012056532453,95352.82699999999,95980.71366001043,94724.94033998955
2026-01-16 21:00:00,95553.61,95600.0,95359.69,95523.52,341.14068,51.21764602773138,-170.36963700249908,-214.31402385275945,95345.794,95962.03968280763,94729.54831719236
2026-01-16 22:00:00,95523.52,95574.0,95260.64,95514.0,283.10566,51.032089597727314,-139.0558669136517,-199.2623924649379,95346.274,95963.05457340226,94729.49342659775
2026-01-16 23:00:00,95513.99,95577.89,95433.83,95550.94,143.41004,51.762365587207356,-109.99082348890079,-181.4080786697305,95356.0865,95979.63803403296,94732.53496596705
2026-01-17 00:00:00,95550.94,95578.2,95433.94,95465.97,129.13356,49.918249698767994,-92.74384276023193,-163.67523148783079,95366.3205,95990.03969476563,94742.60130523438
2026-01-17 01:00:00,95465.97,95530.0,95384.86,95399.93,104.26658,48.47281503531569,-83.44248928037996,-147.62868304634063,95353.2985,95961.85932193554,94744.73767806447
2026-01-17 02:00:00,95399.94,95412.86,95200.0,95371.35,155.12882,47.82737557979497,-77.48407855651749,-133.59976214837602,95334.80549999999,95915.5773104866,94754.03368951338
2026-01-17 03:00:00,95371.36,95384.87,95270.79,95372.95,132.4524,47.8692254280564,-71.80516327648365,-121.24084237399755,95320.79500000001,95882.4345244602,94759.15547553982
2026-01-17 04:00:00,95372.94,95372.95,95260.64,95303.64,131.52683,46.142539703813505,-72.06658106818213,-111.40599011283447,95302.177,95838.3478568692,94766.0061431308
2026-01-17 05:00:00,95303.63,95373.64,95275.05,95323.67,103.95781,46.740433788713744,-69.85228924038529,-103.09524993834464,95287.684,95803.71061279805,94771.65738720194
2026-01-17 06:00:00,95323.68,95347.89,95186.29,95240.07,125.70578,44.518997926494926,-73.99035360048583,-97.27427067077288,95284.31999999999,95800.68390081744,94767.95609918254
2026-01-17 07:00:00,95240.08,95240.08,95041.7,95101.67,197.34545,41.041412292287056,-87.42968774471956,-95.30535408556221,95267.949,95785.74655190414,94750.15144809584
2026-01-17 08:00:00,95101.67,95260.65,95021.67,95247.51,164.49559,45.84226309901575,-85.328770760927,-93.31003742063518,95257.397,95767.38256533547,94747.41143466452
2026-01-17 09:00:00,95247.51,95290.08,95176.9,95260.65,104.24877,46.26680173671474,-81.66214040882187,-90.98045801827253,95247.986,95749.9783251458,94745.99367485421
2026-01-17 10:00:00,95260.65,95271.21,95116.47,95116.48,127.2407,42.34469061024697,-89.35954237901024,-90.65627489042008,95244.19200000001,95749.09305051233,94739.2909494877
2026-01-17 11:00:00,95116.48,95323.86,95073.57,95323.86,218.85009,49.03708234177211,-77.82879415190837,-88.09077874271775,95281.086,95680.23633308272,94881.93566691727
2026-01-17 12:00:00,95323.85,95412.84,95243.63,95251.15,215.62364,46.9781143940295,-73.70802224574436,-85.21422744332307,95300.016,95650.53510307589,94949.49689692412
2026-01-17 13:00:00,95251.15,95438.33,95198.81,95438.32,227.83624,52.5063585111648,-54.708579615617055,-79.11309787778187,95318.128,95657.17374171774,94979.08225828226
2026-01-17 14:00:00,95438.32,95544.07,95357.02,95471.18,259.56584,53.42449162285329,-36.57820627729234,-70.60611955768397,95341.6275,95652.12888062089,95031.12611937911
2026-01-17 15:00:00,95471.17,95639.45,95433.81,95573.64,747.96943,56.26361668548164,-13.78320487230667,-59.241536620608514,95370.20499999999,95653.10850823694,95087.30149176304
2026-01-17 16:00:00,95573.65,95576.14,95212.25,95315.23,330.67135,48.27157032458725,-16.380702861308237,-50.66936986874846,95358.2865,95628.45638334852,95088.11661665149
2026-01-17 17:00:00,95315.23,95440.8,95295.17,95357.24,141.2049,49.526788831043895,-14.877879885621951,-43.51107187212316,95349.9725,95608.72555097437,95091.21944902564
2026-01-17 18:00:00,95357.23,95465.98,95346.0,95428.25,100.5073,51.661950082474526,-7.866290603968082,-36.38211561849214,95345.685,95595.68799565386,95095.68200434613
2026-01-17 19:00:00,95428.25,95428.25,95290.7,95291.38,64.10708,47.49171061495266,-13.201640419167234,-31.746020578627164,95332.707,95564.10229315163,95101.31170684836
2026-01-17 20:00:00,95291.37,95383.84,95291.36,95378.18,65.25873,50.23523184437914,-10.307095226860838,-27.4582355082739,95328.31749999999,95552.28007929698,95104.354920703
2026-01-17 21:00:00,95378.19,95412.86,95283.99,95302.94,114.01955,47.898975854687194,-13.92388067189313,-24.75136454099775,95323.468,95545.08962622026,95101.84637377973
2026-01-17 22:00:00,95302.94,95302.94,95050.0,95170.97,209.18455,44.03101699126825,-27.12638914681156,-25.226369462160513,95313.449,95543.89800639283,95082.99999360715
2026-01-17 23:00:00,95170.98,95208.96,95123.79,95147.77,110.50038,43.36800329835154,-39.011814428915386,-27.98345845551149,95302.18999999999,95542.20355094214,95062.17644905784
2026-01-18 00:00:00,95147.77,95250.0,95067.83,95112.47,179.02691,42.323718391441275,-50.69513264790294,-32.52579329398978,95292.6315,95547.1879458034,95038.07505419661
2026-01-18 01:00:00,95112.48,95112.48,94876.33,94966.9,243.7208,38.234954679182806,-70.88342888615443,-40.19732041242271,95274.793,95567.3564629993,94982.2295370007
2026-01-18 02:00:00,94966.89,95069.07,94880.53,95022.01,148.4607,40.575499436024735,-81.49644241883652,-48.457144813705476,95263.89,95577.40474560138,94950.37525439862
2026-01-18 03:00:00,95022.01,95205.74,95022.01,95200.29,149.82604,47.50566375799205,-74.66098074310867,-53.69791199958612,95268.821,95574.59970945821,94963.04229054178
2026-01-18 04:00:00,95200.29,95200.3,95075.3,95095.68,90.87843,44.24505989056573,-76.7996819288528,-58.31826598543946,95261.2295,95576.62364629788,94945.83535370212
2026-01-18 05:00:00,95095.68,95260.0,95059.27,95188.55,176.45319,47.67842793029747,-70.19165941707615,-60.6929446717668,95257.6245,95574.69033215316,94940.55866784685
2026-01-18 06:00:00,95188.54,95199.62,95144.3,95171.43,144.72253,47.10259717255064,-65.5802268575062,-61.67040110891469,95260.372,95573.21222185207,94947.53177814794
2026-01-18 07:00:00,95171.44,95183.3,95028.27,95028.27,293.23856,42.48216896800017,-72.64009904750856,-63.86434069663347,95245.5925,95573.37603280466,94917.80896719533
2026-01-18 08:00:00,95028.27,95195.0,95021.44,95183.93,124.9626,48.408128410456065,-64.9262086089293,-64.07671427909264,95242.2315,95571.1516350752,94913.31136492478
2026-01-18 09:00:00,95183.93,95295.35,95149.18,95275.73,312.28376,51.57668200132746,-50.819585517645464,-61.42528852680321,95234.10199999998,95550.41125464934,94917.79274535063
2026-01-18 10:00:00,95275.73,95295.39,95088.0,95180.66,344.24187,48.2703552922228,-46.77217898723029,-58.49466661888863,95219.576,95516.10852683923,94923.04347316077
2026-01-18 11:00:00,95180.67,95180.67,95061.65,95168.06,178.51779,47.83270318380511,-44.07324590513599,-55.610382476138106,95199.29699999999,95444.99370556229,94953.6002944377
2026-01-18 12:00:00,95168.06,95178.09,95081.32,95113.25,122.90856,45.883836232453156,-45.82874567381805,-53.6540551156741,95189.198,95431.40994178902,94946.98605821098
2026-01-18 13:00:00,95113.24,95205.4,94910.0,95146.82,328.31194,47.30009725289251,-44.003923604555894,-51.72402881345046,95178.677,95408.09751477109,94949.2564852289
2026-01-18 14:00:00,95146.82,95376.24,94928.51,94955.79,530.3533,40.76257956072386,-57.311610888136784,-52.84154522838773,95155.054,95373.29646762168,94936.81153237833
2026-01-18 15:00:00,94955.78,95125.47,94915.21,95119.28,195.60522,47.45600233181659,-54.042800516152056,-53.0817962859406,95146.449,95355.4342727118,94937.46372728818
2026-01-18 16:00:00,95119.27,95186.3,95073.02,95169.35,105.98121,49.34380151669839,-46.87170634418726,-51.83977829758993,95136.00749999999,95314.95189653554,94957.06310346445
2026-01-18 17:00:00,95169.35,95280.24,95140.61,95274.36,147.92595,53.145856848762904,-32.34231112290581,-47.94028486265311,95134.5785,95308.28989093911,94960.8671090609
2026-01-18 18:00:00,95274.35,95521.71,95180.9,95439.6,407.32335,58.432812741296026,-7.40877001080662,-39.83398189228381,95148.01000000001,95368.74560999511,94927.27439000491
2026-01-18 19:00:00,95439.6,95514.0,95333.99,95380.99,260.23192,56.01830357558628,7.535044478834607,-30.360176618060127,95159.671,95403.75900811426,94915.58299188575
2026-01-18 20:00:00,95380.99,95441.22,95285.2,95304.01,77.90234,52.92499153411919,13.016437090627733,-21.684853876322556,95169.24799999999,95420.46460753836,94918.03139246162
2026-01-18 21:00:00,95304.01,95430.45,95284.23,95430.44,81.51777,57.11360456632242,27.248224041846697,-11.898238292688706,95192.425,95450.47622083144,94934.37377916857
2026-01-18 22:00:00,95430.45,95531.12,95412.86,95498.61,319.96465,59.22053038565143,43.52602608008601,-0.813385418133762,95216.25499999999,95495.22119629961,94937.28880370037
2026-01-18 23:00:00,95498.6,95498.6,93615.4,93673.14,1930.8188,24.504117153254242,-89.83827176551858,-18.618362687610727,95139.89749999999,95884.56200582153,94395.23299417846
2026-01-19 00:00:00,93673.14,93673.14,91910.2,92711.02,4221.82713,18.386303894296134,-270.0524849292706,-68.9051871359427,95020.6645,96338.330329493,93702.998670507
2026-01-19 01:00:00,92711.02,92875.68,92247.97,92586.65,910.87085,17.768735922941573,-418.0896891466982,-138.7420875380938,94890.5695,96595.35547181818,93185.78352818181
2026-01-19 02:00:00,92586.65,92672.0,92383.94,92566.8,452.44264,17.666741518736742,-530.8921746259148,-217.172104955658,94760.338,96749.08102766651,92771.59497233349
2026-01-19 03:00:00,92566.8,92776.83,92500.0,92690.09,556.40187,20.711021960425924,-603.3850373275636,-294.4146914300391,94643.429,96830.83334411956,92456.02465588045
2026-01-19 04:00:00,92690.08,92748.32,92502.58,92665.0,506.12587,20.544541488211564,-655.3067384490569,-366.5931008338427,94517.48250000001,96858.52562970867,92176.43937029135
2026-01-19 05:00:00,92665.0,92811.11,92504.24,92511.77,357.86057,19.51293922684397,-700.7417266388366,-433.4228259948415,94379.28450000001,96854.35020074673,91904.21879925329
2026-01-19 06:00:00,92511.77,92629.26,92385.07,92583.27,427.02868,21.493856770325152,-722.6495752018964,-491.2681758362525,94249.415,96818.23234864879,91680.5976513512
2026-01-19 07:00:00,92583.27,92861.41,92562.0,92841.62,421.22196,28.355242783371665,-710.9694044156786,-535.2084215521378,94133.09300000001,96737.20995037058,91528.97604962943
2026-01-19 08:00:00,92841.62,93368.44,92702.56,93259.09,865.57873,37.81339969806638,-660.4136078804295,-560.2494588177962,94040.38500000001,96629.55463796726,91451.21536203276
2026-01-19 09:00:00,93259.09,93268.12,92950.0,93060.06,474.82948,35.413107612396615,-629.1553216162865,-574.0306313774943,93936.04699999999,96505.59160633883,91366.50239366115
2026-01-19 10:00:00,93060.06,93081.3,92900.0,93064.88,263.24721,35.5198550727293,-597.110848655866,-578.6466748331686,93841.5015,96392.14379984149,91290.8592001585
2026-01-19 11:00:00,93064.88,93317.29,92969.94,93191.96,305.33086,38.41011821278826,-555.0626621637348,-573.9298722992819,93745.1355,96237.47723627547,91252.79376372453
2026-01-19 12:00:00,93191.96,93226.44,92979.48,93070.6,586.84126,36.71746826356227,-525.4745654856961,-564.2388109365647,93640.198,96055.5989557065,91224.7970442935
2026-01-19 13:00:00,93070.6,93151.37,92807.34,93031.86,326.88604,36.16952816423913,-499.39506449310284,-551.2700616478724,93528.073,95829.57904272995,91226.56695727006
2026-01-19 14:00:00,93031.85,93039.6,92700.0,92812.43,417.89495,33.151746350895465,-490.7756826385885,-539.1711858460156,93396.7145,95532.7968031998,91260.6321968002
2026-01-19 15:00:00,92812.43,93081.0,92812.43,93068.62,467.20202,39.49863687231959,-457.9929112980026,-522.9355309364131,93281.09599999999,95204.71485484463,91357.47714515535
2026-01-19 16:00:00,93068.62,93420.0,92994.0,93301.86,380.00206,44.650997814335334,-408.48307151494373,-500.04503905211925,93180.9885,94853.31999446577,91508.65700553425
2026-01-19 17:00:00,93301.85,93389.45,93150.0,93242.99,357.60248,43.64079298674314,-369.7344155992614,-473.9829143615477,93071.61600000001,94368.48309460586,91774.74890539415
2026-01-19 18:00:00,93242.99,93259.39,92930.0,93065.84,235.78814,40.659708170311774,-349.2939083650417,-449.04511316224654,92949.97750000001,93566.02094217693,92333.93405782309
2026-01-19 19:00:00,93065.83,93154.32,93000.0,93105.85,179.79114,41.629519043506654,-326.1070276731043,-424.45749606441814,92921.613,93442.32335897401,92400.90264102598
2026-01-19 20:00:00,93105.85,93274.82,93084.15,93141.94,178.48795,42.541725134433754,-301.34537439397536,-399.8350717303296,92943.159,93462.83937609945,92423.47862390055
2026-01-19 21:00:00,93141.95,93342.36,93000.03,93003.42,240.63302,39.960416208601465,-289.56111186025373,-377.7802797563145,92963.9975,93456.18261763119,92471.81238236881
2026-01-19 22:00:00,93003.41,93060.0,92565.78,92565.78,374.00927,33.12232473001761,-311.94003879981756,-364.6122315650151,92963.94649999999,93456.30509286835,92471.58790713163
2026-01-19 23:00:00,92565.78,92750.0,92158.48,92631.0,787.62329,34.90991591534535,-320.7157788373588,-355.8329410194839,92960.992,93460.92085424959,92461.0631457504
2026-01-20 00:00:00,92630.99,92870.0,92370.25,92717.9,325.00059,37.314168505179964,-317.0042842361581,-348.06720966281875,92963.637,93457.49498462156,92469.77901537844
2026-01-20 01:00:00,92717.9,92867.28,92525.8,92716.48,251.70499,37.28992976314687,-310.59711001315736,-340.5731897328865,92973.8725,93435.74787744647,92511.99712255353
2026-01-20 02:00:00,92716.47,92729.94,92370.68,92552.16,354.36518,34.497330834234475,-315.1458241117798,-335.48771660866515,92972.31700000001,93439.90540051996,92504.72859948006
2026-01-20 03:00:00,92552.15,92650.0,92264.7,92434.92,329.07012,32.62028523592117,-324.4707046835101,-333.28431422363417,92951.98199999999,93475.52829187145,92428.43570812853
2026-01-20 04:00:00,92434.93,92470.37,92000.01,92062.61,363.95619,27.50256934482003,-357.7787939669506,-338.1832101722975,92892.158,93529.1025865228,92255.21341347719
2026-01-20 05:00:00,92062.62,92084.8,91294.11,91624.18,1546.22756,22.938662639082438,-414.77209703555855,-353.50098754494974,92820.364,93666.84986124144,91973.87813875856
2026-01-20 06:00:00,91624.19,91625.31,90771.78,90929.98,1830.88581,17.879416033840556,-510.076000043322,-384.8159900446242,92713.61899999999,93900.33766756835,91526.90033243163
2026-01-20 07:00:00,90929.98,91319.05,90862.83,91177.98,907.06352,24.302601522657326,-559.1479924278246,-419.6823905212643,92612.92,93959.72924565057,91266.11075434943
2026-01-20 08:00:00,91177.99,91255.7,90693.0,91116.0,1083.7965,23.80154337524459,-596.1669267185061,-454.9792977607127,92515.18999999999,93998.87512624948,91031.5048737505
2026-01-20 09:00:00,91116.0,91116.0,90899.0,91036.25,381.95269,23.140437922786333,-624.7382635363465,-488.9310909158395,92415.4095,94016.55843300508,90814.26056699491
2026-01-20 10:00:00,91036.25,91294.11,90998.08,91269.58,415.15786,29.32561621624157,-621.3904702906439,-515.4229667908004,92338.26699999999,94006.15256413109,90670.3814358689
2026-01-20 11:00:00,91269.57,91442.88,91214.36,91218.99,373.22315,28.784743025054055,-615.7218519894086,-535.482743830522,92245.7855,93947.92407143237,90543.64692856763
2026-01-20 12:00:00,91218.99,91318.94,91027.74,91280.31,528.8374,30.458959622470104,-599.3722296509659,-548.2606409946109,92144.708,93822.71283181816,90466.70316818183
2026-01-20 13:00:00,91280.31,91289.64,90777.0,90958.88,722.76892,26.89031405100802,-605.3733833214064,-559.68318945997,92030.50249999999,93704.68307213724,90356.32192786274
2026-01-20 14:00:00,90958.89,91371.11,90272.53,90531.15,1809.16854,23.024457422633745,-637.2972116008605,-575.2059938881481,91903.76800000001,93630.86378584964,90176.67221415039
2026-01-20 15:00:00,90531.15,90808.04,89859.06,90684.95,1977.53179,27.083707030638266,-642.7771658186539,-588.7202282742493,91782.723,93494.35888393167,90071.08711606833
2026-01-20 16:00:00,90684.95,90974.49,90023.99,90165.51,895.41274,22.72497516379272,-681.1822904528817,-607.2126407099757,91633.9015,93365.40604218024,89902.39695781977
2026-01-20 17:00:00,90165.5,90505.68,89431.1,89775.46,1552.7044,20.108048532495573,-734.6241141355276,-632.6949353950862,91472.5035,93267.13001162357,89677.87698837645
2026-01-20 18:00:00,89775.47,89958.0,89395.07,89501.0,885.28879,18.49418507129866,-790.0169490534317,-664.1593381267553,91319.2645,93239.8005668694,89398.72843313061
2026-01-20 19:00:00,89501.0,89795.45,89292.48,89725.76,781.3523,23.881956106406932,-806.4832789856446,-692.6241262985332,91174.0025,93116.15349534259,89231.85150465742
2026-01-20 20:00:00,89725.77,89854.2,89400.0,89733.99,735.02193,24.079854861380326,-809.5370328757126,-716.0067076139691,91024.807,92925.58774743359,89124.02625256641
2026-01-20 21:00:00,89734.0,89829.11,89428.0,89476.01,445.56945,22.136980521917565,-823.2836829847511,-737.4621026881255,90862.78349999999,92708.03788005891,89017.52911994107
2026-01-20 22:00:00,89476.01,89645.56,87900.0,88509.18,2094.09769,16.69907152869392,-901.7977401016833,-770.329230170837,90660.6345,92609.54781752313,88711.72118247687
2026-01-20 23:00:00,88509.18,88534.21,87895.98,88427.66,1417.16799,16.334717220272253,-959.5377251351601,-808.1709291637017,90460.2715,92464.31631844246,88456.22668155754
2026-01-21 00:00:00,88427.66,88982.0,88250.0,88936.01,1052.93124,27.027143648313384,-953.2885655444552,-837.1944564398524,90303.9415,92269.11364121297,88338.76935878703
2026-01-21 01:00:00,88936.01,89165.2,88850.0,89020.91,502.12138,28.666797801358925,-930.756163408776,-855.9067978336371,90173.778,92115.47133235396,88232.08466764605
2026-01-21 02:00:00,89020.91,89381.86,89000.0,89048.57,884.94036,29.22475572981925,-900.2891684203205,-864.7832719509739,90079.7075,92049.24327936083,88110.17172063918
2026-01-21 03:00:00,89048.56,89598.8,89046.0,89432.33,540.55763,36.6307063535326,-835.5459766952408,-858.9358128998274,89992.425,91911.09332006452,88073.75667993548
2026-01-21 04:00:00,89432.33,89630.0,89354.72,89448.89,300.28776,36.93736615557162,-773.9783367203781,-841.9443176639376,89909.06950000001,91766.07134561798,88052.06765438204
2026-01-21 05:00:00,89448.89,90120.44,89437.25,89950.04,554.5838,45.52831067875884,-676.9435380310024,-808.9441617373506,89854.759,91634.90183303751,88074.6161669625
2026-01-21 06:00:00,89950.03,89950.04,89491.96,89649.62,369.00614,41.84796241784316,-617.1697950347007,-770.5892883968206,89773.761,91425.64766813816,88121.87433186184
2026-01-21 07:00:00,89649.63,89767.29,89093.28,89213.95,825.75082,37.15700415593673,-598.0595428862143,-736.0833392946994,89673.50899999999,91194.25380740743,88152.76419259256
2026-01-21 08:00:00,89213.96,89385.4,89000.0,89197.35,723.12982,36.98687840816134,-577.5958462697454,-704.3858406897086,89569.361,90900.22059365157,88238.50140634844
2026-01-21 09:00:00,89197.36,89493.46,89080.0,89112.3,307.89975,36.07551249961598,-561.7653620685887,-675.8617449654847,89477.032,90648.69642987456,88305.36757012545
2026-01-21 10:00:00,89112.3,89395.08,89080.0,89248.99,328.36365,38.69021337859871,-532.056631004205,-647.1007221732289,89412.924,90477.11927092863,88348.72872907137
2026-01-21 11:00:00,89248.99,89382.0,88700.0,88789.99,651.53578,33.70474036812708,-539.3326208426151,-625.5471019071061,89318.176,90232.37774363004,88403.97425636997
2026-01-21 12:00:00,88789.99,88849.39,88196.72,88736.31,1271.35096,33.16648399140675,-543.1691072306276,-609.0715029718104,89246.716,90103.68070917529,88389.75129082472
2026-01-21 13:00:00,88736.31,89020.32,88558.67,88672.64,735.83253,32.50345166005029,-545.0640283924004,-596.2700080559284,89191.575,90047.20992882692,88335.94007117307
2026-01-21 14:00:00,88672.64,89993.88,88611.15,89805.43,1602.75733,51.19666657615095,-449.9720831101149,-567.0104230667657,89206.7965,90095.78979503614,88317.80320496386
2026-01-21 15:00:00,89805.43,90574.0,89759.59,90288.04,1074.26054,56.69883195366069,-331.84315637202235,-519.976969727817,89234.9105,90223.04266412865,88246.77833587135
2026-01-21 16:00:00,90288.04,90360.0,87590.0,87602.4,2075.92566,33.836964192782034,-449.74940287212667,-505.931456356679,89128.331,90327.16824055443,87929.49375944558
2026-01-21 17:00:00,87602.39,88156.47,87263.53,87932.38,1818.07575,37.18818793145639,-510.67755152180325,-506.88067538970387,89051.1495,90350.30140091805,87751.99759908195
2026-01-21 18:00:00,87932.37,88657.23,87585.05,88485.43,743.38561,42.44954995419996,-508.4756446060637,-507.19966923297585,89049.962,90351.24143546303,87748.68256453697
2026-01-21 19:00:00,88485.43,90450.0,88280.55,90355.56,1787.81485,55.901203757178926,-351.771750075437,-476.1140854014681,89146.35699999999,90536.15405003857,87756.5599499614
2026-01-21 20:00:00,90355.56,90377.0,89392.0,90214.01,1099.33527,54.85606401904444,-236.28098655342183,-428.1474656318589,89210.257,90674.84015315538,87745.67384684461
2026-01-21 21:00:00,90214.02,90339.58,89950.36,90249.18,428.70398,55.08077929270738,-140.29852525780734,-370.5776775570486,89271.6705,90804.25307875093,87739.08792124905
2026-01-21 22:00:00,90249.18,90377.0,89752.38,89763.51,414.26891,51.28438008864643,-102.24265358450066,-316.91067276253904,89307.4175,90851.39866730823,87763.43633269177
2026-01-21 23:00:00,89763.51,90212.89,89344.98,89454.73,524.6842,48.97325558844104,-95.89366405601322,-272.7072710212339,89308.5375,90852.9326304986,87764.14236950141
2026-01-22 00:00:00,89454.73,90032.5,89454.72,89908.49,394.22125,52.370129025902166,-53.62920030513487,-228.89165687801412,89331.51749999999,90898.22205924206,87764.81294075791
2026-01-22 01:00:00,89908.5,90198.51,89826.38,90113.19,341.32729,53.86228394265678,-3.575512747556786,-183.82842805192266,89339.675,90921.56500907723,87757.78499092278
2026-01-22 02:00:00,90113.2,90359.99,89851.03,89938.3,436.55946,52.353212962537995,21.72974688015529,-142.71679306550706,89354.109,90953.08269613118,87755.13530386881
2026-01-22 03:00:00,89938.3,90166.67,89702.84,89899.51,389.70123,52.005187472166384,38.21381357559585,-106.53067173728648,89388.387,91004.0161434939,87772.75785650611
2026-01-22 04:00:00,89899.51,90076.77,89826.67,89998.91,327.01022,52.8697936680841,58.62254031903285,-73.50002932602261,89428.465,91063.78834099972,87793.14165900028
2026-01-22 05:00:00,89998.91,90075.8,89928.09,90026.3,201.60447,53.120403577381126,76.129177621493,-43.57418793651949,89474.165,91123.31266634403,87825.01733365595
2026-01-22 06:00:00,90026.3,90215.79,89900.0,90172.11,274.11012,54.50722731375462,100.60920197388623,-14.737509954438348,89520.321,91194.41676764158,87846.22523235841
2026-01-22 07:00:00,90172.12,90196.99,89802.0,89818.79,410.94787,50.60096172087762,90.4570933955838,6.301410715566081,89571.761,91214.29517420309,87929.22682579691
2026-01-22 08:00:00,89818.79,89968.28,89760.0,89920.16,241.50947,51.67110143879307,89.5588078325818,22.952890138969227,89630.95349999999,91231.50875808975,88030.39824191022
2026-01-22 09:00:00,89920.16,90113.43,89883.8,90033.02,235.39671,52.89461237007733,96.83748657572141,37.72980942631967,89698.9725,91242.66611606741,88155.2788839326
2026-01-22 10:00:00,90033.02,90101.83,89960.0,90078.77,307.75831,53.40952533533291,105.08616665565933,51.2010808721876,89712.6395,91265.1166113007,88160.1623886993
2026-01-22 11:00:00,90078.76,90150.0,89897.87,89941.26,341.2419,51.584331800959085,99.38178590169991,60.83722187809007,89695.3005,91228.34345881612,88162.25754118388
2026-01-22 12:00:00,89941.26,90099.99,89873.09,90021.09,250.41912,52.59710362919613,100.14819088476361,68.69941567942477,89816.235,90994.72213179589,88637.74786820411
2026-01-22 13:00:00,90021.09,90340.0,89478.92,89619.81,800.98427,47.24695800812042,67.59642053378047,68.47881665029593,89900.6065,90687.9075175939,89113.30548240608
2026-01-22 14:00:00,89619.81,89742.67,89039.78,89088.59,1132.03645,41.26314894751329,-1.0539570407418068,54.57226191208838,89930.7645,90508.00109461742,89353.5279053826
2026-01-22 15:00:00,89088.6,89445.24,88515.37,89000.01,1328.81681,40.34556538930754,-61.89406531660643,31.27899646634942,89862.987,90539.92854946475,89186.04545053524
2026-01-22 16:00:00,89000.0,89270.0,88676.95,89054.06,820.87315,41.20471824327857,-104.5437904294231,4.114439087194915,89804.9895,90550.58123056819,89059.3977694318
2026-01-22 17:00:00,89054.07,89616.04,89024.55,89550.01,536.51415,48.52976991358255,-97.20447203711956,-16.14934313766798,89770.031,90493.15664198692,89046.90535801309
2026-01-22 18:00:00,89550.0,89797.5,89301.9,89333.94,457.15553,45.84970086121195,-107.5829038148222,-34.43605527309882,89748.5525,90497.54931884859,88999.55568115143
2026-01-22 19:00:00,89333.93,89924.46,89114.48,89777.9,489.86443,51.746309931589025,-79.07252524960495,-43.36334926840005,89764.711,90500.85168826552,89028.57031173447
2026-01-22 20:00:00,89777.89,89946.13,89398.87,89409.72,338.82702,47.1598757806477,-85.20470699765428,-51.7316208142509,89739.77249999999,90489.08059066063,88990.46440933936
2026-01-22 21:00:00,89409.73,89669.21,89238.32,89268.66,272.77807,45.49608699627277,-100.29077865782892,-61.44345238296651,89697.546,90453.40622549003,88941.68577450997
2026-01-22 22:00:00,89268.66,89566.0,89140.13,89346.99,294.98276,46.62223343648747,-104.71888860632316,-70.09853962763785,89667.9805,90430.41936755244,88905.54163244757
2026-01-22 23:00:00,89346.99,89583.62,89170.74,89559.67,200.86486,49.66336080673941,-90.02890194367501,-74.08461209084528,89650.9885,90406.82022324401,88895.156776756
2026-01-23 00:00:00,89559.68,89638.84,89450.48,89520.01,225.79843,49.101562704739216,-80.6574434251379,-75.3991783577038,89627.0435,90366.63461144986,88887.45238855014
2026-01-23 01:00:00,89520.01,89939.39,89520.01,89939.38,281.57226,54.9099339474637,-38.941942381556146,-68.10773116247428,89622.69750000001,90353.3780608853,88892.01693911472
2026-01-23 02:00:00,89939.39,89979.97,89655.41,89663.48,375.68609,50.80246991223367,-27.824191508305375,-60.05102323164051,89597.266,90281.35137218362,88913.18062781639
2026-01-23 03:00:00,89663.47,89924.78,89646.18,89924.78,261.08428,54.289914191284716,2.047826315552811,-47.63125332220184,89602.5655,90295.46203312578,88909.66896687422
2026-01-23 04:00:00,89924.78,90088.94,89871.73,89965.42,430.92263,54.82626501262282,28.670429154022713,-32.370916826956936,89604.8285,90302.37251106864,88907.28448893137
2026-01-23 05:00:00,89965.43,89969.02,89473.99,89616.03,360.8873,49.45375045069051,21.330298282118747,-21.6306738051418,89583.979,90251.93421516579,88916.02378483422
2026-01-23 06:00:00,89616.04,89799.36,89400.0,89509.59,450.16637,47.91338120700309,6.8454630032065324,-15.935446443472134,89555.51999999999,90181.9210991771,88929.11890082288
2026-01-23 07:00:00,89509.59,89686.4,89447.52,89549.45,487.74127,48.55955219937624,-1.4013505401526345,-13.028627262808236,89535.9295,90135.46666262213,88936.39233737787
2026-01-23 08:00:00,89549.45,89632.18,89133.35,89221.46,544.19233,43.74997307601578,-34.01100387991755,-17.2251025862301,89495.948,90065.14000225703,88926.75599774298
2026-01-23 09:00:00,89221.46,89388.71,88897.81,88977.72,632.36708,40.53680938499725,-78.61593451500812,-29.503268971985708,89463.8435,90074.53892410242,88853.14807589758
2026-01-23 10:00:00,88977.72,89160.74,88860.44,89046.49,334.46792,41.83481062689086,-107.18098347965861,-45.03881187352029,89461.7385,90078.14359817955,88845.33340182046
2026-01-23 11:00:00,89046.49,89355.51,89000.0,89202.48,481.66038,44.779307936741134,-115.89592516445555,-59.21023453170734,89471.862,90062.44769877855,88881.27630122144
2026-01-23 12:00:00,89202.47,89383.09,89099.2,89267.83,219.71914,46.01234462688937,-116.19001423184818,-70.60619047173552,89482.5505,90048.52337200813,88916.57762799186
2026-01-23 13:00:00,89267.83,89450.18,89237.65,89350.81,297.7631,47.61197164283552,-108.47683598856383,-78.18031957510118,89472.59049999999,90040.57231577327,88904.60868422671
2026-01-23 14:00:00,89350.8,89733.71,88663.65,89017.85,1240.76676,42.207897505801704,-127.7584560430987,-88.0959468687007,89456.786,90057.65120009735,88855.92079990264
2026-01-23 15:00:00,89017.85,89865.53,88578.36,89761.61,1078.68425,54.60317044042611,-82.07791954973072,-86.8923414049067,89455.97150000001,90055.04541654352,88856.8975834565
2026-01-23 16:00:00,89761.61,90490.06,89489.0,90124.85,1266.72506,59.205090840434515,-16.37655426801939,-72.78918397752925,89491.728,90160.49183979123,88822.96416020878
2026-01-23 17:00:00,90124.86,91224.99,89978.4,90600.0,1346.59832,64.30274276245052,73.18920547426387,-43.593506087170624,89558.295,90380.90935388565,88735.68064611434
2026-01-23 18:00:00,90600.0,91039.75,90449.42,90530.45,698.45416,63.06059473599839,136.97959609315149,-7.4788856511062045,89617.468,90540.2446958832,88694.69130411679
2026-01-23 19:00:00,90530.44,90534.59,89612.01,89982.79,1118.99851,54.184577823567224,141.70882411542698,22.358656302200433,89638.624,90575.12060385138,88702.12739614861
2026-01-23 20:00:00,89982.79,90156.06,89200.68,89503.68,917.72716,47.84054947857897,105.57954323128797,39.002833688017944,89637.8075,90574.76789814807,88700.84710185192
2026-01-23 21:00:00,89503.67,89691.18,89317.0,89349.99,308.4371,45.980773014025765,63.80976996614481,43.96422094364332,89608.33799999999,90542.43189289235,88674.24410710763
2026-01-23 22:00:00,89349.99,89752.45,89335.35,89624.61,406.19522,49.74048129734826,52.26399581292935,45.62417591750053,89606.3945,90540.16701230347,88672.62198769652
2026-01-23 23:00:00,89624.6,89631.0,89472.13,89600.26,151.87407,49.412090860420435,40.680110128072556,44.635362759614935,89590.1685,90511.84607708079,88668.49092291921
2026-01-24 00:00:00,89600.26,89625.41,89424.39,89452.83,130.78736,47.372791070488226,19.380027496023104,39.58429570689657,89564.539,90470.65693601739,88658.42106398262
2026-01-24 01:00:00,89452.83,89588.72,89450.58,89550.24,118.84415,48.87417087084155,10.241671844181838,33.71577093435362,89561.2495,90467.05799184105,88655.44100815896
2026-01-24 02:00:00,89550.24,89722.57,89550.24,89702.85,142.98732,51.22200962352352,15.139294375141617,30.00047562251122,89570.9125,90478.52212971442,88663.3028702856
2026-01-24 03:00:00,89702.85,89957.39,89670.88,89770.02,368.35777,52.261156263554845,24.162226051819744,28.832825708372926,89581.94099999999,90493.80294605717,88670.07905394281
2026-01-24 04:00:00,89770.03,89853.38,89709.08,89829.35,167.98668,53.209347033209575,35.6889990058844,30.204060367875222,89612.3355,90514.07372090967,88710.59727909033
2026-01-24 05:00:00,89829.36,89849.78,89751.21,89775.2,112.02746,52.19046526322193,39.99357611796586,32.16196351789335,89652.2095,90504.99014502138,88799.42885497861
2026-01-24 06:00:00,89775.2,89784.88,89602.22,89649.32,420.23986,49.803014363857265,32.86863139248453,32.30329709281158,89682.351,90486.19799664471,88878.50400335528
2026-01-24 07:00:00,89649.33,89692.31,89572.81,89620.1,254.69309,49.23993589667077,24.58089827260119,30.758817328769506,89703.232,90475.67667132265,88930.78732867735
2026-01-24 08:00:00,89620.11,89686.43,89583.02,89660.88,190.29089,50.08807925660145,21.060641289528576,28.819182120921322,89722.8845,90468.21106691162,88977.55793308838
2026-01-24 09:00:00,89660.88,89660.88,89600.0,89600.0,126.61337,48.777748425861645,13.20607366701006,25.696560430139073,89735.34400000001,90462.59360138151,89008.09439861852
2026-01-24 10:00:00,89600.01,89654.79,89577.97,89626.8,82.58886,49.4052243827037,9.039605316982488,22.365169407507757,89765.7915,90413.16352720662,89118.4194727934
2026-01-24 11:00:00,89626.79,89676.26,89595.4,89595.4,114.10267,48.65320434826586,3.167419512057677,18.52561942841774,89757.481,90409.33092828435,89105.63107171564
2026-01-24 12:00:00,89595.41,89595.41,89486.87,89537.82,179.07545,47.233387504334424,-6.062668164304341,13.607961909873325,89728.12950000001,90362.97309026628,89093.28590973374
2026-01-24 13:00:00,89537.82,89540.44,89368.21,89368.22,156.7089,43.231540697520074,-26.754472831933526,5.535474961511954,89666.5405,90170.8144242003,89162.2665757997
2026-01-24 14:00:00,89368.22,89512.05,89171.75,89450.03,346.65964,45.62473510733992,-36.13495258198236,-2.798610547186909,89612.51950000001,89920.33342502419,89304.70557497583
2026-01-24 15:00:00,89450.03,89492.14,89263.64,89275.77,334.47117,41.60166513339699,-56.97361959320551,-13.63361235639063,89577.1685,89867.85401559662,89286.48298440338
2026-01-24 16:00:00,89275.77,89369.79,89162.08,89290.01,235.06029,42.051338948618145,-71.51498412230285,-25.209886709573077,89566.48500000002,89883.09285264355,89249.87714735648
2026-01-24 17:00:00,89290.01,89414.38,89252.93,89406.5,135.14408,45.732622806136746,-72.80015594285214,-34.727940556228894,89569.31049999999,89878.70990968333,89259.91109031666
2026-01-24 18:00:00,89406.5,89461.4,89382.05,89395.23,84.40453,45.43192036806095,-73.87645687413169,-42.557643819809456,89557.84150000001,89875.5050762444,89240.17792375562
2026-01-24 19:00:00,89395.22,89395.23,89276.58,89331.36,105.47816,43.6790813991362,-78.9728583801334,-49.84068673187425,89544.3965,89876.91555577169,89211.87744422832
2026-01-24 20:00:00,89331.36,89399.99,89331.35,89380.01,46.43346,45.406865863407205,-78.18487826797355,-55.509525039094115,89540.7555,89879.04087983051,89202.47012016948
2026-01-24 21:00:00,89380.0,89386.61,89270.0,89386.61,99.49846,45.65045701350624,-76.15002344200911,-59.63762471967712,89532.574,89877.73845571367,89187.40954428632
2026-01-24 22:00:00,89386.61,89489.84,89304.85,89430.0,137.03504,47.31479880835005,-70.22664688671648,-61.755429153085,89518.9315,89857.25959838457,89180.60340161544
2026-01-24 23:00:00,89429.99,89474.65,89215.59,89225.34,137.07871,40.94563731185518,-81.11167497716087,-65.62667831790017,89491.69750000001,89832.60333795258,89150.79166204744
2026-01-25 00:00:00,89225.34,89315.18,89183.49,89315.18,121.64277,44.47881475266391,-81.54875766935584,-68.8110941881913,89465.989,89775.81422467656,89156.16377532344
2026-01-25 01:00:00,89315.18,89319.13,89102.58,89176.31,180.68432,40.450185051798954,-92.03981952028698,-73.45683925461044,89436.0445,89735.63349940548,89136.45550059453
2026-01-25 02:00:00,89176.31,89268.36,89129.62,89139.04,174.6544,39.41828528735499,-102.18353100441163,-79.20217760457068,89410.5305,89720.38119439548,89100.67980560451
2026-01-25 03:00:00,89139.04,89176.72,88838.72,88960.35,472.84604,34.83050779799254,-123.22087155743793,-88.00591639514414,89377.54299999999,89730.8774933799,89024.20850662008
2026-01-25 04:00:00,88960.36,89090.13,88941.03,89006.96,349.85772,36.89370545256274,-134.5807153347996,-97.32087618307524,89344.847,89708.65329345757,88981.04070654242
2026-01-25 05:00:00,89006.97,89045.44,88870.45,88990.9,204.95163,36.46532688834409,-143.22833407392318,-106.50236776124484,89314.392,89690.04907371613,88938.73492628388
2026-01-25 06:00:00,88990.89,88990.9,88649.98,88831.36,567.42395,32.43617351228352,-161.09813982025662,-117.42152217304721,89274.62,89678.39078979519,88870.8492102048
2026-01-25 07:00:00,88831.36,88831.36,88635.84,88659.99,242.80483,28.760176662602518,-186.9333649511973,-131.32389072867724,89227.8495,89687.94495368458,88767.75404631541
2026-01-25 08:00:00,88659.99,88760.0,88136.0,88300.01,461.92857,22.891415634729228,-233.76069672101585,-151.81125192714498,89165.959,89763.09478160826,88568.82321839174
2026-01-25 09:00:00,88300.0,88488.0,88238.5,88398.38,288.59867,27.259586557229966,-259.9376581164979,-173.4365331650156,89117.467,89797.24272939515,88437.69127060486
2026-01-25 10:00:00,88398.38,88671.27,88398.37,88659.51,354.58647,37.39787714132413,-256.6535377498076,-190.079934081974,89077.941,89768.1479593763,88387.7340406237
2026-01-25 11:00:00,88659.52,88710.0,88536.11,88570.17,171.64836,35.571201781426836,-258.2825199383078,-203.72045125324075,89042.661,89761.81742531835,88323.50457468163
2026-01-25 12:00:00,88570.17,88800.0,88450.0,88791.99,329.09813,43.0137845324407,-238.92035475905868,-210.76043195440437,89017.76,89735.34169251188,88300.17830748811
2026-01-25 13:00:00,88791.98,88971.89,88650.98,88921.0,278.06,46.85867009290422,-210.73643212849856,-210.75563198922322,88993.485,89688.17838231206,88298.79161768794
2026-01-25 14:00:00,88920.99,88938.94,88624.55,88710.1,293.57615,41.88363799303334,-203.0773881059431,-209.2199832125672,88959.2285,89637.89322780454,88280.56377219546
2026-01-25 15:00:00,88710.1,88760.35,88340.75,88446.5,370.5229,36.646521907347484,-215.7903605884785,-210.53405868774948,88914.98550000001,89606.74791906995,88223.22308093007
2026-01-25 16:00:00,88446.51,88448.85,87560.0,88077.26,1878.84709,30.83105927753728,-252.74655999116658,-218.9765589484329,88849.848,89600.10700940978,88099.58899059021
2026-01-25 17:00:00,88077.25,88108.24,87767.18,87892.17,467.38462,28.398281380234152,-293.5855588395352,-233.89835892665337,88775.126,89594.76480646641,87955.4871935336
2026-01-25 18:00:00,87892.16,87983.29,86827.1,87420.01,1893.52035,23.339015843005555,-359.9014062695642,-259.09896839523554,88674.6265,89636.70356766866,87712.54943233133
2026-01-25 19:00:00,87420.01,87508.15,86194.85,86495.16,1925.07483,16.963901802289868,-481.5340342415875,-303.58598156450597,88538.1175,89873.5187267996,87202.71627320039
2026-01-25 20:00:00,86495.17,86718.75,86222.02,86654.61,753.5591,20.97187671035013,-558.623027276757,-354.5933907069562,88405.089,89931.04001052349,86879.13798947653
2026-01-25 21:00:00,86654.6,87013.79,86400.0,86568.5,666.32154,20.399231521630085,-619.523485896585,-407.579409744882,88274.6985,89960.47456586981,86588.92243413019
2026-01-25 22:00:00,86568.51,86694.78,86217.32,86521.39,849.36578,20.076251875525514,-663.9354864004708,-458.8506250759998,88143.816,89949.25482268384,86338.37717731617
2026-01-25 23:00:00,86521.39,86791.91,86074.72,86670.36,1129.26197,24.16509895605563,-679.2813501981,-502.93677010041984,88029.3165,89905.77938069255,86152.85361930745
2026-01-26 00:00:00,86670.36,87167.84,86509.63,86854.86,788.16762,29.009159684914337,-668.8454161341651,-536.1184993071689,87921.7115,89808.91332806127,86034.50967193874
2026-01-26 01:00:00,86854.86,87809.99,86815.37,87698.73,1118.1087,45.99950055404966,-585.7296795754082,-546.0407353608168,87857.10299999999,89677.47557896022,86036.73042103976
2026-01-26 02:00:00,87698.74,87973.11,87435.18,87563.38,1015.63506,44.173386632847944,-524.7326816495915,-541.7791246185718,87793.704,89558.68799481359,86028.7200051864
2026-01-26 03:00:00,87563.39,87691.41,87062.76,87282.05,1083.65608,40.56838901159848,-493.40543049233383,-532.1043857933242,87724.807,89454.63527465273,85994.97872534728
2026-01-26 04:00:00,87282.04,87953.0,87244.27,87737.06,1109.49828,47.9649499739969,-426.94133992193383,-511.0717766190462,87696.6595,89405.26920528167,85988.04979471832
2026-01-26 05:00:00,87737.06,87956.27,87673.12,87826.01,765.12364,49.293523117837736,-362.9071796183707,-481.43885721891115,87668.041,89346.0622886519,85990.0197113481
2026-01-26 06:00:00,87826.01,88031.73,87764.0,87937.44,915.62979,50.98196550917997,-299.7132685016986,-445.0937394754687,87631.9375,89250.14535559357,86013.72964440643
2026-01-26 07:00:00,87937.45,88074.48,87701.72,88000.64,768.40988,51.95905420936269,-241.74523821368348,-404.42403922311166,87603.461,89171.41489580127,86035.50710419872
2026-01-26 08:00:00,88000.64,88424.45,87846.89,87975.39,790.54723,51.51721983236197,-195.58800379185413,-362.6568321368602,87562.631,89040.1941047991,86085.06789520089
2026-01-26 09:00:00,87975.39,88000.0,87600.69,87663.12,543.28474,46.27626811423921,-182.10643262043595,-326.5467522335754,87499.737,88833.98104422733,86165.49295577266
2026-01-26 10:00:00,87663.12,87950.0,87660.0,87897.55,242.4813,50.35913038125843,-150.76769244203751,-291.39094027526784,87459.10949999999,88683.1019983831,86235.11700161688
2026-01-26 11:00:00,87897.55,87980.0,87765.99,87855.0,244.05793,49.62200071945021,-127.89070008069393,-258.6908922363531,87429.5345,88579.41270384466,86279.65629615533
2026-01-26 12:00:00,87855.01,87971.99,87735.38,87799.45,288.85651,48.62139662146692,-112.94102572261181,-229.54091893360484,87415.644,88538.98250936449,86292.30549063551
2026-01-26 13:00:00,87799.44,88048.0,87681.4,87960.01,556.52991,51.65578061082767,-87.1330355477694,-201.05934225643776,87419.036,88548.82423180563,86289.24776819436
2026-01-26 14:00:00,87960.01,88508.41,87450.08,88178.1,1822.59356,55.50018875587308,-48.522638282040134,-170.55200146155823,87456.9405,88636.63216948212,86277.24883051787
2026-01-26 15:00:00,88178.09,88860.0,87325.03,87641.41,1769.32177,45.83969929983465,-60.53223998800968,-148.54804916684853,87514.253,88605.24548678889,86423.2605132111
2026-01-26 16:00:00,87641.41,87964.6,87206.0,87606.99,686.77865,45.29516088429252,-71.99740098284383,-133.2379195300476,87561.872,88575.25814867935,86548.48585132066
2026-01-26 17:00:00,87607.0,87789.47,87035.51,87700.62,580.63374,47.134852595052806,-72.69053394481307,-121.12844241300071,87618.47799999999,88518.34908462586,86718.60691537411
2026-01-26 18:00:00,87700.61,88403.73,87639.26,88403.72,550.84106,58.438063657326765,-16.31745539428084,-100.16624500925674,87712.5945,88518.13354278186,86907.05545721816
2026-01-26 19:00:00,88403.73,88537.95,87950.0,88013.19,515.97407,51.81160595116533,-3.117949915729696,-80.75658599055134,87779.736,88428.00295947588,87131.46904052413
2026-01-26 20:00:00,88013.19,88118.0,87542.05,87629.22,428.9526,46.257714808882795,-23.371010296730674,-69.27947085178721,87818.454,88306.94588356209,87329.9621164379
2026-01-26 21:00:00,87629.23,88238.29,87573.35,88064.69,392.85938,52.47927108595485,-4.234108768490842,-56.27039843512794,87836.75200000001,88333.70429399206,87339.79970600795
2026-01-26 22:00:00,88064.69,88270.29,88001.75,88140.01,324.81747,53.482355253528596,16.815875149855856,-41.65314371813118,87865.5835,88362.66457423639,87368.5024257636
2026-01-26 23:00:00,88140.01,88659.09,88021.86,88347.08,463.75556,56.218484618129,49.63479844600079,-23.39555528530479,87918.83499999999,88379.56409315433,87458.10590684565
2026-01-27 00:00:00,88347.08,88457.3,88200.0,88353.97,302.20293,56.310568162665746,75.33162098917819,-3.650120030408195,87949.6805,88440.77167649954,87458.58932350046
2026-01-27 01:00:00,88353.97,88700.0,88194.82,88550.61,340.87375,58.96334386341288,110.29236091914936,19.138376159503316,87985.9105,88541.29177172521,87430.52922827478
2026-01-27 02:00:00,88550.61,88858.96,88550.61,88831.6,479.8981,62.47009747121536,158.84151771990582,47.07900447158382,88030.6185,88701.51655193526,87359.72044806473
2026-01-27 03:00:00,88831.59,88898.0,88582.57,88788.0,526.26275,61.59061310670268,191.59038395730022,75.9812803687271,88069.9865,88821.08761016466,87318.88538983534
2026-01-27 04:00:00,88787.99,89010.0,88511.88,88579.58,508.81601,57.42843637673855,198.43886452555307,100.4727972000923,88100.19600000001,88883.20113255769,87317.19086744233
2026-01-27 05:00:00,88579.58,88586.26,88399.99,88456.3,306.33125,55.05833469456845,191.70876964852505,118.71999168977887,88139.85500000001,88909.88969943357,87369.82030056645
2026-01-27 06:00:00,88456.31,88522.86,88278.03,88332.67,277.06987,52.709021760016086,174.3889657460386,129.8537865010308,88161.611,88927.39622103042,87395.82577896959
2026-01-27 07:00:00,88332.68,88555.14,88312.6,88320.41,356.10224,52.469921802173,157.8539744748996,135.45382409580458,88184.88149999999,88939.6424961516,87430.12050384837
2026-01-27 08:00:00,88320.41,88397.85,88120.04,88170.82,305.95946,49.51832350215196,131.16719812885276,134.59649890241423,88203.45,88936.2383685264,87470.66163147359
2026-01-27 09:00:00,88170.83,88170.83,87868.0,87886.82,501.6008,44.41053083691561,86.10870158275065,124.89893943848152,88199.7905,88938.40555556663,87461.17544443338
2026-01-27 10:00:00,87886.82,88055.75,87743.84,87786.53,315.39119,42.73417345775331,41.824823074188316,108.28411616562289,88180.212,88941.65389553296,87418.77010446704
2026-01-27 11:00:00,87786.53,88093.19,87743.52,87992.74,339.68763,47.15141158683756,23.102641073754057,91.24782114724913,88197.7785,88922.19287377571,87473.36412622429
2026-01-27 12:00:00,87992.74,88165.24,87955.98,87986.96,497.99816,47.04187915240103,7.709904280549381,74.54023777390918,88216.777,88894.37048263133,87539.18351736867
2026-01-27 13:00:00,87986.96,88076.82,87799.2,87982.15,400.06912,46.944148358344414,-4.821498099088785,58.667890599309594,88230.8535,88874.1264190846,87587.5805809154
2026-01-27 14:00:00,87982.15,88474.23,87659.23,87745.02,762.91064,42.28062387880484,-33.50095582558424,40.23412131433083,88197.9185,88870.69864058415,87525.13835941585
2026-01-27 15:00:00,87745.02,88189.44,87578.67,88047.46,838.96558,49.21076219994627,-31.46257135689666,25.894782780085333,88199.632,88870.60328784691,87528.66071215308
2026-01-27 16:00:00,88047.46,88819.89,88002.57,88641.44,1128.77578,59.4963990409213,17.876021276490064,24.29103047936628,88250.243,88892.12456326724,87608.36143673277
2026-01-27 17:00:00,88641.43,88699.45,87304.33,87546.58,1183.80567,42.43666690822758,-31.01136080591823,13.23055222230938,88224.3375,88935.79952682277,87512.87547317722
2026-01-27 18:00:00,87546.58,88510.15,87450.0,88285.05,865.62099,52.359142651085925,-10.050747214569128,8.574292334933679,88231.5895,88942.3888386946,87520.7901613054
2026-01-27 19:00:00,88285.05,88549.32,88049.89,88408.77,469.70931,53.79610195118211,16.355326080229133,10.13049908399277,88234.674,88948.11402302502,87521.23397697498
2026-01-27 20:00:00,88408.78,89497.19,88373.49,89396.16,1024.56489,63.30804511168503,115.62361340716598,31.229121948627416,88286.78349999999,89169.15403422572,87404.41296577426
2026-01-27 21:00:00,89396.03,89523.16,89008.75,89081.46,689.88066,59.12983749181746,166.97599107462156,58.378495773826245,88313.32600000002,89258.79281200423,87367.8591879958
2026-01-27 22:00:00,89081.47,89421.91,89021.61,89243.63,281.54432,60.57385957601317,218.24311328046315,90.35141927515363,88333.9275,89342.77569651468,87325.07930348533
2026-01-27 23:00:00,89243.63,89515.78,89143.92,89250.0,421.36315,60.632697416958024,256.4307091593364,123.56727725199019,88357.0275,89428.84489775824,87285.21010224175
2026-01-28 00:00:00,89249.99,89468.01,89154.8,89467.72,258.84583,62.68257402778446,300.7954556836921,159.01291293833057,88401.4345,89580.32185397517,87222.54714602484
2026-01-28 01:00:00,89467.73,89497.96,89196.87,89404.57,267.52883,61.67936446191401,327.08868494712806,192.6280673400901,88448.848,89710.40450953785,87187.29149046214
2026-01-28 02:00:00,89404.57,89453.89,89100.01,89285.77,214.15071,59.7422547396277,334.48436388630944,220.99932664933397,88496.503,89810.4976369351,87182.50836306489
2026-01-28 03:00:00,89285.78,89311.87,88985.0,89126.67,353.861,57.15347332813952,323.77517372315924,241.55449606409903,88536.816,89877.26863344006,87196.36336655995
2026-01-28 04:00:00,89126.68,89160.0,88840.0,88975.04,312.10964,54.719823446618065,299.5991965443536,253.16343616014996,88577.027,89919.50010733414,87234.55389266586
2026-01-28 05:00:00,88975.03,89105.56,88849.0,89084.1,326.80822,56.165581954861,285.94361104478594,259.71947113707716,88636.891,89956.35461216322,87317.42738783678
2026-01-28 06:00:00,89084.1,89400.0,89084.1,89317.47,340.81001,59.1698123602895,290.6025841030205,265.8960937302658,88713.438,90002.4653888641,87424.41061113589
2026-01-28 07:00:00,89317.47,89358.51,89099.81,89134.35,370.1952,55.9305754209728,276.33320306200767,267.9835155966142,88770.5185,90025.83626466393,87515.20073533608
2026-01-28 08:00:00,89134.35,89258.02,88833.65,88925.47,515.45435,52.406285215237965,245.34160021720163,263.4551325207317,88817.444,90018.42287901664,87616.46512098337
2026-01-28 09:00:00,88925.47,89567.26,88849.99,89567.25,490.95043,60.61737872559481,269.4606395813171,264.6562339328488,88896.69900000001,90074.56769458175,87718.83030541826
2026-01-28 10:00:00,89567.25,89703.87,89330.22,89403.77,688.45427,57.87814475151336,272.245406723232,266.17406849092544,88979.63650000001,90044.20595038928,87915.06704961073
2026-01-28 11:00:00,89403.76,90156.72,89313.13,90080.0,1092.21486,64.93647588171288,325.2689660882752,277.9930480103954,89081.26350000002,90159.12682570124,88003.40017429879
2026-01-28 12:00:00,90079.99,90176.88,89790.0,89998.69,946.78783,63.55737915250534,356.618604153904,293.71815923909713,89149.126,90279.99615410453,88018.25584589547
2026-01-28 13:00:00,89998.69,90488.0,89969.42,90257.91,1485.47795,66.03400064993801,397.7947752406035,314.5334824393984,89284.6925,90243.67249089567,88325.71250910434
2026-01-28 14:00:00,90257.91,90276.78,89460.01,89617.27,997.73721,55.9195178056568,374.41684916618397,326.51015578475557,89351.30350000001,90196.21204294689,88506.39495705313
2026-01-28 15:00:00,89617.27,89849.75,88904.61,89479.66,998.88376,54.005973602263204,340.8565156416007,329.37942775612464,89404.848,90124.738392403,88684.957607597
2026-01-28 16:00:00,89479.66,89830.0,89248.61,89629.66,744.86311,55.78219936943824,322.64421426887566,328.03238505867483,89416.523,90143.36029919097,88689.68570080903
2026-01-28 17:00:00,89629.66,90600.0,89277.21,90169.88,923.32635,61.542462134588135,347.7929329737817,331.98449464169624,89470.94399999999,90253.03779344134,88688.85020655864
2026-01-28 18:00:00,90169.89,90178.91,89312.88,89546.24,748.51147,52.96460373360859,313.78383300783753,328.3443623149245,89486.0745,90261.33065809807,88710.81834190193
2026-01-28 19:00:00,89544.0,89719.58,89006.36,89402.58,893.3832,51.19444021187746,272.1025856498163,317.0960069819029,89493.7035,90262.15117035309,88725.25582964692
2026-01-28 20:00:00,89402.57,89896.0,89010.0,89130.63,590.94624,47.92884389663967,214.6514364587929,296.60709287728093,89476.84900000002,90262.29515488505,88691.40284511498
2026-01-28 21:00:00,89130.63,89490.24,88878.01,89412.17,381.49994,51.386132230027386,189.65271345773363,275.21621699337146,89477.229,90262.53525963615,88691.92274036387
2026-01-28 22:00:00,89412.18,89479.04,89138.0,89396.15,156.23518,51.177909559653294,166.62758616678184,253.49849082805355,89482.74799999999,90263.929452754,88701.56654724598
2026-01-28 23:00:00,89396.15,89471.41,89209.48,89299.99,233.14943,49.87158269285606,139.0181834611576,230.60242935467437,89491.414,90259.70234341263,88723.12565658738
2026-01-29 00:00:00,89300.0,89348.0,88900.0,89143.91,431.21285,47.74146996022348,103.35180603126355,205.1523046899922,89499.85750000001,90247.6907514331,88752.02424856693
2026-01-29 01:00:00,89143.92,89159.99,88548.87,88603.56,624.81108,41.183293537002804,31.12542136646516,170.34692802528681,89475.8305,90306.22776597734,88645.43323402265
2026-01-29 02:00:00,88603.56,88754.64,87704.0,87907.06,1097.35161,34.58788166656852,-81.37816116426256,120.00191018737695,89405.31,90492.25726615728,88318.36273384272
2026-01-29 03:00:00,87907.05,88265.39,87771.3,88053.71,769.73434,36.879981826100334,-156.89603168077883,64.6223218137458,89351.278,90591.55999723008,88110.99600276993
2026-01-29 04:00:00,88053.71,88345.66,87901.23,88315.2,311.3438,40.85939335512918,-193.41486434549734,13.014884581897169,89320.7645,90633.09035817595,88008.43864182406
2026-01-29 05:00:00,88315.2,88408.08,88142.66,88186.54,354.31355,39.53856675572359,-230.08580316434382,-35.60525296735103,89251.72899999999,90651.79201438346,87851.66598561652
2026-01-29 06:00:00,88186.53,88338.67,88168.9,88319.35,284.51762,41.63591937979839,-245.60000533678976,-77.60420344123878,89197.508,90655.57116427334,87739.44483572667
2026-01-29 07:00:00,88319.35,88430.05,88250.0,88352.97,526.73614,42.18268668622671,-252.2742092572298,-112.53820460443698,89111.1565,90553.63788396349,87668.67511603651
2026-01-29 08:00:00,88352.96,88500.0,87907.8,88064.16,823.67262,38.818394836040426,-277.66734099823225,-145.56403188319604,89014.43000000001,90465.74085726555,87563.11914273446
2026-01-29 09:00:00,88064.16,88160.0,87892.0,87892.01,372.84765,36.927825353038315,-308.1307081343548,-178.0773671334278,88896.13500000001,90305.77476185629,87486.49523814373
2026-01-29 10:00:00,87892.0,88046.59,87832.18,87946.46,575.41561,37.957080008350786,-324.14296776369156,-207.29048725948056,88812.5945,90240.21060946907,87384.97839053095
2026-01-29 11:00:00,87946.47,88066.94,87750.01,87846.5,527.10516,36.770763089347476,-340.9682655614597,-234.0260429198764,88730.9365,90184.49246372146,87277.38053627854
2026-01-29 12:00:00,87846.5,88121.29,87817.97,88121.21,516.69113,42.124258130965735,-328.35061266156845,-252.89095686821483,88655.514,90068.70075851932,87242.32724148067
2026-01-29 13:00:00,88121.21,88182.29,87951.67,88052.88,283.13252,41.190071505434986,-320.17392605725036,-266.34755070602193,88549.664,89792.07157569262,87307.25642430739
2026-01-29 14:00:00,88052.87,88075.23,87008.0,87014.4,1065.77381,30.22078239172592,-392.96069380534755,-291.6701793258871,88423.07200000001,89750.93929768943,87095.2047023106
2026-01-29 15:00:00,87014.4,87039.51,84366.56,84934.02,8241.9564,19.193486543700516,-611.4654184649116,-355.629227153692,88199.644,90178.00038449035,86221.28761550965
2026-01-29 16:00:00,84934.02,85392.2,84268.17,85270.0,4076.75879,24.015660304416897,-748.8884885717998,-434.28107943731356,88006.6125,90326.4061504852,85686.8188495148
2026-01-29 17:00:00,85270.01,85638.3,84012.78,84261.66,2652.67947,20.13259647907411,-928.4591732587141,-533.1166982015937,87749.087,90512.93412569055,84985.23987430945
2026-01-29 18:00:00,84261.66,84630.55,83415.0,83477.02,2305.76692,17.730214220969984,-1121.160089486264,-650.7253764585279,87453.1305,90699.84468890466,84206.41631109534
2026-01-29 19:00:00,83477.02,84334.97,83383.33,84012.11,1752.68525,24.359093665182215,-1216.6745954823564,-763.9152202632936,87188.73650000001,90655.9399898467,83721.53301015333
2026-01-29 20:00:00,84012.11,84398.36,83824.9,84216.91,1089.07114,26.790486194354344,-1261.305338408274,-863.3932438922897,86942.3865,90522.96005214502,83361.81294785497
2026-01-29 21:00:00,84216.91,84706.32,84200.0,84526.57,780.67473,30.43172712597689,-1257.1963724566886,-942.1538696051695,86738.537,90384.52939721428,83092.54460278571
2026-01-29 22:00:00,84526.57,84615.74,84306.24,84570.05,335.13893,30.951038878837934,-1236.1815829224652,-1000.9594122686286,86571.6865,90297.07862328806,82846.29437671193
2026-01-29 23:00:00,84570.04,84737.69,84445.7,84650.16,631.99089,31.95883012513258,-1199.238923510493,-1040.6153145170015,86401.509,90152.71255559719,82650.30544440282
2026-01-30 00:00:00,84650.16,84735.75,84100.0,84192.0,730.18491,29.32289119849355,-1193.1770801135426,-1071.1276676363098,86195.349,89956.91184469612,82433.78615530388
2026-01-30 01:00:00,84192.0,84192.01,81118.0,82468.02,6080.28823,21.9774040968762,-1312.3557830918435,-1119.3732907274166,85909.42300000001,89896.30947127794,81922.53652872208
2026-01-30 02:00:00,82468.01,82535.89,81154.0,82164.88,3963.98084,20.982094138933363,-1414.9558975837572,-1178.4898120986848,85601.6995,89752.09534225163,81451.30365774837
2026-01-30 03:00:00,82164.88,82738.89,82036.35,82676.43,1470.66915,26.99090388483522,-1438.408341728893,-1230.4735180247264,85317.87250000001,89452.42622224028,81183.31877775975
2026-01-30 04:00:00,82676.42,83332.2,82676.42,82938.92,1147.37787,29.935139464942168,-1419.4512727060937,-1268.269068961,85061.6105,89113.97704708409,81009.2439529159
2026-01-30 05:00:00,82938.92,83329.36,82903.23,82914.19,818.20759,29.813156389084796,-1390.3955488539796,-1292.694364939596,84812.7195,88742.74624098974,80882.69275901027
2026-01-30 06:00:00,82914.2,82919.21,82056.08,82602.81,1199.37024,28.252094143702493,-1376.6255595241964,-1309.4806038565162,84545.537,88301.23201841702,80789.84198158297
2026-01-30 07:00:00,82602.81,83100.0,82483.27,82816.98,1624.46252,30.93094408997824,-1333.0642794564337,-1314.1973389764999,84294.061,87783.19188536779,80804.93011463221
2026-01-30 08:00:00,82816.98,82995.41,82438.8,82671.7,959.74241,30.109690414875715,-1295.3327434551175,-1310.4244198722236,84021.5855,87076.41053164881,80966.76046835119
2026-01-30 09:00:00,82671.7,82834.19,82160.0,82363.72,1026.26025,28.388877197766945,-1275.5775771469052,-1303.45505132716,83737.1275,86216.75593020873,81257.49906979127
2026-01-30 10:00:00,82363.71,82897.41,82172.02,82833.92,661.3904,34.53992024721467,-1208.054554231392,-1284.3749519080066,83528.1035,85496.65063023541,81559.55636976458
2026-01-30 11:00:00,82833.92,83314.85,82682.15,83151.36,607.68303,38.387610012737255,-1116.0620484801475,-1250.7123712224347,83438.9705,85297.86293735365,81580.07806264634
2026-01-30 12:00:00,83151.36,83329.35,82650.0,82800.5,693.0162,35.87744691579083,-1059.2583240484819,-1212.4215617876441,83315.49549999999,84980.21227577452,81650.77872422546
2026-01-30 13:00:00,82800.49,83087.34,82421.64,82740.92,760.57185,35.4534905222221,-1007.4354821256857,-1171.4243458552526,83239.4585,84860.56055975013,81618.35644024986
2026-01-30 14:00:00,82740.93,83797.99,82738.68,83098.0,1785.40114,40.02754366532146,-926.8677799682191,-1122.513032677846,83220.50749999999,84838.7754955999,81602.23950440009
2026-01-30 15:00:00,83098.0,83616.46,82382.01,82883.94,1512.89136,38.276429188439145,-870.2583520104527,-1072.0620965443675,83164.099,84744.389678666,81583.808321334
2026-01-30 16:00:00,82882.84,83493.6,82549.35,83149.0,956.54558,41.678753822328204,-794.8443745277473,-1016.6185521410434,83110.7035,84611.37414851885,81610.03285148116
2026-01-30 17:00:00,83149.0,83475.8,82641.6,82943.23,1094.09504,39.84265713011871,-743.115994738997,-961.9180406606342,83031.5365,84376.70954912184,81686.36345087817
2026-01-30 18:00:00,82943.23,84160.0,81871.37,83931.13,2213.77003,51.00275693211086,-615.3126659046247,-892.5969657094324,82999.5905,84215.01018187191,81784.1708181281
2026-01-30 19:00:00,83931.13,84621.16,83917.36,84242.99,1851.84536,53.90959809008653,-483.2920217648207,-810.7359769205101,82979.23199999999,84087.12588019861,81871.33811980137
2026-01-30 20:00:00,84243.0,84299.99,83539.2,83906.34,2390.62988,50.431400026939464,-401.2047134300519,-728.8297242224185,82964.949,84012.74668803779,81917.1513119622
2026-01-30 21:00:00,83906.34,84523.11,83790.44,84273.7,835.94444,53.924837850677456,-303.01409050759685,-643.6665974794541,83055.233,84226.62863296032,81883.83736703967
2026-01-30 22:00:00,84273.71,84327.06,83918.42,84219.99,454.50219,53.333016697021165,-226.91552165942267,-560.3163823154479,83157.9885,84360.66562438356,81955.31137561645
2026-01-30 23:00:00,84220.0,84298.96,83933.82,84260.49,357.01742,53.745249486765026,-161.47743470818386,-480.5485927939951,83237.19149999999,84512.76789607802,81961.61510392195
2026-01-31 00:00:00,84260.5,84270.02,84014.01,84067.83,380.99765,51.41837801727044,-123.73696846766688,-409.1862679287295,83293.637,84612.8053557346,81974.4686442654
2026-01-31 01:00:00,84067.83,84266.22,83908.0,83999.99,474.79523,50.5878439556511,-98.1698571001034,-346.9829857630043,83347.927,84690.50746266489,82005.3465373351
2026-01-31 02:00:00,84000.0,84183.42,83815.02,84130.01,514.80351,52.18203075880163,-66.64793386796373,-290.9159753839962,83424.287,84762.1421886206,82086.4318113794
2026-01-31 03:00:00,84130.01,84232.0,84022.69,84022.69,356.74317,50.727235795903006,-49.75288935426215,-242.68335817804942,83484.5725,84815.84778333755,82153.29721666244
2026-01-31 04:00:00,84022.7,84146.22,83941.43,83992.45,214.26773,50.30168719148344,-38.36135431527509,-201.81895740549456,83550.61,84842.55710301903,82258.66289698097
2026-01-31 05:00:00,83992.44,84097.37,83903.7,84000.01,249.62585,50.4136811341275,-28.396119121593074,-167.13438974871428,83632.4245,84810.0881098597,82454.76089014029
2026-01-31 06:00:00,84000.01,84050.51,83638.4,83786.09,407.33324,47.17422613773787,-37.32983947842149,-141.17347969465573,83680.033,84797.21057711753,82562.85542288247
2026-01-31 07:00:00,83786.09,83805.02,83404.67,83546.81,478.7189,43.785086619528215,-62.991645006113686,-125.53711275694732,83699.8055,84791.28845558142,82608.32254441858
2026-01-31 08:00:00,83546.82,83629.08,82560.75,83074.07,1142.87539,37.97963414627954,-120.09064768442477,-124.44781974244282,83713.484,84763.58614615207,82663.38185384792
2026-01-31 09:00:00,83074.08,83300.0,82894.0,83109.1,471.08907,38.628979408628496,-160.66336319952097,-131.69092843385846,83731.89300000001,84721.36552478203,82742.420475218
2026-01-31 10:00:00,83109.1,83203.26,82917.32,83160.0,515.13254,39.6182371757632,-186.55978289710765,-142.6646993265083,83734.993,84716.4596238439,82753.52637615611
2026-01-31 11:00:00,83160.0,83160.0,82851.97,83020.0,279.69189,37.81280985276064,-215.89105436504178,-157.309970334215,83741.796,84700.03590515813,82783.55609484187
2026-01-31 12:00:00,83020.0,83140.0,82720.0,82762.0,537.57574,34.67664893463365,-256.9922949240863,-177.24643525218926,83722.446,84744.58692181457,82700.30507818543
2026-01-31 13:00:00,82761.99,82919.29,82478.59,82767.99,539.85854,34.811831277318944,-285.7875996934454,-198.9546681404405,83713.684,84766.49382764446,82660.87417235553
2026-01-31 14:00:00,82768.0,82928.2,80825.76,81479.99,4166.24097,23.534080882125338,-407.8376236615295,-240.73125924465833,83591.12700000001,85035.29073837424,82146.96326162577
2026-01-31 15:00:00,81480.0,81789.68,81088.0,81302.15,1568.15407,22.452500994721262,-512.9998062728555,-295.1849686502978,83444.085,85178.4864973074,81709.68350269261
2026-01-31 16:00:00,81302.16,82200.0,80098.01,80365.04,5113.56418,17.808142042256506,-664.3008917230618,-369.0081532648506,83267.01999999999,85464.07562650723,81069.96437349275
2026-01-31 17:00:00,80365.05,80550.74,78159.9,78893.92,6669.26832,13.19408828301286,-892.6255496487429,-473.7316325416291,82998.031,85885.0983927387,80110.9636072613
2026-01-31 18:00:00,78893.92,79143.64,75719.9,78038.38,7783.32311,11.351989473331855,-1129.5882240959472,-604.9029508524927,82688.9505,86266.25734507166,79111.64365492835
2026-01-31 19:00:00,78038.39,78576.3,77194.0,77750.01,2463.45994,10.804431751144847,-1325.373815482264,-748.9971237784471,82363.4265,86482.4560132915,78244.3969867085
2026-01-31 20:00:00,77750.01,78141.95,77092.34,77999.03,1378.50317,14.633678319562478,-1443.7982666768803,-887.9573523581338,82059.9865,86529.57657823425,77590.39642176575
2026-01-31 21:00:00,77999.02,78365.02,77372.69,78292.0,1330.5666,19.03747928193647,-1496.756588647855,-1009.7171996160781,81774.587,86446.94512575126,77102.22887424874
2026-01-31 22:00:00,78292.0,78499.94,78000.0,78155.17,902.43744,18.55601001462847,-1532.1063099795574,-1114.195021688774,81475.845,86276.37448663458,76675.31551336542
2026-01-31 23:00:00,78155.16,79240.0,78078.67,78741.09,1552.86508,27.06252253214963,-1495.602002647065,-1190.4764178804323,81211.765,86003.464982925,76420.065017075
2026-02-01 00:00:00,78741.1,79424.0,78644.09,78902.31,1738.02598,29.25215388811901,-1437.0970096925885,-1239.8005362428637,80957.258,85667.10755658813,76247.40844341187
2026-02-01 01:00:00,78902.31,78943.62,78284.0,78532.17,1163.10084,27.230929553805353,-1404.4094282075384,-1272.7223146357987,80683.86600000001,85283.53628287445,76084.19571712556
2026-02-01 02:00:00,78532.32,79060.44,78378.0,78900.01,762.94469,32.24161705777084,-1333.4514720217412,-1284.8681461129872,80439.562,84861.04666306678,76018.07733693323
2026-02-01 03:00:00,78900.01,79008.36,78666.73,78868.28,594.31033,32.03669251927815,-1265.1927716251957,-1280.933071215429,80205.6355,84425.38246957089,75985.88853042912
2026-02-01 04:00:00,78868.29,79119.3,78720.97,78971.75,441.04188,33.520554805582734,-1189.0415645153698,-1262.5547698754172,80000.51950000001,84027.60834774915,75973.43065225087
2026-02-01 05:00:00,78973.22,79006.0,78527.13,78620.91,744.7428,31.0454352546936,-1143.81584311006,-1238.8069845223458,79776.11,83567.11650335042,75985.10349664958
2026-02-01 06:00:00,78620.9,78824.1,78266.63,78300.0,568.62406,28.940449837867064,-1120.9473053354159,-1215.2350486849598,79533.11,83021.82649344034,76044.39350655966
2026-02-01 07:00:00,78300.01,78724.01,77967.69,78343.0,808.74546,29.62896760135962,-1086.8258320893656,-1189.553205365841,79299.26,82410.43414475158,76188.08585524841
2026-02-01 08:00:00,78343.0,78863.0,78252.64,78604.02,567.72389,33.820802827900266,-1026.8848962744814,-1157.0195435475691,79091.361,81751.2194102043,76431.50258979571
2026-02-01 09:00:00,78604.02,79136.1,78551.15,79034.45,479.76229,40.1518353978187,-933.8839363480074,-1112.3924221076568,78904.684,80925.32455152854,76884.04344847145
2026-02-01 10:00:00,79034.45,79220.72,78148.1,78279.73,863.43565,34.00844832188778,-910.5829684700293,-1072.0305313801314,78744.671,80375.97512395057,77113.36687604943
2026-02-01 11:00:00,78279.73,78877.89,78279.72,78743.56,539.38656,40.07660197804077,-844.9495267597085,-1026.614330456047,78616.74149999999,79719.12749576317,77514.35550423681
2026-02-01 12:00:00,78743.57,78760.0,78244.0,78459.67,620.90729,37.786370641672306,-806.5447558839805,-982.6004155416337,78521.473,79255.46895101773,77787.47704898227
2026-02-01 13:00:00,78459.68,78768.68,78203.21,78317.51,482.47432,36.65669498447174,-778.604553563855,-941.8012431460779,78492.6525,79210.15320305181,77775.15179694818
2026-02-01 14:00:00,78317.51,78520.0,77236.68,78211.12,1658.37078,35.79423345154653,-756.3280468621961,-904.7066038893016,78501.2895,79199.66951547934,77802.90948452066
2026-02-01 15:00:00,78211.12,78254.2,76761.98,77593.4,2045.87767,31.20365482316214,-779.53262939665,-879.6718089907714,78493.459,79229.78782972992,77757.13017027009
2026-02-01 16:00:00,77593.4,77838.48,77087.76,77494.77,1084.57336,30.530385683106132,-796.6972153778188,-863.0768902681809,78468.246,79303.71768730687,77632.77431269313
2026-02-01 17:00:00,77494.77,77748.0,77300.0,77745.32,549.82327,34.40243617271766,-781.0791876949224,-846.6773497535293,78440.912,79334.41814691419,77547.4058530858
2026-02-01 18:00:00,77745.33,78443.1,77727.27,78029.28,791.63632,38.58072316026425,-737.2895741234825,-824.79979462752,78434.61750000001,79338.31491821019,77530.92008178982
2026-02-01 19:00:00,78029.29,78106.1,77000.01,77174.78,457.49789,31.97953284492887,-762.7445540988847,-812.388746521793,78356.302,79407.59460234831,77305.00939765168
2026-02-01 20:00:00,77174.77,77740.91,76606.0,77103.04,1125.71882,31.49235114782465,-779.7185178505606,-805.8547007875466,78266.3385,79423.5082708095,77109.1687291905
2026-02-01 21:00:00,77103.04,77161.26,76359.87,76526.03,1221.6059,27.821206778584482,-830.1608140337776,-810.7159234367929,78166.0315,79551.4614219913,76780.60157800869
2026-02-01 22:00:00,76526.03,77779.63,76456.78,77249.31,1235.13318,37.635160136909946,-802.5230596014298,-809.0773506697203,78083.4965,79481.43781886152,76685.55518113846
2026-02-01 23:00:00,77249.31,77610.72,75700.0,76968.21,4850.01845,35.60873752844191,-794.1479179852031,-806.0914641328169,77988.49299999999,79419.7313454544,76557.25465454557
2026-02-02 00:00:00,76968.22,78231.26,76606.39,77672.61,1960.16053,43.77804730028632,-722.3446256307652,-789.3420964324066,77923.536,79283.0022042047,76564.06979579528
2026-02-02 01:00:00,77672.61,77942.28,76619.69,77518.87,1238.02224,42.51037904624964,-670.1207968558592,-765.4978365170972,77868.434,79197.89009609658,76538.9779039034
2026-02-02 02:00:00,77518.87,77555.62,76449.84,76491.17,1406.18164,35.17744632281982,-703.5497538344207,-753.1082199805619,77777.99250000001,79224.76151690223,76331.22348309778
2026-02-02 03:00:00,76491.18,76575.93,74604.0,76292.98,6845.40126,33.96080986616238,-737.5328995716554,-749.9931558987806,77675.4915,79239.4485154514,76111.53448454861
2026-02-02 04:00:00,76292.98,76621.28,75335.9,75894.15,2387.03559,31.59284112702548,-787.5684365501511,-757.5082120290548,77539.99799999999,79229.72921112686,75850.26678887312
2026-02-02 05:00:00,75894.15,75999.99,74911.14,75502.1,2327.56014,29.421160073882987,-849.0695730825828,-775.8204842397604,77363.3805,79131.99140837388,75594.76959162611
2026-02-02 06:00:00,75502.1,76834.71,74957.51,76549.32,3207.27225,41.07318667854806,-804.0393003022036,-781.4642474522491,77276.86000000002,79025.91741489797,75527.80258510206
2026-02-02 07:00:00,76549.32,76958.0,76327.9,76660.79,1646.53051,42.16765330631222,-750.704137294204,-775.3122254206401,77172.7215,78797.70056410153,75547.74243589847
2026-02-02 08:00:00,76660.78,77191.15,76628.28,76881.28,1422.14452,44.368676114051716,-682.7733498971065,-756.8044503159334,77093.802,78604.93831074267,75582.66568925732
2026-02-02 09:00:00,76881.28,77815.0,76652.0,77725.33,2196.40917,51.913376097617565,-554.4387062111055,-716.3313014949679,77064.193,78495.46876501477,75632.91723498523
2026-02-02 10:00:00,77725.33,77876.69,77474.85,77504.54,1049.86427,50.003018330209265,-465.1861083806434,-666.102262872103,77028.864,78373.17874783903,75684.54925216097
2026-02-02 11:00:00,77504.54,77970.62,77451.11,77759.99,983.08962,52.194918107603044,-369.57981539801403,-606.7977733772852,77037.19350000001,78398.19714608726,75676.18985391276
2026-02-02 12:00:00,77760.0,78434.0,77706.0,77988.51,1103.97039,54.132178551466744,-272.23334864070057,-539.8848884299683,77061.8805,78474.75437320933,75649.00662679067
2026-02-02 13:00:00,77988.5,78458.0,77800.0,78224.79,960.76337,56.112528471970975,-174.01382797739643,-466.710676339454,77085.854,78562.39220907474,75609.31579092528
2026-02-02 14:00:00,78224.8,78885.0,77626.44,77844.79,2220.07608,52.20847173636746,-125.39153881979291,-398.4468488355218,77076.6295,78530.48199017828,75622.77700982172
2026-02-02 15:00:00,77844.78,79360.0,77564.62,78850.06,3238.00821,60.11445090769313,-5.67571068982943,-319.89262120638335,77160.39349999999,78816.96622158031,75503.82077841967
2026-02-02 16:00:00,78850.06,79288.28,78584.0,78634.76,1987.74899,57.905086011499826,71.0084932375321,-241.71239831760028,77236.9795,79019.24691796361,75454.71208203639
2026-02-02 17:00:00,78634.75,79213.99,78603.93,78988.64,1407.01094,60.47632562045524,158.5092399813293,-161.66807065781438,77360.11,79271.18075930006,75449.03924069995
2026-02-02 18:00:00,78988.65,78988.65,78369.13,78569.84,992.65857,56.10839149924965,191.8490359774005,-90.96464933077141,77426.1365,79410.91486134235,75441.35813865764
2026-02-02 19:00:00,78569.83,78697.99,78283.27,78341.5,1074.65868,53.82573451443265,197.5684882708738,-33.258021810442365,77494.801,79507.69558080837,75481.90641919164
2026-02-02 20:00:00,78341.5,78667.38,77888.0,78008.59,902.54602,50.59396010547533,173.24112481679185,8.04180751500448,77511.6,79536.31600539548,75486.88399460453
2026-02-02 21:00:00,78008.59,78552.76,77922.0,78532.06,507.24426,55.153578595566145,193.96525744032988,45.22649750006956,77562.2595,79637.8045189385,75486.7144810615
2026-02-02 22:00:00,78532.07,78853.35,78528.21,78795.2,488.24484,57.28752241566656,228.98290827142773,81.9777796543412,77677.461,79758.44991948176,75596.47208051823
2026-02-02 23:00:00,78795.2,78962.78,78560.0,78738.61,720.98807,56.66307932095563,249.29459586535813,115.44114289654459,77799.7425,79824.85535976721,75774.62964023277
2026-02-03 00:00:00,78738.6,79099.99,78408.05,79065.24,994.28607,59.41300398614887,288.4233015772188,150.03757463267945,77958.29699999999,79847.18698355176,76069.40701644823
2026-02-03 01:00:00,79065.24,79186.81,78716.79,79017.63,990.1874,58.827045860621425,311.9948709916207,182.4290339044677,78134.0735,79684.54953218848,76583.59746781152
2026-02-03 02:00:00,79017.64,79017.64,77800.0,77808.01,959.76758,46.32602300968422,230.41322456710623,192.02587203699542,78197.008,79568.48775212503,76825.52824787497
2026-02-03 03:00:00,77808.02,78907.18,77644.09,78753.32,1068.28743,54.46903923956864,239.27953321379027,201.4766042723544,78301.6345,79486.19549641649,77117.07350358351
2026-02-03 04:00:00,78753.32,78999.99,78488.0,78798.39,719.00577,54.82096934745008,247.09456667529594,210.6001967529427,78397.49,79393.34680286446,77401.63319713555
2026-02-03 05:00:00,78798.38,78809.78,78218.98,78240.45,581.74505,49.6995890199002,205.89352945367864,209.6588632930899,78423.246,79371.40945819134,77475.08254180866
2026-02-03 06:00:00,78240.45,78665.91,77950.0,78594.17,881.03721,52.71548304455683,199.48412958541303,207.62391655155454,78477.7275,79323.29126134567,77632.16373865432
2026-02-03 07:00:00,78594.01,78923.93,78488.01,78794.67,705.05984,54.38500308714902,208.18349858224974,207.7358329576936,78529.4615,79314.57606061963,77744.34693938038
2026-02-03 08:00:00,78794.67,79084.29,78464.6,78747.96,840.3253,53.907471813894,208.9006281543261,207.9687919970201,78567.434,79314.94890070497,77819.91909929502
2026-02-03 09:00:00,78747.96,78841.35,77950.0,78400.01,972.9435,50.360144327539444,179.32515271188458,202.24006413999302,78576.195,79310.79675889367,77841.59324110634
2026-02-03 10:00:00,78400.01,78560.0,78070.0,78120.36,505.87116,47.64642276388246,131.80163032579003,188.15237737715245,78589.9735,79275.51195402697,77904.43504597302
2026-02-03 11:00:00,78120.36,78349.24,78004.08,78079.5,475.83471,47.24582366663226,89.80660133011406,168.48322216774477,78551.4455,79261.60844465287,77841.28255534713
2026-02-03 12:00:00,78079.5,78416.9,78000.0,78330.26,933.6271,50.02294533225058,75.884722757095,149.96352228561483,78536.2205,79251.89756548643,77820.54343451356
2026-02-03 13:00:00,78330.26,78458.89,78187.91,78307.65,529.49211,49.76854365110588,62.30883814567642,132.43258545762714,78502.171,79191.53280940822,77812.80919059178
2026-02-03 14:00:00,78307.65,78434.61,77156.24,77201.22,2011.4149,39.24918189984509,-37.29983313844423,98.48610173841287,78433.74,79334.21145206271,77533.2685479373
2026-02-03 15:00:00,77201.21,78196.83,77055.54,78132.33,2069.08407,49.01556583475691,-40.6391643936513,70.66104851200004,78423.2815,79333.07432048277,77513.48867951722
2026-02-03 16:00:00,78132.34,78134.53,76400.0,76488.08,3199.23624,37.53892000957436,-173.95756734980387,21.737325339639256,78347.256,79594.49483749866,77100.01716250133
2026-02-03 17:00:00,76488.08,76525.44,74882.28,74915.79,3210.53566,30.24604138074423,-401.8517284425034,-62.98048541678927,78166.4425,80138.673849965,76194.21115003501
2026-02-03 18:00:00,74915.79,75302.76,73137.66,73139.13,8932.04301,24.462709386639602,-717.549641225196,-193.8943165784706,77883.639,80848.52248758668,74918.7555124133
2026-02-03 19:00:00,73139.12,75291.1,72945.5,74935.0,3497.82279,37.47660671959743,-813.4538219953974,-317.806217661856,77693.4585,80905.12017979503,74481.79682020495
2026-02-03 20:00:00,74935.0,76721.25,74586.54,76475.52,2122.86901,46.06127942858412,-756.4318118068477,-405.53133649085436,77563.9725,80751.4948264629,74376.4501735371
2026-02-03 21:00:00,76475.53,76960.0,76124.05,76239.43,1110.97152,45.04062081564138,-721.9695324647473,-468.81897568563295,77425.0625,80587.89904196243,74262.22595803757
2026-02-03 22:00:00,76239.43,76299.19,75406.79,75708.83,1013.97922,42.74798790497446,-729.0686636643659,-520.8689132813796,77320.1035,80567.62137258971,74072.58562741028
2026-02-03 23:00:00,75708.82,76000.0,75428.16,75770.21,794.68224,43.10874921749718,-721.4257759869797,-560.9802858224997,77170.948,80415.32391574339,73926.57208425662
2026-02-04 00:00:00,75770.21,76264.0,75467.22,75910.88,730.62893,43.97997711325894,-695.9948437498533,-587.9831974079705,77026.5725,80222.64574347495,73830.49925652504
2026-02-04 01:00:00,75910.88,76798.12,75910.88,76423.73,952.72942,47.15718609957553,-627.2276479088032,-595.8320875081371,76935.7365,80089.53443634837,73781.93856365162
2026-02-04 02:00:00,76423.73,76610.04,75707.41,75963.35,853.38888,44.705985012286796,-602.927791931812,-597.2512283928721,76804.1955,79885.36649744431,73723.0245025557
2026-02-04 03:00:00,75963.35,76971.52,75906.05,76698.17,1036.93598,49.24113987688101,-518.4003515859513,-581.4810530314879,76699.37049999999,79634.60677516946,73764.13422483052
2026-02-04 04:00:00,76698.17,76830.69,76413.64,76479.75,577.39018,47.98139391658676,-463.691270385214,-557.9230965022332,76585.95999999999,79358.700705773,73813.21929422699
2026-02-04 05:00:00,76479.75,76526.8,76105.3,76279.99,1056.73491,46.80210273218045,-431.4790697819699,-532.6342911581805,76479.959,79119.59806425299,73840.31993574701
2026-02-04 06:00:00,76280.0,76780.0,76259.9,76652.68,609.34015,49.30551733326368,-371.59419387021626,-500.42627170058773,76406.575,78933.38956317463,73879.76043682537
2026-02-04 07:00:00,76652.68,76657.31,76335.46,76514.3,593.58526,48.39487475095242,-331.4800125277252,-466.63701986601524,76328.315,78730.86606927215,73925.76393072786
2026-02-04 08:00:00,76514.3,76600.0,76068.69,76587.26,736.19473,48.930437978505246,-290.45380193144956,-431.40037627910215,76241.16500000001,78457.16241459986,74025.16758540015
2026-02-04 09:00:00,76587.26,76607.69,75967.1,76119.0,632.82215,45.655536191736545,-292.3548186787375,-403.59126475902923,76131.7325,78122.79760311822,74140.66739688178
2026-02-04 10:00:00,76119.0,76338.65,76069.0,76302.1,440.91077,47.14520437390769,-275.906272612614,-378.0542663297462,76086.7765,78015.80226429505,74157.75073570496
2026-02-04 11:00:00,76302.1,76302.1,75666.0,76017.25,1102.73317,45.07513986497932,-282.5980809925677,-358.96302926231056,75981.0225,77652.59809076278,74309.44690923723
2026-02-04 12:00:00,76017.25,76260.85,76000.0,76180.85,942.91713,46.52735117094864,-271.56974760373123,-341.4843729305947,75965.661,77623.20437862207,74308.11762137791
2026-02-04 13:00:00,76180.84,76186.98,74867.0,74867.0,1563.62436,37.8680805001003,-364.643050531522,-346.1161084507802,75963.2215,77627.40112088111,74299.04187911889
2026-02-04 14:00:00,74867.0,75769.23,74256.0,74359.53,2801.90282,35.14717951906529,-473.89019042615837,-371.67092484585584,76024.24149999999,77295.5409114139,74752.94208858607
2026-02-04 15:00:00,74359.53,75328.28,73794.11,74136.36,3644.50098,33.99051525715889,-571.8849559797818,-411.71373107264105,75984.3095,77436.90924848591,74531.70975151409
2026-02-04 16:00:00,74136.48,74249.83,73076.92,73636.01,3089.62892,31.488491296244504,-682.0582343368442,-465.7826317254817,75842.334,77613.01930138477,74071.64869861523
2026-02-04 17:00:00,73635.63,73863.92,72169.0,72576.08,5764.80542,26.96099953161314,-845.1564070173044,-541.6573867838463,75659.16649999999,77941.0181890658,73377.31481093419
2026-02-04 18:00:00,72576.08,74140.0,72273.68,73425.96,3480.01439,35.02775343720998,-895.5117684391298,-612.428263114903,75545.02300000002,78035.2858864948,73054.76011350522
2026-02-04 19:00:00,73425.97,74007.28,73041.41,73923.29,1609.77508,39.25562500803384,-885.0856639298436,-666.9597432778911,75452.677,78042.75714394609,72862.5968560539
2026-02-04 20:00:00,73923.3,74144.0,73425.56,73516.3,1052.61663,37.12649761200795,-899.2970559646783,-713.4272058152486,75332.948,78052.01719833752,72613.87880166249
2026-02-04 21:00:00,73516.3,73654.0,72210.0,72799.99,1379.23839,33.66560492356827,-957.3244764368137,-762.2066599395616,75151.761,78042.32089765818,72261.20110234182
2026-02-04 22:00:00,72800.0,73680.0,71888.0,72543.38,2426.62344,32.49690400469433,-1012.348187901458,-812.2349655319409,74980.7625,78067.16778346164,71894.35721653835
2026-02-04 23:00:00,72543.38,73520.59,72468.12,73165.83,1296.31791,38.10941409771488,-994.2670708107908,-848.6413865877109,74804.14550000001,77881.00766239084,71727.28333760919
2026-02-05 00:00:00,73165.84,73325.6,72754.21,72868.02,1031.56586,36.543862520279276,-992.5271976393415,-877.4185487980371,74623.559,77710.2821977193,71536.8358022807
2026-02-05 01:00:00,72868.02,73341.18,71995.09,72421.26,1796.49365,34.26948587902433,-1015.4921722470172,-905.0332734878332,74430.6225,77563.44375546696,71297.80124453304
2026-02-05 02:00:00,72421.26,72854.39,71305.55,71454.44,2979.51665,29.928495264127648,-1099.0373555180267,-943.8340898938719,74170.71050000002,77388.69419771052,70952.72680228952
2026-02-05 03:00:00,71454.44,71884.47,71152.78,71223.25,2548.86017,28.983056207156864,-1170.4108483312739,-989.1494415813523,73906.15800000001,77182.3429370521,70629.97306294792
2026-02-05 04:00:00,71223.25,71437.68,70701.0,70888.08,4293.99043,27.620779395058292,-1239.7294441441481,-1039.2654420939116,73621.199,76906.89514571856,70335.50285428143
2026-02-05 05:00:00,70888.09,71150.16,70140.0,70732.72,4302.51294,26.98757516595593,-1292.304304748046,-1089.8732146247385,73351.885,76658.45729119824,70045.31270880175
2026-02-05 06:00:00,70732.73,70984.62,70434.05,70951.51,2020.09726,29.44078423674827,-1301.3149869334593,-1132.1615690864828,73084.35549999999,76248.64098290757,69920.07001709241
2026-02-05 07:00:00,70951.51,71622.82,70644.73,70756.85,2612.40429,28.522536496332222,-1309.0732708458527,-1167.5439094383569,72821.3355,75829.82029886512,69812.85070113488
2026-02-05 08:00:00,70756.86,71550.0,70683.58,71054.99,1815.06036,32.01974476204289,-1276.450236636534,-1189.3251748779924,72565.04250000001,75221.20020938876,69908.88479061126
2026-02-05 09:00:00,71054.99,71978.58,71049.35,71550.0,1842.40706,37.488525547303595,-1196.8564606989094,-1190.8314320421757,72399.1925,74856.97301079636,69941.41198920365
2026-02-05 10:00:00,71549.99,71726.79,70656.59,70858.13,1618.18196,33.43939859889211,-1176.0491837027657,-1187.8749823742937,72224.12250000001,74591.09766734527,69857.14733265476
2026-02-05 11:00:00,70858.13,71063.94,69922.0,70318.35,4107.09256,30.657291823238154,-1189.4042893758306,-1188.1808437746013,72033.222,74366.44524605985,69699.99875394013
2026-02-05 12:00:00,70318.35,70603.49,69163.0,69563.57,5331.37678,27.243992559896228,-1246.5235967906337,-1199.8493943778078,71829.6,74281.65323850769,69377.54676149233
2026-02-05 13:00:00,69563.56,69831.85,69261.11,69688.94,2587.65964,28.66469468125399,-1267.06876816359,-1213.2932691349642,71685.243,74287.59408790736,69082.89191209264
2026-02-05 14:00:00,69688.94,70872.04,69285.71,69404.76,3459.24538,27.360499018045033,-1291.3955119097664,-1228.9137176899249,71484.18299999999,74141.0550308576,68827.31096914237
2026-02-05 15:00:00,69404.75,69616.29,66720.15,67489.07,13836.57347,20.567126190416303,-1448.5567440538143,-1272.8423229627028,71162.47200000001,74117.28353623168,68207.66046376833
2026-02-05 16:00:00,67489.08,68681.81,66955.34,68295.15,5860.78146,28.60043726982306,-1490.878316314207,-1316.4495216330038,70901.4145,73902.81196755094,67900.01703244906
2026-02-05 17:00:00,68295.15,68374.79,66152.0,66181.69,6127.2285,22.247482611294572,-1675.6412767311558,-1388.2878726526342,70570.4995,74102.93425847673,67038.06474152328
2026-02-05 18:00:00,66181.68,66542.87,65385.0,66347.0,5703.68497,23.675575309731045,-1788.1158323087584,-1468.253464583859,70260.68049999999,74134.93797283804,66386.42302716193
2026-02-05 19:00:00,66347.01,66637.46,65200.0,65265.65,3605.53717,20.963191278999844,-1942.1210729201703,-1563.0269862511213,69865.6715,74088.0849023018,65643.2580976982
2026-02-05 20:00:00,65265.66,65700.0,62345.0,63775.67,13269.97533,17.91725418199472,-2159.5068190069433,-1682.322952802286,69411.054,74193.1953678091,64628.91263219091
2026-02-05 21:00:00,63775.66,64775.0,62888.34,63213.34,6727.66673,16.91814755507133,-2350.0717560378107,-1815.872713449391,68950.65800000001,74256.82502616008,63644.490973839944
2026-02-05 22:00:00,63213.34,64615.88,62690.9,63907.86,4776.16051,22.654718828322444,-2417.190020024529,-1936.136174764419,68573.329,74193.80911248754,62952.84888751246
2026-02-05 23:00:00,63907.86,64908.0,62717.48,62909.86,4044.75586,20.46773088543017,-2521.8417650850606,-2053.277292828547,68157.6595,74169.02962920183,62146.28937079816
2026-02-06 00:00:00,62909.87,63861.87,60000.0,63509.39,15965.67588,25.14278294666802,-2527.2691805588693,-2148.0756703746115,67788.725,73996.99912877768,61580.450871222325
2026-02-06 01:00:00,63509.4,65760.0,63509.39,65714.96,6085.05108,39.28278653512557,-2326.7777347841184,-2183.816083256513,67537.83700000001,73649.98487503771,61425.689124962315
2026-02-06 02:00:00,65714.96,66010.0,64201.28,64990.1,4172.0595,36.82111156742466,-2201.0051463875643,-2187.2538958827236,67239.7665,73231.21743280313,61248.31556719686
2026-02-06 03:00:00,64990.11,65172.13,63770.17,64168.33,2757.61679,34.20420199274298,-2142.936991417184,-2178.390514989616,66910.3405,72811.39243778246,61009.288562217545
2026-02-06 04:00:00,64168.33,65000.0,63914.62,64905.84,2678.77331,38.43322948624738,-2014.1883572789375,-2145.55008344748,66602.883,72229.05804656775,60976.70795343226
2026-02-06 05:00:00,64905.54,66826.5,64800.01,66408.11,3077.34633,46.04120885143278,-1770.5240045235696,-2070.544867662698,66345.7885,71467.42033556683,61224.156664433154
2026-02-06 06:00:00,66408.11,66800.0,64856.88,64988.26,3562.00258,40.89726338495635,-1672.706360575372,-1990.9771662452329,66052.295,70739.49311391184,61365.096886088155
2026-02-06 07:00:00,64988.26,65543.79,64654.11,64856.0,3886.24107,40.44397539609366,-1587.5570798686458,-1910.2931489699156,65779.1775,70036.59721135229,61521.757788647716
2026-02-06 08:00:00,64856.0,65206.11,64500.0,64895.05,2403.94942,40.65312402829546,-1499.6377621654538,-1828.1620716090233,65545.7515,69424.62839214779,61666.87460785221
2026-02-06 09:00:00,64895.04,66163.0,64764.7,65799.55,2736.04998,45.433151739926274,-1341.5113706639168,-1730.831931420002,65351.28200000001,68710.76326445438,61991.80073554563
2026-02-06 10:00:00,65799.55,66220.0,65550.0,65967.51,2067.37547,46.29812754322001,-1188.9367748075674,-1622.4529000975153,65179.4195,67969.15111934674,62389.68788065327
2026-02-06 11:00:00,65967.51,66755.13,65772.17,66631.32,2445.47098,49.69228721874163,-1002.8956324721512,-1498.5414465724425,65136.53199999999,67800.28893491824,62472.775065081754
2026-02-06 12:00:00,66631.32,66631.32,66114.49,66557.93,1895.66919,49.32113362389363,-851.5623655999952,-1369.1456303779532,65049.67100000001,67371.04594318861,62728.296056811414
2026-02-06 13:00:00,66557.93,67690.7,66480.82,67316.82,4063.76595,53.21265741006184,-662.7537677303626,-1227.8672578484352,65106.42749999999,67593.90283364542,62618.95216635455
2026-02-06 14:00:00,67316.82,68647.45,66629.36,68194.89,5594.57909,57.29840804192151,-437.2285840122204,-1069.7395230811924,65198.822,67998.05610228563,62399.58789771438
2026-02-06 15:00:00,68194.9,69192.0,67772.0,68626.0,6052.81042,59.18304507282599,-221.16186076852318,-900.0239906186586,65366.8395,68558.80689737738,62174.872102622634
2026-02-06 16:00:00,68625.99,70224.62,68428.19,69954.01,6892.60997,64.39596239396616,56.57966725167353,-708.7032590445922,65675.7565,69374.9124186183,61976.600581381696
2026-02-06 17:00:00,69954.01,71500.0,69593.43,70753.53,5224.54006,67.11867739020721,337.3180192076543,-499.4990033941429,66052.766,70204.50373027529,61901.02826972472
2026-02-06 18:00:00,70753.53,70816.0,69340.91,69776.68,3217.47319,60.9825836635748,475.5002833417384,-304.49914604696664,66346.20700000001,70685.01985438773,62007.394145612285
2026-02-06 19:00:00,69776.68,70952.0,69662.22,70731.46,1949.07605,64.40762400466427,654.5087206736644,-112.69757270284046,66737.287,71180.69139711083,62293.88260288917
2026-02-06 20:00:00,70731.45,70996.77,70000.12,70000.13,1842.94729,60.0587368707885,728.9589924217726,55.633740322082154,67061.82400000001,71460.4743345055,62663.17366549451
2026-02-06 21:00:00,70000.14,70508.75,69837.35,70358.43,1079.99332,61.432709526228685,807.564088607076,206.01980997908095,67293.9975,71879.53702373193,62708.45797626806
2026-02-06 22:00:00,70358.44,71577.09,70279.09,71354.46,1439.41821,65.03365711994198,939.4016529846558,352.6961785801959,67612.2155,72403.28676907705,62821.14423092296
2026-02-06 23:00:00,71354.46,71751.33,70505.0,70580.26,1448.72018,60.31933102916648,970.2282159245224,476.20258604906127,67932.812,72610.3400707737,63255.28392922631
2026-02-07 00:00:00,70580.26,70600.0,69718.0,69958.0,1684.48527,56.7580032129936,933.6843753113353,567.6989439015161,68185.42,72718.08827340417,63652.75172659584
2026-02-07 01:00:00,69958.0,70680.54,69741.87,70471.49,1257.48702,58.91374519609659,935.3750486165372,641.2341648445204,68388.589,72950.00314642026,63827.17485357975
2026-02-07 02:00:00,70471.48,70624.49,70151.51,70361.37,828.17189,58.24315862103206,917.2556040708587,696.438452689788,68657.2445,73003.25252513707,64311.23647486293
2026-02-07 03:00:00,70361.36,70928.75,70270.0,70918.99,917.62946,60.68360217032771,937.0889098647458,744.5685441247797,68960.394,73026.816788621,64893.971211378994
2026-02-07 04:00:00,70918.99,71690.07,70604.55,70768.13,1760.77139,59.66758733668302,929.9143328102073,781.6377018618653,69254.048,72912.09628831092,65595.99971168907
2026-02-07 05:00:00,70768.0,71191.88,69800.0,70161.5,1954.17044,55.633896243093304,865.3037743451423,798.3709163585207,69472.1455,72764.87559069647,66179.41540930353
2026-02-07 06:00:00,70161.51,70310.0,68757.68,68769.65,3067.81307,47.67099061503515,693.7911855267012,777.4549701921569,69612.25249999999,72489.32227757893,66735.18272242104
2026-02-07 07:00:00,68769.66,69084.55,67300.0,68087.14,6488.56676,44.32100486681921,497.06353120425774,721.3766823945771,69685.0435,72306.90739600209,67063.17960399791
2026-02-07 08:00:00,68087.13,68790.0,67747.65,68495.01,2785.44241,46.73017505047514,369.804274613125,651.0622008382867,69781.89749999999,72034.47664477123,67529.31835522875
2026-02-07 09:00:00,68495.01,68763.28,67885.86,68138.2,2704.83478,44.89987957952543,237.42195933956828,568.334152538543,69822.96650000001,71910.19265987456,67735.74034012546
2026-02-07 10:00:00,68138.19,68299.3,67582.48,67987.0,2026.15669,44.111429170166076,118.93641934645711,478.45460590012584,69812.572,71935.69858909956,67689.44541090044
2026-02-07 11:00:00,67986.99,68157.21,67700.0,67972.65,1172.5817,44.03240019331092,23.60573793479125,387.4848323070589,69779.90449999999,71997.88995304646,67561.91904695352
2026-02-07 12:00:00,67972.65,69999.99,67901.89,69024.98,3372.78032,50.96961675689429,32.59399907453917,316.506665660555,69733.45300000001,71974.8752890915,67492.03071090851
2026-02-07 13:00:00,69024.98,69364.5,68821.64,69093.98,1462.50623,51.39503006467399,44.76891593246546,262.15911571493706,69650.4755,71855.47170442907,67445.47929557093
2026-02-07 14:00:00,69093.98,69187.27,68358.75,68645.99,1780.47515,48.45540511457298,18.06038736323535,213.33937004459673,69593.941,71842.85558228332,67345.0264177167
2026-02-07 15:00:00,68646.0,69762.46,68556.0,69151.5,2675.07885,51.80519193969811,37.2546696823556,178.12242997214852,69514.943,71705.86545294896,67324.02054705104
2026-02-07 16:00:00,69151.5,69898.0,68822.51,68957.16,3767.46183,50.44783610991344,36.36546443741827,149.7710368652025,69462.79449999999,71654.7413301535,67270.84766984648
2026-02-07 17:00:00,68957.16,69408.0,68531.5,69188.81,1260.95907,52.06023006196239,53.73357469352777,130.56354443086755,69404.3135,71557.71965450351,67250.9073454965
2026-02-07 18:00:00,69188.81,69690.89,69009.09,69514.11,815.22684,54.30865760065665,92.67857760422339,122.98655106553872,69312.296,71262.52623248291,67362.0657675171
2026-02-07 19:00:00,69514.11,69577.43,69266.66,69373.61,549.67003,53.149195415311986,110.9269009376294,120.57462103995687,69251.9635,71109.48685389178,67394.44014610822
2026-02-07 20:00:00,69373.61,69728.83,69252.72,69631.18,431.2072,55.044060260729445,144.50679071807826,125.36105497558115,69235.6225,71072.6305851109,67398.61441488909
2026-02-07 21:00:00,69631.18,69699.16,69356.16,69497.99,322.93251,53.83162188479888,158.54417683418433,131.99767934730178,69186.9475,70935.53652292064,67438.35847707935
2026-02-07 22:00:00,69497.99,69727.86,69325.67,69399.34,469.65551,52.90215750511666,159.86584200395737,137.5713118786329,69138.84599999999,70802.26000626464,67475.43199373534
2026-02-07 23:00:00,69399.34,69462.42,68787.34,69289.38,699.41594,51.82796584853547,150.30776380929456,140.11860226476526,69057.36549999999,70498.41487122347,67616.3161287765
2026-02-08 00:00:00,69289.37,69432.0,68888.0,69133.79,682.62238,50.27246516783374,128.69459412618016,137.83380063704826,68975.6485,70172.97295560059,67778.3240443994
2026-02-08 01:00:00,69133.8,69500.0,69095.17,69379.57,433.38727,52.68807189960617,129.9009757804306,136.24723566572473,68936.552,70016.1104739548,67856.99352604519
2026-02-08 02:00:00,69379.57,69696.57,69167.42,69370.7,452.71707,52.5887867679695,128.6582152442279,134.7294315814254,68966.6045,70059.97553269913,67873.23346730087
2026-02-08 03:00:00,69370.69,69443.9,69069.65,69099.99,457.68257,49.52165507747823,104.62325225725363,128.70819571659104,69017.247,70029.95329094488,68004.54070905513
2026-02-08 04:00:00,69100.0,69372.06,68952.01,69340.16,390.41434,52.18601768927506,103.75901342405996,123.71835925808483,69059.5045,70050.7614422009,68068.24755779908
2026-02-08 05:00:00,69340.15,69422.43,69146.47,69220.52,386.01063,50.74901310177353,92.35553270377568,117.44579394722301,69113.62049999999,70006.381707696,68220.85929230398
2026-02-08 06:00:00,69220.53,69518.56,69090.0,69361.18,1121.01748,52.40827276788658,93.58943774965883,112.67452270771018,69182.3295,69905.40053061479,68459.25846938523
2026-02-08 07:00:00,69361.18,69719.07,69215.69,69710.69,980.72904,56.343933865678764,121.37076577420521,114.4137713210092,69269.23150000001,69760.89929989481,68777.56370010521
2026-02-08 08:00:00,69710.69,70796.99,69514.15,70665.59,1875.5789,64.88736969502293,217.92797985869402,135.11661302854617,69351.262,70133.13963581203,68569.38436418798
2026-02-08 09:00:00,70665.59,70712.71,70094.71,70107.19,1028.89501,57.76791317630322,246.54997972707497,157.40328636825194,69401.9225,70242.69074718757,68561.15425281243
2026-02-08 10:00:00,70107.2,70449.99,69890.52,70266.41,1062.517,59.14440950493279,278.8662476612517,181.6958786268519,69482.9435,70329.27926269831,68636.60773730167
2026-02-08 11:00:00,70266.41,71220.0,70210.26,70999.98,1342.32428,64.83178009484415,359.5257026220934,217.26184342590022,69575.3675,70643.86877142508,68506.8662285749
2026-02-08 12:00:00,70999.99,71281.74,70707.39,71249.95,791.13826,66.54102270026394,438.5639000686497,261.5222547544501,69690.007,70953.4403198802,68426.57368011979
2026-02-08 13:00:00,71249.65,71517.27,70956.0,71514.77,1080.90623,68.29884888741849,516.6157766997785,312.5409591435158,69806.305,71285.3025202109,68327.30747978909
2026-02-08 14:00:00,71514.77,71554.95,71105.0,71262.19,872.42876,64.80194137726919,551.7313407076581,360.3790354563443,69893.709,71501.04376280216,68286.37423719784
2026-02-08 15:00:00,71262.18,71465.93,70786.18,71188.99,914.74435,63.78271519798922,567.1166818453639,401.7265647341482,69984.478,71671.21971177039,68297.73628822961
2026-02-08 16:00:00,71188.99,71256.97,70251.33,70416.0,1094.49116,54.10510216358817,511.0448359350703,423.59021897433263,70023.71900000001,71712.36892780027,68335.06907219975
2026-02-08 17:00:00,70415.99,70871.66,70407.42,70785.99,515.39696,57.43420202764364,490.80490155024745,437.0331554895156,70088.119,71790.53382634984,68385.70417365017
2026-02-08 18:00:00,70786.0,71418.0,70750.0,71147.25,643.64182,60.4507823075298,498.17264638777124,449.26105366916676,70175.5145,71908.24035012598,68442.78864987403
2026-02-08 19:00:00,71147.24,71538.05,71142.77,71422.97,466.64362,62.62767632262634,520.2626727261377,463.461377480561,70282.194,72047.61687753782,68516.77112246219
2026-02-08 20:00:00,71422.96,71427.73,70700.03,70835.17,803.14197,55.6013154710296,484.7507255812525,467.7192471006993,70367.263,72062.2479378419,68672.27806215812
2026-02-08 21:00:00,70835.17,71136.03,70524.14,70700.0,621.70092,54.098233548648324,440.6209581534349,462.29958931124645,70433.2845,72068.0789272729,68798.49007272709
2026-02-08 22:00:00,70700.01,71100.04,70652.11,71066.09,568.07657,57.452974742511245,430.2287932666368,455.88543010232456,70518.054,72095.67816383076,68940.42983616925
2026-02-08 23:00:00,71066.09,72271.41,70000.0,70330.38,2834.32509,49.606545170695306,358.4947746998805,436.4072990218358,70579.5735,72013.80819822122,69145.33880177878
2026-02-09 00:00:00,70330.38,70774.4,70123.02,70502.38,961.77536,51.28171194657683,311.928295484322,411.51149831433304,70637.6845,71949.42611460442,69325.94288539559
2026-02-09 01:00:00,70502.37,70926.4,70068.18,70369.53,1060.82602,49.90190342074525,261.29212748940336,381.4676241493471,70695.13500000001,71834.91376139087,69555.35623860915
2026-02-09 02:00:00,70369.53,71000.0,70220.12,70629.99,832.82995,52.594957123207216,239.4196639322472,353.05803210592717,70758.5755,71711.68875958168,69805.46224041833
2026-02-09 03:00:00,70629.99,71453.53,70614.07,71307.56,1165.88308,58.79967756894583,273.6058572828333,337.1675971413084,70838.419,71683.32179438898,69993.51620561101
2026-02-09 04:00:00,71307.56,71359.37,70924.13,71005.01,663.12266,55.31797535596217,273.1368536995724,324.3614484529612,70855.38999999998,71699.31078426703,70011.46921573294
2026-02-09 05:00:00,71005.01,71112.0,70805.0,71044.51,554.37782,55.68689643357061,272.80772720329696,314.0507042030284,70902.256,71672.08107559771,70132.43092440227
2026-02-09 06:00:00,71044.51,71044.52,70311.7,70667.95,697.3032,51.33539338422499,239.40197023666406,299.12095740975553,70922.33300000001,71641.62110137167,70203.04489862836
2026-02-09 07:00:00,70667.96,70902.51,70331.57,70422.59,1015.80172,48.66685286441111,190.92826355071156,277.48241863794675,70893.4635,71645.24427284823,70141.68272715177
2026-02-09 08:00:00,70422.59,70608.83,69393.97,69873.99,1595.15551,43.25296213548313,107.01150459673954,243.3882358297053,70824.6655,71683.32521030192,69966.00578969809
2026-02-09 09:00:00,69873.45,70116.0,69478.63,69630.35,1112.26419,41.067936311643216,20.60958228696836,198.83250512115794,70730.44450000001,71679.1002494137,69781.78875058632
2026-02-09 10:00:00,69630.35,69730.38,68420.58,68727.88,2052.69575,34.180098721027676,-119.31100735500513,135.20380262592533,70603.72899999999,71875.3733281986,69332.08467180138
2026-02-09 11:00:00,68727.88,69022.89,68573.31,68928.72,1348.78221,36.72355463678696,-211.55430684822204,65.85218073109586,70490.7155,71933.57890683,69047.85209317002
2026-02-09 12:00:00,68928.71,69262.91,68857.97,69147.01,1009.44887,39.46175441199924,-264.00037560390774,-0.11833053590486164,70427.26599999999,71990.54565878335,68863.98634121663
2026-02-09 13:00:00,69147.02,69299.99,68586.48,68594.57,1029.85836,35.29865164410516,-346.15133687284833,-69.32493180329355,70317.69499999999,72070.78137757328,68564.6086224267
2026-02-09 14:00:00,68594.56,69755.59,68308.0,69272.0,2516.24849,43.21041725004315,-352.5298810365639,-125.96592164994763,70223.9325,71990.74465641298,68457.12034358701
2026-02-09 15:00:00,69271.99,69884.82,68780.0,69563.37,2308.23216,46.25457181796963,-330.2666904977523,-166.82607541950856,70130.9525,71826.36215167594,68435.54284832405
2026-02-09 16:00:00,69563.37,70428.48,69100.0,70093.01,1734.77412,51.3587239282432,-266.80981254857033,-186.82282284532093,70093.8445,71756.52738180979,68431.16161819022
2026-02-09 17:00:00,70093.0,71000.0,69870.65,70612.29,2206.43168,55.79166299858187,-172.62827213198761,-183.98391270265427,70089.459,71745.86092364024,68433.05707635976
2026-02-09 18:00:00,70612.29,71012.0,70088.88,70418.68,1419.6332,53.82215058953001,-112.31671457333141,-169.6504730767897,70057.0885,71657.485898103,68456.691101897
2026-02-09 19:00:00,70418.67,71075.31,70260.0,70957.01,878.36448,58.236730537192756,-20.840403499474633,-139.8884591613267,70088.42000000001,71735.2081598117,68441.63184018833
2026-02-09 20:00:00,70957.01,71126.0,70500.0,70738.71,948.93614,55.90284563370957,33.652323450136464,-105.18030263903407,70100.2365,71762.8470037884,68437.6259962116
2026-02-09 21:00:00,70738.71,70807.75,69823.52,70400.0,1102.83201,52.39431265259604,48.94295198956388,-74.35565171331449,70101.76,71765.46498146729,68438.0550185327
2026-02-09 22:00:00,70400.01,70719.7,70271.13,70372.96,530.94981,52.113121219626876,58.207997688659816,-47.84292183291963,70088.90849999999,71739.35099546729,68438.46600453269
2026-02-09 23:00:00,70372.96,70572.84,70083.45,70138.0,406.20163,49.62107531122013,46.0603497584525,-29.062267514645203,70030.43049999999,71578.7890205494,68482.07197945057
2026-02-10 00:00:00,70138.0,70255.36,69743.8,69827.33,569.13678,46.45765904766156,11.235265485403943,-21.002760914635374,69971.54650000001,71451.93159327883,68491.16140672119
2026-02-10 01:00:00,69827.34,70527.59,69827.34,70486.82,544.68673,53.26840055831163,36.4315069753502,-9.515907336638259,69943.662,71358.50960693789,68528.8143930621
2026-02-10 02:00:00,70486.82,70486.82,69982.27,70102.89,444.00707,49.33405607497088,25.13008356175851,-2.5867091569589054,69915.409,71291.39217962752,68539.42582037247
2026-02-10 03:00:00,70102.9,70166.22,69208.61,69511.83,911.79715,43.95202921253415,-31.16077619031421,-8.301522563629966,69869.87100000001,71235.42354897324,68504.31845102679
2026-02-10 04:00:00,69511.83,69906.5,69469.58,69831.62,489.42781,47.30178347502841,-49.39787968622113,-16.5207939881482,69867.7525,71233.40960353195,68502.09539646805
2026-02-10 05:00:00,69831.62,69864.0,69210.76,69447.64,565.92441,43.90842803451285,-93.75415302705369,-31.967465795929296,69858.617,71233.37494688408,68483.85905311591
2026-02-10 06:00:00,69447.63,69499.9,68682.0,68921.35,1241.02042,39.70417181230488,-169.42104350174486,-59.45818133709241,69868.2905,71211.91787186748,68524.66312813252
2026-02-10 07:00:00,68921.36,69218.64,68852.43,68919.66,837.11514,39.69102925385065,-226.90831047193205,-92.94820716406035,69867.8375,71212.80409637092,68522.87090362907
2026-02-10 08:00:00,68919.66,69226.16,68725.81,69142.0,730.03493,42.3927264804627,-251.6258180927689,-124.68372934980206,69867.58700000001,71213.12062351736,68522.05337648267
2026-02-10 09:00:00,69141.99,69417.7,68950.0,69151.5,1044.9818,42.51122924173956,-267.36602129323,-153.22018773848765,69895.4335,71150.01568963502,68640.85131036497
2026-02-10 10:00:00,69151.5,69258.52,68921.64,68921.68,686.30742,40.34885309520782,-294.9844024754275,-181.57303068587564,69877.91750000001,71178.10198730047,68577.73301269955
2026-02-10 11:00:00,68921.68,69085.79,68459.89,68535.01,1128.13956,36.94392493336437,-344.1065597837005,-214.07973650544062,69826.4995,71254.1484904108,68398.85050958922
2026-02-10 12:00:00,68535.02,68855.35,68434.0,68610.12,821.53118,38.0377451340049,-372.6794572783838,-245.79968066002928,69752.355,71272.74040079076,68231.96959920923
2026-02-10 13:00:00,68610.11,69143.6,68370.23,69027.95,992.44284,43.870779758309766,-357.48740309584537,-268.1372251471925,69673.138,71169.78222035106,68176.49377964895
2026-02-10 14:00:00,69027.94,69591.2,67800.0,68460.4,2352.751,38.56069572376164,-386.7855098975997,-291.86688209727396,69575.224,71121.89384779919,68028.55415220081
2026-02-10 15:00:00,68460.4,69519.72,68300.9,69293.37,1676.38862,48.42707334560843,-338.8843057121121,-301.2703668202416,69492.04199999999,70898.38967064586,68085.69432935411
2026-02-10 16:00:00,69293.37,69810.35,68945.23,69517.71,1394.08093,50.722291584294844,-279.596874447554,-296.9356683457041,69430.992,70709.68797266921,68152.29602733078
2026-02-10 17:00:00,69517.71,69993.65,69309.35,69925.31,899.7843,54.66962376943263,-197.4452189047006,-277.0375784575034,69407.25749999999,70626.45985842317,68188.05514157681
2026-02-10 18:00:00,69925.31,69943.44,68604.63,68894.36,897.73226,44.87762873303444,-213.07232389072306,-264.24452754414733,69333.3275,70483.3231965802,68183.3318034198
2026-02-10 19:00:00,68894.36,69303.99,68690.32,69062.01,805.90106,46.55407761058749,-209.51381840810063,-253.29838571693801,69279.528,70370.16331603531,68188.8926839647
2026-02-10 20:00:00,69062.0,69136.91,68629.47,68753.7,425.90627,43.909308539416564,-228.93272358941613,-248.42525329143365,69225.8465,70308.61387068116,68143.07912931884
2026-02-10 21:00:00,68753.69,69005.45,68362.0,68656.21,402.88764,43.07596854595926,-249.31502567062853,-248.60320776727264,69134.316,70067.41547866243,68201.21652133758
2026-02-10 22:00:00,68656.22,68860.4,68566.8,68707.18,289.48213,43.677813165415714,-258.37688598303066,-250.55794341042426,69064.5305,69895.84066125086,68233.22033874913
2026-02-10 23:00:00,68707.18,68860.09,68506.2,68841.29,222.30327,45.31606148410769,-251.83393453567987,-250.8131416354754,69031.00349999999,69840.14756478694,68221.85943521305
2026-02-11 00:00:00,68841.28,69244.45,68784.47,69201.14,437.64105,49.555956844591506,-215.13180523036863,-243.67687435445407,68999.4795,69721.75316960097,68277.20583039903
2026-02-11 01:00:00,69201.14,69292.88,68914.73,68982.0,303.52695,47.15803046988896,-201.4061847748526,-235.2227364385338,68976.19750000001,69666.97785571138,68285.41714428864
2026-02-11 02:00:00,68982.0,69168.52,68603.4,68677.33,398.35346,43.972280506392345,-212.661425902028,-230.71047433123263,68963.9965,69667.36125084962,68260.63174915037
2026-02-11 03:00:00,68677.34,68751.91,68011.11,68187.99,778.71298,39.37176384375238,-258.09181224495114,-236.18674191397636,68927.413,69711.9185679074,68142.9074320926
2026-02-11 04:00:00,68188.0,68325.0,67368.0,67584.46,1295.18481,34.56806748538283,-338.88904584984994,-256.7272027011511,68849.536,69829.28476703737,67869.78723296261
2026-02-11 05:00:00,67584.47,67810.0,67397.86,67404.28,744.08532,33.26325580633679,-412.70307165598206,-287.92237649211734,68762.17499999999,69923.34546962359,67601.00453037639
2026-02-11 06:00:00,67404.28,67491.84,66557.99,66820.32,1841.79675,29.391124017880685,-512.4151081518794,-332.8209228240698,68657.10699999999,70102.90515045037,67211.3088495496
2026-02-11 07:00:00,66819.84,67254.6,66652.27,67032.72,1293.95919,32.47031207105816,-567.7539959118876,-379.8075374416334,68581.9925,70200.30611689108,66963.6788831089
2026-02-11 08:00:00,67032.71,67134.42,66793.93,66981.07,871.78483,32.103678516299155,-608.7607712690224,-425.5981842071112,68500.54000000001,70269.83552272835,66731.24447727167
2026-02-11 09:00:00,66981.08,67110.04,66716.02,66872.03,712.9704,31.30016610461996,-642.6494896112854,-469.0084452879461,68392.744,70285.1618648227,66500.32613517731
2026-02-11 10:00:00,66872.03,66891.64,66369.49,66531.99,1318.02907,28.873211093005665,-689.0025368639326,-513.0072636031434,68296.3235,70362.7368885857,66229.9101114143
2026-02-11 11:00:00,66531.99,67110.77,66500.84,67053.03,1011.30301,36.941549733346946,-675.9027016702603,-545.5863512165669,68184.3065,70265.98225349128,66102.63074650873
2026-02-11 12:00:00,67053.03,67424.24,66959.67,67133.5,1251.20611,38.109231266746555,-651.5174438784015,-566.7725697489338,68065.096,70097.75217089526,66032.43982910475
2026-02-11 13:00:00,67133.51,67674.3,66799.58,67454.49,1973.91228,42.669680890108324,-599.3814448234916,-573.2943447638454,67941.55500000001,69790.18059221667,66092.92940778335
2026-02-11 14:00:00,67454.49,68834.34,66435.62,66584.6,3127.14059,35.11763578778634,-621.096528813825,-582.8547815738414,67826.067,69712.27560023272,65939.85839976727
2026-02-11 15:00:00,66584.61,66818.18,65756.0,66519.73,2796.32516,34.62547706274911,-636.2065629508143,-593.525137849236,67698.95300000001,69577.09713299606,65820.80886700396
2026-02-11 16:00:00,66519.72,67250.0,65952.0,66039.09,1746.45856,31.14290771201928,-679.1363439646957,-610.647379072328,67563.2225,69511.47241089115,65614.97258910886
2026-02-11 17:00:00,66039.08,66921.12,65876.0,66518.26,1110.21085,37.853698332805834,-666.8069547993218,-621.8792942177269,67456.325,69386.59646106933,65526.05353893066
2026-02-11 18:00:00,66518.26,67305.28,66150.66,67275.34,935.25515,46.6934911658457,-589.1543911535409,-615.3343136048898,67384.73300000001,69223.71793961714,65545.74806038287
2026-02-11 19:00:00,67275.34,67860.44,67105.79,67586.67,1212.94694,49.85242559527526,-496.7660362612078,-591.6206581361533,67322.00200000001,69032.9191642662,65611.08483573381
2026-02-11 20:00:00,67586.66,67757.7,67190.0,67555.98,514.2706,49.54076372799193,-421.16905124572804,-557.5303367580683,67239.74399999999,68711.77352196637,65767.71447803361
2026-02-11 21:00:00,67555.98,68369.77,67417.04,67811.17,1823.53852,52.2158202142625,-336.78395983764494,-513.3810613739837,67181.20249999998,68439.03408430959,65923.37091569038
2026-02-11 22:00:00,67810.2,67872.68,67387.24,67433.14,541.63723,48.14405914489706,-296.9885297049477,-470.1025550401765,67118.993,68171.59288586228,66066.39311413773
2026-02-11 23:00:00,67433.54,67563.77,66787.7,67082.52,677.99621,44.665142614423885,-290.3949758436647,-434.1610392008742,67063.7195,67988.2749796859,66139.16402031411
2026-02-12 00:00:00,67082.52,67700.0,67055.53,67460.75,581.7604,48.95058850080706,-251.74754788004793,-397.678340936709,67057.53400000001,67968.98291102797,66146.08508897206
2026-02-12 01:00:00,67460.75,68047.48,67460.75,67699.01,549.26066,51.498767005971054,-199.5928103258775,-358.06123481454273,67072.27050000001,68016.27386631111,66128.26713368892
2026-02-12 02:00:00,67699.01,67800.0,67418.0,67439.14,554.16819,48.6465606635975,-177.18664488798822,-321.8863168292318,67103.2115,68052.99191285917,66153.43108714084
2026-02-12 03:00:00,67439.14,67596.0,67306.61,67580.99,415.78114,50.265749730087244,-146.2970663268061,-286.76846672874666,67130.625,68103.21424081812,66158.03575918188
2026-02-12 04:00:00,67581.0,67682.69,67000.0,67018.4,588.3789,44.29982960283298,-165.3076008862554,-262.4762935602484,67132.4915,68104.01496723475,66160.96803276526
2026-02-12 05:00:00,67018.4,67209.99,66670.45,67141.93,683.92376,45.82039880671347,-168.46380202673026,-243.6737952535448,67145.9865,68109.74355247112,66182.22944752888
2026-02-12 06:00:00,67141.92,67355.93,67014.0,67125.57,830.7495,45.64268694726415,-170.32186500541866,-229.00340920391957,67175.6655,68095.36106033016,66255.96993966984
2026-02-12 07:00:00,67125.57,67330.0,66935.64,67217.72,607.54971,46.89212068697061,-162.48562528780894,-215.69985242069745,67183.9,68101.91990723024,66265.88009276974
2026-02-12 08:00:00,67217.71,67344.0,66891.6,67141.15,783.02638,45.947057293258844,-160.6025813462329,-204.68039820580455,67184.2825,68102.22035929027,66266.34464070974
2026-02-12 09:00:00,67141.15,67699.1,67050.0,67550.47,644.02356,51.56653101936376,-124.64472547924379,-188.6732636604924,67189.0815,68113.944809763,66264.218190237
2026-02-12 10:00:00,67550.46,68026.6,67404.02,68014.01,843.40689,57.016421843664965,-58.07461361217429,-162.5535336508288,67260.552,68209.34249566529,66311.7615043347
2026-02-12 11:00:00,68014.0,68299.0,67740.0,68076.01,1397.59947,57.70199105841988,-0.31085515664017294,-130.10499795199107,67338.366,68286.60762080949,66390.1243791905
2026-02-12 12:00:00,68076.01,68162.02,67720.0,67865.31,829.25823,54.519562703120975,28.14121605674154,-98.45575515024456,67429.677,68182.75044925329,66676.6035507467
2026-02-12 13:00:00,67865.32,68397.5,67680.82,68376.58,960.32991,60.24870461407041,90.89709844834579,-60.585184430526496,67522.59300000001,68260.59811726357,66784.58788273645
2026-02-12 14:00:00,68376.58,68410.52,67493.78,67577.02,1431.75163,49.70385372211532,75.24638410047919,-33.41887072432536,67537.677,68266.6810196928,66808.6729803072
2026-02-12 15:00:00,67577.02,68000.0,67014.98,67134.74,1602.90239,45.01094815012226,26.84532432250853,-21.36603171495858,67515.08050000001,68265.3953060906,66764.76569390942
2026-02-12 16:00:00,67134.74,67232.04,65556.0,65863.37,3193.11571,34.8304291193442,-112.80149258983147,-39.65312388993316,67430.45,68482.50031300925,66378.39968699074
2026-02-12 17:00:00,65863.38,66265.06,65374.56,65413.99,2100.56023,32.06941129581173,-256.7738819930528,-83.07727551055709,67310.591,68678.73891873562,65942.44308126438
2026-02-12 18:00:00,65414.0,65800.0,65118.0,65590.95,1612.17039,34.27874976572876,-352.5300972577679,-136.96783985999926,67218.4815,68785.4867005081,65651.47629949189
2026-02-12 19:00:00,65590.95,66117.51,65274.4,65788.36,1027.63649,36.750106269959865,-407.7875297613791,-191.13177784027525,67153.7735,68846.27520722091,65461.27179277908
2026-02-12 20:00:00,65788.36,66042.24,65215.06,65428.56,894.16583,34.224078939495016,-475.13523295067716,-247.93246886235565,67052.164,68903.61048297184,65200.71751702818
2026-02-12 21:00:00,65428.24,65900.0,65428.24,65849.87,590.26423,39.470596510188955,-488.87710601408617,-296.1213962927018,66959.707,68859.20510847392,65060.20889152607
2026-02-12 22:00:00,65849.86,66399.94,65643.34,66288.0,642.82133,44.43420620189949,-459.1217403969349,-328.72146511354845,66902.15,68810.22261154097,64994.077388459016
2026-02-12 23:00:00,66288.01,66488.9,66156.47,66272.17,907.1379,44.29287835579103,-431.83976744450047,-349.34512557973886,66836.709,68736.51069308692,64936.90730691309
2026-02-13 00:00:00,66272.17,66527.09,65872.46,65918.6,765.38996,41.145076646820534,-433.74876564480655,-366.2258535927524,66781.719,68722.60079967199,64840.83720032802
2026-02-13 01:00:00,65918.61,66619.9,65918.61,66454.95,771.58544,47.267323515673944,-387.5156586433877,-370.4838146028795,66747.37,68685.72438616505,64809.01561383495
2026-02-13 02:00:00,66454.95,66759.61,66384.0,66663.08,476.45341,49.46416425756982,-330.27404308793484,-362.44186029989055,66724.24549999999,68654.62091559202,64793.87008440796
2026-02-13 03:00:00,66663.08,66814.0,66462.4,66553.08,569.96335,48.318454843947535,-290.43774550929083,-348.0410373417706,66691.0135,68608.45983598632,64773.567164013686
2026-02-13 04:00:00,66553.09,66671.62,66308.48,66329.22,462.15015,45.98413518975829,-273.7749169732124,-333.187813268059,66650.417,68562.10747791159,64738.726522088415
2026-02-13 05:00:00,66329.22,66502.27,66175.79,66175.79,484.2505,44.40085741748435,-269.8394824566494,-320.51814710577713,66581.683,68455.59534008618,64707.77065991383
2026-02-13 06:00:00,66175.79,66397.86,66002.98,66359.28,613.96613,46.761663770511596,-249.04369208092976,-306.22325610080765,66498.94649999999,68248.58383492575,64749.309165074235
2026-02-13 07:00:00,66359.28,66568.47,66050.21,66208.96,868.05316,45.07317014536585,-241.9039282015874,-293.3593905209636,66405.59400000001,67992.61473875705,64818.573261242964
2026-02-13 08:00:00,66208.96,66747.38,66191.52,66699.96,603.02656,51.26349272563112,-194.38526501176239,-273.56456541912337,66347.3265,67787.4649385273,64907.18806147269
2026-02-13 09:00:00,66699.96,67062.93,66612.86,66959.71,592.93469,54.203954082901284,-134.2195287233044,-245.6955580799596,66276.483,67401.15948532488,65151.80651467511
2026-02-13 10:00:00,66959.72,67116.0,66800.0,66977.66,516.91289,54.40866310413619,-84.11965523551044,-213.38037751106978,66246.515,67250.77463937124,65242.25536062875
2026-02-13 11:00:00,66977.66,67226.66,66783.38,67171.42,488.71065,56.66069875282705,-28.452350876294076,-176.39477218411466,66248.349,67259.54850635114,65237.14949364885
2026-02-13 12:00:00,67171.41,67212.28,66918.38,67084.0,405.35988,55.33267465168178,8.512202121681185,-139.41337732295548,66309.3805,67368.9333333195,65249.827666680496
2026-02-13 13:00:00,67084.01,67615.34,66938.0,67274.15,1624.06539,57.65740057053264,52.54469005888677,-101.02176384658704,66402.3885,67457.56563760481,65347.21136239519
2026-02-13 14:00:00,67274.14,68028.45,66867.47,67733.51,1724.03844,62.70693580798328,123.08838072126673,-56.19973493301629,66509.5165,67649.46738550608,65369.56561449392
2026-02-13 15:00:00,67733.51,69309.8,67692.0,68692.12,3133.0872,70.58924587873796,253.42525083314104,5.725262220215176,66654.70449999999,68105.27014903993,65204.13885096005
2026-02-13 16:00:00,68692.12,69482.97,68540.83,68954.69,1775.68698,72.31529510375455,373.59875019904575,79.2999598159813,66831.011,68495.46865858561,65166.55334141439
2026-02-13 17:00:00,68954.69,69250.25,68636.36,69047.99,921.29676,72.92337790929207,470.93697619570594,157.62736309192624,66990.917,68860.36393817837,65121.47006182164
2026-02-13 18:00:00,69048.0,69411.44,68903.27,69129.99,1063.59333,73.47481769183898,548.3736264643667,235.77661576641435,67133.0165,69199.19257351266,65066.84042648734
2026-02-13 19:00:00,69129.99,69236.33,68918.79,68938.91,560.0454,69.90224716041212,587.5512456040306,306.13154173393764,67266.3535,69440.0123832024,65092.69461679759
2026-02-13 20:00:00,68938.91,68973.35,68683.32,68777.12,555.3285,66.93458803552898,598.6438959772349,364.6340125825971,67409.2795,69585.71722487513,65232.841775124885
2026-02-13 21:00:00,68777.13,69079.4,68731.75,68902.48,463.4195,68.06586772321704,610.5127941787214,413.809768901822,67531.656,69756.84994032679,65306.46205967321
2026-02-13 22:00:00,68902.48,69000.0,68726.4,68995.28,544.04056,68.91375476171842,620.2572267391079,455.0992604692792,67648.266,69925.63204301498,65370.89995698502
2026-02-13 23:00:00,68995.29,69000.0,68829.2,68853.96,261.19072,66.0382203233047,609.5499049361097,485.98938936264534,67763.31,70040.19358827955,65486.426411720444
2026-02-14 00:00:00,68853.97,69137.5,68768.56,69090.24,447.10398,68.41150386487519,613.0630869430315,511.4041288787226,67901.361,70146.72638716955,65655.99561283046
2026-02-14 01:00:00,69090.25,69108.8,68921.54,68964.51,344.69001,65.777402149246,598.7993624533701,528.8831755936521,68040.797,70178.76232576191,65902.8316742381
2026-02-14 02:00:00,68964.51,69006.34,68845.6,68884.21,261.74234,64.08037130310255,574.3944573694171,537.9854319488052,68167.0435,70181.56118966102,66152.52581033898
2026-02-14 03:00:00,68884.21,69027.14,68852.0,68981.99,238.3937,65.25584769256707,556.528113416236,541.6939682422914,68305.69499999999,70125.02971155295,66486.36028844703
2026-02-14 04:00:00,68982.0,68995.11,68789.59,68790.0,489.78591,61.03250314926628,520.8726232715417,537.5296992481415,68410.197,70074.69644098029,66745.69755901971
2026-02-14 05:00:00,68790.01,68910.0,68760.0,68773.42,308.2603,60.667343604101085,485.6789187619288,527.1595431508989,68500.88249999999,70024.29235674402,66977.47264325597
2026-02-14 06:00:00,68773.41,68936.98,68730.13,68936.98,470.43757,63.017999884030175,465.61822242234484,514.8512790051881,68598.8485,69952.34075200267,67245.35624799732
2026-02-14 07:00:00,68936.98,69343.0,68884.56,69219.26,919.89001,66.71517345658984,467.113024749764,505.3036281541033,68701.24049999999,69901.1875984426,67501.29340155737
2026-02-14 08:00:00,69219.27,69870.99,69218.71,69746.2,1347.80343,72.28519647878191,504.99604053620715,505.2421106305241,68834.3505,69856.3717187868,67812.3292812132
2026-02-14 09:00:00,69746.2,69900.0,69566.78,69714.93,555.36385,71.52031959442829,526.4270524425519,509.4790989929297,68956.3895,69751.74831615125,68161.03068384876
2026-02-14 10:00:00,69714.94,69714.94,69585.15,69671.86,257.25533,70.41512237752197,533.7827791219752,514.3398350187389,69053.307,69674.58463931156,68432.02936068844
2026-02-14 11:00:00,69671.86,70560.01,69671.86,70505.74,1370.55448,77.62448342840801,599.9831600916368,531.4685000333185,69143.988,70020.35343021565,68267.62256978435
2026-02-14 12:00:00,70505.74,70533.67,69600.0,69640.2,1278.19574,61.00670882978437,575.9662145824987,540.3680429431546,69178.2635,70076.79729548091,68279.7297045191
2026-02-14 13:00:00,69640.2,69771.91,69064.6,69460.0,3393.7597,58.21259909755298,536.2108730629989,539.5366089671235,69198.864,70103.69208152783,68294.03591847217
2026-02-14 14:00:00,69460.0,69856.7,69208.09,69701.66,1680.0126,60.805162564954976,518.2305812962877,535.2754034329564,69227.4475,70158.84268229616,68296.05231770383
2026-02-14 15:00:00,69701.66,70048.39,69560.0,69778.28,751.6532,61.618238302628136,504.3498332591553,529.0902893981962,69269.416,70221.48257616904,68317.34942383095
2026-02-14 16:00:00,69778.28,69815.0,69283.02,69755.1,1006.67903,61.20457973683383,485.8779100590182,520.4478135303606,69318.31499999999,70264.36022960162,68372.26977039836
2026-02-14 17:00:00,69755.1,69930.9,69609.0,69739.38,685.87401,60.90596149000182,464.6145182633627,509.28115447696104,69360.16,70302.78951305011,68417.5304869499
2026-02-14 18:00:00,69739.38,69856.7,69672.55,69772.31,270.42048,61.3315724523655,445.2873079589335,496.48238517335557,69399.0115,70342.37120944864,68455.65179055135
2026-02-14 19:00:00,69772.3,69920.6,69619.52,69873.99,332.30706,62.682533751247014,433.18163255849504,483.8222346503835,69450.013,70379.49006853938,68520.53593146063
2026-02-14 20:00:00,69873.99,70028.59,69732.75,70023.09,434.13483,64.6337363492992,430.65460331247596,473.188708382802,69496.6555,70443.57586899045,68549.73513100954
2026-02-14 21:00:00,70023.1,70250.46,69668.05,69935.86,640.89584,62.572413414833186,416.8084738084726,461.9126614679362,69545.223,70476.73813231973,68613.70786768026
2026-02-14 22:00:00,69935.86,70100.0,69781.0,69959.75,292.90739,62.92119015902317,403.1161675154872,450.1533626774464,69599.0,70493.27738911586,68704.72261088414
2026-02-14 23:00:00,69959.74,70020.0,69723.18,69822.95,336.66314,59.501861254835575,376.88184016325977,435.4990581746091,69641.048,70491.16487215948,68790.93112784051
2026-02-15 00:00:00,69822.94,69864.74,69600.0,69777.07,292.27775,58.3564671691399,348.37298722162086,418.0738439840115,69690.4015,70441.30589990073,68939.49710009928
2026-02-15 01:00:00,69777.06,69902.7,69350.0,69717.65,400.20039,56.830655362071674,317.3268718146719,397.9244495501436,69737.613,70352.11007793728,69123.11592206272
2026-02-15 02:00:00,69717.65,69753.9,69341.27,69480.01,375.21945,51.07860611367237,270.4296945378446,372.42549854768384,69764.7645,70268.27505080025,69261.25394919976
2026-02-15 03:00:00,69480.0,69990.02,69251.5,69954.5,697.2437,59.82266810317299,268.4561260783521,351.6316240538175,69801.5265,70240.5755112203,69362.47748877971
2026-02-15 04:00:00,69954.5,70518.57,69459.35,70183.99,2275.16813,63.24449607338052,282.1574484980956,337.7367889426732,69823.416,70293.41341672959,69353.41858327041
2026-02-15 05:00:00,70184.0,70472.43,70132.54,70267.61,540.45783,64.43314505762663,296.3471746275318,329.4588660796449,69851.05,70357.74825008775,69344.35174991225
2026-02-15 06:00:00,70267.6,70540.99,70184.09,70405.12,505.71551,66.35977764663879,315.05676433433837,326.5784457305836,69887.713,70443.54917455233,69331.87682544767
2026-02-15 07:00:00,70405.12,70926.42,70307.11,70828.42,1425.80275,71.48112765101149,359.89240567917295,333.2412377203015,69903.84700000001,70547.07847498756,69260.61552501246
2026-02-15 08:00:00,70828.43,70983.0,70182.31,70446.52,898.37828,62.27041131573384,360.4537496880366,338.68374011384856,69944.163,70618.15716156612,69270.16883843388
2026-02-15 09:00:00,70446.52,70668.0,70370.3,70419.11,334.99126,61.65633299643987,354.5992613794515,341.8668443669692,69992.1185,70657.49371813357,69326.74328186642
2026-02-15 10:00:00,70419.12,70523.94,70208.16,70427.02,382.24903,61.773487460025706,346.602391492328,342.813953792041,70028.3865,70706.06142242614,69350.71157757385
2026-02-15 11:00:00,70427.02,70543.14,70267.6,70295.22,457.63561,58.562711642249205,325.8731926748733,339.4258015686075,70054.2335,70731.17572477646,69377.29127522354
2026-02-15 12:00:00,70295.22,70418.48,69309.87,69314.21,1027.34588,41.33945375967597,227.66150479594944,317.0729422140759,70032.18899999998,70775.59877077956,69288.77922922041
2026-02-15 13:00:00,69314.22,69620.06,68772.2,68930.0,1749.29694,36.77744986348994,117.47136181622045,277.1526261345048,69991.72,70876.8550889048,69106.5849110952
2026-02-15 14:00:00,68930.0,69219.71,68845.72,69170.51,629.32577,41.155173696329086,48.987331141892355,231.51956713598236,69961.62999999999,70916.35140335886,69006.90859664112
2026-02-15 15:00:00,69170.51,69255.6,68888.0,69099.99,446.59665,40.27458863582663,-10.852035695745144,183.04524656963687,69922.93,70952.42967108704,68893.43032891295
2026-02-15 16:00:00,69100.0,69100.0,68658.0,69017.75,1442.09011,39.220645705607645,-64.17151642956014,133.6018939697975,69872.663,70977.02410147755,68768.30189852245
2026-02-15 17:00:00,69017.76,69085.22,68203.6,68641.21,1194.71218,34.738282683926414,-135.252117956843,79.83109158446939,69807.9305,71040.97043625888,68574.89056374112
2026-02-15 18:00:00,68641.21,68800.0,68274.31,68451.44,2695.36643,32.70936018045849,-204.53906082913454,22.957061101748604,69732.515,71103.27029807083,68361.75970192917
2026-02-15 19:00:00,68451.45,68560.84,68000.0,68286.63,2807.35363,31.015133731202354,-269.6400096797588,-35.56235305455288,69655.699,71169.80800678488,68141.58999321511
2026-02-15 20:00:00,68286.64,68560.22,68120.0,68450.0,399.94279,34.62967734912881,-304.5398412900249,-89.3578507016473,69589.3455,71194.62772281733,67984.06327718266
2026-02-15 21:00:00,68450.0,68950.16,68450.0,68852.01,407.5596,42.59975608316361,-296.3433009129949,-130.75494074391682,69546.0635,71183.1441677294,67908.9828322706
2026-02-15 22:00:00,68852.01,69078.49,68801.06,68999.96,384.07496,45.24559757808893,-274.7420991826948,-159.5523724316724,69522.06100000002,71177.19660282938,67866.92539717065
2026-02-15 23:00:00,68999.96,68999.96,68319.64,68832.58,521.04745,42.83973855907496,-268.03936735203024,-181.249771415744,69465.965,71135.37688441339,67796.5531155866
2026-02-16 00:00:00,68832.59,69065.5,68700.0,68845.81,349.86984,43.09729222939668,-258.6779749792622,-196.73541212844765,69399.05600000001,71054.50583404436,67743.60616595566
2026-02-16 01:00:00,68845.81,69041.97,68454.54,68630.81,270.08273,39.94720060247764,-265.5466507558158,-210.4976598539213,69317.216,70953.59855600113,67680.83344399887
2026-02-16 02:00:00,68630.81,68734.0,68243.68,68320.48,683.734,35.871580474774035,-292.6575887487852,-226.9296456328941,69212.98400000001,70822.95057203138,67603.01742796865
2026-02-16 03:00:00,68320.49,68463.96,68143.22,68424.82,453.41167,38.156207026892446,-302.23980411364755,-241.99167732904482,69092.804,70546.26941228213,67639.33858771788
2026-02-16 04:00:00,68424.82,68894.52,68417.17,68870.07,465.20741,46.856822585458254,-270.7843910335505,-247.75022006994598,69013.9815,70322.05133503431,67705.91166496568
2026-02-16 05:00:00,68870.07,68900.0,68293.28,68385.29,353.88428,40.22182087655746,-281.7258834519016,-254.54535274633713,68912.2905,70067.73687119319,67756.84412880681
2026-02-16 06:00:00,68385.29,68527.8,68228.76,68450.8,240.56615,41.42880042418967,-281.8618574725115,-260.008653691572,68813.4795,69738.54715082246,67888.41184917754
2026-02-16 07:00:00,68450.8,68672.59,68380.0,68587.9,362.20306,43.978149003363406,-267.81953674824035,-261.57083030290573,68728.1135,69339.3068754982,68116.92012450182
2026-02-16 08:00:00,68587.89,68798.7,68542.63,68762.85,301.81895,47.139945301256695,-239.80951866800024,-257.21856797592466,68700.54550000001,69246.70819030603,68154.38280969398
2026-02-16 09:00:00,68762.86,69060.77,68748.02,68992.71,453.08481,51.04900326925282,-196.7950655433815,-245.13386748941605,68703.68100000001,69256.07466218897,68151.28733781105
2026-02-16 10:00:00,68992.7,68992.71,68690.85,68798.22,358.68374,47.82623378829599,-176.3664761660475,-231.38038922474234,68685.0665,69194.65610075751,68175.4768992425
2026-02-16 11:00:00,68798.21,68918.22,68338.9,68812.83,495.50759,48.09133970390284,-157.18582664060523,-216.54147670791494,68670.70850000001,69146.10891261656,68195.30808738346
2026-02-16 12:00:00,68812.84,69848.48,68807.54,69763.24,1602.28029,61.718413862888866,-64.55077841821185,-186.14333704997432,68707.98300000001,69375.8824381076,68040.08356189242
2026-02-16 13:00:00,69763.24,70126.67,68225.0,68395.1,1720.62066,43.866055113722645,-100.37721324776066,-168.9901122895316,68695.6775,69377.67680758123,68013.67819241878
2026-02-16 14:00:00,68395.11,68718.3,68260.39,68427.64,1092.6004,44.27888614081079,-124.70667400312959,-160.1334246322512,68694.4875,69378.36165537024,68010.61334462976
2026-02-16 15:00:00,68427.64,68607.22,67294.11,67539.52,2148.07022,36.408614775537735,-213.1942381390545,-170.74558733361187,68657.13200000001,69498.33312808268,67815.93087191734
2026-02-16 16:00:00,67539.53,67974.86,67513.94,67888.7,895.58119,40.859442908504526,-252.237722996113,-187.04401446611212,68629.06700000001,69534.37567590369,67723.75832409633
2026-02-16 17:00:00,67888.7,68074.12,67600.93,67951.86,501.76328,41.65491375795656,-274.91443935994175,-204.61809944487806,68584.0595,69531.23427764035,67636.88472235965
2026-02-16 18:00:00,67951.85,68245.34,67830.82,67860.13,606.24788,40.796656692191725,-296.8656622733688,-223.06761201057623,68527.068,69505.52600875561,67548.60999124439
2026-02-16 19:00:00,67860.13,68130.0,67824.91,67913.43,262.97624,41.55024532594263,-306.42897752151475,-239.73988511276394,68481.1105,69485.15783926353,67477.06316073646
2026-02-16 20:00:00,67913.44,68549.14,67827.11,68530.0,457.58536,49.5501983038972,-261.24446408319636,-244.04080090685045,68465.31999999999,69455.04885097465,67475.59114902533
2026-02-16 21:00:00,68530.0,68933.85,68427.18,68862.88,534.27425,53.268974557632326,-196.3118172117829,-234.49500416783695,68476.9235,69480.17079405648,67473.67620594353
2026-02-16 22:00:00,68862.89,68890.0,68509.07,68591.02,556.75779,50.0257537354838,-164.88832673175784,-220.57366868062115,68490.4505,69492.11051480073,67488.79048519928
2026-02-16 23:00:00,68591.01,68978.88,68538.57,68892.43,348.95355,53.41239790551104,-114.34561109376955,-199.32805716325083,68513.83099999999,69530.75416433087,67496.90783566912
2026-02-17 00:00:00,68892.43,69042.74,68704.36,68878.27,476.69143,53.22989524206398,-74.5731061227707,-174.37706695515482,68514.24100000001,69531.77533955508,67496.70666044494
2026-02-17 01:00:00,68878.27,68996.67,68563.16,68618.11,499.89142,49.85909165555391,-63.31597993611649,-152.16484955134715,68525.88200000001,69542.531479414,67509.23252058603
2026-02-17 02:00:00,68618.12,69241.5,68387.2,68838.48,625.65656,52.59736590548359,-36.1953713290568,-128.9709539068891,68545.266,69570.63393834938,67519.89806165063
2026-02-17 03:00:00,68838.48,68860.68,68470.0,68474.9,367.85689,47.94513279401162,-43.53808115169522,-111.88437935585033,68539.61600000001,69565.2400676548,67513.99193234522
2026-02-17 04:00:00,68474.9,68707.49,68288.0,68481.67,329.69022,48.03729706098794,-48.254699033801444,-99.15844329144056,68525.557,69545.99227031262,67505.12172968738
2026-02-17 05:00:00,68481.68,68510.76,67892.0,68245.71,633.07748,45.04385288212796,-70.22316376726667,-93.37138738660579,68488.20700000001,69491.1815903551,67485.23240964492
2026-02-17 06:00:00,68245.71,68519.99,68242.49,68400.0,230.38739,47.354012318539866,-74.32662572347908,-89.56243505398045,68468.296,69461.11697750488,67475.47502249513
2026-02-17 07:00:00,68400.01,68480.0,68165.02,68388.12,314.74756,47.18952416722377,-77.64225402849843,-87.17839884888406,68447.06049999999,69426.93693454513,67467.18406545486
2026-02-17 08:00:00,68388.12,68479.17,68130.78,68177.53,285.96667,44.25494627162341,-96.15435877996788,-88.97359083510082,68367.775,69132.1590426527,67603.39095734729
2026-02-17 09:00:00,68177.53,68308.37,67992.03,68126.28,404.18575,43.54523534061461,-113.65068747381156,-93.90901016284297,68354.334,69126.1130864619,67582.5549135381
2026-02-17 10:00:00,68126.29,68194.46,67704.96,67845.3,504.39951,39.77874406890993,-148.4778317499149,-104.82277448025737,68325.217,69128.64254781188,67521.79145218813
2026-02-17 11:00:00,67845.3,67935.73,67690.0,67854.6,507.67784,39.96384194665609,-173.3301204932941,-118.52424368286471,68340.97099999999,69090.04575787763,67591.89624212236
2026-02-17 12:00:00,67854.6,68299.4,67827.52,67919.49,607.94036,41.31911802386274,-185.64960460286238,-131.94931586686425,68342.5105,69087.78847582547,67597.23252417454
2026-02-17 13:00:00,67919.49,68360.5,67734.36,68136.34,716.87733,45.72826824395862,-175.88738155932515,-140.73692900535644,68351.73449999999,69081.05044616784,67622.41855383215
2026-02-17 14:00:00,68136.35,68337.6,66734.3,66875.06,2328.63639,31.093985980798152,-266.8494303820771,-165.9594292807006,68302.481,69266.78142912217,67338.18057087783
2026-02-17 15:00:00,66875.06,67409.99,66621.06,67392.05,2309.0413,39.62325281138469,-293.83360617903236,-191.53426466036694,68276.41200000001,69310.65108755382,67242.1729124462
2026-02-17 16:00:00,67392.06,68158.1,67317.6,67517.36,1448.76651,41.51299359792064,-301.630284012208,-213.55346853073516,68225.78,69305.87949883229,67145.6805011677
2026-02-17 17:00:00,67517.36,67714.28,66881.08,67244.22,1144.38591,38.67173696507245,-326.09035600101925,-236.060846024792,68144.847,69265.74715695696,67023.94684304303
2026-02-17 18:00:00,67244.22,68227.41,67127.86,68098.62,824.93415,50.16237976923497,-273.3808356959489,-243.5248439590234,68120.227,69221.31977972903,67019.13422027096
2026-02-17 19:00:00,68098.63,68235.39,67695.45,67793.32,785.88027,46.78890990477358,-253.3231678136799,-245.4845087299547,68065.2715,69112.48271323045,67018.06028676956
2026-02-17 20:00:00,67793.32,67928.08,67484.16,67753.3,471.88623,46.348889315967064,-237.91407568012073,-243.97042211998794,68009.023,68991.19841311047,67026.84758688953
2026-02-17 21:00:00,67753.3,67926.29,67538.0,67680.54,253.25027,45.510886163891996,-228.93437015463132,-240.96321172691663,67962.1445,68910.84308865364,67013.44591134635
2026-02-17 22:00:00,67680.55,67788.42,67513.42,67527.72,176.97341,43.7228077811136,-231.48081887220906,-239.06673315597513,67896.6065,68768.38555896035,67024.82744103964
2026-02-17 23:00:00,67527.72,67617.46,67394.0,67503.52,240.26836,43.43180376596835,-232.76842605696584,-237.8070717361733,67848.0375,68691.95176671303,67004.12323328698
2026-02-18 00:00:00,67503.52,67627.97,67290.3,67302.65,186.99827,40.99295664291707,-247.14842113267514,-239.67534161547368,67789.0865,68611.06890440873,66967.10409559128
2026-02-18 01:00:00,67302.65,67378.26,66892.03,67165.2,545.6883,39.36406930577144,-266.5629651819472,-245.0528663287684,67735.061,68572.56554498352,66897.55645501649
2026-02-18 02:00:00,67165.21,67421.99,67153.36,67335.04,250.64041,42.40925926246305,-265.18754567430005,-249.07980219787476,67681.813,68475.58902372763,66888.03697627236
2026-02-18 03:00:00,67335.04,67705.65,67326.98,67629.11,243.56061,47.34050302150207,-237.62928200679016,-246.78969815965786,67643.8625,68364.67855861808,66923.04644138193
2026-02-18 04:00:00,67629.1,67900.0,67500.1,67823.54,328.68469,50.366548963928174,-197.81993831279397,-236.9957461902851,67626.163,68308.14194112617,66944.18405887383
2026-02-18 05:00:00,67823.55,67938.0,67606.45,67654.8,311.88419,47.799345932105496,-177.83666404183896,-225.1639297605959,67602.589,68243.1136133112,66962.06438668881
2026-02-18 06:00:00,67654.81,67976.51,67614.91,67850.52,264.75627,50.92391262491861,-144.54063247295562,-209.03927030306784,67602.85,68243.79514832936,66961.90485167065
2026-02-18 07:00:00,67850.53,68219.81,67702.7,68106.44,528.49446,54.73889641221668,-96.39154070278164,-186.50972438301062,67615.44200000001,68286.40429423639,66944.47970576363
2026-02-18 08:00:00,68106.44,68476.22,68071.58,68132.82,532.69792,55.12612869042591,-55.4650267437828,-160.30078485516506,67626.1085,68323.67777224364,66928.53922775637
2026-02-18 09:00:00,68132.83,68276.0,68010.11,68157.79,339.37122,55.514097889829806,-20.776105246055522,-132.39584893334316,67627.181,68328.11117209434,66926.25082790565
2026-02-18 10:00:00,68157.8,68184.41,67731.95,67801.26,395.11187,48.99989765818809,-21.80255016668525,-110.27718918001159,67673.491,68281.40632163496,67065.57567836503
2026-02-18 11:00:00,67801.26,67805.08,67076.9,67369.75,654.97357,42.49974430361543,-56.78073293736088,-99.57789793148146,67672.376,68282.54243560729,67062.20956439272
2026-02-18 12:00:00,67369.75,67689.76,67345.0,67458.06,459.50762,44.13312168831796,-76.49354584387038,-94.96102751395925,67669.411,68283.31399062603,67055.50800937395
2026-02-18 13:00:00,67458.06,67599.7,67051.81,67236.88,549.44565,40.992324049344326,-108.71032466414908,-97.71088694399722,67669.04400000001,68284.02507368792,67054.0629263121
2026-02-18 14:00:00,67236.89,67362.26,66717.3,67223.76,1553.71672,40.80680837837772,-133.75913627930277,-104.92053681105834,67625.301,68236.06953650445,67014.53246349556
2026-02-18 15:00:00,67223.77,68347.72,67192.25,67694.01,1767.46696,49.60934285584807,-114.34713243044098,-106.80585593493487,67620.3355,68226.95319685224,67013.71780314777
2026-02-18 16:00:00,67694.01,67706.94,66994.23,67145.34,1029.31402,41.79901720781713,-141.60374329038314,-113.76543340602453,67589.9375,68228.58562679315,66951.28937320685
2026-02-18 17:00:00,67145.35,67486.97,67057.13,67187.39,676.97648,42.545583801261834,-157.99050401209388,-122.6104475272384,67565.28,68226.86742469479,66903.6925753052
2026-02-18 18:00:00,67187.4,67229.76,66200.0,66359.99,1304.49131,33.452667588581264,-235.03209142641572,-145.0947763070739,67506.8935,68360.64049633258,66653.14650366743
2026-02-18 19:00:00,66360.0,66619.0,65870.0,66177.14,1301.14212,31.833480762749744,-307.300205880063,-177.53586222167172,67440.5745,68481.0670433191,66400.08195668091
2026-02-18 20:00:00,66177.15,66550.0,66141.9,66268.39,682.91387,33.561732869130125,-353.1393245445506,-212.65655468624752,67388.8615,68553.60462752436,66224.11837247564
2026-02-18 21:00:00,66268.4,66504.2,66053.6,66342.76,909.37392,35.007990076631984,-379.096134614505,-245.944470671899,67347.7395,68600.4804638017,66094.9985361983
2026-02-18 22:00:00,66342.76,66477.7,66232.02,66408.82,352.09134,36.33374131233731,-389.84273926060996,-274.72412438964125,67301.42850000001,68622.74953012555,65980.10746987446
2026-02-18 23:00:00,66408.83,66502.49,66275.71,66461.0,323.1366,37.41964248280403,-389.65728433363256,-297.71075637843956,67243.023,68605.9683289929,65880.07767100711
2026-02-19 00:00:00,66461.0,66597.03,66345.0,66446.49,297.42224,37.22948386668936,-386.2289389141224,-315.41439288557615,67174.1705,68552.67818696378,65795.66281303621
2026-02-19 01:00:00,66446.49,66884.16,66446.48,66866.62,415.14671,45.815512104987825,-345.62680003656715,-321.45687431577437,67134.7615,68500.42058996325,65769.10241003674
2026-02-19 02:00:00,66866.63,66958.9,66639.99,66835.2,362.58869,45.31628508480049,-312.3836792631191,-319.64223530524333,67083.99549999999,68412.60781043491,65755.38318956507
2026-02-19 03:00:00,66835.2,66997.07,66727.27,66980.91,262.07528,48.13855170638385,-271.1549814575701,-309.9447845357087,67027.719,68266.27874634558,65789.15925365442
2026-02-19 04:00:00,66980.91,67070.56,66759.0,66802.75,389.01702,45.07529009365476,-249.97540361608844,-297.9509083517847,66961.21549999999,68087.69601685311,65834.73498314687
2026-02-19 05:00:00,66802.74,66893.06,66679.76,66871.35,253.79395,46.487327825277475,-225.060630052365,-283.37285269190073,66896.8935,67872.50030883835,65921.28669116166
2026-02-19 06:00:00,66871.34,67290.4,66865.43,67150.12,468.59633,51.899086892950585,-180.73765213147271,-262.8458125798151,66864.3365,67752.40202566395,65976.27097433606
2026-02-19 07:00:00,67150.12,67320.0,67028.7,67206.45,481.75258,52.93484818969025,-139.45842268197157,-238.16833460024642,66856.17150000001,67727.51677464215,65984.82622535787
2026-02-19 08:00:00,67206.45,67206.45,66785.56,66966.12,559.76369,48.16913278299286,-124.6995002052281,-215.47456772124278,66831.5745,67657.99620315104,66005.15279684897
2026-02-19 09:00:00,66966.12,67191.83,66754.23,66836.0,463.29328,45.766670897681244,-122.09510794903326,-196.7986757668009,66811.5305,67615.70811161201,66007.35288838798
2026-02-19 10:00:00,66836.01,66958.4,66741.77,66843.08,368.25421,45.92470850087808,-118.0984461192711,-181.05862983729494,66792.4965,67573.27197072333,66011.72102927665
2026-02-19 11:00:00,66843.08,66936.42,66478.02,66496.02,488.02461,39.801859848655845,-141.30700512877956,-173.10830489559189,66732.597,67397.35842405974,66067.83557594025
2026-02-19 12:00:00,66496.03,66680.7,66325.34,66516.67,484.41025,40.31177271883921,-156.23271939401457,-169.73318779527642,66701.1635,67342.80091256178,66059.52608743821
2026-02-19 13:00:00,66516.67,66556.59,65763.0,65913.37,1377.50527,31.829061443708483,-214.27272094774526,-178.6410944257702,66637.4625,67327.0259385556,65947.89906144439
2026-02-19 14:00:00,65913.38,66662.3,65631.83,66421.2,1506.37269,42.74974715825093,-216.79314699757379,-186.27150494013094,66640.523,67325.42873957066,65955.61726042934
2026-02-19 15:00:00,66421.2,66755.39,65966.0,66398.0,1083.30553,42.41545279165579,-218.14797484860173,-192.6467989218251,66651.566,67311.68720678428,65991.44479321573
2026-02-19 16:00:00,66398.01,66514.95,65899.25,66293.53,940.96239,40.865767673465854,-225.0572220270551,-199.12888354287114,66652.823,67309.96103174868,65995.68496825133
2026-02-19 17:00:00,66293.53,67049.99,66173.15,66369.42,899.04062,42.508992235642346,-221.8517920725426,-203.67346524880543,66654.156,67308.74900723426,65999.56299276574
2026-02-19 18:00:00,66369.42,67073.13,66228.49,67030.49,865.51701,54.39678000239495,-164.0772610019485,-195.75422439943407,66685.2395,67349.74578630112,66020.73321369887
2026-02-19 19:00:00,67030.5,67198.1,66700.0,67050.0,706.47789,54.69452625309497,-115.38613539391372,-179.68060659833,66714.68950000001,67389.4793995493,66039.89960045072
2026-02-19 20:00:00,67050.0,67166.98,66823.03,67149.11,444.88336,56.256970538285664,-68.01666506972106,-157.34781829260822,66749.8205,67438.82865766852,66060.81234233148
2026-02-19 21:00:00,67149.11,67168.86,66900.92,66916.51,265.40447,51.74659637407317,-48.68369925938896,-135.6149944859644,66752.31499999999,67443.46156255734,66061.16843744264
2026-02-19 22:00:00,66916.51,67000.0,66652.34,66915.14,854.02212,51.72029413290624,-33.091276481951354,-115.11025088516179,66756.312,67450.39518918374,66062.22881081628
2026-02-19 23:00:00,66915.15,67023.61,66814.76,67003.73,304.63969,53.37080248142052,-13.4308737192041,-94.77437545197026,66757.45300000001,67453.16389982769,66061.74210017233
2026-02-20 00:00:00,67003.73,67486.62,66949.41,67228.91,595.00262,57.360962385038164,20.08871105182334,-71.80175815121154,66778.761,67505.71631376754,66051.80568623246
2026-02-20 01:00:00,67228.91,67355.79,67150.0,67279.9,313.31598,58.23254832961597,50.189141159600695,-47.4035782890491,66799.1885,67559.30290320322,66039.07409679679
2026-02-20 02:00:00,67279.91,67347.76,67181.28,67242.03,232.09759,57.29580496374253,70.17917453566042,-23.8870277241072,66803.78400000001,67573.87754965837,66033.69045034166
2026-02-20 03:00:00,67242.03,67488.67,67241.24,67366.25,332.50492,59.59197155939415,94.95040667318972,-0.11954084464781438,66811.774,67602.4979386418,66021.05006135821
2026-02-20 04:00:00,67366.25,67402.23,67115.38,67264.83,362.39174,56.90182574560712,105.18552693280799,20.941472710843346,66826.7095,67640.65199339551,66012.76700660448
2026-02-20 05:00:00,67264.83,68006.0,67203.19,67790.1,1107.38598,65.57065584328952,153.9076806754456,47.5347143037638,66874.4145,67795.44434907753,65953.38465092247
2026-02-20 06:00:00,67790.11,67894.2,67660.12,67847.47,482.66553,66.36637932832963,194.90289878519252,77.00835120004955,66924.63399999999,67942.86994725296,65906.39805274703
2026-02-20 07:00:00,67847.47,67990.0,67767.4,67825.91,459.03505,65.75136281769244,223.08065771694237,106.22281250342812,66991.12849999999,68063.75235685476,65918.50464314522
2026-02-20 08:00:00,67825.91,67950.85,67747.33,67879.99,290.00035,66.58776806201709,246.92909382907965,134.36406876855844,67059.2945,68177.28245151561,65941.3065484844
2026-02-20 09:00:00,67879.99,68230.01,67879.99,68218.85,996.7879,71.31490377181896,289.8313261809817,165.4575202510431,67174.5685,68270.27064259333,66078.86635740666
2026-02-20 10:00:00,68218.85,68318.39,67843.42,67948.99,638.74258,63.59806576805237,298.6139717423939,192.08881054931328,67250.958,68338.50788548743,66163.40811451257
2026-02-20 11:00:00,67948.99,67983.91,67280.6,67318.41,1489.10389,49.9867442317208,251.78927556693088,204.02890355283682,67296.9785,68307.74030471624,66286.21669528376
2026-02-20 12:00:00,67318.41,67594.0,67276.41,67541.77,603.15784,53.76167001806012,230.05175832899113,209.2334745080677,67359.39050000001,68257.09471858828,66461.68628141173
2026-02-20 13:00:00,67541.78,67541.78,66280.2,66801.62,7078.59491,42.353590287863206,151.3559626772767,197.6579721419095,67381.0005,68195.29678671352,66566.70421328647
2026-02-20 14:00:00,66801.62,67317.5,66532.87,67069.65,5263.48808,46.7594501109562,109.35616878858127,179.99761147124389,67382.9585,68193.8874604941,66572.0295395059
2026-02-20 15:00:00,67069.65,68083.98,66536.64,67582.95,3143.21056,54.008895638226015,116.15113176709565,167.22831553041425,67409.606,68209.41662262769,66609.79537737231
2026-02-20 16:00:00,67582.95,67921.7,67283.24,67795.47,1312.90303,56.64129506066964,137.1043234822573,161.20351712078286,67441.924,68249.6113679083,66634.23663209169
2026-02-20 17:00:00,67795.48,67795.48,66952.11,67613.37,6085.1555,53.79975944164493,137.43170361826196,156.4491544202787,67476.767,68248.33517304469,66705.19882695533
2026-02-20 18:00:00,67613.38,68000.0,67466.11,67924.21,1321.6326,57.70066229666088,160.91837804256647,157.34299914473627,67527.2205,68275.78081711954,66778.66018288046
2026-02-20 19:00:00,67924.22,68000.0,67548.85,67646.03,854.45567,53.3585726306186,155.29479386738967,156.93335808926696,67559.3355,68267.34576366916,66851.32523633084
2026-02-20 20:00:00,67646.03,67885.55,67520.3,67750.4,685.93834,54.734882135359655,157.44492257495585,157.03567098640474,67585.41,68280.47532446418,66890.34467553583
2026-02-20 21:00:00,67750.4,67840.0,67639.29,67825.87,451.92527,55.75165662623982,163.35565107718867,158.29966700456154,67612.7085,68300.09570636447,66925.32129363551
2026-02-20 22:00:00,67825.87,68116.6,67639.31,68078.13,669.63597,59.061811632507656,186.24826570341247,163.88938674433174,67654.5135,68348.64560122989,66960.38139877011
2026-02-20 23:00:00,68078.13,68233.99,67914.0,68020.01,582.73901,57.98551317429717,197.4252342487016,170.59655624520573,67687.2015,68385.73587025033,66988.66712974967
2026-02-21 00:00:00,68020.0,68051.16,67787.19,67841.0,537.54494,54.680344941975314,189.65225821724744,174.40769663961407,67716.01000000001,68388.2288657753,67043.79113422472
2026-02-21 01:00:00,67841.0,68005.99,67841.0,67951.24,250.62697,56.33113763655085,190.1951145092171,177.5651802135347,67724.06700000001,68403.84513508528,67044.28886491474
2026-02-21 02:00:00,67951.25,68099.54,67913.3,68001.05,224.56497,57.09165602053559,192.426410868924,180.53742634461256,67731.746,68420.80010795487,67042.69189204513
2026-02-21 03:00:00,68001.04,68001.04,67534.69,67667.77,569.35853,50.725965056322295,165.39524521490966,177.508990118672,67723.839,68411.97218542961,67035.7058145704
2026-02-21 04:00:00,67667.77,67846.88,67593.99,67816.97,228.62441,53.23956252369982,154.23412972856022,172.85401804064963,67720.68800000001,68406.383383736,67034.99261626402
2026-02-21 05:00:00,67816.98,67888.4,67799.7,67851.93,141.24714,53.833839147740896,146.520844037208,167.58738323996133,67702.342,68350.52550659685,67054.15849340316
2026-02-21 06:00:00,67851.93,67924.39,67750.96,67793.38,228.15051,52.627517490063646,134.13726300794224,160.89735919355752,67694.5615,68333.9552563694,67055.16774363059
2026-02-21 07:00:00,67793.39,67884.74,67749.59,67856.01,118.21011,53.81959824020132,127.90252273707301,154.29839190226062,67721.44149999999,68339.08400666717,67103.7989933328
2026-02-21 08:00:00,67856.01,68079.41,67807.3,68055.03,293.16321,57.481110073192845,137.43641542813566,150.92599660743562,67747.1045,68375.8657569657,67118.34324303431
2026-02-21 09:00:00,68055.04,68314.54,67978.9,68147.53,599.79254,59.10408697086642,150.71867989630846,150.8845332652102,67814.4,68285.38873975711,67343.41126024288
2026-02-21 10:00:00,68147.54,68250.0,68139.65,68215.54,212.21766,60.30384747634076,164.83271980844438,153.67417057385703,67871.69450000001,68225.41217187699,67517.97682812304
2026-02-21 11:00:00,68215.55,68283.34,68084.0,68092.45,279.32431,57.04213904664983,164.19314743409632,155.7779659459049,67897.16949999999,68236.42006758775,67557.91893241223
2026-02-21 12:00:00,68092.45,68218.2,67915.0,68203.42,307.88407,59.18543800210942,170.67321868002182,158.7570164927283,67917.567,68279.37748294903,67555.75651705096
2026-02-21 13:00:00,68203.42,68260.0,68106.89,68259.99,202.25945,60.27357814068007,178.317910184036,162.66919523098986,67949.898,68312.81577997844,67586.98022002156
2026-02-21 14:00:00,68259.99,68644.0,68180.53,68450.01,880.51744,63.767886130856404,197.43351851128682,169.62205988704926,67976.188,68401.99944914681,67550.37655085318
2026-02-21 15:00:00,68450.01,68698.7,68417.0,68615.0,427.6444,66.52142778922658,223.32177553679503,180.36200301699841,68024.6365,68508.78076447228,67540.49223552771
2026-02-21 16:00:00,68615.01,68630.76,68101.78,68322.6,658.4992,58.095039642503544,217.73426436832233,187.83645528726322,68053.2465,68536.78289699761,67569.71010300238
2026-02-21 17:00:00,68322.61,68474.01,68200.0,68437.45,212.23015,60.22619613045929,220.0371058817109,194.27658540615275,68083.8255,68583.8878384596,67583.76316154041
2026-02-21 18:00:00,68437.45,68644.0,68383.08,68574.0,320.28262,62.65781245588794,230.2266585673351,201.46660003838923,68108.61899999999,68654.5591114306,67562.67888856938
2026-02-21 19:00:00,68573.99,68658.5,68526.81,68543.51,219.15242,61.750022349924414,233.15401000402926,207.80408203151725,68134.794,68712.14117996737,67557.44682003262
2026-02-21 20:00:00,68543.51,68605.63,68190.0,68211.19,369.37236,52.77523564537045,206.2806356594956,207.49939275711293,68153.3035,68714.50255317517,67592.10444682481
2026-02-21 21:00:00,68211.19,68390.93,68183.1,68379.95,170.62817,56.25250199418404,196.33755734786973,205.2670256752643,68174.73899999999,68736.19109418875,67613.28690581123
2026-02-21 22:00:00,68379.95,68437.56,67900.0,67972.0,378.72918,47.2041332667396,153.76691129348183,194.96700279890783,68173.2865,68736.7771612223,67609.7958387777
2026-02-21 23:00:00,67972.0,68124.54,67941.02,67975.93,202.81655,47.29209110137407,118.97501582303084,179.76860540373244,68188.69450000001,68709.19683269969,67668.19216730034
2026-02-22 00:00:00,67975.93,68060.4,67809.78,67946.0,294.60551,46.654608980223564,87.97298927696829,161.40948217837962,68195.146,68699.18689256154,67691.10510743844
2026-02-22 01:00:00,67946.0,68171.46,67945.99,68159.31,265.09117,51.656213377210435,79.69729338728939,145.06704442016158,68210.51499999998,68688.56689644456,67732.4631035554
2026-02-22 02:00:00,68159.32,68222.16,67872.76,67909.68,289.41881,46.197377893280645,52.39175052913197,126.53198564195566,68216.33,68675.47301843595,67757.18698156405
2026-02-22 03:00:00,67909.67,68062.03,67824.9,68041.43,265.36653,49.24588511048608,40.9114334689948,109.40787520736349,68225.601,68660.98321751946,67790.21878248053
2026-02-22 04:00:00,68041.42,68086.0,67966.52,67983.5,199.56269,47.95913932534156,26.829459322529146,92.89219203039663,68222.0245,68664.42502320869,67779.6239767913
2026-02-22 05:00:00,67983.5,68011.75,67881.81,67977.52,154.76424,47.820234654863974,15.01378773401666,77.31651117112064,68213.524,68668.31126291653,67758.73673708348
2026-02-22 06:00:00,67977.52,68178.79,67972.89,68038.13,303.09242,49.419271001913714,10.420383637785562,63.937285664453626,68204.65349999999,68666.14642849748,67743.16057150249
2026-02-22 07:00:00,68038.14,68095.57,67990.5,68005.3,266.37265,48.551372364990506,4.083894575058366,51.96660744657458,68200.296,68667.85564909138,67732.73635090863
2026-02-22 08:00:00,68005.3,68019.46,67912.02,67950.1,183.6609,47.05502788766345,-5.33055007038638,40.50717594318239,68187.63,68668.37215626468,67706.88784373533
2026-02-22 09:00:00,67950.11,68101.46,67948.74,68053.32,173.06503,50.148979976663206,-4.411718381539686,31.523397078237977,68177.29650000001,68660.36877984893,67694.2242201511
2026-02-22 10:00:00,68053.33,68153.2,68012.78,68129.56,204.92643,52.36327007398521,2.4402633505378617,25.706770332697957,68161.274,68627.21416808745,67695.33383191256
2026-02-22 11:00:00,68129.57,68245.0,68129.56,68219.97,171.48901,54.92043339169922,14.993009569690912,23.56401818009655,68141.52249999999,68557.26575159501,67725.77924840497
2026-02-22 12:00:00,68219.97,68232.4,67871.59,67928.22,372.42816,46.285808798965235,1.3834174670773791,19.127898037492717,68121.80350000001,68538.7936575772,67704.81334242281
2026-02-22 13:00:00,67928.23,68040.8,67571.08,67652.38,679.59468,39.8987633989024,-31.299464293842902,9.042425571225593,68082.55,68521.65021008205,67643.44978991796
2026-02-22 14:00:00,67652.38,67682.47,67353.75,67443.89,825.57077,35.86979626456339,-73.18070254763006,-7.402200052545539,68026.0445,68489.06633336986,67563.02266663015
2026-02-22 15:00:00,67443.89,67813.2,67303.5,67684.14,653.6397,43.01124479259791,-85.99442821601406,-23.120645685239243,67983.076,68401.23011158702,67564.92188841298
2026-02-22 16:00:00,67684.15,67718.13,67513.83,67632.76,299.2772,41.93571334656112,-99.15236794803059,-38.326990137797516,67954.1545,68385.67746506339,67522.63153493662
2026-02-22 17:00:00,67632.76,67635.22,67190.0,67384.49,691.10182,37.10719333508029,-128.13636781844252,-56.288865673926516,67904.3815,68358.17861063563,67450.58438936438
2026-02-22 18:00:00,67384.48,67461.41,67313.54,67422.62,362.52705,38.282538167505464,-146.34267691556306,-74.29962792225383,67876.9125,68377.56619811473,67376.25880188528
2026-02-22 19:00:00,67422.63,67488.7,67403.37,67428.32,222.75597,38.46766121135913,-158.48445553108468,-91.13659344402001,67849.53199999999,68386.00077104686,67313.06322895312
2026-02-22 20:00:00,67428.32,67491.96,67350.0,67401.74,272.50364,37.89681394041693,-168.3114962636755,-106.57157400795111,67822.31899999999,68392.35033410188,67252.2876658981
2026-02-22 21:00:00,67401.74,67643.94,67401.74,67612.66,235.86316,44.88609920294208,-157.26713790587382,-116.71068678753566,67794.98650000001,68349.18527298585,67240.78772701418
2026-02-22 22:00:00,67612.66,67751.44,67485.34,67666.16,369.66378,46.529905131351825,-142.55412622490257,-121.87937467500905,67782.81049999999,68337.09978387528,67228.5212161247
2026-02-22 23:00:00,67666.16,67730.98,67469.58,67643.4,418.79352,45.902669823535604,-131.21790195947688,-123.74708013190262,67762.909,68306.58145290468,67219.23654709532
2026-02-23 00:00:00,67643.39,67684.86,66715.01,66740.47,765.22691,29.127472446690305,-192.8694880539697,-137.57156171631604,67700.75749999999,68400.15102473857,67001.36397526141
2026-02-23 01:00:00,66740.47,66740.47,64290.71,64427.65,7324.06208,14.505015944727234,-423.4725314265379,-194.75175565836042,67523.264,69134.41102919012,65912.11697080988
2026-02-23 02:00:00,64427.64,64916.85,64325.98,64783.56,1843.2569,21.07152139827943,-570.9268527990498,-269.9867750864983,67360.53550000001,69362.70825538026,65358.362744619764
2026-02-23 03:00:00,64783.56,65079.79,64700.0,64934.17,1090.11911,23.740742487443825,-667.9329809080082,-349.5760162508003,67206.979,69456.71540943121,64957.24259056879
2026-02-23 04:00:00,64934.18,65040.29,64685.64,64808.31,792.86138,23.039540354122067,-746.3632752280391,-428.9334680462481,67049.8895,69510.05992680237,64589.719073197644
2026-02-23 05:00:00,64808.31,65294.8,64796.85,65070.9,1215.1894,27.829002844492024,-778.3585967012477,-498.818493777248,66900.76849999999,69464.23113489118,64337.30586510881
2026-02-23 06:00:00,65070.9,65802.09,65033.9,65757.32,1085.08146,38.5879367832928,-739.7988218246901,-547.0145593867364,66782.15650000001,69325.67408182888,64238.63891817114
2026-02-23 07:00:00,65757.33,66015.22,65641.55,65958.94,1026.69503,41.35345991561342,-685.0737694647105,-574.6264014023313,66669.10500000001,69143.59816171974,64194.611838280274
2026-02-23 08:00:00,65958.94,65958.94,65565.78,65676.44,895.54696,38.72226009951597,-656.9265202429087,-591.0864251704469,66556.51599999999,68994.43100632117,64118.6009936788
2026-02-23 09:00:00,65676.44,66456.5,65672.76,66404.91,974.96031,47.92377575867242,-569.2759230435622,-586.72432474507,66494.1425,68877.22091152058,64111.06408847943
2026-02-23 10:00:00,66404.92,66600.0,66220.0,66319.69,789.042,47.033994937072,-500.91450446237286,-569.5623606885306,66437.9325,68779.35671693845,64096.508283061536
2026-02-23 11:00:00,66319.69,66487.37,66114.22,66207.23,534.45165,45.824861023058055,-450.61772916986956,-545.7734343847984,66364.087,68632.02821015689,64096.14578984311
2026-02-23 12:00:00,66207.23,66511.51,65886.51,66280.4,754.07687,46.78344236607924,-400.2392558874708,-516.6665986853329,66296.469,68484.37478961117,64108.56321038882
2026-02-23 13:00:00,66280.4,66430.52,66103.35,66132.66,807.41354,45.05013817052378,-367.99333800653403,-486.9319465495732,66233.8775,68361.52089906913,64106.234100930866
2026-02-23 14:00:00,66132.65,66264.95,65529.73,65923.53,971.74614,42.641781104369954,-355.21852100001706,-460.589261439662,66158.92300000001,68214.64461015396,64103.20138984606
2026-02-23 15:00:00,65923.52,66250.0,65579.53,65660.1,1263.10354,39.758491753909894,-362.17604589805705,-440.906618331341,66070.512,68046.93004660301,64094.093953397
2026-02-23 16:00:00,65660.1,65724.28,65178.83,65364.65,1502.46383,36.756621460954484,-387.0683967908408,-430.138974023241,65968.6575,67864.5350661452,64072.779933854814
2026-02-23 17:00:00,65364.66,65451.01,64152.04,64813.26,2524.7894,31.91378395466394,-446.14544211377506,-433.34026764134785,65828.6875,67624.21046663316,64033.16453336684
2026-02-23 18:00:00,64813.27,65194.51,64586.0,64635.49,994.68933,30.517734288254488,-501.5276805620815,-446.9777502254946,65677.15400000001,67325.22815462398,64029.07984537603
2026-02-23 19:00:00,64635.49,64855.18,64048.71,64295.1,2158.00321,27.992683562383505,-566.3565262915217,-470.85350543870004,65509.739,66988.3656225836,64031.11237741639
2026-02-23 20:00:00,64295.11,64487.94,63888.79,64473.14,1313.21455,31.199223374340036,-596.49153048078,-495.98111044711607,65396.37250000001,66824.50331361663,63968.24168638339
2026-02-23 21:00:00,64473.14,64783.54,64459.44,64580.66,593.24685,33.13569309732327,-604.7268582019387,-517.7302599980807,65404.023,66811.79777986779,63996.24822013221
2026-02-23 22:00:00,64580.66,65035.98,64555.59,64725.56,1451.85665,35.75983799096012,-592.7285895139212,-532.7299259012489,65401.123,66814.50723311241,63987.738766887596
2026-02-23 23:00:00,64725.56,64900.63,64538.9,64656.02,404.81213,35.04892066830345,-582.1208452197388,-542.6081097649469,65387.215500000006,66825.20577957523,63949.225220424785
2026-02-24 00:00:00,64656.01,65026.75,64656.01,64941.43,437.59997,40.29520637597612,-544.4083293742151,-542.9681536868005,65393.871499999994,66821.77635434804,63965.96664565194
2026-02-24 01:00:00,64941.42,64941.42,63433.84,64160.27,2402.75927,32.54655551096346,-570.9721607844258,-548.5689551063256,65348.340000000004,66874.3139266746,63822.366073325415
2026-02-24 02:00:00,64160.26,64500.0,64000.0,64109.81,599.63527,32.11692159979033,-589.3027733048511,-556.7157187460307,65265.9645,66874.61286880795,63657.31613119206
2026-02-24 03:00:00,64109.8,64109.8,63342.9,63595.51,1312.76931,28.052334040690894,-637.9754438173768,-572.9676637603,65147.793000000005,66884.2578664183,63411.32813358171
2026-02-24 04:00:00,63595.51,63628.52,62868.69,63378.84,2096.9105,26.529082106658365,-686.1231435771406,-595.5987597236681,65032.913,66919.62567335535,63146.200326644655
2026-02-24 05:00:00,63378.84,63551.58,62700.8,63104.79,1274.07037,24.702029395388223,-737.8881716672477,-624.056642112384,64867.90699999999,66825.30835547361,62910.505644526376
2026-02-24 06:00:00,63104.79,63322.28,62900.0,63082.79,677.94768,24.555824828803495,-771.7908213484698,-653.6034779596012,64706.062,66693.09035831463,62719.03364168536
2026-02-24 07:00:00,63082.79,63367.2,62866.42,63192.96,890.96125,26.88946356963676,-780.7688993454576,-679.0365622367725,64555.3485,66520.09137462388,62590.60562537613
2026-02-24 08:00:00,63192.79,63444.66,63009.92,63392.15,669.14656,31.042613142515776,-763.0155541938584,-695.8323606281897,64410.93600000001,66263.1692378825,62558.702762117515
2026-02-24 09:00:00,63392.15,63411.8,62908.92,63249.99,657.17066,29.74396634363029,-751.7513031013732,-707.0161491228264,64266.802500000005,65999.71125709619,62533.89374290382
2026-02-24 10:00:00,63250.0,63369.71,63112.7,63284.5,447.19211,30.504020753807055,-731.6061342613757,-711.9341461505363,64134.851,65733.27580600859,62536.42619399141
2026-02-24 11:00:00,63284.51,63317.95,63063.63,63227.1,461.08382,29.92414569107504,-712.0644078566838,-711.9601984917658,64013.201,65488.450970126476,62537.951029873526
2026-02-24 12:00:00,63227.11,63343.59,62965.21,62969.05,642.15852,27.40218031995846,-709.2244295298515,-711.413044699383,63893.420999999995,65293.767851499775,62493.074148500215
2026-02-24 13:00:00,62969.04,63100.0,62510.28,62900.0,2362.19948,26.75246126301917,-704.4253077121975,-710.015497301946,63797.757999999994,65194.9255861007,62400.59041389929
2026-02-24 14:00:00,62900.01,63834.21,62762.03,63453.99,1408.18955,39.20674625177468,-648.4447386788524,-697.7013455773273,63738.683,65085.72275042658,62391.64324957341
2026-02-24 15:00:00,63454.0,64031.76,63300.0,63973.97,1127.10688,48.12278266753461,-555.7157488244848,-669.3042262267588,63722.6265,65049.24113047263,62396.01186952737
2026-02-24 16:00:00,63973.98,64428.9,63689.54,64265.52,1423.20973,52.34317334785782,-453.4743379833162,-626.1382485780704,63712.2455,65017.20469112753,62407.28630887246
2026-02-24 17:00:00,64265.53,64520.0,64042.8,64219.71,1017.32505,51.63240146897175,-371.8572287717616,-575.2820446168087,63694.198,64957.92057612924,62430.475423870754
2026-02-24 18:00:00,64219.7,64500.0,63872.72,64435.06,809.89318,54.7435446021167,-286.49559359152045,-517.524754411751,63679.672999999995,64899.39466585477,62459.95133414522
2026-02-24 19:00:00,64435.05,64743.11,64250.52,64435.03,722.29463,54.74301633296326,-216.35430570282188,-457.2906646699652,63668.6235,64854.64234952393,62482.604650476074
2026-02-24 20:00:00,64435.03,64591.99,64318.03,64472.9,409.22444,55.32902828189375,-155.913760425894,-397.015283821151,63645.197,64740.39144687749,62550.00255312251
2026-02-24 21:00:00,64472.9,64472.9,63820.5,64042.66,576.40912,47.76232823738315,-141.1044014718791,-345.83310735129663,63639.3165,64724.079554280186,62554.553445719815
2026-02-24 22:00:00,64042.66,64227.81,63973.79,64120.95,288.16182,49.125754478539065,-121.64824387004774,-300.9961346550469,63639.8735,64725.66471657639,62554.08228342361
2026-02-24 23:00:00,64120.96,64248.65,63853.99,64058.15,389.41705,48.042546404344996,-110.02819738576363,-262.80254720119024,63663.00549999999,64764.417274455016,62561.59372554497
2026-02-25 00:00:00,64058.15,64319.29,63913.27,64224.3,292.38037,51.11379096880297,-86.41615871704562,-227.52526950436132,63705.2785,64825.50628361077,62585.05071638923
2026-02-25 01:00:00,64224.29,66300.0,64145.2,65896.75,2840.08056,70.20537455547424,66.48291612274625,-168.7236323789398,63844.8765,65296.77418587439,62392.97881412561
2026-02-25 02:00:00,65896.74,66310.0,65866.66,65884.83,1252.91602,69.99556083426728,184.567115314916,-98.06548284016866,63984.978500000005,65652.0651974125,62317.891802587495
2026-02-25 03:00:00,65884.84,65955.87,65350.28,65391.73,801.79518,61.771353112712475,235.64428430803673,-31.323529410527584,64094.917,65830.67242614082,62359.161573859186
2026-02-25 04:00:00,65391.74,65650.0,65116.65,65457.99,723.49717,62.41048633445759,278.26230235896946,30.593636943371827,64198.208999999995,66002.39854388786,62394.01945611213
2026-02-25 05:00:00,65458.0,65511.21,64755.26,64882.76,831.61343,53.9739959163115,262.59411362554965,76.9937322798074,64279.847499999996,66050.83702297405,62508.85797702593
2026-02-25 06:00:00,64882.77,65124.04,64865.78,64898.22,394.76962,54.15337190007486,248.55921802386,111.30682942861793,64360.5335,66087.0683180908,62633.9986819092
2026-02-25 07:00:00,64898.22,65193.25,64781.18,65028.3,682.59011,55.717174983574814,245.10738565189968,138.06694067327427,64450.5935,66114.98251693083,62786.20448306918
2026-02-25 08:00:00,65028.3,65586.87,64955.79,65530.49,694.36389,61.21710435467566,279.67045276045246,166.38764309070993,64578.6655,66154.90772444733,63002.42327555267
2026-02-25 09:00:00,65530.48,65692.62,65396.47,65558.71,545.80832,61.50642780875194,305.8138192670376,194.27287832597548,64711.601,66132.54918461823,63290.65281538177
2026-02-25 10:00:00,65558.71,65648.74,65345.0,65400.87,315.12553,58.86146702184115,310.22023098282807,217.462348857346,64808.94499999999,66130.40229136852,63487.48770863147
2026-02-25 11:00:00,65400.87,65485.91,65200.8,65430.04,442.6001,59.2105674942123,312.46422613356845,236.4627243125905,64881.7485,66169.52530948566,63593.97169051434
2026-02-25 12:00:00,65430.04,66240.0,65324.62,66068.94,1316.71816,66.01340940168944,361.6278778769338,261.4957550254592,64971.9195,66328.72093884325,63615.11806115676
2026-02-25 13:00:00,66068.94,66684.1,66025.39,66248.62,1860.04287,67.64759299854,410.35874032114225,291.2683520845958,65073.365000000005,66495.1980963957,63651.5319036043
2026-02-25 14:00:00,66248.63,67009.78,66202.66,66973.2,2180.16784,73.23629303111107,501.66299163417716,333.34727999451206,65200.272,66821.34873462004,63579.19526537995
2026-02-25 15:00:00,66973.19,67578.0,66715.13,67412.33,2522.90832,75.94802294574723,602.5110176870076,387.1800275330112,65349.137,67204.25032977978,63494.02367022023
2026-02-25 16:00:00,67412.32,68332.0,67404.0,68297.35,2059.42933,80.28380899328349,745.2566675268317,458.79535553177533,65540.3595,67766.50621517863,63314.212784821386
2026-02-25 17:00:00,68297.35,68879.96,68016.53,68674.2,2463.18666,81.78919003660135,878.6635821588716,542.7690008571946,65771.9365,68286.94442241879,63256.928577581195
2026-02-25 18:00:00,68674.2,69550.0,68373.33,69328.07,2105.00773,84.06292398395487,1025.3319787263172,639.2815964310191,66032.29250000001,68883.31751045396,63181.267489546066
2026-02-25 19:00:00,69328.06,69406.93,68764.94,69038.26,1672.83962,79.33488325829026,1105.4396742851386,732.513212001843,66281.298,69272.80032874661,63289.795671253385
2026-02-25 20:00:00,69038.26,69374.95,68619.22,69148.69,1076.93003,79.80107372613989,1164.413741469005,818.8933178952755,66527.5175,69615.23082984936,63439.804170150644
2026-02-25 21:00:00,69148.69,69988.83,68773.83,68919.72,1562.1195,75.97400096214461,1179.0834095877653,890.9313362337734,66678.666,69928.09420607988,63429.23779392011
2026-02-25 22:00:00,68919.72,69176.0,68055.91,68432.13,1092.88431,68.44619862125455,1138.2438229618565,940.3938335793902,66806.03099999999,70123.42522012365,63488.636779876324
2026-02-25 23:00:00,68432.13,68696.97,67600.0,67988.04,1020.21792,62.383400075142454,1057.8495733494055,963.8849815333933,66935.8465,70223.27398992832,63648.41901007168
2026-02-26 00:00:00,67988.04,68539.17,67727.52,68335.99,1134.56842,64.99935570720832,1010.5640550108801,973.2207962288908,67079.7465,70346.68778371185,63812.805216288136
2026-02-26 01:00:00,68335.99,68700.0,68210.35,68248.3,619.19035,63.79527047095968,955.0053833210259,969.5777136473179,67248.0235,70382.50826568237,64113.538734317626
2026-02-26 02:00:00,68248.3,68351.0,67779.93,68257.45,833.1941,63.87047882650677,901.3231717882882,955.926805275512,67415.985,70375.42552698255,64456.54447301745
2026-02-26 03:00:00,68257.46,68379.59,68044.18,68216.86,408.51743,63.24286148088083,845.7550211938214,933.8924484591739,67575.413,70329.69710674863,64821.12889325138
2026-02-26 04:00:00,68216.87,68860.0,68179.62,68571.36,587.55874,66.35262802333568,820.8596892899659,911.2858966253324,67727.4565,70338.4349534701,65116.47804652989
2026-02-26 05:00:00,68571.36,68571.37,68127.58,68443.81,486.81983,64.2465013844533,781.8253444730944,885.3937861948848,67871.7115,70289.8556843088,65453.5673156912
2026-02-26 06:00:00,68443.82,68522.0,68042.9,68176.75,618.63359,59.955409710160644,721.0292584260023,852.5208806411083,68010.5055,70131.97303754871,65889.03796245129
2026-02-26 07:00:00,68176.75,68290.18,67817.87,67825.04,840.14406,54.76739771774889,637.1235014554695,809.4414048039806,68130.2555,69875.42992597689,66385.08107402311
2026-02-26 08:00:00,67825.05,68236.0,67792.0,67954.01,761.69108,56.26198183729987,574.4129112197988,762.4357060871444,68224.50899999999,69680.61244352268,66768.4055564773
2026-02-26 09:00:00,67954.0,68644.59,67933.25,68589.41,1095.31619,62.786040586070094,569.421845807592,723.8329340312339,68341.5485,69467.90054274305,67215.19645725696
2026-02-26 10:00:00,68589.41,68722.64,68257.64,68301.62,688.66072,58.52776399362087,536.0647222418193,686.279291673351,68407.9695,69333.30404237684,67482.63495762317
2026-02-26 11:00:00,68301.61,68404.25,67965.46,68051.31,722.94931,55.03176425724097,483.8534747501981,645.7941282887205,68439.9185,69258.47336080622,67621.36363919378
2026-02-26 12:00:00,68051.3,68303.83,68009.88,68171.56,642.07881,56.37976167701235,447.0258195958013,606.0404665501367,68433.62899999999,69258.70336817409,67608.55463182589
2026-02-26 13:00:00,68171.55,68213.98,67848.69,67905.35,698.96783,52.619210500692695,391.84180692957307,563.200734626024,68395.1865,69244.35939994562,67546.01360005437
2026-02-26 14:00:00,67905.34,68272.21,67264.22,67697.74,1769.26733,49.82789215640401,327.5795541918924,516.0764985391977,68313.67000000001,69096.17079762585,67531.16920237418
2026-02-26 15:00:00,67696.89,67743.36,66761.16,67382.0,2095.8814,45.84479333933837,248.31129858040367,462.5234585474389,68230.857,69040.57157976818,67421.14242023183
2026-02-26 16:00:00,67382.0,67566.85,66500.0,66643.55,2050.20093,38.16145933441962,124.46908921435534,394.9125846808222,68105.6,69076.50504209679,67134.69495790322
2026-02-26 17:00:00,66643.56,67044.1,66600.46,66826.8,885.82755,40.81238824697296,40.641499663019204,324.05836767726163,68000.954,69050.37902682801,66951.52897317198
2026-02-26 18:00:00,66826.8,67373.9,66575.73,67310.53,1058.47196,47.24181718485115,13.089610417242511,261.8646162252578,67944.874,69016.91233805475,66872.83566194524
2026-02-26 19:00:00,67310.53,67903.12,67285.99,67589.22,1235.95013,50.573074842874185,13.585883966370602,212.2088697734804,67924.933,69008.36692058196,66841.49907941805
2026-02-26 20:00:00,67589.21,67831.11,67269.42,67414.07,597.88987,48.500372629968375,-0.15220238649635576,169.73665534148506,67878.837,68967.07114271114,66790.60285728886
2026-02-26 21:00:00,67414.07,67575.97,67150.14,67463.65,299.84732,49.135864910856746,-6.958826140034944,134.39755904518105,67839.6045,68928.3312227503,66750.8777772497
2026-02-26 22:00:00,67463.65,67630.22,67301.75,67572.3,291.6336,50.57519063553934,-3.545111688930774,106.8090248983587,67805.347,68881.7624180153,66728.93158198468
2026-02-26 23:00:00,67572.3,67656.11,67390.65,67485.18,314.51737,49.36884106155256,-7.779892541337176,83.89124141041952,67768.763,68835.98560295935,66701.54039704066
2026-02-27 00:00:00,67485.19,67537.84,67000.0,67226.5,462.9103,45.87022574507728,-31.64452263888961,60.7840886005577,67701.52,68724.36785060343,66678.67214939657
2026-02-27 01:00:00,67226.5,67398.86,66885.0,67352.26,818.15438,47.806745788089216,-39.949124309190665,40.63744601860803,67646.9425,68618.20843782752,66675.67656217249
2026-02-27 02:00:00,67352.26,67546.15,67263.56,67266.58,463.09611,46.583978067192064,-52.8351897282555,21.942918869235324,67601.434,68553.2751413597,66649.59285864029
2026-02-27 03:00:00,67266.58,67712.16,67099.71,67600.84,415.67371,51.76706084482552,-35.66438411951822,10.421458271484617,67590.224,68536.24000408499,66644.20799591501
2026-02-27 04:00:00,67600.84,68216.8,67578.67,67747.49,1318.53811,53.88140189849755,-10.106466515862849,6.315873314015125,67579.898,68513.62337891794,66646.17262108206
2026-02-27 05:00:00,67747.49,67924.0,67683.3,67724.99,411.56603,53.49394705616921,8.237844615388894,6.700267574289879,67536.677,68345.29254964649,66728.0614503535
2026-02-27 06:00:00,67725.0,67823.9,67525.46,67658.14,398.60368,52.290820698803074,17.183526047389023,8.796919268909708,67504.503,68232.11523051375,66776.89076948624
2026-02-27 07:00:00,67658.14,67774.48,67459.3,67690.6,896.56486,52.84539847775764,26.585828866780503,12.354701188483867,67486.4675,68173.77674831971,66799.15825168029
2026-02-27 08:00:00,67690.6,68079.83,67655.86,67926.24,712.98047,56.77360836238026,52.44682590343291,20.37312613147368,67474.2015,68117.36973312861,66831.03326687138
2026-02-27 09:00:00,67926.25,68149.93,67284.22,67355.73,1377.2902,46.64260741843606,26.599836961759138,21.61846829753077,67446.7205,68058.52592082942,66834.91507917058
2026-02-27 10:00:00,67355.72,67416.78,66574.0,66604.91,1414.83211,37.227470480422646,-53.84825792943593,6.525123052137431,67392.079,68097.5274433587,66686.63055664129
2026-02-27 11:00:00,66604.9,66778.68,65960.01,66126.99,1399.59256,32.702380276245876,-154.3884091071086,-25.657583379711777,67329.3285,68233.75844448684,66424.89855551317
2026-02-27 12:00:00,66126.99,66217.42,65734.71,65928.01,1855.03329,31.01219201187547,-247.2728191852657,-69.98063054082256,67293.5515,68355.15612003724,66231.94687996276
2026-02-27 13:00:00,65928.01,66344.9,65649.34,66270.55,1278.55317,37.04440415340123,-289.90245307344594,-113.96499504734724,67265.73899999999,68405.12712362513,66126.35087637484
2026-02-27 14:00:00,66270.55,66334.87,65686.64,65887.59,1404.23206,33.515963819468155,-350.5475228938303,-161.28150061664385,67194.592,68489.32023220816,65899.86376779185
2026-02-27 15:00:00,65887.59,66311.11,65845.18,66095.4,957.11978,37.02146738295671,-377.4891870221327,-204.52303789774163,67119.901,68488.9915596455,65750.8104403545
2026-02-27 16:00:00,66095.4,66121.03,65462.93,65475.21,1135.56487,31.6567973769245,-443.7693035098637,-252.37229102016605,67022.95800000001,68567.65737408129,65478.25862591874
2026-02-27 17:00:00,65475.21,65765.06,65113.72,65703.19,1265.39709,35.364599119495665,-472.45453091750096,-296.38873899963306,66934.935,68571.78524275559,65298.0847572444
2026-02-27 18:00:00,65703.18,65788.07,65228.33,65314.76,623.00837,32.16292306021144,-520.5304836623254,-341.2170879321716,66822.058,68580.67482799217,65063.44117200783
2026-02-27 19:00:00,65314.76,65457.35,65172.6,65392.18,851.95591,33.45605336430731,-546.0889026656805,-382.1914508788734,66717.408,68557.10307253446,64877.71292746553
2026-02-27 20:00:00,65392.18,65666.66,65392.18,65594.67,444.86468,36.84687618547869,-543.7370212276728,-414.5005649486333,66635.81649999999,68524.53607765294,64747.09692234703
2026-02-27 21:00:00,65594.67,65749.94,65400.0,65527.59,282.6564,36.18899536330988,-541.0490568961541,-439.8102633381375,66544.583,68463.62313618977,64625.542863810224
2026-02-27 22:00:00,65527.59,65673.33,64914.46,65637.99,713.5349,38.14636340283971,-523.9704631105415,-456.6423032926183,66463.1535,68391.38761936763,64534.91938063238
2026-02-27 23:00:00,65638.0,65953.2,65551.67,65872.1,326.8612,42.195602002263456,-485.9431834994757,-462.5024793339898,66376.71650000001,68244.25070085039,64509.18229914962
2026-02-28 00:00:00,65872.09,66025.52,65721.13,65942.0,334.42449,43.387293770921005,-445.0358483796881,-459.0091531431295,66286.44200000001,68046.43408724041,64526.4499127596
2026-02-28 01:00:00,65942.01,65971.93,65743.71,65770.36,267.81274,41.144247687725084,-421.60638811912213,-451.52860013832804,66188.7105,67825.09670197268,64552.32429802733
2026-02-28 02:00:00,65770.36,66018.85,65761.94,65961.13,204.09288,44.5740198638361,-383.22722252330277,-437.868324615323,66103.86,67588.37209358746,64619.347906412535
2026-02-28 03:00:00,65961.13,65982.34,65745.39,65797.42,239.41397,42.296159464646784,-361.8503010733257,-422.66471990692355,66009.201,67295.96698791941,64722.4350120806
2026-02-28 04:00:00,65797.42,65818.44,65488.0,65663.2,311.53682,40.47013470715917,-351.6853591843392,-408.4688477624067,65896.049,66819.82870987772,64972.26929012228
2026-02-28 05:00:00,65663.21,65729.65,65500.0,65591.03,300.20395,39.48308070793925,-345.470714009949,-395.8692210119152,65807.814,66433.60397450592,65182.02402549408
2026-02-28 06:00:00,65591.03,65591.04,63030.0,63216.01,3175.19445,21.177665228708207,-526.1249867193619,-421.92037415340457,65638.36899999999,66883.82524433364,64392.912755666344
2026-02-28 07:00:00,63216.01,64327.22,63038.0,63826.0,2127.97927,30.13663710433711,-613.0073372840634,-460.1377667795364,65523.3195,66985.05740797298,64061.58159202701
2026-02-28 08:00:00,63825.99,63877.09,63411.39,63473.28,1118.13838,28.144606042190006,-702.2289243386404,-508.5559982913572,65400.583,67110.41966269765,63690.74633730235
2026-02-28 09:00:00,63473.27,64005.35,63372.1,63658.54,737.11739,30.73434230048842,-749.3506928362331,-556.7149372003324,65269.982500000006,67095.16097046617,63444.80402953384
2026-02-28 10:00:00,63658.55,64053.93,63452.64,64010.39,1633.42712,35.489726644840985,-749.6620420256659,-595.3043581653991,65176.1225,67059.70829551159,63292.536704488404
2026-02-28 11:00:00,64010.38,64307.44,63791.25,63844.2,1245.63976,34.29217378257023,-754.6201413390299,-627.1675148001253,65063.5625,66984.53016925318,63142.59483074682
2026-02-28 12:00:00,63844.2,64082.66,63827.2,64017.19,474.84169,36.68706228113544,-736.1052602729906,-648.9550638946984,64990.6615,66956.00359495608,63025.31940504391
2026-02-28 13:00:00,64017.18,65216.97,63888.89,65106.44,1748.13055,49.23387618200091,-626.3188974973382,-644.4278306152264,64960.824,66898.54418147779,63023.10381852221
2026-02-28 14:00:00,65106.45,65360.51,64278.5,64435.61,1331.97244,43.51454751831336,-586.6799078868207,-632.8782460695453,64916.866500000004,66860.65777375667,62973.07522624334
2026-02-28 15:00:00,64435.62,65020.75,64200.0,64841.18,731.53889,47.486380755973514,-516.5847461362791,-609.619546082892,64889.3165,66820.31934410264,62958.31365589736
2026-02-28 16:00:00,64841.17,65206.25,64681.81,65094.3,500.23365,49.856209050321205,-435.58796988002723,-574.8132308423191,64864.29800000001,66769.61704178217,62958.97895821784
2026-02-28 17:00:00,65094.29,65555.0,64828.03,65442.62,595.58409,52.999496327627234,-339.3787808487177,-527.7263408435988,64860.0495,66759.51103896415,62960.58796103586
2026-02-28 18:00:00,65442.61,66157.61,65185.7,65911.84,830.58148,56.91738220514092,-222.70299137007532,-466.72167094889414,64873.742000000006,66800.56672907573,62946.917270924285
2026-02-28 19:00:00,65911.83,66666.65,65602.65,66362.01,1072.73124,60.33368128745086,-92.84141281706252,-391.9456193225278,64898.2375,66889.86876221484,62906.60623778517
2026-02-28 20:00:00,66362.01,67151.68,66190.61,66959.62,840.13263,64.37259003609833,57.6326035742386,-302.02997474317453,64949.1185,67098.75282795733,62799.48417204266
2026-02-28 21:00:00,66959.63,67055.56,66368.42,66723.22,934.75984,61.69640402858245,156.01044999392616,-210.4218897957544,64996.7615,67262.15367962622,62731.369320373786
2026-02-28 22:00:00,66723.23,67760.0,66608.82,67103.64,1310.09118,64.27059989822911,261.6561080151296,-116.00629023357762,65053.887,67474.00757814637,62633.76642185363
2026-02-28 23:00:00,67103.63,67210.0,66733.73,66973.26,483.13759,62.71497245497346,331.0444029546343,-26.596151595935243,65112.679000000004,67662.50638595984,62562.85161404016
2026-03-01 00:00:00,66973.26,67121.8,66620.5,66791.29,560.35194,60.513471822843115,367.1197405516432,52.14702683358044,65169.08350000001,67818.16380642143,62520.00319357858
2026-03-01 01:00:00,66791.29,67703.32,66042.72,67339.36,1630.19028,64.54980598632613,434.9208769532561,128.70179685751557,65256.5,68074.22413128144,62438.775868718556
2026-03-01 02:00:00,67339.36,68199.99,67339.36,67620.65,1861.8227,66.44559768272975,505.52415046501847,204.06626757901617,65476.732,68311.42374731666,62642.04025268335
2026-03-01 03:00:00,67620.65,67813.33,67400.0,67502.16,637.99716,64.87183135630335,545.6269527837576,272.3784046199645,65660.54000000001,68521.1712154389,62799.90878456112
2026-03-01 04:00:00,67502.16,67612.14,67079.36,67346.5,631.60541,62.76855576230032,558.4112343407905,329.5849705641297,65854.201,68614.0070638047,63094.394936195305
2026-03-01 05:00:00,67346.5,67574.65,67200.0,67292.09,437.89406,62.011722514951664,557.7233496992558,375.212646391155,66035.87849999999,68662.26198267764,63409.49501732235
2026-03-01 06:00:00,67292.08,67345.8,66749.35,66926.68,1159.96329,57.03771359279885,521.6790714222734,404.5059313973787,66181.693,68653.88208838452,63709.50391161548
2026-03-01 07:00:00,66926.69,67235.72,66784.58,67141.39,937.93278,59.1129840679354,504.6220548642741,424.5291560907578,66346.5525,68591.74556090106,64101.35943909894
2026-03-01 08:00:00,67141.4,67292.3,66389.33,66560.14,1475.81311,51.815953094963966,439.14009539730614,427.4513439520675,66473.7,68433.32384478772,64514.07615521227
2026-03-01 09:00:00,66560.14,66771.1,66246.95,66410.08,815.73368,50.09662624602941,370.86152207819396,416.13337957729277,66538.882,68390.781189956,64686.982810044
2026-03-01 10:00:00,66410.09,66731.47,66215.71,66467.06,621.17753,50.76468378894636,317.6859843258717,396.44390052700857,66640.45449999999,68207.57295754753,65073.33604245245
2026-03-01 11:00:00,66467.07,66661.61,66372.27,66468.03,338.19615,50.776764377558735,272.4812640432647,371.6513732302598,66721.79699999999,68045.69440981613,65397.89959018385
2026-03-01 12:00:00,66468.04,66550.0,66241.97,66296.48,388.82935,48.50980087981033,220.27436052791018,341.3759706897899,66781.90599999999,67885.51080135927,65678.30119864071
2026-03-01 13:00:00,66296.48,67360.57,66132.27,66934.79,1311.02111,56.32344290014895,227.78058300986595,318.65689315380513,66856.5145,67763.05098119307,65949.97801880694
2026-03-01 14:00:00,66934.8,67320.19,66752.58,66847.8,911.62631,55.09635914747582,224.12636321071477,299.7507871651871,66903.3125,67693.70944707173,66112.91555292827
2026-03-01 15:00:00,66847.8,67243.69,66828.6,66842.42,1028.55576,55.01652736722487,218.28005011212372,283.45663975457444,66927.333,67676.59434121852,66178.07165878148
2026-03-01 16:00:00,66842.42,67112.37,65730.28,66135.45,1500.74296,45.65503681566632,154.81561620169668,257.7284350439989,66886.1245,67714.39957174296,66057.84942825705
2026-03-01 17:00:00,66135.45,66219.77,65699.98,65979.61,952.1973,43.88245855721121,90.89680768267135,224.3621095717334,66848.944,67769.61548775354,65928.27251224646
2026-03-01 18:00:00,65979.61,66657.44,65979.61,66316.83,906.08265,48.53851368881472,66.68284878390841,192.82625741416842,66809.6035,67751.44857637605,65867.75842362395
2026-03-01 19:00:00,66316.84,66345.95,65772.29,65962.17,541.15631,44.36902383752696,18.659914048039354,157.99298874094262,66759.049,67769.92018654838,65748.17781345162
2026-03-01 20:00:00,65962.16,65962.16,65084.02,65300.0,961.21349,37.83433994732454,-72.00021902477602,111.9943471877989,66684.48449999999,67887.1503851887,65481.81861481128
2026-03-01 21:00:00,65300.01,65756.5,65281.83,65666.2,996.50526,42.84752010314726,-112.99718688496796,66.99604037324553,66600.8265,67843.78502768124,65357.86797231875
2026-03-01 22:00:00,65666.19,66491.43,65056.0,65268.71,1763.29476,39.15640083102651,-175.53820515850384,18.48919126689566,66483.22949999999,67764.3808195915,65202.07818040846
2026-03-01 23:00:00,65268.71,66080.0,65125.67,65776.47,831.95524,45.60291546711927,-182.0320718382427,-21.615061354132017,66396.94499999999,67620.29636500533,65173.593634994664
2026-03-02 00:00:00,65776.48,66796.44,65761.04,66501.52,990.0826,53.224158946540776,-127.20667311908619,-42.733383707122854,66354.696,67495.55231212206,65213.83968787794
2026-03-02 01:00:00,66501.52,67079.0,66358.45,66532.02,886.93071,53.51917159611231,-80.36960377365176,-50.26062772042864,66316.6925,67373.6223450862,65259.76265491381
2026-03-02 02:00:00,66532.02,66609.94,65890.5,66276.77,554.16265,50.6406537181519,-63.11982461386651,-52.832467099116215,66284.197,67301.37764619871,65267.01635380128
2026-03-02 03:00:00,66276.77,67037.22,66101.07,66820.03,509.4124,56.057771613787,-5.5487460742588155,-43.37572289414474,66268.129,67237.31658929602,65298.941410703985
2026-03-02 04:00:00,66820.03,66975.74,66633.13,66862.12,750.65203,56.456500862011275,42.977640201192116,-26.105050275077367,66283.22799999999,67280.57047492295,65285.88552507703
2026-03-02 05:00:00,66862.11,66995.64,66547.81,66730.78,887.19458,54.78591909057477,70.0298500728386,-6.878070205494175,66299.263,67315.32930499103,65283.196695008985
2026-03-02 06:00:00,66730.78,66739.45,66062.83,66204.9,677.75967,48.58659209117187,48.475999116752064,4.192743658955074,66286.155,67299.8681480418,65272.441851958196
2026-03-02 07:00:00,66204.9,66209.46,65542.6,66007.52,1294.85905,46.461536316338815,15.291232708230382,6.412441468810136,66263.1295,67280.36244651723,65245.89655348275
2026-03-02 08:00:00,66007.8,66306.0,65654.54,66282.0,1104.41132,49.75276676202847,11.01335324048705,7.332623823145519,66262.4055,67279.55911122472,65245.25188877526
2026-03-02 09:00:00,66281.99,66720.84,66164.96,66168.62,1786.28426,48.42841583175186,-1.508328430718393,5.564433372372736,66224.097,67191.10007055032,65257.09392944967
2026-03-02 10:00:00,66168.61,66381.74,66079.24,66316.4,436.29038,50.28591730673922,0.4871440882125171,4.548975515540692,66197.52699999999,67120.57641662263,65274.47758337735
2026-03-02 11:00:00,66316.39,66462.4,66003.59,66359.68,1034.77975,50.8443214904847,5.497532596345991,4.738686931701753,66173.39,67049.48790246414,65297.29209753586
2026-03-02 12:00:00,66359.67,66391.38,65874.92,65963.43,763.09374,45.77484806181228,-22.24928589553747,-0.6589076337460916,66164.789,67045.8189001814,65283.75909981861
2026-03-02 13:00:00,65963.43,66157.28,65350.0,65440.01,1576.81345,40.08881552071987,-85.48899513111974,-17.624925133220824,66137.809,67074.03546075273,65201.58253924727
2026-03-02 14:00:00,65440.01,67220.81,65259.21,67177.06,3015.13713,58.50867824333565,4.5065488596010255,-13.198630334656455,66180.8205,67224.54503237431,65137.09596762569
2026-03-02 15:00:00,67177.05,69617.74,66975.29,69130.2,5476.56874,69.76495647917329,230.7705614009319,35.59520801246122,66339.222,68014.03070627106,64664.413293728925
2026-03-02 16:00:00,69130.2,70096.0,68933.69,69428.62,3440.03188,71.05695211787358,429.21865599713055,114.3198976093951,66545.65299999999,68645.06632377747,64446.2396762225
2026-03-02 17:00:00,69428.62,69578.0,68793.88,69198.0,1445.4415,68.61670377679283,561.4095146580075,203.7378210191176,66722.24299999999,69087.50136627941,64356.98463372056
2026-03-02 18:00:00,69198.0,69268.15,68727.83,68877.67,1055.7431,65.2640639933415,633.0266316754132,289.59558315037674,66902.691,69350.26774650373,64455.114253496286
2026-03-02 19:00:00,68877.67,69049.32,68576.18,68966.53,886.89114,65.76379470807692,689.0114768408821,369.47876188847783,67062.19399999999,69614.2926288697,64510.095371130265
2026-03-02 20:00:00,68966.52,69505.0,68584.9,69106.58,1028.13825,66.57986345268765,736.1943443996861,442.8218783907195,67192.447,69886.04866269567,64498.84533730433
2026-03-02 21:00:00,69106.58,69539.77,69000.71,69413.82,441.38382,68.36156688456254,789.280473177685,512.1135973481126,67336.537,70185.23652703692,64487.837472963074
2026-03-02 22:00:00,69413.82,69501.62,69136.36,69440.49,1330.59238,68.51846331472049,824.0050416142622,574.4918862013426,67494.723,70445.18161369555,64544.26438630446
2026-03-02 23:00:00,69440.48,69479.58,68740.0,68830.06,637.72978,61.055360388893476,793.1252585760958,618.2185606762932,67595.2245,70585.58205218756,64604.866947812436
2026-03-03 00:00:00,68830.06,69166.61,68644.38,69092.88,602.91075,62.92763412265434,780.8589298871957,650.7466345184738,67706.7625,70747.9654184112,64665.5595815888
2026-03-03 01:00:00,69092.89,69258.08,68755.0,68760.01,452.46998,59.05522769715492,735.7961489498848,667.756537404756,67808.224,70847.7269681402,64768.721031859815
2026-03-03 02:00:00,68760.01,68774.13,68210.71,68512.17,848.26905,56.27831612368895,672.33469780015,668.6721694838349,67923.5875,70880.89652831852,64966.278471681464
2026-03-03 03:00:00,68512.17,68550.0,68231.47,68377.94,458.44735,54.776014942689756,604.2444474942167,655.7866250859113,68042.1085,70862.9385851274,65221.278414872606
2026-03-03 04:00:00,68377.94,68454.63,68050.11,68123.2,436.46143,51.94221852663669,523.6902690779534,629.3673538843198,68134.1685,70830.56899661182,65437.768003388184
2026-03-03 05:00:00,68123.19,68617.42,67845.84,67947.75,913.85345,50.022725769033585,440.61402936061495,591.6166889795788,68223.125,70759.11188584339,65687.13811415661
2026-03-03 06:00:00,67947.75,68250.24,67800.0,68106.73,821.19287,51.76223587356863,383.1867301021848,549.9306972041,68312.6415,70686.44695247774,65938.83604752226
2026-03-03 07:00:00,68106.73,68275.2,67951.24,68172.8,1165.60519,52.50213912955283,339.0975727902842,507.7640723213369,68403.2975,70594.53124848787,66212.06375151213
2026-03-03 08:00:00,68172.79,68311.83,66905.0,67003.3,1883.4522,40.623943977446736,207.3969786252419,447.69065358211793,68455.291,70442.62581771248,66467.95618228751
2026-03-03 09:00:00,67003.3,67184.71,66340.14,66647.98,1767.88336,37.82402592360919,73.50463871101965,372.8534506078983,68515.68950000001,70161.20125432826,66870.17774567175
2026-03-03 10:00:00,66647.98,67030.75,66440.46,66860.3,1159.50732,40.46457724955877,-15.297218927880749,295.2233167007425,68499.85149999999,70204.64264623362,66795.06035376636
2026-03-03 11:00:00,66860.3,67166.5,66779.37,67026.61,1271.91624,42.52365753690509,-71.4301020474959,221.8926329510948,68394.67199999999,70192.7313509189,66596.61264908109
2026-03-03 12:00:00,67026.6,67973.2,67025.93,67399.85,1323.51079,46.957462938524294,-84.82070731731073,160.5499648974137,68293.2335,70074.5198329103,66511.9471670897
2026-03-03 13:00:00,67399.85,67435.0,66635.3,66931.31,709.75818,42.5228747362234,-131.7217147814954,102.09562896163189,68179.899,70006.65907537278,66353.13892462723
2026-03-03 14:00:00,66931.32,67603.94,66158.0,66568.95,1714.82463,39.422123350142506,-195.87262701375585,42.50197776655434,68064.463,69994.43500317162,66134.49099682839
2026-03-03 15:00:00,66568.95,67834.93,66471.79,67725.81,1695.1952,51.56516291614053,-151.61601834087924,3.678378545067624,68002.427,69889.59995432942,66115.25404567058
2026-03-03 16:00:00,67725.82,68999.0,67473.09,68175.9,2581.91143,55.31791628734038,-79.30960392946145,-12.91921794983819,67955.89300000001,69773.02689878698,66138.75910121304
2026-03-03 17:00:00,68175.89,68400.0,67626.53,68318.66,982.14848,56.46997071786615,-10.367203989706468,-12.408815157811846,67901.135,69595.11593053039,66207.1540694696
2026-03-03 18:00:00,68318.66,68914.01,67976.47,68628.49,974.13002,58.94406979924537,68.48142506838485,3.769232887427493,67860.535,69433.79366289335,66287.27633710665
2026-03-03 19:00:00,68628.5,68888.88,68312.83,68435.0,946.51026,56.77388612515687,114.04190168007335,25.823766645956667,67840.78199999999,69372.14919699628,66309.4148030037
2026-03-03 20:00:00,68435.0,68591.24,68092.1,68266.0,592.99873,54.87354209104236,134.95632749630022,47.65027881602538,67799.438,69229.78801284167,66369.08798715832
2026-03-03 21:00:00,68265.99,68265.99,67832.3,68024.62,519.92364,52.18669668554708,130.54892518711858,64.23000809024403,67762.6685,69125.25110587494,66400.08589412506
2026-03-03 22:00:00,68024.63,68524.54,68024.62,68327.2,573.87256,55.15121402274753,149.74553106811072,81.33311268581737,67753.42000000001,69096.96061468012,66409.8793853199
2026-03-03 23:00:00,68327.2,68860.0,68245.64,68338.0,575.48869,55.25784670830634,163.94064358377364,97.85461886540863,67751.423,69091.16848694274,66411.67751305725
2026-03-04 00:00:00,68338.01,68413.9,67857.61,68093.19,767.61923,52.22659863560668,153.6648981919716,109.01667473072122,67749.9225,69087.98094188521,66411.86405811479
2026-03-04 01:00:00,68093.2,68909.34,67963.28,68405.0,1294.62328,55.56971998910967,168.73666578310076,120.96067294119713,67772.785,69140.3751820857,66405.19481791431
2026-03-04 02:00:00,68405.0,68447.72,67984.56,68323.33,798.11328,54.49406648757771,172.10711998373154,131.18996234970402,67783.615,69165.6937973691,66401.53620263092
2026-03-04 03:00:00,68323.33,68383.63,67400.0,67732.2,954.50771,47.34980259706658,125.6307850129233,130.07812688234787,67761.58499999999,69131.53664571996,66391.63335428003
2026-03-04 04:00:00,67732.19,67954.89,67467.6,67786.0,1066.3898,48.01775764892586,92.07775009260513,122.47805152439933,67800.72,69123.36604539552,66478.07395460448
2026-03-04 05:00:00,67786.0,68397.84,67682.64,68206.59,666.28769,53.03414243485064,98.29177971239551,117.64079716199858,67878.6505,69094.69000414951,66662.6109958505
2026-03-04 06:00:00,68206.58,68678.76,68048.63,68508.02,1288.48108,56.289745033104154,126.08588520127523,119.32981476985391,67961.0365,69107.87577439117,66814.19722560883
2026-03-04 07:00:00,68508.02,69668.0,68349.49,69493.13,2067.68212,64.86222255526658,225.00929109481513,140.46571003484615,68084.3625,69333.98249187376,66834.74250812625
2026-03-04 08:00:00,69493.14,71163.0,69098.91,71011.4,4675.3565,73.49124071831461,421.0647311413777,196.58551425615246,68264.93999999999,70033.92362629992,66495.95637370006
2026-03-04 09:00:00,71011.4,71893.0,70724.26,71520.76,4196.19004,75.65156367435635,610.5036687147076,279.3691451478635,68494.4125,70677.25622290318,66311.56877709684
2026-03-04 10:00:00,71520.76,71878.17,71200.0,71348.92,2079.39146,73.47606277980344,738.2591477967799,371.1471456776468,68733.411,71069.90560706652,66396.91639293346
2026-03-04 11:00:00,71348.92,71499.75,70928.25,71111.4,1195.15977,70.45997187790115,810.9917978149751,459.1160761051125,68902.6905,71415.71737729605,66389.66362270394
2026-03-04 12:00:00,71111.4,71364.14,70588.0,71339.71,1486.53558,71.66402631744936,876.9467595350434,542.6822127910987,69060.881,71771.79653131896,66349.96546868102
2026-03-04 13:00:00,71339.72,71624.99,71214.4,71477.17,1568.2684,72.39361951669522,929.5926496628963,620.0643001654582,69218.8065,72109.69238072101,66327.920619279
2026-03-04 14:00:00,71477.17,72633.0,71300.1,71621.04,4139.0795,73.17220482770728,971.7225903651997,690.3959582054066,69368.434,72435.10663628457,66301.76136371541
2026-03-04 15:00:00,71621.03,73479.75,71580.62,73396.88,4184.35996,80.48745187657151,1135.3190670936165,779.3805799830486,69616.528,73134.82156101392,66098.2344389861
2026-03-04 16:00:00,73396.87,73500.0,72541.69,73294.84,2627.55973,79.15191240695182,1242.4148928256473,871.9874425515684,69867.97,73685.9039195096,66050.0360804904
2026-03-04 17:00:00,73294.84,73759.99,72932.8,73218.92,2258.8783,78.11336971281787,1306.1070082245133,958.8113556861574,70127.685,74120.33169560845,66135.03830439155
2026-03-04 18:00:00,73218.93,73700.0,72912.11,73693.5,1121.5369,79.88968379113349,1378.9820615059725,1042.8454968501205,70396.0,74595.10423694037,66196.89576305963
2026-03-04 19:00:00,73693.5,74050.0,73516.0,73611.1,2657.03129,78.69544028445448,1413.789786310459,1117.0343547421883,70659.655,74975.24455403566,66344.06544596434
2026-03-04 20:00:00,73611.67,73716.0,73001.05,73019.68,904.52712,70.54431302495875,1377.7704278375168,1169.181569361254,70905.9795,75166.81578838977,66645.14321161024
2026-03-04 21:00:00,73019.69,73322.93,72878.0,73309.72,836.52696,72.07206716190232,1356.9861392579915,1206.7424833406017,71151.2155,75370.34995678847,66932.08104321154
2026-03-04 22:00:00,73309.73,73523.31,72638.29,72705.86,894.79856,64.56385067270791,1277.0667548807833,1220.807337648638,71370.34199999999,75423.01775264619,67317.66624735379
2026-03-04 23:00:00,72705.86,72880.88,72313.04,72666.77,1190.17184,64.09833889443169,1196.7800947005599,1216.0018890590225,71617.0705,75323.16811805677,67910.97288194323
2026-03-05 00:00:00,72666.77,73000.0,72553.65,72760.0,1004.77646,64.75111069310822,1127.6760721126338,1198.3367256697447,71865.7705,75130.70898576504,68600.83201423495
2026-03-05 01:00:00,72759.99,73306.82,72409.1,72538.72,821.18852,61.87545802507767,1043.0317686934577,1167.2757342744874,72082.377,74864.23750319296,69300.51649680703
2026-03-05 02:00:00,72538.72,72916.5,72336.76,72506.19,628.62779,61.44345042550408,962.2336190779461,1126.2673112351792,72282.2855,74500.07831740324,70064.49268259676
2026-03-05 03:00:00,72506.18,72750.0,72344.51,72497.89,668.37206,61.32579962349581,887.3024919537856,1078.4743473789006,72432.5235,74220.144172335,70644.90282766499
2026-03-05 04:00:00,72497.89,73081.08,72447.96,72815.7,750.0071,64.15595608798886,843.8364237858041,1031.5467626602813,72522.7385,74186.18443047453,70859.29256952548
2026-03-05 05:00:00,72815.7,72912.82,72260.74,72412.15,1085.89796,58.319889088040824,767.9734196794452,978.8320940641141,72567.308,74164.14954191452,70970.46645808549
2026-03-05 06:00:00,72412.15,72655.23,72037.56,72553.62,1063.1049,59.7037720655776,711.0701153832488,925.2796983279411,72627.54299999999,74118.22929625306,71136.85670374692
2026-03-05 07:00:00,72553.63,72675.07,71759.95,72055.5,1447.01462,53.02761008997904,618.6483229530713,863.9534232529672,72674.74799999999,74015.53874215062,71333.95725784937
2026-03-05 08:00:00,72055.5,72370.21,71757.17,72333.7,1421.17898,55.9877133214336,561.3805559727043,803.4388497969147,72724.4475,73923.02170458251,71525.87329541748
2026-03-05 09:00:00,72333.7,72875.85,72298.83,72591.59,1160.78148,58.59268682774747,530.6875698088988,748.8885937993116,72780.1685,73828.83772635671,71731.49927364329
2026-03-05 10:00:00,72591.59,73558.15,72517.06,73388.92,1589.2678,65.40940968322307,564.197309198411,711.9503368791316,72868.5625,73796.98373714137,71940.14126285863
2026-03-05 11:00:00,73388.91,73449.96,72766.75,72915.79,2091.15218,59.18319543114907,546.279215452887,678.8161125938826,72844.508,73739.62659208728,71949.38940791272
2026-03-05 12:00:00,72915.8,73063.38,72666.93,72890.73,729.99152,58.86358876310414,524.0163304334274,647.8561561617917,72824.30249999999,73694.51716976243,71954.08783023755
2026-03-05 13:00:00,72890.73,72935.3,72189.7,72467.79,1108.98859,53.60239833817871,466.8633996582648,611.6576048610863,72786.746,73650.05881663454,71923.43318336546
2026-03-05 14:00:00,72467.79,72835.73,71944.18,72609.29,1446.63499,55.04993628866582,428.0528311061207,574.9366501100932,72732.5355,73485.17717628714,71979.89382371286
2026-03-05 15:00:00,72609.3,72770.0,71168.65,71652.77,2321.94313,44.86106062756331,316.46400581761554,523.2421212515977,72634.619,73415.03659753615,71854.20140246386
2026-03-05 16:00:00,71652.77,71654.65,70786.06,71305.92,1736.25108,41.837183054298315,197.76149021189485,458.1459950436572,72548.931,73507.363450255,71590.498549745
2026-03-05 17:00:00,71305.92,71572.0,70645.47,70704.41,1223.37093,37.15931275186095,54.523547897304525,377.42150561438666,72418.66549999999,73619.31369556571,71218.01730443427
2026-03-05 18:00:00,70703.37,71090.32,70656.63,70990.65,720.55573,40.56496588097484,-35.48730204030289,294.83974408344875,72332.905,73682.91800152815,70982.89199847185
2026-03-05 19:00:00,70990.66,71430.78,70870.0,70918.07,626.47744,39.97340163486872,-111.39406706788577,213.59298185318187,72245.47,73724.7611816066,70766.1788183934
2026-03-05 20:00:00,70918.08,71394.45,70840.0,71236.51,496.74041,43.842867842855604,-144.1931101286027,142.03576345682495,72169.29550000001,73693.25464239987,70645.33635760014
2026-03-05 21:00:00,71236.51,71572.3,71023.52,71141.93,546.48691,42.95714246729451,-175.79198306644685,78.4702141521706,72099.456,73679.13609857953,70519.77590142048
2026-03-05 22:00:00,71141.93,71364.45,71074.45,71208.54,834.62565,43.817982139748466,-193.23198912241787,24.129773497252902,72034.5735,73650.10357510511,70419.04342489489
2026-03-05 23:00:00,71208.54,71292.44,70777.0,70890.72,1067.0763,40.66468507363604,-230.04689997398236,-26.705561196994154,71954.215,73631.41766118743,70277.01233881256
2026-03-06 00:00:00,70891.02,71047.95,70784.0,70988.19,673.4608,42.04220779907531,-248.49348938789626,-71.06314683517458,71862.8395,73541.55140576782,70184.12759423218
2026-03-06 01:00:00,70988.19,71301.74,70344.03,71257.2,1057.89391,45.78331877959009,-238.65462366503198,-104.58144220114606,71805.09199999999,73483.70117369838,70126.4828263016
2026-03-06 02:00:00,71257.2,71419.98,71036.0,71252.43,752.48392,45.72695557414397,-228.6069126438233,-129.38653628968152,71740.0325,73397.21450564887,70082.85049435114
2026-03-06 03:00:00,71252.43,71305.42,71000.0,71080.38,548.09403,43.640087445255375,-231.85435372243228,-149.88009977623167,71691.2765,73366.65715907108,70015.89584092893
2026-03-06 04:00:00,71080.37,71120.17,70270.21,70613.61,667.82412,38.505782973472805,-268.9916439837689,-173.70240861773914,71605.272,73317.97981772231,69892.56418227768
2026-03-06 05:00:00,70613.61,70658.01,70143.19,70436.19,966.11543,36.73657458790286,-309.175542120327,-200.79703531825672,71497.50200000001,73220.11570534874,69774.88829465127
2026-03-06 06:00:00,70436.18,70853.37,70261.23,70597.23,672.31367,39.45577744307872,-324.2887894681189,-225.49538614822916,71357.91750000001,72875.42871492544,69840.40628507458
2026-03-06 07:00:00,70597.23,71192.76,70468.97,71056.44,782.05786,46.515377496106815,-295.8019172822824,-239.55669237503983,71264.95,72597.10726911692,69932.79273088307
2026-03-06 08:00:00,71056.44,71067.58,70735.85,70789.49,569.42569,43.350854031914615,-291.4073374525324,-249.92682139053835,71159.888,72264.10911889441,70055.6668811056
2026-03-06 09:00:00,70789.49,70808.65,70300.0,70565.56,637.9756,40.84085456380017,-302.5067710622534,-260.44281132488135,71064.7765,72011.05892235137,70118.49407764865
2026-03-06 10:00:00,70565.56,70800.0,70467.88,70527.93,469.81877,40.41735739816908,-310.75736125718686,-270.5057213113425,70960.7085,71599.69927481882,70321.71772518117
2026-03-06 11:00:00,70527.93,70643.27,70184.01,70212.95,763.93539,36.962352005134754,-338.8067141306383,-284.16591987520167,70888.7175,71523.83179918039,70253.6032008196
2026-03-06 12:00:00,70212.94,70224.84,69660.0,69907.0,1907.43626,33.92847919049086,-381.3279254801455,-303.59832099619047,70818.7715,71559.73400169208,70077.80899830793
2026-03-06 13:00:00,69907.0,70341.76,69208.0,69208.0,2069.72961,28.227804329120644,-466.05733123283426,-336.09012304351927,70743.951,71777.84144675308,69710.06055324692
2026-03-06 14:00:00,69213.18,69273.87,68176.47,68409.89,3148.50679,23.394483723293035,-590.7964687173371,-387.0313921782829,70614.913,72075.3656451685,69154.4603548315
2026-03-06 15:00:00,68409.89,69100.0,68306.0,68504.71,1428.68549,25.036732310728212,-674.2298502938793,-444.4710838014022,70494.245,72223.32850361698,68765.161496383
2026-03-06 16:00:00,68504.71,68795.44,68222.0,68446.52,955.00949,24.68696466152892,-736.5562905570405,-502.8881251525299,70354.7455,72271.66377831057,68437.82722168944
2026-03-06 17:00:00,68446.52,68642.69,67744.78,67955.1,1236.78923,21.9039608536025,-816.1953387340909,-565.5495678688421,70195.404,72351.67169763519,68039.1363023648
2026-03-06 18:00:00,67955.1,68476.47,67955.1,68181.2,514.98068,26.03540969466073,-851.2527657818137,-622.6902074514364,70044.037,72322.4211526604,67765.65284733959
2026-03-06 19:00:00,68181.2,68485.01,68004.15,68131.79,617.63492,25.71525259214995,-872.9600631464855,-672.7441785904463,69906.09049999999,72299.79473789575,67512.38626210424
2026-03-06 20:00:00,68131.79,68285.71,67777.0,68111.03,668.6183,25.572961755650198,-881.6750105046085,-714.5303449732787,69762.2325,72226.88984932225,67297.57515067775
2026-03-06 21:00:00,68111.03,68333.33,67919.72,68289.1,604.80896,29.192185407215888,-864.2503680016525,-744.4743495789535,69613.8275,72056.8091097482,67170.8458902518
2026-03-06 22:00:00,68289.11,68440.92,68221.38,68319.89,304.91261,29.827596293512855,-838.2933931859297,-763.2381583003488,69467.2005,71847.29437253025,67087.10662746977
2026-03-06 23:00:00,68319.9,68371.24,68105.71,68114.02,611.37569,28.01722898231216,-824.826209006249,-775.5557684415289,69318.88249999999,71644.7918200247,66992.97317997529
2026-03-07 00:00:00,68114.02,68394.09,68105.73,68290.45,653.38105,31.835533286938002,-790.8010794181027,-778.6048306368438,69202.72450000001,71488.06947094966,66917.37952905036
2026-03-07 01:00:00,68290.46,68369.11,68180.95,68262.01,316.06145,31.545054051217974,-757.3999541918602,-774.3638553478471,69094.0155,71338.79711963823,66849.23388036176
2026-03-07 02:00:00,68262.01,68367.73,68060.6,68350.04,316.96409,33.56565889243832,-715.5773067446135,-762.6065456272004,68981.65599999999,71132.63198587713,66830.68001412285
2026-03-07 03:00:00,68350.05,68551.04,68095.5,68095.5,450.32011,30.74017453318588,-694.9607333116437,-749.077383164089,68833.609,70781.29316123485,66885.92483876515
2026-03-07 04:00:00,68095.5,68147.73,67817.0,68063.43,621.66509,30.39303869112922,-673.4466574503458,-733.9512380213405,68697.30600000001,70439.36374339869,66955.24825660134
2026-03-07 05:00:00,68063.42,68140.49,67908.0,68018.26,493.88772,29.88120710923002,-652.5195990695502,-717.6649102309825,68569.94099999999,70095.95598291888,67043.9260170811
2026-03-07 06:00:00,68018.27,68021.14,67612.21,67690.86,489.36583,26.409617808828585,-654.8050137390819,-705.0929309326025,68428.0875,69692.83564465046,67163.33935534953
2026-03-07 07:00:00,67690.86,67865.23,67446.41,67842.67,768.74899,30.44482676393521,-637.0232159589214,-691.4789879378663,68309.5735,69280.09810269947,67339.04889730053
2026-03-07 08:00:00,67842.67,68045.07,67720.98,67795.4,465.95331,29.89513976677253,-619.6029103937472,-677.1037724290426,68203.99350000001,68846.97516599261,67561.01183400741
2026-03-07 09:00:00,67795.4,68074.97,67738.31,68000.0,332.46219,35.33717490910253,-582.5721534934564,-658.1974486419253,68143.5935,68584.73838712221,67702.4486128778
2026-03-07 10:00:00,68000.0,68102.73,67870.43,67880.31,319.42039,33.689597033367875,-556.468373546013,-637.851633622743,68117.1145,68554.51675517469,67679.7122448253
2026-03-07 11:00:00,67880.31,68232.27,67841.67,68010.01,372.24149,37.11138390485603,-519.328735427116,-614.1470539836176,68092.3795,68491.79438224423,67692.96461775576
2026-03-07 12:00:00,68010.0,68085.41,67900.01,67992.54,359.03867,36.83565814976723,-485.70607040032337,-588.4588572669588,68069.68049999999,68434.45172426646,67704.90927573352
2026-03-07 13:00:00,67992.54,68081.16,67855.82,67931.06,318.23636,35.82685934070983,-458.7328021269059,-562.5136462389482,68068.4785,68434.9937469611,67701.96325303889
2026-03-07 14:00:00,67931.06,68083.79,67609.44,68016.7,473.27443,38.35925460083919,-425.540494481058,-535.1190158873702,68060.25349999999,68423.48624797615,67697.02075202383
2026-03-07 15:00:00,68016.7,68034.67,67769.89,67877.45,577.84468,35.87993200971198,-405.7939230265474,-509.2539973152057,68047.5365,68417.96181620624,67677.11118379376
2026-03-07 16:00:00,67877.45,67889.68,67702.2,67783.63,349.2691,34.27263802082547,-393.18274683823984,-486.03974721981257,68031.1665,68418.33612797112,67643.99687202889
2026-03-07 17:00:00,67783.63,67935.01,67768.97,67788.41,217.68104,34.433791960798274,-378.4401700885501,-464.5198317935601,68006.132,68387.78850800174,67624.47549199825
2026-03-07 18:00:00,67788.4,67788.41,67480.0,67568.13,1180.24782,30.698352907408747,-380.1492034602852,-447.64570612690517,67968.54400000001,68367.76364473735,67569.32435526267
2026-03-07 19:00:00,67568.13,67572.35,66915.26,67080.34,1312.2302,24.38890205674305,-416.0680278574,-441.33017047300416,67916.86,68473.42009359266,67360.29990640734
2026-03-07 20:00:00,67080.33,67437.5,67068.01,67402.98,590.47118,34.04485549752134,-413.73037713882513,-435.81021180616835,67872.4865,68444.91970377213,67300.05329622787
2026-03-07 21:00:00,67402.98,67483.05,67281.34,67452.98,638.99995,35.421227665101796,-403.1954043292353,-429.28725031078176,67832.035,68402.90867763963,67261.16132236038
2026-03-07 22:00:00,67452.97,67469.87,67101.31,67258.65,706.81324,32.575864618727536,-405.84879709289817,-424.5995596672051,67777.4655,68348.50226013074,67206.42873986927
2026-03-07 23:00:00,67258.65,67403.85,67183.39,67262.91,394.96477,32.70348530683337,-402.96277949071373,-420.27220363190685,67735.836,68330.169820027,67141.50217997299
2026-03-08 00:00:00,67262.91,67481.96,67181.04,67194.77,552.27054,31.670859995969963,-401.5451556771586,-416.5267940409572,67692.403,68312.34550216784,67072.46049783217
2026-03-08 01:00:00,67194.77,67353.57,67090.0,67297.27,565.85563,34.99589287139497,-387.68183040240547,-410.7578013132469,67656.3535,68280.35035014499,67032.356649855
2026-03-08 02:00:00,67297.27,67426.52,66833.58,66925.44,765.90711,29.405700392871253,-402.06387663555506,-409.01901637770857,67618.08249999999,68321.9466891768,66914.21831082318
2026-03-08 03:00:00,66925.45,67083.1,66850.0,67000.26,999.40624,31.767583479939432,-402.781390047443,-407.7714911116555,67575.962,68322.75164145422,66829.17235854578
2026-03-08 04:00:00,67000.26,67100.01,66547.15,66637.36,1206.88314,27.04175843904865,-427.70273086818634,-411.7577390629617,67518.06,68365.94504648488,66670.17495351512
2026-03-08 05:00:00,66637.35,67250.24,66617.76,67149.93,402.00353,40.50437280299637,-401.46511776912666,-409.69921480419475,67475.55649999999,68306.78141481637,66644.33158518361
2026-03-08 06:00:00,67149.93,67231.86,67035.18,67161.52,246.63235,40.77051146265511,-375.4089238280576,-402.8411566089673,67439.617,68259.23194870511,66620.00205129488
2026-03-08 07:00:00,67161.52,67465.11,67154.91,67319.91,1010.57902,44.42898765217074,-338.08126277646807,-389.88917784246746,67405.112,68180.53322278884,66629.69077721114
2026-03-08 08:00:00,67319.9,67577.36,67156.93,67539.33,1008.6246,49.11778432519216,-287.4795766217867,-369.40725759833134,67382.4515,68110.64229291417,66654.26070708582
2026-03-08 09:00:00,67539.34,67905.03,67474.0,67681.0,1111.87857,51.937503047160654,-233.25694984394067,-342.1771960474532,67369.9485,68066.37201257257,66673.52498742743
2026-03-08 10:00:00,67681.0,68200.0,67680.99,67904.14,646.22527,56.06715386105798,-170.3162941080809,-307.80501565957877,67364.3205,68040.25520337763,66688.38579662237
2026-03-08 11:00:00,67904.15,67904.15,67411.76,67515.0,536.67584,48.27677805182762,-150.10539523688203,-276.26509157503943,67346.198,67982.47841040646,66709.91758959355
2026-03-08 12:00:00,67515.0,67650.94,66888.0,67324.72,902.41572,44.98528935574181,-147.73907395332935,-250.55988805069742,67323.2525,67925.29031025221,66721.2146897478
2026-03-08 13:00:00,67324.71,67431.81,66761.68,67234.86,1987.5897,43.47771495016045,-151.3698014496622,-230.7218707304904,67295.575,67857.10600823555,66734.04399176444
2026-03-08 14:00:00,67234.86,67426.69,67055.73,67339.76,695.31699,45.762784281485786,-144.121285368994,-213.40175365819113,67284.1565,67831.4588875245,66736.8541124755
2026-03-08 15:00:00,67339.75,67369.36,67080.0,67218.23,879.16155,43.56536119604768,-146.4945415978873,-200.02031124613038,67291.051,67830.96697713323,66751.13502286679
2026-03-08 16:00:00,67218.23,67268.44,66802.47,66872.15,538.7559,37.97346435912963,-174.29199828322453,-194.87464865354923,67264.50950000001,67832.7070043096,66696.31199569043
2026-03-08 17:00:00,66872.15,67179.98,66800.01,67065.0,812.42846,42.409514020504396,-178.70035325569916,-191.63978957397921,67245.11050000001,67812.70679940972,66677.5142005903
2026-03-08 18:00:00,67065.0,67076.0,66745.54,66804.0,487.97779,38.40614905064178,-200.93823417992098,-193.49947849516758,67222.378,67823.14001256436,66621.61598743564
2026-03-08 19:00:00,66803.99,67485.24,66779.82,67337.42,711.10669,49.00185180991279,-173.5191581612453,-189.50341442838314,67226.1035,67828.84468762827,66623.36231237173
2026-03-08 20:00:00,67337.41,67609.08,67028.45,67238.8,1144.93227,47.37907290440393,-157.92667229862127,-183.1880660024308,67228.30500000001,67830.88593011329,66625.72406988672
2026-03-08 21:00:00,67238.79,67266.0,66712.69,67020.01,959.03531,43.90522928537528,-161.3639363971597,-178.82324008137658,67214.44200000001,67823.06943296817,66605.81456703185
2026-03-08 22:00:00,67020.01,67020.01,65618.49,66236.8,2742.02435,34.22991701209369,-224.69633491997956,-187.9978590490972,67180.01,67921.00227845203,66439.01772154796
2026-03-08 23:00:00,66236.8,66569.24,65930.3,65971.2,679.95244,31.68031299221326,-292.94255786611757,-208.9867988125013,67128.557,68044.38779612427,66212.72620387573
2026-03-09 00:00:00,65971.2,66773.0,65821.97,66370.01,951.35538,39.024517877032594,-311.2595409963833,-229.4413472492777,67115.18950000001,68068.25535414933,66162.12364585069
2026-03-09 01:00:00,66370.01,66698.05,66131.25,66196.01,2263.78882,37.148207539400524,-335.9436783093115,-250.74181346128447,67067.49350000001,68104.97779169593,66030.0092083041
2026-03-09 02:00:00,66196.01,66707.58,65959.0,66537.32,752.57114,42.94327399329588,-324.2276755965431,-265.4389858883362,67036.28349999999,68099.10363521123,65973.46336478875
2026-03-09 03:00:00,66537.32,67668.64,66512.88,67205.05,1256.29482,52.22409209754047,-258.08735807973426,-263.96866032661586,67030.5405,68088.13608862639,65972.94491137362
2026-03-09 04:00:00,67205.06,67610.0,67093.09,67130.14,848.47762,51.2175730441946,-209.30258101579966,-253.03544446445264,67010.081,68041.74766591637,65978.41433408365
2026-03-09 05:00:00,67131.1,68069.29,67113.02,67911.16,1145.71148,59.896079224017804,-106.39208524188143,-223.70677261993842,67021.589,68089.27305526062,65953.90494473939
2026-03-09 06:00:00,67911.15,67939.55,67236.78,67267.18,578.70307,51.72503964395931,-75.92338245328574,-194.1500945866079,66989.74100000001,67981.90945645486,65997.57254354516
2026-03-09 07:00:00,67267.18,67575.81,66853.48,67555.13,1253.45589,54.700805688557416,-28.216297562466934,-160.9633351817797,66991.7475,67988.54013026538,65994.95486973462
2026-03-09 08:00:00,67555.13,67929.19,67391.89,67814.69,1615.43129,57.25840745906642,30.188242423915653,-122.73301966064065,67016.246,68069.95513736834,65962.53686263166
2026-03-09 09:00:00,67814.69,68460.09,67566.65,67981.02,1225.43841,58.86132169574713,88.87124962209782,-80.41216580409296,67053.554,68189.4837649827,65917.62423501731
2026-03-09 10:00:00,67981.03,68088.92,67556.72,67608.13,687.12244,53.97432919527012,104.08897606372193,-43.51193743052999,67066.9725,68223.2949454341,65910.65005456591
2026-03-09 11:00:00,67608.13,67855.82,67344.45,67764.98,577.58612,55.64259875996147,127.33774776512291,-9.342000391399411,67094.31,68290.84239780583,65897.77760219417
2026-03-09 12:00:00,67764.99,68348.26,67759.57,68151.93,970.32854,59.538951311695534,174.9692612318613,27.520251933252734,67158.299,68438.74625793072,65877.85174206928
2026-03-09 13:00:00,68151.93,69300.0,68133.93,68976.0,2460.13662,66.32339693870824,276.031224646169,77.222446475836,67253.849,68768.72789240636,65738.97010759365
2026-03-09 14:00:00,68975.8,69480.0,68696.28,69151.5,2377.05802,67.57053550299693,366.06517063008505,134.9909913066858,67371.224,69089.46993308215,65652.97806691786
2026-03-09 15:00:00,69151.5,69254.87,68717.86,68863.66,1995.45638,63.42208731323761,409.47130870146793,189.88705478564222,67447.536,69290.50301503617,65604.56898496381
2026-03-09 16:00:00,68863.67,69225.0,68614.47,68960.12,1086.01117,64.21497277842542,446.5074418491131,241.2111321983364,67533.602,69492.64031134026,65574.56368865973
2026-03-09 17:00:00,68960.12,69088.49,68270.34,68600.71,889.54053,59.07650198773911,441.7650681972882,281.3219193981268,67612.637,69611.56881300049,65613.70518699952
2026-03-09 18:00:00,68600.71,68705.76,68179.12,68356.37,1350.25926,55.807044398048745,413.52366356183484,307.7622682308684,67718.6155,69633.39416481505,65803.83683518495
2026-03-09 19:00:00,68356.37,69516.65,68356.37,68991.93,1713.56623,61.73859831446807,437.3846295760886,333.6867404999125,67869.65199999999,69677.6413305445,66061.66266945547
2026-03-09 20:00:00,68991.93,69145.28,68762.2,68961.71,507.40424,61.317173457187984,448.6839661447884,356.6861856288877,67999.237,69724.26879800897,66274.20520199102
2026-03-09 21:00:00,68961.15,69102.53,68660.94,68919.72,782.51759,60.697207006263206,449.07388549468305,375.1637256020468,68135.4225,69681.85958509396,66588.98541490604
2026-03-09 22:00:00,68919.71,69030.56,68597.0,68635.88,943.05059,56.53596228613384,421.6192196235934,384.4548244063561,68240.3505,69604.23039757952,66876.47060242048
2026-03-09 23:00:00,68635.88,68694.73,68384.69,68432.16,665.45565,53.69084893690531,379.05320824739465,383.3745011745639,68301.706,69577.01430887346,67026.39769112655
2026-03-10 00:00:00,68432.16,69290.42,68391.41,69157.37,1134.03591,61.180181056764134,399.23558442562353,386.54671782477584,68403.06749999999,69606.5330666151,67199.60193338488
2026-03-10 01:00:00,69157.36,69389.06,68786.04,69260.01,1073.3002,62.11406272229722,418.68610041224747,392.97459434227017,68470.51,69708.58763987984,67232.43236012015
2026-03-10 02:00:00,69260.0,70578.29,69103.12,70272.01,2010.9648,69.82255389155287,509.8831018215715,416.35629583813045,68620.7515,69968.41389298129,67273.0891070187
2026-03-10 03:00:00,70272.0,70370.86,69390.0,69429.85,1096.27179,59.05437626355309,508.34225561154017,434.7534877928124,68714.4875,70009.84630771454,67419.12869228546
2026-03-10 04:00:00,69429.85,70132.27,69429.85,70072.94,1112.05227,63.66286935868946,552.6425925625226,458.3313087467545,68827.4,70184.72372852366,67470.07627147633
2026-03-10 05:00:00,70072.95,70355.06,69885.71,69971.34,874.03346,62.46666223111414,572.9480691758363,481.25466083257083,68926.916,70314.47178574585,67539.36021425415
2026-03-10 06:00:00,69971.34,70185.24,69750.62,69910.91,1140.99151,61.723786269604254,577.5069688680087,500.50512243965846,69042.05500000001,70348.64843493045,67735.46156506956
2026-03-10 07:00:00,69910.91,70546.74,69805.7,70406.01,1780.20471,65.35864768461977,613.9926370727917,523.2026253662851,69174.10650000001,70471.05320858519,67877.15979141483
2026-03-10 08:00:00,70406.01,71097.64,70369.0,70709.37,1852.19984,67.40136546056392,659.7808655856934,550.5182734101668,69301.9785,70676.55980528025,67927.39719471974
2026-03-10 09:00:00,70709.37,71300.0,70653.24,71078.92,1664.83143,69.7420986228135,717.6157356104814,583.9377658502298,69407.1245,70983.60598326144,67830.64301673857
2026-03-10 10:00:00,71078.92,71086.86,70660.89,70774.04,1808.06147,65.55965975016272,730.4290869334945,613.2360300668828,69488.25149999998,71172.64601342862,67803.85698657135
2026-03-10 11:00:00,70774.04,70865.73,70540.4,70580.94,945.42456,62.98334833927216,716.7400705975742,633.9368381730211,69574.1155,71299.0429127438,67849.1880872562
2026-03-10 12:00:00,70580.95,70628.19,70290.88,70519.86,702.95479,62.15136661460723,692.9746011537936,645.7443907691757,69652.1025,71401.01686961977,67903.18813038022
2026-03-10 13:00:00,70519.86,70926.46,69723.25,69921.12,1644.54716,54.545158904056095,618.695049867034,640.3345225887473,69718.12299999999,71398.26096996697,68037.98503003301
2026-03-10 14:00:00,69921.12,71527.54,69266.06,71467.81,2553.72955,66.09013914793775,676.8308424501301,647.633786561024,69873.69499999999,71598.53412368808,68148.8558763119
2026-03-10 15:00:00,71467.81,71777.0,70900.05,71346.16,2098.87598,64.69826739972027,704.9613825941487,659.099305767649,69991.40650000001,71782.91314195079,68199.89985804923
2026-03-10 16:00:00,71346.17,71700.0,70943.31,71268.59,1291.34054,63.775938591074855,712.7793113953812,669.8353068931955,70106.7505,71916.07978966401,68297.42121033598
2026-03-10 17:00:00,71268.58,71452.0,70512.64,70868.61,1383.6295,59.097595156639535,678.874391665333,671.643123847623,70204.19499999999,71953.2653786976,68455.12462130238
2026-03-10 18:00:00,70868.62,70914.9,69901.0,70013.87,1837.40169,50.561897209599266,576.3898603478883,652.5924711476761,70273.0945,71863.40019687409,68682.78880312592
2026-03-10 19:00:00,70013.87,70290.0,69739.0,70043.63,992.60769,50.82819585334584,491.9011835567653,620.4542136294939,70353.66799999999,71695.062823199,69012.27317680098
2026-03-10 20:00:00,70043.63,70350.0,70007.52,70235.6,671.88971,52.60178989685866,435.41448597332055,583.4462680982592,70407.5795,71627.72163941394,69187.43736058607
2026-03-10 21:00:00,70236.34,70417.3,69541.91,69763.01,830.8687,48.01073699254154,348.49705070455093,536.4564246195176,70432.7295,71571.28362693144,69294.17537306856
2026-03-10 22:00:00,69763.02,69869.9,69452.42,69721.58,937.20086,47.618362003773576,273.1229113833688,483.7897219722879,70405.208,71585.94865240956,69224.46734759044
2026-03-10 23:00:00,69721.58,69981.8,69698.46,69948.63,1165.15914,50.02868359016409,229.06883742651553,432.84554506313344,70431.147,71542.41833705877,69319.87566294122
2026-03-11 00:00:00,69948.64,70173.25,69759.63,70044.87,728.92961,51.056718333898296,199.62033119334956,386.2005022891767,70429.7435,71542.98884547799,69316.498154522
2026-03-11 01:00:00,70044.87,70144.0,69880.0,70071.26,947.24879,51.35225960318927,176.3784493161511,344.2360916945716,70434.7395,71540.19245760082,69329.28654239918
2026-03-11 02:00:00,70071.26,70119.59,69614.0,69810.72,1612.87548,48.2542663499986,135.37516922072973,302.46390719980326,70429.73,71546.0327071524,69313.4272928476
2026-03-11 03:00:00,69810.73,69887.11,69488.7,69551.91,1113.41409,45.328854723479175,81.06154328590492,258.1834344170236,70387.025,71570.47728351805,69203.57271648194
2026-03-11 04:00:00,69551.91,70281.87,69501.55,70130.99,759.416,52.29730741388776,83.77877033656114,223.30250160093112,70358.106,71536.6490935523,69179.5629064477
2026-03-11 05:00:00,70130.99,70200.96,69420.0,69510.36,757.81378,45.590290171373255,35.44396223851072,185.73079372844705,70279.67799999999,71464.9969306723,69094.35906932766
2026-03-11 06:00:00,69510.37,69996.0,69500.01,69950.01,391.73761,50.43923345763639,32.242685668941704,155.03317211654598,70238.4765,71408.63128295398,69068.32171704603
2026-03-11 07:00:00,69950.01,70018.49,69500.67,69648.29,1171.57725,47.322362530756045,5.29829307833279,125.08619630890335,70191.844,71378.74998050538,69004.93801949461
2026-03-11 08:00:00,69648.28,69786.32,69500.0,69662.24,672.55865,47.48394610757912,-14.759544912347337,97.11704806465322,70148.963,71347.87942994805,68950.04657005196
2026-03-11 09:00:00,69662.24,69752.06,69384.5,69466.75,939.05652,45.383072868055514,-45.90081917957286,68.51347461580801,70126.2445,71360.0518225309,68892.4371774691
2026-03-11 10:00:00,69466.75,69726.45,69390.91,69604.9,1028.34397,47.162207195643525,-58.755654355554725,43.05964882153546,70033.09900000002,71112.01783816073,68954.18016183931
2026-03-11 11:00:00,69604.9,69755.1,69150.28,69173.0,898.77254,42.50100758562482,-102.61108756344765,13.925501544538838,69924.441,70876.86977480953,68972.01222519048
2026-03-11 12:00:00,69172.99,69777.66,68977.91,69361.13,1045.64069,45.048666874923974,-120.79387896491971,-13.018374557352875,69829.068,70574.22574078465,69083.91025921535
2026-03-11 13:00:00,69361.13,71091.18,69331.04,70186.09,2647.32148,54.55705861833588,-67.85431235392753,-23.985562116667808,69794.94200000001,70386.28493902559,69203.59906097443
2026-03-11 14:00:00,70186.08,70987.0,69906.77,70578.7,2251.77658,58.25880656730188,5.71514082964859,-18.045421527404528,69823.1835,70505.5024911083,69140.8645088917
2026-03-11 15:00:00,70578.7,70654.43,69702.25,70227.91,1844.6963,54.02432460632699,35.306648129277164,-7.3750075960681905,69832.39749999999,70532.00869296041,69132.78630703957
2026-03-11 16:00:00,70227.92,70826.39,70161.78,70570.71,1837.92404,57.2912125416895,85.43439147650497,11.186872218446442,69849.15299999999,70603.34595413166,69094.96004586833
2026-03-11 17:00:00,70570.71,71321.0,70512.01,70785.99,2122.20651,59.249543770068854,140.90798650380748,37.13109507551865,69900.302,70761.11579506095,69039.48820493904
2026-03-11 18:00:00,70785.99,70895.31,70415.27,70617.64,1134.13411,57.04665186312355,169.33478618042136,63.5718332964992,69945.10500000001,70858.42605707687,69031.78394292315
2026-03-11 19:00:00,70617.63,70742.38,70375.68,70641.82,644.23151,57.29225992997413,191.6056430646131,89.17859525012199,69979.7645,70944.79645201756,69014.73254798245
2026-03-11 20:00:00,70641.81,70700.0,70394.23,70634.96,383.34496,57.1923437086175,206.32354355147982,112.60758491039356,70009.269,71017.78471828742,69000.75328171258
2026-03-11 21:00:00,70634.96,70777.17,70499.94,70741.26,576.42683,58.40293235489304,223.9831687927508,134.882701686865,70042.769,71103.13306078351,68982.40493921649
2026-03-11 22:00:00,70741.27,70950.0,70241.53,70373.01,1098.26512,52.82923200005114,205.89047439438582,149.08425622836918,70070.88350000001,71135.15202558647,69006.61497441355
2026-03-11 23:00:00,70373.01,70505.0,70125.83,70191.86,641.563,50.28683407946892,174.9182440322038,154.2510537891361,70102.881,71139.57570904375,69066.18629095623
2026-03-12 00:00:00,70191.86,70353.87,70130.23,70225.34,658.09363,50.75849763080574,151.32965051160136,153.66677313362916,70107.5985,71145.68952263234,69069.50747736765
2026-03-12 01:00:00,70225.34,70226.94,69754.94,69841.31,760.55263,45.43369692188199,100.48913250530313,143.03124500796397,70124.14600000001,71132.27046576561,69116.0215342344
2026-03-12 02:00:00,69841.3,69887.93,69226.52,69286.56,742.38929,39.05934045411996,15.258081275242148,117.47661226141962,70090.9735,71164.74840766103,69017.19859233896
2026-03-12 03:00:00,69286.55,69628.25,69246.23,69446.61,415.13842,41.60486892269769,-38.924743264273275,86.19634115628105,70080.8895,71175.74988729018,68986.02911270983
2026-03-12 04:00:00,69446.61,69676.88,69296.43,69372.0,436.68208,40.75033744995097,-86.88388222527283,51.58029647997028,70066.3775,71191.86794073206,68940.88705926795
2026-03-12 05:00:00,69372.0,69539.61,69205.91,69480.54,734.74043,42.59744666884034,-114.81011494713312,18.3022141945496,70067.06700000001,71191.02658040235,68943.10741959767
2026-03-12 06:00:00,69480.54,69561.84,69315.63,69501.44,719.76894,42.96615293090111,-133.71402816286718,-12.101034276933756,70061.894,71195.71889838658,68928.06910161342
2026-03-12 07:00:00,69501.45,69865.98,69408.88,69826.19,830.78197,48.50134558969654,-121.09499688558572,-33.89982679866415,70094.5535,71155.88292944034,69033.22407055965
2026-03-12 08:00:00,69826.19,70116.37,69698.33,69917.37,1246.32882,49.9694944019935,-102.55467327078804,-47.63079609308893,70122.3655,71130.59579584902,69114.13520415098
2026-03-12 09:00:00,69917.36,70400.0,69580.0,69952.51,1284.31562,50.554537010695306,-84.05687359228614,-54.91601159292838,70110.6865,71121.21753945993,69100.15546054006
2026-03-12 10:00:00,69952.51,70511.0,69856.0,70412.11,911.03902,57.546913749534376,-31.943134543980705,-50.32143618313884,70102.35699999999,71099.30006883823,69105.41393116175
2026-03-12 11:00:00,70412.1,70800.0,70367.97,70427.91,1207.70061,57.76802027620434,10.511141172421048,-38.154920712026865,70112.357,71118.57187104652,69106.14212895349
2026-03-12 12:00:00,70427.9,70617.66,70277.38,70381.8,847.51801,56.837659907693784,39.97496241836052,-22.52894408594939,70102.9115,71094.44964058678,69111.37335941322
2026-03-12 13:00:00,70381.8,70534.65,69645.0,69972.15,1340.7754,49.249021733276514,29.924965247293585,-12.038162219300796,70062.21949999999,71001.12569514314,69123.31330485684
2026-03-12 14:00:00,69972.2,70660.69,69355.34,69590.09,2130.67842,43.42561729266527,-8.767710202941089,-11.384071816028856,70010.84199999999,70934.10388203572,69087.58011796426
2026-03-12 15:00:00,69590.09,70565.43,69476.14,70334.88,1778.50463,54.67656510068256,20.43087980276323,-5.021081492270439,69995.495,70884.15053911223,69106.83946088776
2026-03-12 16:00:00,70334.89,70569.15,69905.71,70381.16,1271.41787,55.271808815491354,46.76628929666185,5.33639266551602,69982.805,70839.69256901456,69125.91743098543
2026-03-12 17:00:00,70381.15,70547.19,70076.16,70212.06,843.93551,52.55582129407987,53.37703702780709,14.944521537974236,69956.345,70744.54998124405,69168.14001875595
2026-03-12 18:00:00,70212.05,70303.51,69800.0,69819.64,742.85798,46.807609470295276,26.643952919417643,17.284407814262917,69928.6765,70693.80962307555,69163.54337692446
2026-03-12 19:00:00,69819.64,70548.81,69770.85,70432.32,757.84664,55.070158933798204,54.270351946528535,24.68159664071604,69940.6995,70730.40783736194,69150.99116263806
2026-03-12 20:00:00,70432.33,70555.2,70111.28,70164.49,618.18553,51.317490649822076,53.93114489430445,30.531506291433725,69937.65699999999,70723.20586122212,69152.10813877787
2026-03-12 21:00:00,70164.5,70470.0,70164.5,70268.55,355.90233,52.66706424421742,61.351867062578094,36.6955784456626,69959.019,70756.67926875385,69161.35873124615
2026-03-12 22:00:00,70268.54,70305.26,70013.17,70175.64,467.42484,51.2996461948164,59.05503266947926,41.167469290425935,70003.47300000001,70740.1003690981,69266.84563090192
2026-03-12 23:00:00,70175.64,70734.25,70159.35,70541.34,894.58188,56.12797724478518,85.75517629118985,50.08501069057872,70058.2095,70783.21073478245,69333.20826521754
2026-03-13 00:00:00,70541.34,72000.0,70386.01,71475.61,2857.31114,65.53028976247728,180.225486236508,76.11310579976458,70163.39,71059.41739648877,69267.36260351122
2026-03-13 01:00:00,71475.6,71759.95,71283.99,71672.39,975.74666,67.12823988345279,267.884384498655,114.46736153954267,70272.9825,71337.64906592607,69208.31593407392
2026-03-13 02:00:00,71672.38,71696.68,71045.52,71143.8,994.81538,59.19044517759786,291.34347134793643,149.8425835012214,70355.1005,71422.54937508538,69287.65162491462
2026-03-13 03:00:00,71143.8,71508.87,70964.43,71405.75,927.82134,61.612943882455085,327.29924057346943,185.33391491567102,70434.0785,71568.39872718324,69299.75827281676
2026-03-13 04:00:00,71405.76,71493.77,71214.01,71393.94,780.92498,61.43587594468904,350.7977009003225,218.42667211260132,70507.90699999999,71691.75218649159,69324.0618135084
2026-03-13 05:00:00,71393.93,71637.54,71242.02,71546.29,1178.90406,62.91643813660607,377.36375727149425,250.21408914437993,70587.59599999999,71827.27689817396,69347.91510182602
2026-03-13 06:00:00,71546.28,71593.22,71180.19,71342.0,1081.97604,59.611505534377656,377.5805392458278,275.6873791646695,70634.0905,71915.121068071,69353.059931929
2026-03-13 07:00:00,71342.0,71672.76,71236.08,71612.22,1139.8319,62.42323138854399,395.0034819408611,299.55059971990784,70693.306,72041.91418421021,69344.69781578978
2026-03-13 08:00:00,71612.23,72142.85,71385.28,71821.02,1820.16796,64.48089784115143,420.8088816940435,323.802256114735,70765.26699999999,72195.03837158764,69335.49562841235
2026-03-13 09:00:00,71821.01,72100.37,71589.81,72006.57,925.21442,66.2495803133206,451.0329540739622,349.2483957065804,70866.988,72347.74347265977,69386.23252734022
2026-03-13 10:00:00,72006.56,72575.98,71995.53,72458.12,1635.35127,70.1456370471069,505.59388879813196,380.5174943248908,71010.38949999999,72525.57421283783,69495.20478716215
2026-03-13 11:00:00,72458.11,72526.12,72207.41,72228.82,724.41705,65.98036204000081,524.2875682680751,409.27150911352766,71105.0865,72678.1416403421,69532.0313596579
2026-03-13 12:00:00,72228.81,72884.68,72210.0,72784.73,1142.93241,70.54664576194455,577.3049232001649,442.8781919308551,71225.265,72927.40990239696,69523.12009760304
2026-03-13 13:00:00,72784.73,73585.27,72684.88,73379.18,3297.40201,74.48979081347154,659.6842762301385,486.2394087907118,71383.621,73268.37395195685,69498.86804804315
2026-03-13 14:00:00,73379.18,73913.74,72350.0,72382.72,4558.05031,59.99122768225229,637.2190482481674,516.435336682203,71511.775,73294.56337284652,69728.98662715347
2026-03-13 15:00:00,72382.72,72829.12,71736.34,71831.46,3305.45471,53.757490472544426,568.381173923277,526.8245041304178,71581.732,73294.6048764343,69868.85912356571
2026-03-13 16:00:00,71831.46,72100.0,71154.54,71885.57,2334.3461,54.25990654561541,512.287555304938,523.9171143653219,71667.78600000001,73248.71317011764,70086.85882988237
2026-03-13 17:00:00,71885.56,72249.99,70914.09,71037.93,1889.70074,45.85508944369372,394.88352299365215,498.110396090988,71706.255,73177.45793241152,70235.05206758849
2026-03-13 18:00:00,71037.93,71350.94,70841.23,71055.45,738.18799,46.041135031022186,299.7978165048262,458.44788017375566,71750.24549999999,73073.96771705092,70426.52328294906
2026-03-13 19:00:00,71055.45,71309.94,71006.19,71189.95,507.07823,47.531635529915995,232.61331351209083,413.2809668414227,71782.676,73009.96108294383,70555.39091705618
2026-03-13 20:00:00,71189.96,71469.53,71150.0,71346.84,554.4729,49.291220093325805,189.84046001621755,368.5928654763817,71776.2375,73011.62966959193,70540.84533040808
2026-03-13 21:00:00,71346.84,71491.03,71058.25,71104.65,650.14338,46.68826895235715,134.8455410662864,321.84340059436266,71747.8505,73018.86746885377,70476.83353114623
2026-03-13 22:00:00,71104.65,71189.26,70559.02,70814.0,863.33877,43.7054245799411,67.03589754634595,270.88189998475934,71731.3605,73043.27440840713,70419.44659159286
2026-03-13 23:00:00,70814.0,71005.3,70688.45,70930.0,1113.02703,45.20994101497334,22.39830336353043,221.18518066051357,71707.573,73060.94310456875,70354.20289543126
2026-03-14 00:00:00,70930.01,70951.8,70555.0,70631.97,763.50434,42.097017880452476,-36.603894966174266,169.627365535176,71669.4745,73100.68133566015,70238.26766433984
2026-03-14 01:00:00,70631.96,70941.05,70481.7,70831.7,791.55133,44.83821802846905,-66.48067263228586,122.40575790168364,71633.745,73112.78000040406,70154.70999959593
2026-03-14 02:00:00,70831.7,70948.66,70735.21,70783.27,1013.67533,44.290687813418586,-92.9941517424013,79.32577597286667,71605.8085,73128.50832865966,70083.10867134033
2026-03-14 03:00:00,70783.27,71185.23,70783.26,71081.3,944.72261,48.46150962882255,-88.93258521337702,45.674103735617926,71579.2625,73119.89766674953,70038.62733325046
2026-03-14 04:00:00,71081.31,71307.92,71021.11,71039.58,707.08065,47.92064879963,-88.06506060843822,18.9262708668067,71540.1905,73094.58478000884,69985.79621999116
2026-03-14 05:00:00,71039.57,71151.3,70916.96,71013.75,759.3407,47.56668708881758,-88.44229847512906,-2.547443001580452,71490.5495,73045.64419527806,69935.45480472193
2026-03-14 06:00:00,71013.75,71013.75,70317.0,70622.08,712.17672,42.44681311865021,-118.9742962513119,-25.83281365152674,71398.74750000001,72929.93294612154,69867.56205387849
2026-03-14 07:00:00,70622.09,70743.88,70489.03,70596.68,750.98425,42.130113828272755,-143.56575552037975,-49.379402025297345,71317.14050000001,72835.97731288207,69798.30368711795
2026-03-14 08:00:00,70596.68,70710.76,70536.58,70585.63,461.44808,41.983358989945444,-162.0779728335183,-71.91911618694154,71207.18549999999,72591.08514919014,69823.28585080984
2026-03-14 09:00:00,70585.64,70728.07,70400.0,70501.16,893.97396,40.81298920911686,-181.47315194969997,-93.82992333949323,71063.2845,72032.69653862354,70093.87246137645
2026-03-14 10:00:00,70501.16,70575.1,70389.08,70570.44,624.35522,42.23531279344435,-189.07412530911097,-112.87876373341679,70972.6705,71740.66533284762,70204.67566715236
2026-03-14 11:00:00,70570.44,70784.38,70562.66,70751.42,515.18098,45.89320735944913,-178.43746198319423,-125.99050338337229,70918.6685,71576.37333844519,70260.96366155481
2026-03-14 12:00:00,70751.42,70835.48,70616.44,70780.59,472.56223,46.481459541675676,-165.74346693317057,-133.94109609333194,70863.41949999999,71339.77683610319,70387.06216389679
2026-03-14 13:00:00,70780.59,70930.56,70711.54,70847.35,886.4995,47.87813745482661,-148.5836307323334,-136.86960302113224,70853.89050000001,71323.12072242633,70384.66027757368
2026-03-14 14:00:00,70847.34,70941.17,70578.76,70599.22,329.16955,43.34991375820313,-153.23990002532082,-140.14366242196996,70831.079,71303.4000992237,70358.7579007763
2026-03-14 15:00:00,70599.23,70728.59,70501.0,70580.09,849.34654,43.01215840559734,-156.66769049676077,-143.44846803692812,70800.586,71253.70964320896,70347.46235679103
2026-03-14 16:00:00,70580.09,70709.4,70500.0,70672.53,379.28346,45.232729831256094,-150.19376348154037,-144.79752712585056,70766.87049999999,71142.59299809518,70391.1480019048
2026-03-14 17:00:00,70672.52,70733.02,70590.0,70617.01,134.37087,44.12074321015102,-147.83893446982256,-145.40580859464498,70742.4885,71087.9915411445,70396.98545885552
2026-03-14 18:00:00,70617.01,70708.88,70559.35,70668.23,95.80359,45.453013449296044,-140.22328285699768,-144.36930344711553,70735.2,71080.50128869708,70389.89871130291
2026-03-14 19:00:00,70668.23,70740.34,70595.14,70700.0,77.47303,46.30810528382602,-130.12425913917832,-141.5202945855281,70723.7,71056.78878376579,70390.6112162342
2026-03-14 20:00:00,70699.99,70856.4,70650.09,70805.71,114.01852,49.16371806600596,-112.29631452677131,-135.67549857377674,70732.387,71064.46359950374,70400.31040049627
2026-03-14 21:00:00,70805.71,70825.04,70661.06,70799.99,113.91325,49.01181867077744,-97.50511787002324,-128.04142243302604,70730.8015,71061.18005166152,70400.42294833848
2026-03-14 22:00:00,70799.99,70805.15,70695.29,70710.91,89.24315,46.597245169553766,-91.91150091250893,-120.81543812892262,70727.18350000001,71056.72652328825,70397.64047671178
2026-03-14 23:00:00,70710.9,71253.17,70710.9,71211.95,537.56951,58.87072122672089,-46.51261012342002,-105.9548725278221,70733.716,71096.33511662249,70371.09688337751
2026-03-15 00:00:00,71211.95,71220.74,70967.59,70985.28,576.24004,52.94261918156531,-28.495557680435013,-90.4630095583447,70731.001,71084.68066412242,70377.32133587758
2026-03-15 01:00:00,70985.29,71037.41,70858.82,70985.83,340.54476,52.9549981123043,-14.01102305779932,-75.17261225823562,70729.60500000001,71078.77726747819,70380.43273252183
2026-03-15 02:00:00,70985.84,71634.08,70985.84,71450.53,895.09143,62.04086476060191,34.56701430246176,-53.22468694609614,70771.0275,71241.85673570201,70300.19826429799
2026-03-15 03:00:00,71450.54,71538.03,71240.68,71363.14,779.68802,59.70557123009508,65.26152204281243,-29.52744514831443,70809.3505,71341.2404607173,70277.4605392827
2026-03-15 04:00:00,71363.13,71661.55,71330.66,71606.32,779.77883,63.79009829058365,107.96517885314825,-2.028920348021895,70860.38500000001,71488.97189253828,70231.79810746174
2026-03-15 05:00:00,71606.31,71800.68,71476.0,71489.68,792.96245,60.616222109887126,130.8874720367021,24.554358128922903,70909.811,71573.91911482967,70245.70288517034
2026-03-15 06:00:00,71489.67,71595.43,71373.75,71458.41,528.89919,59.75780883137444,144.86046559036185,48.6155796212107,70954.2095,71641.12506134468,70267.29393865532
2026-03-15 07:00:00,71458.41,71658.44,71411.88,71453.59,276.05348,59.61766101512668,153.77263472109917,69.6469906411884,70989.318,71703.8155211932,70274.8204788068
2026-03-15 08:00:00,71453.59,71736.72,71453.59,71717.5,551.40345,64.52362543183801,180.05535828824213,91.72866417059915,71036.1635,71813.16156837718,70259.16543162281
2026-03-15 09:00:00,71717.5,71940.49,71713.9,71791.1,640.93656,65.77248871418337,204.46654788315936,114.2762409131112,71083.351,71924.08299558097,70242.61900441902
2026-03-15 10:00:00,71791.11,71919.19,71714.37,71783.09,525.0135,65.5022353110241,220.62304630785366,135.5456019920597,71142.54449999999,72006.14995377293,70278.93904622705
2026-03-15 11:00:00,71783.1,71888.0,71659.71,71839.42,452.79199,66.54335626348409,235.26061007298995,155.48860360824574,71205.511,72080.01574398774,70331.00625601226
2026-03-15 12:00:00,71839.41,71839.42,71560.21,71610.33,324.76249,58.774608191208294,225.7727684636484,169.54543657932626,71252.401,72106.91709376259,70397.8849062374
2026-03-15 13:00:00,71610.33,71679.81,71263.99,71607.54,1108.48189,58.68475068639498,215.54380118039262,178.74510949953955,71301.9275,72115.20984707035,70488.64515292966
2026-03-15 14:00:00,71607.54,71635.56,71341.68,71622.03,452.09243,59.03503929983342,206.22921084529662,184.24192976869097,71349.61750000001,72117.00407015638,70582.23092984363
2026-03-15 15:00:00,71622.04,71626.0,71410.0,71481.24,210.01259,54.224443651404094,185.3501533366507,184.46357448228292,71388.6795,72093.84763860439,70683.5113613956
2026-03-15 16:00:00,71481.24,71586.75,71320.08,71437.35,302.61771,52.78053007389818,163.3784683559643,180.2465532570192,71420.2615,72069.88680378326,70770.63619621673
2026-03-15 17:00:00,71437.35,71989.93,71409.74,71819.95,365.80062,62.2239048764743,174.8231200849841,179.1618666226122,71471.25950000001,72074.33236126782,70868.18663873221
2026-03-15 18:00:00,71819.96,71885.55,71321.87,71390.53,321.10675,50.110710972756074,147.54171480049263,172.8378362581883,71505.2405,71993.60013533999,71016.88086466001
2026-03-15 19:00:00,71390.53,71582.83,71338.67,71549.94,251.59972,53.71299894979072,137.2024745941162,165.7107639253739,71522.14,71990.75919220642,71053.52080779358
2026-03-15 20:00:00,71549.94,71930.0,71433.75,71730.81,236.54566,57.46571663526946,141.9667453772272,160.96196021574457,71559.4165,71962.21003727904,71156.62296272097
2026-03-15 21:00:00,71730.81,72222.0,71629.99,72109.58,459.80342,64.04066339028103,174.2968521688017,163.628938606356,71615.60399999999,71994.29710184426,71236.91089815572
2026-03-15 22:00:00,72109.59,73081.77,71725.74,72749.44,1471.44945,71.93353314375385,248.68338196654804,180.63982727839442,71680.54950000001,72305.49859276331,71055.6004072367
2026-03-15 23:00:00,72749.45,73199.0,72420.44,72815.24,1393.63061,72.59958197259664,309.37843087398505,206.38754799751254,71753.1545,72539.41955778474,70966.88944221527
2026-03-16 00:00:00,72815.25,73008.94,72452.26,72531.26,685.4345,65.38751574355715,330.7521765322599,231.26047370446202,71799.40149999999,72655.04808453843,70943.75491546156
2026-03-16 01:00:00,72531.27,72852.28,72270.41,72752.9,715.87613,68.054839486694,361.4094168453448,257.2902623326386,71862.5625,72804.12540700473,70920.99959299527
2026-03-16 02:00:00,72752.9,72852.28,72368.08,72514.69,487.11967,62.48178936332598,362.30748926335946,278.2937077187828,71915.3765,72879.71025128332,70951.04274871667
2026-03-16 03:00:00,72514.69,74330.34,72436.02,73573.32,3424.72669,73.04580774350535,443.33136378727795,311.30123893248185,72021.363,73211.50497625601,70831.22102374399
2026-03-16 04:00:00,73573.31,74451.03,73573.31,73835.62,1907.76761,74.92941468052634,522.683614610447,353.5777140680749,72127.269,73556.50908221392,70698.02891778608
2026-03-16 05:00:00,73835.62,74258.07,73720.0,74207.49,1421.12171,77.34642369207192,608.5625163709192,404.57467452864375,72248.08849999998,73941.74956349895,70554.42743650102
2026-03-16 06:00:00,74207.49,74207.5,73610.0,73714.36,1229.39836,67.98613749093914,629.5733651419869,449.5744126513124,72344.652,74143.63155616513,70545.67244383488
2026-03-16 07:00:00,73714.36,73924.83,73385.18,73456.68,958.93738,63.65141850568684,618.3045615849405,483.32044243803807,72425.515,74273.59370419134,70577.43629580866
2026-03-16 08:00:00,73456.69,73776.13,72888.8,73135.0,1562.06854,58.62614238350939,576.7684384381428,502.010041638059,72501.7485,74333.95954339237,70669.53745660764
2026-03-16 09:00:00,73135.0,73331.88,73057.25,73260.92,531.7209,59.95878717140176,547.6979324007552,511.1476197905983,72584.41750000001,74395.83081646016,70773.00418353986
2026-03-16 10:00:00,73260.92,73783.42,73202.89,73783.42,1038.45265,64.99693318255162,560.3612347087765,520.9903427742339,72692.487,74519.9743992066,70864.99960079338
2026-03-16 11:00:00,73783.42,73838.76,73515.33,73552.77,680.69185,61.32852308842276,545.4973121898802,525.8917366573631,72796.0635,74568.48552060025,71023.64147939975
2026-03-16 12:00:00,73552.78,74044.0,73465.46,73864.8,921.55759,64.2667485971916,552.5265773139399,531.2187047886786,72917.436,74629.52913550113,71205.34286449887
2026-03-16 13:00:00,73864.81,74509.52,73787.0,74109.55,1593.51066,66.42182413995559,571.2614536668116,539.2272545643052,73031.916,74741.21229458837,71322.61970541162
2026-03-16 14:00:00,74109.56,74460.19,72990.52,73565.54,2204.69587,58.04256830618941,536.0328644428228,538.5883765400088,73140.66649999999,74678.41049383066,71602.92250616933
2026-03-16 15:00:00,73565.54,74030.0,73186.5,73274.76,1024.65577,54.1130526890528,479.12735591184173,526.6961724143754,73226.9075,74570.19011497071,71883.62488502929
2026-03-16 16:00:00,73274.75,73901.95,73160.66,73760.63,1016.72181,59.09612394352649,467.8419876222033,514.925335455941,73328.3985,74490.20130855804,72166.59569144195
2026-03-16 17:00:00,73760.63,74065.7,73648.7,73943.18,906.04408,60.817768649607146,468.2310353995854,505.5864754446699,73420.0785,74459.89788686483,72380.25911313518
2026-03-16 18:00:00,73943.17,74356.32,73860.0,73913.6,1086.95746,60.374331150777984,460.8402205767343,496.6372244710828,73478.2865,74489.99269254651,72466.58030745349
2026-03-16 19:00:00,73913.6,74418.6,73781.54,73963.0,1122.08511,60.88723261807415,453.7386964781763,488.05751887250153,73535.6745,74518.82824502735,72552.52075497263
2026-03-16 20:00:00,73963.0,74248.95,73863.2,74236.9,424.59345,63.69327471115867,464.853585614881,483.41673222097745,73620.9565,74530.40594985848,72711.50705014152
2026-03-16 21:00:00,74236.9,74799.0,74150.0,74401.36,1246.95221,65.3028892488164,481.3836715696816,483.0101200907183,73703.3795,74579.77804558222,72826.98095441777
2026-03-16 22:00:00,74401.35,74899.99,74378.43,74772.66,1058.73068,68.67902166915279,518.4681130263634,490.1017186778474,73816.278,74627.23066719493,73005.32533280508
2026-03-16 23:00:00,74773.56,74909.08,74250.21,74884.67,1159.70951,69.6387800420949,550.5496769821475,502.1913103387074,73881.8455,74813.20116385452,72950.48983614547
2026-03-17 00:00:00,74884.67,75520.23,74614.18,75318.48,2173.5367,73.07941451648072,604.0166609705047,522.5563804650669,73955.9885,75086.62401952753,72825.35298047248
2026-03-17 01:00:00,75318.48,76000.0,75074.37,75623.91,1953.08873,75.20951982104265,663.3881537138514,550.7227351148239,74026.8095,75379.42848516782,72674.19051483218
2026-03-17 02:00:00,75623.91,75677.66,75114.67,75198.02,1068.24779,67.22222212165349,668.3701704932464,574.2522221905084,74100.99250000001,75541.35378953845,72660.63121046156
2026-03-17 03:00:00,75198.02,75326.15,74268.73,74463.98,1730.33731,56.15321537671149,606.1008084771747,580.6219394478417,74151.35750000001,75567.09102561805,72735.62397438198
2026-03-17 04:00:00,74463.98,74712.89,73980.16,74252.01,2017.11887,53.41781283429729,533.4978518152784,571.1971219213291,74207.20800000001,75539.81087564565,72874.60512435438
2026-03-17 05:00:00,74252.0,74459.99,73784.0,74036.74,1250.81696,50.71582194862324,453.3629102503619,547.6302795871356,74245.999,75505.79831913242,72986.19968086758
2026-03-17 06:00:00,74036.74,74276.66,73877.56,74085.45,879.74749,51.31589520021308,389.2982932379673,515.963882317302,74261.1005,75504.68899052808,73017.51200947192
2026-03-17 07:00:00,74085.46,74457.72,74066.4,74249.32,771.242,53.37274512726814,347.741020157162,482.31930988527404,74295.928,75494.17946058321,73097.67653941679
2026-03-17 08:00:00,74249.32,74452.97,74108.01,74188.38,461.65295,52.48469843148068,306.357731901182,447.12699428845565,74312.10699999999,75494.48116754343,73129.73283245655
2026-03-17 09:00:00,74188.38,74406.03,73841.62,73937.16,864.16263,48.874469335933995,250.4033296276757,407.78226135629967,74303.4875,75494.56054043183,73112.41445956817
2026-03-17 10:00:00,73937.16,73960.74,73560.98,73729.45,1049.0691,46.0537802509186,187.14135258001625,363.654079601043,74311.683,75483.47608444271,73139.8899155573
2026-03-17 11:00:00,73729.45,74224.16,73682.01,74033.11,647.95804,50.547218256210094,159.66805030530668,322.85687374189575,74349.6005,75425.2505387479,73273.9504612521
2026-03-17 12:00:00,74033.1,74170.55,73672.25,73739.74,614.23436,46.51602918507661,112.92106931736635,280.8697128569899,74348.556,75426.65188850091,73270.46011149908
2026-03-17 13:00:00,73739.74,74167.39,73399.19,73615.48,1159.88444,44.88327509984516,65.09661333744589,237.71509295308113,74332.171,75445.58985944642,73218.75214055358
2026-03-17 14:00:00,73615.49,74425.31,73424.79,74381.7,1362.71508,55.30197048478471,88.00843143480597,207.7737606494261,74355.576,75451.48974545459,73259.66225454542
2026-03-17 15:00:00,74381.69,74893.94,73669.91,73914.39,1370.72331,49.19423246619079,67.67805038361985,179.75461859626486,74353.1455,75452.93389852108,73253.35710147892
2026-03-17 16:00:00,73914.4,74350.0,73855.24,74155.69,747.87279,52.13394178869698,70.22743217674724,157.84918131236134,74349.08499999999,75451.27754046624,73246.89245953374
2026-03-17 17:00:00,74155.68,74594.0,74006.58,74523.75,826.10844,56.288571789522564,100.78541013802169,146.43642707749342,74355.20449999999,75459.97512189181,73250.43387810818
2026-03-17 18:00:00,74523.76,74769.17,74386.11,74683.04,707.46038,57.98811206321624,136.28518876706949,144.40617941540864,74350.7235,75449.07312668515,73252.37387331483
2026-03-17 19:00:00,74683.04,74800.0,74427.25,74512.17,768.60522,55.49549159382337,148.91464280673245,145.3078720936734,74332.0985,75404.65519280531,73259.54180719468
2026-03-17 20:00:00,74511.21,74685.5,74359.87,74506.75,466.76372,55.41412318864221,156.68011656650924,147.58232098824058,74291.512,75263.63980563826,73319.38419436174
2026-03-17 21:00:00,74506.75,74799.0,74450.01,74685.42,618.20101,57.620071610670244,175.2315263034543,153.11216205128335,74244.5875,75015.74454495269,73473.4304550473
2026-03-17 22:00:00,74685.42,74772.14,73934.0,74307.08,488.30847,51.778099814703936,157.58819745003711,154.00736913103412,74200.04049999999,74829.14650215078,73570.9344978492
2026-03-17 23:00:00,74307.08,74398.74,73871.74,73909.36,523.41057,46.44692984367202,110.24224809251609,145.25434492333054,74172.3095,74801.32362341684,73543.29537658316
2026-03-18 00:00:00,73909.37,74063.22,73535.36,73867.88,673.31061,45.91594037895406,68.5825755406986,129.91999104680414,74153.10299999999,74795.1927630885,73511.01323691147
2026-03-18 01:00:00,73867.88,74211.43,73820.69,74072.3,537.72886,49.009694707657665,51.46867168339668,114.22972717412266,74154.881,74795.8099400976,73513.95205990238
2026-03-18 02:00:00,74072.3,74476.0,74051.78,74338.93,549.53806,52.80205784777369,58.74343451105233,103.1324686415086,74167.555,74812.71394733978,73522.3960526602
2026-03-18 03:00:00,74338.93,74672.34,74250.27,74446.14,459.80928,54.27467571509144,72.32595884028706,96.9711666812643,74177.396,74833.71427984998,73521.07772015
2026-03-18 04:00:00,74446.14,74486.3,74137.02,74175.49,472.35206,50.03080710534667,60.55299688922241,89.68753272285592,74176.7515,74833.04967969464,73520.45332030536
2026-03-18 05:00:00,74175.48,74312.11,73830.76,73950.0,662.80056,46.750920725548504,32.65129739037366,78.28028565635947,74177.3935,74832.72926621533,73522.05773378468
2026-03-18 06:00:00,73950.01,74225.82,73938.1,73954.03,652.79254,46.81802469286408,10.740378439528286,64.77230421299323,74188.6225,74818.85631724648,73558.38868275352
2026-03-18 07:00:00,73954.03,73997.04,73700.01,73883.8,504.7237,45.73634213181238,-12.151086589641636,49.38762605246626,74181.157,74822.58511074401,73539.728889256
2026-03-18 08:00:00,73883.8,74130.02,73863.31,74044.89,735.50464,48.666035347572155,-17.09703683653788,36.090693474665436,74196.4145,74807.42858412144,73585.40041587855
2026-03-18 09:00:00,74044.9,74281.33,74042.85,74181.08,347.16358,51.071169137713866,-9.91307151048386,26.889940477635577,74224.69450000001,74771.47677896931,73677.91222103071
2026-03-18 10:00:00,74181.08,74267.77,73816.26,73946.35,478.90858,46.98512648988243,-22.89653945718601,16.93264449067126,74202.927,74757.99172649597,73647.86227350403
2026-03-18 11:00:00,73946.35,74074.84,72800.0,72952.85,1877.69179,34.4294284077275,-112.06140420793963,-8.866165249050919,74154.85,74935.76322886525,73373.93677113476
2026-03-18 12:00:00,72952.85,72981.79,72271.11,72361.24,1819.95371,29.39246504244396,-227.83682355159544,-52.660296909559825,74065.1275,75184.59208759753,72945.66291240248
2026-03-18 13:00:00,72361.13,72556.81,71980.0,72133.49,1607.02731,27.711690132680076,-334.1157210595702,-108.95138173956191,73945.6145,75336.40573744431,72554.82326255568
2026-03-18 14:00:00,72133.48,72222.45,71100.0,71193.23,2385.98822,22.094367399186666,-488.5815727133013,-184.87741993430978,73771.124,75583.99097280733,71958.25702719267
2026-03-18 15:00:00,71193.23,71531.54,70857.21,71467.82,2560.23665,26.763289528994193,-582.1293303028215,-264.32780200801216,73618.90650000001,75665.9052497169,71571.90775028312
2026-03-18 16:00:00,71467.82,71565.78,71037.34,71314.08,967.21409,25.829911583583538,-661.0519400347548,-343.6726296133607,73459.27300000002,75703.22489293307,71215.32110706696
2026-03-18 17:00:00,71314.07,71750.0,71199.87,71595.21,1025.9984,30.59646673305474,-692.926213300103,-413.5233463507092,73304.7625,75617.72801387095,70991.79698612905
2026-03-18 18:00:00,71595.21,72000.5,70947.78,71096.74,1475.11719,27.25224800561307,-749.7663281000277,-480.77194270057294,73144.2455,75605.18258376174,70683.30841623827
2026-03-18 19:00:00,71096.75,71486.14,70933.85,71072.38,867.91916,27.09637977353475,-787.6980838196178,-542.157170924382,73002.3965,75600.84978465621,70403.9432153438
2026-03-18 20:00:00,71072.38,71333.33,70500.0,71214.67,1180.62213,29.628216040045416,-797.0893102800474,-593.1435987955151,72869.736,75551.71232076328,70187.75967923673
2026-03-18 21:00:00,71214.67,71451.22,71167.15,71263.67,338.26453,30.52303208429916,-791.454638016512,-632.8058066397145,72729.3045,75440.12505465456,70018.48394534543
2026-03-18 22:00:00,71263.67,71269.02,70944.56,71153.66,520.94837,29.612630596449947,-786.7963091716665,-663.603907146105,72570.041,75256.85353020777,69883.22846979223
2026-03-18 23:00:00,71153.67,71365.4,71069.69,71246.54,691.26691,31.47109315141992,-766.7710508553719,-684.2373358879585,72410.061,75006.01343247657,69814.10856752344
2026-03-19 00:00:00,71246.55,71321.81,70976.69,71002.17,887.95607,29.28056471897709,-761.837517406937,-699.7573721917541,72251.39499999999,74780.05274351375,69722.73725648623
2026-03-19 01:00:00,71002.18,71182.44,70951.93,71115.23,391.40796,31.650930918391182,-740.2712730538042,-707.8601523641642,72109.65650000001,74553.80475705702,69665.508242943
2026-03-19 02:00:00,71115.24,71252.83,70902.37,71055.44,554.97617,31.058066571721653,-719.7080756483047,-710.2297370209923,71964.727,74289.21476286952,69640.23923713047
2026-03-19 03:00:00,71055.44,71613.79,71053.33,71215.39,593.60943,34.58800102708206,-682.6359628588398,-704.7109821885618,71831.30649999999,73992.59510794963,69670.01789205035
2026-03-19 04:00:00,71215.39,71215.39,70654.86,70822.07,702.86032,30.458160155196765,-677.1874874499044,-699.2062832408304,71670.1655,73605.28840301315,69735.04259698685
2026-03-19 05:00:00,70822.06,70909.88,70661.56,70826.54,416.16191,30.559636780208862,-664.8449213893473,-692.3340108705338,71502.4385,73067.29554837258,69937.58145162743
2026-03-19 06:00:00,70826.55,70979.99,70505.0,70583.22,619.8514,28.15152453993919,-667.0083819243446,-687.268885081296,71334.282,72452.4026577212,70216.1613422788
2026-03-19 07:00:00,70583.22,70600.04,69478.51,70191.17,2753.9557,24.765267683186195,-692.3768096150307,-688.290469988043,71196.198,72141.43753272861,70250.9584672714
2026-03-19 08:00:00,70191.16,70300.0,69900.0,69985.19,1015.64209,23.18716958714664,-720.7934773542802,-694.7910714612905,71077.39550000001,72003.16189792803,70151.629102072
2026-03-19 09:00:00,69985.19,70560.91,69971.99,70513.0,1262.65596,34.674316501335866,-692.7385762684571,-694.3805724227238,70996.371,71809.79308338584,70182.94891661416
2026-03-19 10:00:00,70513.0,70538.74,70117.0,70133.72,613.17552,31.077698841077265,-693.1197383662511,-694.1284056114293,70943.39550000001,71836.89821901076,70049.89278098926
2026-03-19 11:00:00,70133.73,70259.37,69909.09,69952.75,542.70053,29.505110896146206,-699.9559224785771,-695.293908984859,70867.642,71828.3143919819,69906.96960801812
2026-03-19 12:00:00,69952.75,69952.76,69105.49,69290.27,1452.42038,24.598085895664354,-750.1826089201204,-706.2716489719113,70766.4515,71933.34026077736,69599.56273922263
2026-03-19 13:00:00,69290.28,70084.35,69081.51,69905.65,1720.19325,35.35337662196852,-731.8947694208036,-711.3962730616898,70681.9735,71840.84295602707,69523.10404397291
2026-03-19 14:00:00,69905.65,70179.53,69096.16,69482.25,1636.49639,31.974054058728,-743.0015074834955,-717.717319946051,70601.249,71859.16070349142,69343.33729650857
2026-03-19 15:00:00,69482.24,69917.87,68793.35,69412.51,1898.28931,31.440952182483485,-748.7994189858,-723.9337397540008,70518.2555,71861.42546420856,69175.08553579144
2026-03-19 16:00:00,69412.52,69642.35,69177.19,69455.86,858.32753,32.197695859892264,-741.3504958723788,-727.4170909776765,70430.31499999999,71811.27742468611,69049.35257531387
2026-03-19 17:00:00,69455.86,69954.18,69122.03,69854.16,759.67868,38.873719721410495,-695.2927869274135,-720.9922301676239,70359.8395,71705.13617190786,69014.54282809215
2026-03-19 18:00:00,69854.15,69931.1,69581.55,69821.21,442.61763,38.53568114570456,-653.9126128317585,-707.5763067004509,70293.217,71604.53289154953,68981.90110845047
2026-03-19 19:00:00,69821.21,70596.42,69805.33,70271.99,1190.55299,45.51596852436059,-578.0805948043126,-681.6771643212232,70244.4895,71476.68889888148,69012.29010111852
2026-03-19 20:00:00,70272.0,70676.0,70201.0,70483.03,488.71031,48.46665705114911,-495.2451323064015,-644.3907579182589,70218.5325,71404.5336952109,69032.5313047891
2026-03-19 21:00:00,70483.03,70695.6,70371.19,70413.47,418.78383,47.552528598442315,-430.250680123645,-601.5627423593362,70183.4445,71297.05931897729,69069.8296810227
2026-03-19 22:00:00,70413.46,70501.89,69954.05,70183.99,551.7482,44.56618631171934,-392.7320559904474,-559.7966050855584,70139.872,71175.27766414604,69104.46633585397
2026-03-19 23:00:00,70184.0,70282.47,69718.23,69930.0,592.04663,41.46249938546122,-379.12285410841287,-523.6618548901293,70075.60250000001,70981.37395250781,69169.8310474922
2026-03-20 00:00:00,69930.01,70311.12,69837.1,70181.0,871.72419,45.50171518393289,-344.1170936127164,-487.7529026346468,70043.549,70880.88192216236,69206.21607783764
2026-03-20 01:00:00,70181.0,70588.5,70181.0,70403.79,526.82154,48.87390606748576,-294.99694400939916,-449.2017109095973,70022.4115,70795.39114852698,69249.43185147303
2026-03-20 02:00:00,70403.8,70516.16,70086.86,70415.47,312.91426,49.051893441996455,-252.2189698870352,-409.8051627050849,70014.024,70764.70020163074,69263.34779836927
2026-03-20 03:00:00,70415.48,70809.43,70388.0,70729.92,711.57589,53.72285781133526,-190.7448423565511,-365.99309863537815,70040.9615,70854.4412131913,69227.48178680871
2026-03-20 04:00:00,70729.93,70969.71,70557.91,70783.69,546.53749,54.49118665643592,-136.1182769995503,-320.0181343082126,70080.88650000001,70958.67846191667,69203.09453808334
2026-03-20 05:00:00,70783.7,70867.44,70521.73,70606.24,367.69531,51.454997542057555,-105.92403602752893,-277.1993146520759,70085.5485,70973.93005602152,69197.16694397849
2026-03-20 06:00:00,70606.23,70646.93,70346.49,70502.9,758.81391,49.71763616739681,-89.3041146274918,-239.62027464715908,70104.00749999999,71011.73463099622,69196.28036900377
2026-03-20 07:00:00,70502.91,70939.58,70160.06,70854.66,936.89906,55.255757190361415,-47.204471198652755,-201.1371139574578,70149.10299999999,71113.06181629567,69185.14418370431
2026-03-20 08:00:00,70854.66,71367.0,70800.0,71042.23,1011.96314,57.91740666353874,1.2803716153866844,-160.65361684288894,70236.701,71190.40760520482,69282.99439479518
2026-03-20 09:00:00,71042.23,71042.23,70419.65,70583.8,885.49116,50.0768790747701,2.6825661663751816,-127.98638024103612,70270.6085,71222.97739711688,69318.23960288313
2026-03-20 10:00:00,70583.81,70670.43,70218.68,70611.68,609.11713,50.51562058952998,5.974626670242287,-101.19417885878045,70327.08,71214.33727465394,69439.82272534606
2026-03-20 11:00:00,70611.68,70810.81,70303.36,70478.71,605.56445,48.33387454997946,-2.1215040081588086,-81.37964388865612,70380.39,71157.56914202258,69603.21085797742
2026-03-20 12:00:00,70478.71,70685.63,70251.0,70342.63,613.27107,46.137734247515716,-19.295834266085876,-68.96288196414207,70424.7285,71069.7723229636,69779.68467703639
2026-03-20 13:00:00,70342.63,70613.75,69795.7,69863.84,1225.89394,39.36113852499584,-70.72568464746291,-69.31544250080624,70425.2125,71068.46576033934,69781.95923966065
2026-03-20 14:00:00,69863.85,70268.66,69589.38,69731.21,1679.84994,37.708871514406255,-120.79390720099036,-79.61113544084307,70420.7125,71082.74216151574,69758.68283848425
2026-03-20 15:00:00,69731.2,70002.68,69480.0,69860.09,1196.90076,40.33005057956965,-148.36355270929926,-93.36161889453432,70400.11750000001,71105.81486624604,69694.42013375397
2026-03-20 16:00:00,69860.09,70100.0,69608.54,69829.26,922.25773,39.897547333587006,-170.7323228060268,-108.83575967683281,70367.429,71116.20691134421,69618.6510886558
2026-03-20 17:00:00,69829.27,70039.78,69388.0,70000.0,998.84797,43.51059773254407,-172.69176008627983,-121.60695975872221,70346.7555,71112.81323271105,69580.69776728895
2026-03-20 18:00:00,69999.99,70071.81,69525.33,69770.0,630.4796,40.02047051837224,-190.60651282624167,-135.4068703722261,70326.05600000001,71131.96784702144,69520.14415297858
2026-03-20 19:00:00,69770.01,70190.18,69673.76,70177.86,528.39593,47.98790525740058,-169.93429331679363,-142.31235496113962,70338.449,71126.13395169542,69550.76404830457
2026-03-20 20:00:00,70177.85,70259.28,69754.71,70057.66,435.39665,46.04661186410449,-161.39014078583568,-146.12791212607883,70332.282,71127.0567323342,69537.50726766582
2026-03-20 21:00:00,70057.66,70726.13,69946.65,70540.73,780.46042,54.085555776758845,-114.32130172841426,-139.76659004654593,70339.129,71138.8417383538,69539.4162616462
2026-03-20 22:00:00,70540.72,70923.75,70532.0,70767.85,591.69583,57.306422949082595,-58.023364555469016,-123.41794494833056,70356.74799999999,71178.75867579128,69534.7373242087
2026-03-20 23:00:00,70767.85,70771.13,70430.0,70510.73,372.60008,52.791477920139094,-33.76505634811474,-105.4873672282874,70345.7885,71152.55374593496,69539.02325406503
2026-03-21 00:00:00,70510.73,70826.0,70467.36,70682.19,274.67077,55.31948882318765,-0.69675155490404,-84.52924409361073,70340.7135,71137.09034847397,69544.33665152603
2026-03-21 01:00:00,70682.2,70758.5,70445.36,70464.59,375.95226,51.54688080350648,7.8610000814223895,-66.05119525860411,70333.631,71122.54954447855,69544.71245552144
2026-03-21 02:00:00,70464.6,70785.9,70431.67,70737.6,316.88084,55.634869065678906,36.25478270155145,-45.589999666573,70345.36600000001,71151.67650382598,69539.05549617404
2026-03-21 03:00:00,70737.6,70784.07,70632.39,70657.35,226.82019,54.18763341097782,51.68575446716568,-26.134848839825267,70335.5005,71120.10983111832,69550.89116888167
2026-03-21 04:00:00,70657.35,70819.0,70617.05,70642.13,487.10407,53.9012516678742,61.97240465997311,-8.513398139865593,70315.49549999999,71042.52364328642,69588.46735671356
2026-03-21 05:00:00,70642.14,70834.46,70635.1,70697.94,941.44912,54.84367448554513,73.77758752145746,7.9447989923990185,70321.2025,71058.8134685293,69583.5915314707
2026-03-21 06:00:00,70697.94,70831.14,70693.06,70774.65,857.26608,56.170007852378454,88.30520842409169,24.016880878737556,70329.351,71083.88002221119,69574.8219777888
2026-03-21 07:00:00,70773.55,70879.76,70677.44,70727.33,431.42703,55.094970651404566,94.90610561647918,38.19472582628588,70341.78199999999,71114.64139264463,69568.92260735536
2026-03-21 08:00:00,70727.33,70753.79,70492.02,70594.43,956.10118,52.08018489885731,88.39448825306317,48.234678311641346,70354.372,71135.44958555198,69573.29441444803
2026-03-21 09:00:00,70594.42,70735.36,70570.4,70661.59,204.69969,53.46593797833715,87.64294201957819,56.11633105322872,70394.2595,71150.96029298173,69637.55870701827
2026-03-21 10:00:00,70661.59,70695.32,70559.69,70605.64,524.32782,52.11387120334804,81.5920959162031,61.2114840258236,70437.981,71131.81051236056,69744.15148763944
2026-03-21 11:00:00,70605.64,70652.73,70567.79,70652.72,360.21459,53.18665371098806,79.67724958545296,64.90463713774948,70477.6125,71121.18621106108,69834.03878893892
2026-03-21 12:00:00,70652.73,70800.0,70652.73,70722.61,199.41863,54.80530279169421,82.84428166721773,68.49256604364312,70522.28,71096.67174731611,69947.88825268389
2026-03-21 13:00:00,70722.61,70812.74,70707.12,70740.18,171.5437,55.22444882807114,85.78307567239972,71.95066796939444,70559.28899999999,71085.3385508097,70033.23944919028
2026-03-21 14:00:00,70740.18,71100.94,70592.53,70629.1,873.72717,51.944505842040876,78.24688207905274,73.20991079132611,70602.24399999999,70974.84578454225,70229.64221545773
2026-03-21 15:00:00,70629.09,70760.0,70453.09,70630.02,399.45062,51.96994979504734,71.52414485259214,72.87275760357932,70624.852,70939.37744711702,70310.32655288298
2026-03-21 16:00:00,70630.02,70652.64,70251.0,70301.66,435.70425,43.181935668172066,39.24799295319826,66.1478046735031,70637.052,70866.31591328952,70407.78808671047
2026-03-21 17:00:00,70301.66,70426.18,70210.0,70304.08,444.648,43.25808957797417,13.70618741432554,55.65948122166759,70625.21949999999,70896.07059063828,70354.3684093617
2026-03-21 18:00:00,70303.45,70534.38,70290.48,70389.19,200.5858,45.99937625439204,0.3280071498011239,44.5931864072943,70606.2865,70887.88299509425,70324.69000490576
2026-03-21 19:00:00,70389.18,70448.79,70324.7,70396.0,140.45698,46.22324645423422,-9.61396322438668,33.7517564809581,70600.55,70894.73576389736,70306.36423610264
2026-03-21 20:00:00,70396.01,70508.11,70358.9,70462.28,697.39549,48.462686095210664,-12.006401970851584,24.600124790596166,70589.5545,70887.30942761814,70291.79957238186
2026-03-21 21:00:00,70462.27,70516.82,70268.06,70345.57,629.83259,44.91574753631894,-23.054194128664676,15.069261006743998,70583.6035,70896.25919000323,70270.94780999677
2026-03-21 22:00:00,70345.57,70384.95,70265.55,70277.22,737.88495,42.93393744163633,-36.899567538595875,4.675495297676024,70560.5845,70892.68719406465,70228.48180593534
2026-03-21 23:00:00,70277.21,70293.82,68571.42,68918.12,2509.60568,22.075752904815502,-155.74480804450286,-27.408565370759757,70473.623,71276.37720230964,69670.86879769037
2026-03-22 00:00:00,68918.12,69155.86,68228.5,68954.71,2161.16442,23.15810738623061,-244.16344595603005,-70.75954148781382,70389.25200000001,71435.27713293709,69343.22686706293
2026-03-22 01:00:00,68954.7,69100.0,68762.31,68962.4,809.55651,23.398920652135544,-310.0413708615815,-118.61590736256737,70302.475,71515.32845519736,69089.62154480265
2026-03-22 02:00:00,68962.4,69411.1,68951.21,69278.12,506.62838,32.721179569752394,-332.9362536694971,-161.47997662395332,70227.6485,71500.99369868594,68954.30330131405
2026-03-22 03:00:00,69278.12,69588.79,69123.13,69339.99,671.1404,34.40584671962763,-342.1441959985532,-197.6128204988733,70158.28150000001,71467.65727523978,68848.90572476025
2026-03-22 04:00:00,69340.0,69526.85,69215.89,69358.0,626.75701,34.91673197774895,-344.02262151564355,-226.89478070222737,70096.46,71435.54809361341,68757.3719063866
2026-03-22 05:00:00,69358.0,69358.0,69150.0,69153.41,322.14134,31.87919891916033,-357.894406504638,-253.0947058627095,70021.051,71395.53550981301,68646.566490187
2026-03-22 06:00:00,69153.41,69245.79,69059.87,69164.06,378.08519,32.20979996884951,-363.8344727324293,-275.2426592366535,69948.972,71345.39736514445,68552.54663485553
2026-03-22 07:00:00,69164.06,69250.08,68892.93,68919.38,432.94301,28.75678572053026,-383.86074145525345,-296.9662756803735,69862.305,71289.63914471418,68434.9708552858
2026-03-22 08:00:00,68919.37,68990.67,68523.96,68804.77,1053.77702,27.281463992239622,-404.3190347115451,-318.43682748660785,69766.413,71208.00883963758,68324.81716036242
2026-03-22 09:00:00,68804.77,68901.65,68587.78,68826.2,383.82763,28.02501763628935,-414.0304720523709,-337.55555639976046,69670.714,71094.13135020784,68247.29664979217
2026-03-22 10:00:00,68826.21,68847.83,68584.27,68648.17,360.03346,25.676178523152373,-431.1226754156669,-356.26898020294175,69571.66750000001,70989.96476301714,68153.37023698288
2026-03-22 11:00:00,68648.16,68691.03,68110.55,68217.95,784.4316,21.0785820083031,-473.92046807448787,-379.799277777251,69451.064,70900.30923522396,68001.81876477604
2026-03-22 12:00:00,68217.94,68763.18,68199.04,68654.83,484.243,34.00225140773891,-467.1998729430925,-397.2793968104193,69368.7225,70801.52273187837,67935.92226812163
2026-03-22 13:00:00,68654.83,68957.24,68548.32,68700.02,548.07349,35.18456922156214,-453.00533404592716,-408.4245842575209,69288.51950000001,70679.84392414108,67897.19507585894
2026-03-22 14:00:00,68700.02,68915.27,68542.1,68711.66,385.54476,35.505067739708764,-435.79325560459984,-413.8983185269367,69204.64300000001,70516.57675481655,67892.70924518348
2026-03-22 15:00:00,68711.66,69005.71,68700.0,68847.96,391.17296,39.29063414940155,-406.468769582425,-412.4124087380344,69127.24100000001,70320.52291488298,67933.95908511704
2026-03-22 16:00:00,68847.97,68885.53,68665.62,68805.58,258.25035,38.53329363506411,-382.24236293163267,-406.3783995767541,69044.406,70064.98706593984,68023.82493406016
2026-03-22 17:00:00,68805.58,68848.32,68665.34,68673.02,252.16281,36.18391033763684,-369.48010857068584,-398.9987413755405,68960.7785,69788.27450268832,68133.28249731168
2026-03-22 18:00:00,68672.85,68743.18,68344.57,68618.58,340.01718,35.233813866260576,-359.613383831238,-391.12166986668,68877.84650000001,69439.62713179,68316.06586821003
2026-03-22 19:00:00,68618.57,68626.07,68145.01,68199.93,472.99305,28.940541573426955,-381.18146691193397,-389.1336292757308,68841.937,69479.57193995145,68204.30206004856
2026-03-22 20:00:00,68199.93,68498.4,68080.0,68176.46,319.53245,28.63178798478188,-395.607840073033,-390.4284714351913,68803.0245,69503.56643141671,68102.48256858329
2026-03-22 21:00:00,68176.47,68228.71,67360.66,67899.97,1535.47353,25.218481298497622,-424.45838497050863,-397.2344541422548,68749.903,69553.15615452015,67946.64984547986
2026-03-22 22:00:00,67899.97,68396.94,67571.67,68339.37,856.561,37.89060608024425,-407.1731037936406,-399.22218407253195,68702.9655,69485.70506286414,67920.22593713587
2026-03-22 23:00:00,68339.38,68474.0,67839.99,67859.0,509.27627,31.588512553591727,-427.31046921011875,-404.83984110004934,68628.916,69437.68983386396,67820.14216613604
2026-03-23 00:00:00,67859.0,68161.41,67445.18,67669.99,823.69218,29.508821848364775,-453.295693177919,-414.53101151562333,68544.51550000001,69384.6349776613,67704.39602233871
2026-03-23 01:00:00,67670.0,68157.31,67536.01,67905.0,628.21786,35.21965020241255,-449.7414875324175,-421.5731067189822,68482.095,69317.22558364319,67646.96441635682
2026-03-23 02:00:00,67905.0,68400.0,67801.67,68320.72,627.90507,43.8807916871402,-408.66874535965326,-418.99223444711646,68439.928,69212.92751622049,67666.92848377951
2026-03-23 03:00:00,68320.72,68585.12,68059.88,68074.6,415.80047,40.43404252252284,-391.46555710054236,-413.4868989778017,68397.689,69152.48654862872,67642.89145137128
2026-03-23 04:00:00,68074.6,68550.0,68057.56,68541.0,486.61149,48.663281067118255,-336.3204317453783,-398.05360553131703,68384.5005,69118.27391027701,67650.72708972298
2026-03-23 05:00:00,68541.0,68915.4,68541.0,68899.92,1162.54953,53.93722407001465,-260.65105510820285,-370.5730954466942,68388.18650000001,69131.97457316976,67644.39842683026
2026-03-23 06:00:00,68899.92,68904.42,67698.86,67874.19,1218.88217,40.98028582649416,-280.2201639524865,-352.50250914785266,68349.4875,69116.4976960785,67582.4773039215
2026-03-23 07:00:00,67874.2,68464.42,67502.48,68333.16,1946.35809,47.10346473662177,-255.7457032014063,-333.1511479585634,68355.24799999999,69119.82533082642,67590.67066917356
2026-03-23 08:00:00,68333.16,68696.91,68328.55,68434.26,1238.43118,48.37403751998689,-225.59111767618742,-311.6391419020882,68344.21949999999,69096.87218645598,67591.566813544
2026-03-23 09:00:00,68434.27,68471.11,67916.14,68334.01,382.31585,47.16426612366941,-207.3920422056981,-290.78972196281023,68325.919,69059.7081404605,67592.12985953949
2026-03-23 10:00:00,68334.01,68714.28,68299.82,68551.02,494.85509,50.07491511974145,-173.45872618515568,-267.32352280727935,68317.887,69037.27342983035,67598.50057016965
2026-03-23 11:00:00,68551.02,71499.0,68544.15,70122.15,7050.35572,65.07552788065016,-19.563749517386896,-217.77156814930086,68381.59650000001,69443.01705242769,67320.17594757234
2026-03-23 12:00:00,70122.15,70877.35,69671.95,70752.15,1915.66623,69.08651499796488,151.4885968692397,-143.91953514559276,68478.925,69972.89320216616,66984.95679783385
2026-03-23 13:00:00,70752.14,71587.98,70600.0,71481.13,1712.52184,72.95677113082932,341.9298529058433,-46.74965753530555,68619.3305,70628.93939635898,66609.72160364101
2026-03-23 14:00:00,71481.13,71817.09,71127.14,71446.46,1663.17727,72.49193024996946,484.4736306791747,59.4950001075905,68760.7245,71134.96445525426,66386.48454474573
2026-03-23 15:00:00,71446.46,71660.01,70103.21,70131.48,2051.70929,57.52192066356777,485.7334721747611,144.74269452102462,68857.302,71291.86708095924,66422.73691904075
2026-03-23 16:00:00,70131.48,70753.43,70131.47,70561.54,1367.86918,60.40197404193465,515.4918839200254,218.8925324008248,68976.556,71502.63929591948,66450.47270408052
2026-03-23 17:00:00,70561.54,71119.09,70363.63,71085.16,673.70407,63.63487643009471,574.7025839036942,290.0545427013987,69135.8155,71775.19786522163,66496.43313477836
2026-03-23 18:00:00,71085.16,71195.21,70879.85,71076.22,593.89042,63.53949391208111,613.8302538748976,354.8096849360985,69272.658,72019.76895420095,66525.54704579905
2026-03-23 19:00:00,71076.22,71246.01,70649.4,70679.05,615.8582,59.287795217361065,605.8075422697293,405.0092564028247,69413.6605,72144.70285899077,66682.61814100922
2026-03-23 20:00:00,70679.04,70983.33,70559.03,70915.59,394.04509,60.96314831135885,611.4874401030538,446.3048931428705,69575.9405,72255.96497686238,66895.91602313762
2026-03-23 21:00:00,70915.59,70998.0,70827.66,70851.35,222.54858,60.23814672835141,603.8444262675912,477.8127997678147,69723.258,72339.70804602117,67106.80795397883
2026-03-23 22:00:00,70851.36,70896.76,70520.22,70780.22,279.983,59.395860488164004,585.3007040173834,499.31038061772847,69846.233,72415.90225257714,67276.56374742284
2026-03-23 23:00:00,70780.22,70998.0,70404.39,70906.45,368.14332,60.45267714630267,574.171682835411,514.282641061265,69987.8255,72456.56087626347,67519.09012373655
2026-03-24 00:00:00,70906.45,71099.96,70423.36,70679.2,735.8297,57.548714924861535,540.7808920764655,519.5822912643051,70094.7355,72483.55630182588,67705.9146981741
2026-03-24 01:00:00,70679.2,70891.53,70278.46,70516.57,730.30371,55.49422202505638,495.4839375835436,514.7626205281529,70175.568,72502.77053639194,67848.36546360806
2026-03-24 02:00:00,70516.57,70698.0,70369.46,70453.37,431.98798,54.677306357645065,449.3067346323078,501.67144334898387,70304.527,72365.37072574874,68243.68327425126
2026-03-24 03:00:00,70453.38,70583.36,70404.54,70542.9,380.97532,55.672794296754354,415.1497040051763,484.36709548022236,70415.014,72256.06641009262,68573.96158990737
2026-03-24 04:00:00,70542.9,70741.64,70247.91,70372.44,474.91642,53.273570937787,370.05949819753005,461.50557602368394,70511.923,72100.73920550807,68923.10679449192
2026-03-24 05:00:00,70372.45,70374.38,70119.06,70283.85,641.69358,52.018883389686,323.4482030696381,433.8941014328748,70609.41500000001,71832.80278094497,69386.02721905505
2026-03-24 06:00:00,70283.84,70572.83,70253.23,70541.38,850.05748,55.31366282749215,303.78706639599113,407.8726944254981,70708.933,71459.90164268514,69957.96435731486
2026-03-24 07:00:00,70541.39,71400.0,70488.0,71291.7,1722.67702,63.23493165513663,344.7756679605518,395.2532891325088,70767.41050000001,71508.06337884674,70026.75762115329
2026-03-24 08:00:00,71291.7,71349.1,70850.11,70964.15,725.27631,58.37053033390547,346.83083251444623,385.5687978088963,70778.0105,71523.79417273824,70032.22682726177
2026-03-24 09:00:00,70964.16,71368.61,70851.77,71316.97,511.50447,61.78098376359996,372.6337012388394,382.98177849488496,70769.8025,71486.03107231676,70053.57392768325
2026-03-24 10:00:00,71316.98,71328.59,71078.09,71272.87,680.81546,61.10711841156098,385.0851374047925,383.4024502768665,70761.12299999999,71446.362237502,70075.88376249798
2026-03-24 11:00:00,71272.87,71327.26,70964.94,71157.77,560.33228,59.28943990167306,381.27033511425543,382.9760272443443,70812.4375,71451.28363695969,70173.59136304031
2026-03-24 12:00:00,71157.77,71177.66,70860.18,70956.48,460.8181,56.144145484748975,357.87924687963095,377.9566711714017,70832.1845,71462.73824878124,70201.63075121876
2026-03-24 13:00:00,70956.48,71059.59,69968.02,70100.46,1729.62355,45.16980221599269,267.18800399631436,355.80293773638425,70782.9495,71480.54432717542,70085.35467282459
2026-03-24 14:00:00,70100.46,70462.91,69507.34,69869.93,1973.02189,42.74652498662024,174.6988763356494,319.5821254562373,70722.635,71515.54746238659,69929.7225376134
2026-03-24 15:00:00,69869.93,70255.37,69770.85,69873.04,1419.67177,42.791114837433675,100.49310536122357,275.76432143723457,70682.3345,71561.78441510329,69802.8845848967
2026-03-24 16:00:00,69873.04,70001.92,69340.08,69476.87,889.76128,38.66056175322173,9.606155391375069,222.53268822806268,70610.3985,71633.19585073045,69587.60114926954
2026-03-24 17:00:00,69476.88,69512.73,68923.07,69238.43,1294.24297,36.38415872199504,-80.7318955011433,161.87977148222149,70529.7525,71714.1428954053,69345.36210459471
2026-03-24 18:00:00,69238.44,69746.4,69168.64,69430.24,808.06583,39.47172377361454,-135.28846647960017,102.44612388985716,70462.2535,71736.96951465112,69187.53748534889
2026-03-24 19:00:00,69430.25,69700.0,69277.04,69377.33,547.42601,38.9107129635573,-180.71121050568763,45.814657010748206,70385.7975,71729.87749699711,69041.71750300289
2026-03-24 20:00:00,69377.33,70295.54,69296.15,70093.19,1018.45154,49.391294549677816,-157.13380242919084,5.2249651227603975,70356.497,71699.19508246414,69013.79891753587
2026-03-24 21:00:00,70093.19,70400.0,69901.39,70332.93,686.65263,52.34025615771247,-117.7462171563966,-19.369271333071005,70347.315,71687.91400388486,69006.71599611515
2026-03-24 22:00:00,70332.93,70586.86,70140.5,70316.96,686.91503,52.122376243512434,-86.81912080697657,-32.85924122785212,70340.4945,71680.20934808686,69000.77965191314
2026-03-24 23:00:00,70316.96,70832.54,70270.0,70556.74,741.40211,55.14174691174235,-42.471348786129965,-34.78166273950769,70341.1865,71681.3557709219,69001.01722907809
2026-03-25 00:00:00,70556.74,71100.28,70476.9,70840.75,784.33083,58.48161742828703,15.414128994161729,-24.742504392773807,70364.602,71723.3069678899,69005.8970321101
2026-03-25 01:00:00,70840.75,70977.35,70629.72,70677.18,624.19197,55.90021646411053,47.54202037194045,-10.285599439830955,70384.26849999999,71749.42319318444,69019.11380681554
2026-03-25 02:00:00,70677.19,70781.39,70490.77,70531.09,582.86416,53.62358136470985,60.51775270071812,3.8750709882788597,70383.75399999999,71748.66711331424,69018.84088668574
2026-03-25 03:00:00,70531.1,70808.37,70408.0,70716.7,513.15296,56.071472760583326,84.80075948023295,20.060208686669682,70355.00399999999,71662.40382470317,69047.6041752968
2026-03-25 04:00:00,70716.7,70977.49,70703.83,70968.64,623.46021,59.218083407694174,122.95729459832364,40.639625869000476,70355.2285,71663.07021068103,69047.38678931896
2026-03-25 05:00:00,70968.64,71345.0,70940.0,71117.66,850.19172,60.99766964552386,163.3384284418571,65.17938638357181,70345.263,71624.98386360153,69065.54213639848
2026-03-25 06:00:00,71117.65,71260.0,70984.67,70991.83,934.75878,58.66963667781833,183.07694152790646,88.75889741243874,70331.211,71573.67468465076,69088.74731534923
2026-03-25 07:00:00,70991.82,71270.11,70891.31,70926.88,470.72474,57.45078326178517,191.27404503944854,109.26192693784071,70319.66649999999,71533.75982026092,69105.57317973906
2026-03-25 08:00:00,70926.88,71503.94,70800.0,71248.39,1150.83138,61.69320562941006,221.16403730587626,131.64234901144783,70334.262,71586.99313318153,69081.53086681847
2026-03-25 09:00:00,71248.4,71415.12,71101.99,71345.91,598.42707,62.90147257800823,249.8411077447381,155.2821007581059,70396.5345,71722.03767379571,69071.03132620428
2026-03-25 10:00:00,71345.91,71641.91,71291.69,71501.39,485.22161,64.80739002028596,281.8646688265435,180.59861437179345,70478.1075,71866.46995401464,69089.74504598536
2026-03-25 11:00:00,71501.4,72026.09,71470.49,71678.97,1053.03231,66.89905447414453,317.90814638262964,208.0605207739607,70568.40400000001,72024.33624602082,69112.4717539792
2026-03-25 12:00:00,71678.97,71955.17,71105.43,71715.24,1032.92186,67.32620243824321,345.41778667435574,235.5319739540397,70680.32250000001,72127.06331435787,69233.58168564214
2026-03-25 13:00:00,71715.24,71963.71,71515.84,71581.42,982.27587,64.04249585694578,352.3594389066275,258.89746694455727,70797.472,72127.32935599204,69467.61464400795
2026-03-25 14:00:00,71581.42,71699.87,71230.51,71234.28,810.44092,56.362845429073055,326.09048337455897,272.3360702305576,70887.674,72062.78632704487,69712.56167295513
2026-03-25 15:00:00,71234.28,71301.37,70530.47,70832.99,1384.84596,49.041728646983096,269.7815241015778,271.82516100476164,70960.45700000001,71897.99315512738,70022.92084487264
2026-03-25 16:00:00,70832.99,71752.88,70719.26,71324.01,1283.82328,56.489173344217775,261.7600714050641,269.81214308482214,71021.99799999999,71877.863156769,70166.13284323098
2026-03-25 17:00:00,71324.01,71389.14,70720.38,70779.0,662.98589,48.0883401897234,209.01585551572498,257.65288557100274,71044.3015,71846.09999658506,70242.50300341494
2026-03-25 18:00:00,70778.99,71149.07,70681.07,70810.34,535.29926,48.5620582334211,167.81014955666615,239.68433836813543,71068.97050000001,71804.13608435418,70333.80491564584
2026-03-25 19:00:00,70810.34,71093.37,70777.51,70883.31,513.05944,49.71270837564004,139.43507908096944,219.63448651070223,71085.299,71786.2731208339,70384.3248791661
2026-03-25 20:00:00,70883.32,71058.82,70646.34,71009.5,573.58151,51.72391652491454,125.68133350506832,200.84385590957547,71093.7365,71786.32886248958,70401.14413751042
2026-03-25 21:00:00,71009.5,71175.0,70949.3,71035.24,379.86408,52.14435287095229,115.52667433870374,183.78041959540113,71111.6395,71776.86475387866,70446.41424612135
2026-03-25 22:00:00,71035.25,71594.11,70947.61,71369.08,505.87572,57.334285911537535,132.88531260621676,173.60139819756427,71153.539,71768.46194073938,70538.61605926063
2026-03-25 23:00:00,71369.07,71511.83,71189.55,71336.53,383.33913,56.688746561864086,142.37444158951985,167.3560068759554,71184.53050000001,71768.44947278405,70600.61152721597
2026-03-26 00:00:00,71336.53,71436.82,71142.38,71299.27,548.42613,55.912686712659166,145.21413590306474,162.92763268137728,71201.062,71777.9241338928,70624.19986610721
2026-03-26 01:00:00,71299.27,71377.04,71159.06,71252.11,522.16838,54.88846246006343,142.02205440052785,158.7465170252074,71207.7845,71783.68714012555,70631.88185987444
2026-03-26 02:00:00,71252.11,71289.49,70672.37,70893.01,575.89477,47.72020943093071,109.256497047827,148.84851302973132,71202.84349999999,71788.16602233086,70617.52097766912
2026-03-26 03:00:00,70893.01,70968.66,70685.69,70921.47,510.5495,48.29651950950787,84.61070143476536,136.00095071073812,71202.573,71788.43725439002,70616.70874560998
2026-03-26 04:00:00,70921.47,70921.47,70721.46,70772.01,433.11432,45.46220747589745,52.41435784692294,119.28363213797509,71178.75399999999,71794.73653495002,70562.77146504995
2026-03-26 05:00:00,70772.01,70796.32,69942.96,70016.98,1271.74189,34.460169321006575,-33.63832568026555,88.69924057432696,71112.3075,71911.7531957918,70312.8618042082
2026-03-26 06:00:00,70016.97,70152.63,69855.73,70097.18,1016.19011,36.225652146092386,-94.2774557864177,52.10390130217803,71042.097,71938.44010990635,70145.75389009363
2026-03-26 07:00:00,70097.19,70167.6,69805.0,70087.44,713.03812,36.09847288898025,-141.4893388520577,13.385253271330884,70962.5205,71902.33139846922,70022.70960153078
2026-03-26 08:00:00,70087.44,70127.69,69806.39,70024.77,510.82818,35.24116706356742,-181.8656080476212,-25.664918992459533,70877.997,71836.6491685993,69919.34483140071
2026-03-26 09:00:00,70024.78,70144.44,69409.67,69562.41,1313.07806,29.647026981882362,-248.31031345101655,-70.19399788417094,70777.0465,71843.02384500895,69711.06915499104
2026-03-26 10:00:00,69562.41,69719.96,69464.58,69517.68,694.15594,29.16469744630004,-301.106589041141,-116.37651611556495,70691.21650000001,71872.39051945708,69510.04248054294
2026-03-26 11:00:00,69517.68,69667.56,69192.96,69276.01,803.66639,26.6426743894598,-358.31829682209354,-164.76487225687066,70613.3675,71950.17970831777,69276.55529168222
2026-03-26 12:00:00,69276.01,69461.28,69226.34,69436.42,589.82378,30.913187997188786,-386.2626456895523,-209.064426943407,70518.988,71909.98238388539,69127.9936161146
2026-03-26 13:00:00,69436.42,69877.45,69218.0,69646.59,1361.59869,36.157298615713145,-386.98881479437114,-244.64930451359984,70462.3675,71900.19956294516,69024.53543705483
2026-03-26 14:00:00,69646.59,69837.12,69259.25,69479.92,943.35709,33.95606830471293,-396.44323429479846,-275.0080904698396,70395.8465,71887.97195730021,68903.72104269979
2026-03-26 15:00:00,69479.91,69497.73,68632.4,69082.64,1805.07582,29.366739359842853,-431.0245232561574,-306.2113770271032,70305.813,71888.63874310358,68722.9872568964
2026-03-26 16:00:00,69082.64,69142.94,68823.21,68932.52,949.52674,27.83578648622175,-465.1815499551594,-338.00541161271445,70201.964,71861.0961958534,68542.83180414661
2026-03-26 17:00:00,68932.53,69162.0,68377.83,68486.86,1130.52816,23.859189620591295,-522.1927640360809,-374.84288209738776,70074.54500000001,71851.4695526841,68297.62044731593
2026-03-26 18:00:00,68486.86,68603.75,68153.0,68497.25,1402.56662,24.131313847064717,-560.0799230563425,-411.8902902891787,69930.9535,71731.39832144228,68130.50867855773
2026-03-26 19:00:00,68497.25,68681.54,68358.8,68534.36,543.97259,25.160141808220416,-580.420575587239,-445.5963473487908,69790.845,71566.6963248562,68014.9936751438
2026-03-26 20:00:00,68534.37,69478.42,68436.74,69005.21,1707.65634,36.859556326664915,-552.1818210107449,-466.91344208118164,69676.14199999999,71334.20481808411,68018.07918191588
2026-03-26 21:00:00,69005.21,69205.43,68879.05,68921.1,598.68777,35.78343090130683,-530.4743999492493,-479.6256336547952,69559.59150000001,71072.57401077796,68046.60898922206
2026-03-26 22:00:00,68921.1,69028.89,68603.24,68892.67,484.39394,35.40714528956006,-509.68978914666513,-485.6384647531692,69459.5745,70861.8292824173,68057.31971758271
2026-03-26 23:00:00,68892.66,68994.16,68640.0,68820.31,390.41835,34.415189800513986,-493.3694269606349,-487.18465719466235,69354.5165,70601.89604685777,68107.13695314222
2026-03-27 00:00:00,68820.31,68965.15,68531.37,68785.01,634.46014,33.91599883797599,-477.7763292141899,-485.30299159856787,69255.1665,70332.046116701,68178.286883299
2026-03-27 01:00:00,68785.0,69066.51,68700.0,69051.27,555.05692,40.881550047270586,-438.87465628789505,-476.0173245364333,69206.88100000001,70224.93024923142,68188.8317507686
2026-03-27 02:00:00,69051.27,69179.05,68862.0,68903.59,948.45642,38.46012888363613,-415.17545776971383,-463.84895118308947,69147.2015,70082.04013709896,68212.36286290103
2026-03-27 03:00:00,68903.58,68924.0,68668.72,68767.51,576.98772,36.32508447292742,-402.73175001022173,-451.62551094851597,69081.205,69917.7570722781,68244.65292772191
2026-03-27 04:00:00,68767.5,68791.4,68304.14,68578.0,846.47748,33.53322226575122,-403.51047754897445,-442.0025042686077,69008.8665,69746.19956005806,68271.53343994195
2026-03-27 05:00:00,68577.99,68865.88,68511.79,68630.77,773.74806,35.030615091327476,-395.3126090673759,-432.66452522836136,68962.2845,69669.47078519511,68255.09821480488
2026-03-27 06:00:00,68630.76,68846.0,68567.62,68656.15,672.0882,35.7799755900472,-382.3601752534014,-422.60365523336935,68919.208,69587.85574346162,68250.56025653837
2026-03-27 07:00:00,68656.16,68955.53,68399.18,68540.48,1641.76445,33.862980406847356,-377.0821125757502,-413.4993467018455,68882.4315,69549.35745418032,68215.50554581969
2026-03-27 08:00:00,68540.49,68635.07,67609.29,67920.5,1817.58289,25.864229752292218,-418.10674024908803,-414.42082541129406,68806.6355,69548.78910375561,68064.4818962444
2026-03-27 09:00:00,67920.51,67960.32,67548.67,67695.81,812.25094,23.68105374127812,-463.4077819846134,-424.218216725958,68709.09650000001,69497.75218017637,67920.44081982366
2026-03-27 10:00:00,67695.81,67778.99,66326.38,66502.41,3012.9263,15.970390820609168,-588.8190507861291,-457.13838353799224,68560.22099999999,69755.51110924901,67364.93089075097
2026-03-27 11:00:00,66502.41,66848.05,66231.96,66702.78,1683.20205,20.64246990080335,-664.3816226302151,-498.58703135643685,68441.228,69868.8053656582,67013.6506343418
2026-03-27 12:00:00,66702.78,66773.25,66432.19,66619.76,964.55681,20.14274475301552,-722.6344453270867,-543.3965141505669,68325.59,69947.11146200905,66704.06853799094
2026-03-27 13:00:00,66619.75,66757.3,66025.0,66188.32,2427.72498,17.739328065851083,-794.4558369519655,-593.6083787108466,68210.663,70089.46872532876,66331.85727467125
2026-03-27 14:00:00,66188.31,66404.0,65730.17,66205.06,2475.49917,18.147424220968816,-840.3371456386667,-642.9541320964107,68096.0535,70170.69647826429,66021.4105217357
2026-03-27 15:00:00,66205.07,66638.25,65958.75,66112.82,2405.26081,17.62846495454498,-874.0657248588686,-689.1764506489023,67974.9765,70217.74693401279,65732.20606598722
2026-03-27 16:00:00,66112.82,66177.99,65812.43,65979.29,1226.73521,16.876089966424757,-901.1823527395463,-731.5776310670312,67823.6805,70179.24123301703,65468.11976698296
2026-03-27 17:00:00,65979.29,66290.0,65600.0,65632.92,1002.16119,15.078376246956026,-939.7883449225337,-773.2197738381318,67659.2715,70147.58781373431,65170.95518626569
2026-03-27 18:00:00,65632.93,65951.96,65548.25,65836.69,915.82085,20.447312134522477,-943.070209511221,-807.1898609727497,67506.4725,70050.57782895987,64962.36717104014
2026-03-27 19:00:00,65836.69,66145.0,65700.0,66040.66,818.3401,25.523086765646596,-918.6231209751713,-829.4765129732341,67367.49,69913.08914343917,64821.890856560836
2026-03-27 20:00:00,66040.65,66152.51,65817.44,66020.76,511.09525,25.353125310844078,-890.5882439628767,-841.6988591711627,67229.2775,69750.87353112974,64707.681468870265
2026-03-27 21:00:00,66020.77,66186.01,66013.0,66098.0,636.71362,27.37465137494911,-852.3128475120757,-843.8216568393453,67081.614,69497.64218963582,64665.58581036418
2026-03-27 22:00:00,66098.0,66098.01,65920.0,66020.79,739.86415,26.599204005905193,-818.7712366459309,-838.8115728006625,66937.474,69236.98823862076,64637.95976137924
2026-03-27 23:00:00,66020.79,66420.75,65970.25,66407.28,504.92186,36.322997628610665,-752.33035933887,-821.515330108304,66819.4625,68960.31461113832,64678.61038886166
2026-03-28 00:00:00,66407.28,66520.46,66293.35,66431.55,499.89072,36.888403517735654,-689.7659072112583,-795.1654455288949,66712.14,68690.87359058973,64733.406409410265
2026-03-28 01:00:00,66431.54,66431.55,66056.09,66178.85,613.17173,33.54824084569208,-653.0459984820918,-766.7415561195343,66589.54400000001,68360.70169572729,64818.38630427273
2026-03-28 02:00:00,66178.86,66251.67,65932.09,66053.2,490.39923,31.996830601705426,-626.8580814038723,-738.764861176402,66459.3965,67951.74788460357,64967.04511539644
2026-03-28 03:00:00,66053.2,66259.66,66053.19,66240.0,705.96536,36.68459075599342,-584.2953762126417,-707.8709641836499,66344.3725,67471.21260826517,65217.53239173482
2026-03-28 04:00:00,66240.0,66304.72,66110.0,66285.01,452.84284,37.79725115388891,-540.6993493396003,-674.43664121484,66262.598,67110.75459225975,65414.44140774024
2026-03-28 05:00:00,66285.01,66407.96,66202.01,66341.9,675.62625,39.25039391534581,-495.8428684636747,-638.717886664607,66194.9025,66713.5128251806,65676.29217481939
2026-03-28 06:00:00,66341.9,66500.0,66308.93,66382.0,485.97016,40.308919281406595,-451.84941058694676,-601.344191449075,66188.882,66695.1092972154,65682.6547027846
2026-03-28 07:00:00,66382.0,66573.61,66379.8,66561.48,737.38217,44.93378768747289,-397.91482779935177,-560.6583187191303,66181.817,66661.07161726759,65702.5623827324
2026-03-28 08:00:00,66561.49,66570.09,66387.06,66409.33,708.34892,41.96539193907696,-363.26106831847574,-521.1788686389995,66171.2955,66618.21660418618,65724.37439581381
2026-03-28 09:00:00,66409.34,66416.77,66243.01,66311.32,634.09125,40.126471824322415,-339.7894212229876,-484.90097915579713,66177.4455,66628.71699617693,65726.17400382308
2026-03-28 10:00:00,66311.32,66411.79,66124.4,66221.38,306.12343,38.460918988631335,-324.70241086358146,-452.86126549735405,66178.2615,66629.80218139937,65726.72081860062
2026-03-28 11:00:00,66221.37,66358.0,66201.91,66319.47,223.42305,41.321554800765966,-301.35694792258437,-422.56040198240015,66188.594,66643.2760120708,65733.9119879292
2026-03-28 12:00:00,66319.46,66527.01,66240.87,66455.09,344.10648,45.12002855845726,-268.81338638279703,-391.81099886247955,66212.38399999999,66670.73054760437,65754.03745239561
2026-03-28 13:00:00,66455.1,67163.99,66407.65,66835.1,1040.57902,54.08831953096028,-209.93870555951435,-355.43654020188654,66272.493,66726.16161330602,65818.82438669399
2026-03-28 14:00:00,66835.1,66967.01,66666.66,66742.1,570.49869,51.85495959808902,-168.83815841238538,-318.1168638439863,66317.7635,66769.01681129997,65866.51018870003
2026-03-28 15:00:00,66742.09,67288.94,66717.15,67014.91,771.68723,57.410426260142074,-112.95017237504362,-277.0835255501978,66366.476,66895.42910839472,65837.52289160527
2026-03-28 16:00:00,67014.92,67096.77,66855.24,66926.95,342.70522,55.19881710150549,-74.89285941273556,-236.64539232270536,66411.7855,66970.46093404923,65853.11006595076
2026-03-28 17:00:00,66926.94,66996.61,66704.0,66846.21,310.89662,53.17391310467568,-50.663194164051674,-199.44895269097464,66449.196,67019.48383847489,65878.9081615251
2026-03-28 18:00:00,66846.2,66963.51,66834.87,66908.03,234.04169,54.54873235927999,-26.170969890416018,-164.79335613086292,66493.55799999999,67061.55934112602,65925.55665887396
2026-03-28 19:00:00,66908.03,66954.0,66804.71,66916.52,202.96743,54.745242674561005,-6.006395660195267,-133.03596403672938,66519.02,67115.6699331584,65922.37006684161
2026-03-28 20:00:00,66916.52,67010.0,66906.0,66906.0,262.72665,54.43120623571656,9.021306607479346,-104.62450990788764,66542.74250000001,67162.04691581547,65923.43808418454
2026-03-28 21:00:00,66906.0,66926.31,66600.01,66685.53,291.07026,48.19202908900195,3.104990075225942,-83.07860991126493,66568.0765,67165.78080902193,65970.37219097806
2026-03-28 22:00:00,66685.53,66788.88,66588.22,66755.88,224.47432,50.155375659460034,4.046280654511065,-65.65363179810974,66603.2105,67154.27148241231,66052.14951758769
2026-03-28 23:00:00,66755.88,66755.88,66283.38,66377.03,333.40975,41.11837692563945,-25.484004853497026,-57.6197064091872,66610.062,67145.28863577943,66074.83536422058
2026-03-29 00:00:00,66377.04,66500.0,66281.4,66487.93,285.17232,44.2831476005283,-39.48312877169519,-53.992390881688806,66620.208,67136.86108868505,66103.55491131495
2026-03-29 01:00:00,66487.93,66620.0,66385.88,66569.22,295.19169,46.55088745346303,-43.51648080139421,-51.89720886562989,66631.57400000001,67132.20101335685,66130.94698664316
2026-03-29 02:00:00,66569.22,66843.66,66540.96,66818.0,293.83335,52.87270804352501,-26.334902126065572,-46.78474751771703,66653.37400000001,67146.15191579187,66160.59608420815
2026-03-29 03:00:00,66818.01,67130.5,66760.48,66912.0,660.9466,55.0367060719196,-5.074862968744128,-38.44277060792245,66670.90000000001,67174.7258972488,66167.07410275121
2026-03-29 04:00:00,66912.0,66936.6,66717.51,66735.14,168.5724,50.3519486396631,-2.4687939654977527,-31.24797527943751,66687.1905,67176.25896897759,66198.1220310224
2026-03-29 05:00:00,66735.14,66828.05,66597.1,66771.94,418.44564,51.281201960342386,2.536744928380358,-24.49103123787394,66710.2215,67167.08452235178,66253.35847764822
2026-03-29 06:00:00,66771.94,66872.0,66636.0,66738.5,418.74617,50.35882043312774,3.7619763132970547,-18.84042972763974,66736.0775,67130.752891572,66341.402108428
2026-03-29 07:00:00,66738.5,66752.61,66556.78,66671.0,346.10727,48.46389173123818,-0.7055714770249324,-15.21345807751678,66753.65400000001,67098.35700329713,66408.95099670289
2026-03-29 08:00:00,66671.0,66772.83,66600.0,66724.0,177.06023,50.053106481458094,0.03017394625931047,-12.164731672761562,66767.0995,67082.50034120471,66451.69865879529
2026-03-29 09:00:00,66724.0,66773.02,66549.54,66634.01,225.04256,47.38143972826301,-6.572420653115842,-11.046269468832419,66757.045,67076.11797238616,66437.97202761384
2026-03-29 10:00:00,66634.01,66634.02,66418.0,66502.79,345.865,43.7171207988471,-22.13818655688374,-13.264652886442684,66745.0795,67083.85273771285,66406.30626228717
2026-03-29 11:00:00,66502.8,66988.01,66502.79,66816.28,336.66276,53.05741141851338,-9.073550879693357,-12.42643248509282,66735.148,67051.51987476612,66418.77612523388
2026-03-29 12:00:00,66816.29,66870.34,66703.07,66849.88,185.85649,53.93970090864349,3.946018962888047,-9.151942195496646,66731.29449999999,67039.6044808222,66422.98451917777
2026-03-29 13:00:00,66849.88,66875.24,66524.28,66580.36,359.5639,46.40530993172809,-7.398603171415743,-8.801274390680467,66718.00200000001,67028.36793014633,66407.63606985369
2026-03-29 14:00:00,66580.36,66797.01,66461.0,66589.64,372.89659,46.68146909319738,-15.462240419990849,-10.133467596542543,66702.08249999999,67003.95415379512,66400.21084620486
2026-03-29 15:00:00,66589.64,66730.6,66334.37,66523.0,518.27098,44.89257787615288,-26.91970845895412,-13.490715769024858,66682.4065,66976.62985012827,66388.18314987172
2026-03-29 16:00:00,66523.01,66665.05,66435.75,66499.35,232.56305,44.24457007213821,-37.47618958965177,-18.28781053315024,66662.074,66947.30427509197,66376.84372490802
2026-03-29 17:00:00,66499.36,66546.0,66158.26,66385.84,329.15631,41.17270093173978,-54.37478660556371,-25.505205747632935,66647.0895,66957.50748839042,66336.67151160959
2026-03-29 18:00:00,66385.84,66540.43,66321.66,66427.26,147.43013,42.735099724514846,-63.69061291028629,-33.142287180163606,66630.6585,66951.44598061356,66309.87101938645
2026-03-29 19:00:00,66427.27,66477.81,66323.3,66348.62,285.67371,40.53394797160991,-76.53679462583386,-41.82118866929766,66629.238,66954.96789447259,66303.5081055274
2026-03-29 20:00:00,66348.61,66793.83,66348.61,66614.05,280.05501,49.911590801630986,-64.55534959242505,-46.36802085392314,66635.54400000001,66954.56956950402,66316.518430496
2026-03-29 21:00:00,66614.04,66756.51,66509.41,66710.12,220.10647,52.812121715984794,-46.768800354373525,-46.44817675401322,66642.58899999999,66961.67067830348,66323.50732169651
2026-03-29 22:00:00,66710.12,66710.12,65000.0,65860.31,2219.11979,34.0362336894261,-100.09160308404535,-57.17686202001965,66594.70449999999,67057.86190552764,66131.54709447235
2026-03-29 23:00:00,65860.31,66382.98,65859.91,66010.93,930.51742,38.22806291165886,-128.7128120251291,-71.48405202104155,66549.65099999998,67056.12801484413,66043.17398515584
2026-03-30 00:00:00,66010.93,67059.66,65800.59,66280.25,1328.87485,44.96286172209679,-128.18580692740215,-82.82440300231367,66526.9065,67039.1337471144,66014.67925288559
2026-03-30 01:00:00,66280.24,66834.79,66280.24,66653.74,685.87133,52.66956987879014,-96.51803020494117,-85.56312844283917,66520.9965,67023.96376562111,66018.02923437888
2026-03-30 02:00:00,66653.74,67450.0,66580.01,67121.01,1220.60217,60.18179146628891,-33.332073739147745,-75.11691750210089,66540.122,67103.38861286046,65976.85538713954
2026-03-30 03:00:00,67121.01,67319.33,66977.62,67173.8,466.26604,60.93613912968361,20.76361379091395,-55.940811243497926,66565.262,67194.18044192628,65936.34355807373
2026-03-30 04:00:00,67173.8,67650.01,67167.92,67616.29,809.57231,66.6409358408531,98.2080001601571,-25.111048962766922,66609.8765,67393.72133739309,65826.03166260691
2026-03-30 05:00:00,67616.28,67800.0,67442.0,67492.46,627.15632,63.831574130030816,147.886445319411,9.488449893668662,66652.799,67530.59346722577,65775.00453277423
2026-03-30 06:00:00,67492.46,67585.97,67278.53,67305.14,721.7835,59.72954502042761,170.1800824633392,41.62677640760277,66692.9165,67614.11053703347,65771.72246296654
2026-03-30 07:00:00,67305.14,67624.39,67227.88,67624.39,584.47106,63.97827498968266,211.17446959931112,75.53631504594445,66733.322,67743.85754278276,65722.78645721724
2026-03-30 08:00:00,67624.39,67946.02,67604.56,67666.44,1729.15176,64.50941079668284,244.24044847108598,109.27714173097276,66774.15,67867.13238231192,65681.16761768807
2026-03-30 09:00:00,67666.44,67698.62,67460.0,67495.46,607.44273,60.59690060545712,253.7240450404788,138.166522392874,66819.905,67954.55198611377,65685.25801388622
2026-03-30 10:00:00,67495.46,67518.37,67360.41,67488.53,255.63666,60.43690530371106,257.709950671313,162.0752080485618,66864.8495,68031.84295855803,65697.85604144196
2026-03-30 11:00:00,67488.88,68042.3,67488.88,67680.45,790.86208,63.32492106595699,273.2058032234345,184.30132708353634,66922.72200000001,68132.35515868757,65713.08884131245
2026-03-30 12:00:00,67680.44,67979.93,67666.17,67899.59,627.65449,66.34580868099465,299.714225556585,207.38390677814607,66992.734,68259.91092317624,65725.55707682375
2026-03-30 13:00:00,67899.59,68169.65,67428.57,67529.52,1379.99177,57.70206684672734,287.5461322215124,223.41635186681935,67049.91799999999,68304.94336103002,65794.89263896996
2026-03-30 14:00:00,67529.52,67864.49,67088.73,67799.54,1205.57197,61.63010454562434,296.2759037427895,237.9882622420134,67118.53199999999,68380.25543770331,65856.80856229668
2026-03-30 15:00:00,67799.54,67896.89,67407.63,67629.4,964.70473,57.97664138547513,286.1666830971517,247.62394641304107,67182.571,68409.2863758329,65955.85562416709
2026-03-30 16:00:00,67629.4,67641.65,67222.0,67368.1,660.26793,52.79983352885711,254.14075030530512,248.9273071914939,67220.2735,68419.45925230061,66021.08774769938
2026-03-30 17:00:00,67368.1,67465.2,66650.0,66828.02,917.71373,44.04565440733955,183.06971178969252,235.75578811113363,67226.1685,68415.91698466954,66036.42001533046
2026-03-30 18:00:00,66828.02,66929.18,66508.25,66653.46,498.11738,41.64245126546736,111.3759954394045,210.8798295767878,67265.826,68307.54554580165,66224.10645419835
2026-03-30 19:00:00,66653.45,66664.57,66233.13,66550.05,597.89786,40.24168379203298,45.687231969073764,177.841310055245,67292.782,68219.30827424787,66366.25572575214
2026-03-30 20:00:00,66550.06,66691.48,66523.75,66651.4,324.61202,42.29059098733293,1.7859246123261983,142.63023296666125,67311.3395,68164.43345458568,66458.24554541432
2026-03-30 21:00:00,66651.41,66994.17,66587.32,66809.3,481.422,45.4298157813711,-20.03402758583252,110.0973808561625,67319.11750000001,68149.5011480993,66488.73385190072
2026-03-30 22:00:00,66809.3,66989.1,66683.72,66784.98,169.50316,45.0235765107427,-38.84118070307886,80.30966854431423,67302.316,68162.63555430286,66441.99644569715
2026-03-30 23:00:00,66784.97,66797.38,66419.79,66797.37,698.2419,45.29197765488928,-52.145119120250456,53.8187110114013,67283.4945,68171.6718610354,66395.3171389646
2026-03-31 00:00:00,66797.38,67303.33,66544.51,67208.75,658.94529,53.42285316849201,-29.157548146584304,37.22345917980418,67263.11750000001,68137.74341341667,66388.49158658335
2026-03-31 01:00:00,67208.74,68408.37,67050.0,67938.54,1458.05548,63.72325239111136,47.40180288004922,39.25912791985319,67285.4215,68206.20583647053,66364.63716352946
2026-03-31 02:00:00,67938.05,68096.87,67775.18,67943.43,435.18783,63.78105037127698,107.23409439230454,52.854121214343465,67317.336,68284.09659013165,66350.57540986834
2026-03-31 03:00:00,67943.43,68009.99,67648.2,67704.74,387.87365,58.85208025156594,133.84840717949555,69.05297840737389,67321.3535,68294.13579053259,66348.57120946741
2026-03-31 04:00:00,67704.74,67979.38,67405.89,67544.01,1149.88888,55.72893171363511,140.35297238676867,83.31297720325284,67315.232,68280.38182168744,66350.08217831257
2026-03-31 05:00:00,67544.01,67780.34,67400.0,67681.68,653.43122,57.794896170088464,154.8318998581526,97.6167617342328,67324.543,68300.5456377489,66348.54036225111
2026-03-31 06:00:00,67681.69,67711.02,67333.33,67492.85,511.27605,54.06790190167781,149.34796098407242,107.96300158420073,67324.759,68300.91634648413,66348.60165351589
2026-03-31 07:00:00,67492.86,67524.65,67103.32,67367.69,1579.98188,51.68863299911191,133.365183108559,113.0434378890724,67309.121,68271.20547780962,66347.03652219038
2026-03-31 08:00:00,67367.7,67496.0,66688.68,66778.33,897.84489,42.258498999432554,72.30875960941194,104.89650223314031,67253.058,68200.83715737009,66305.27884262992
2026-03-31 09:00:00,66778.34,66924.33,65998.05,66124.99,1512.48446,34.70057152879539,-28.469791674651788,78.2232434515819,67182.8315,68245.5317619517,66120.1312380483
2026-03-31 10:00:00,66125.0,66471.08,66100.01,66363.38,788.27557,38.98837354614206,-88.08603793225484,44.96138717481455,67111.0235,68192.18952568188,66029.85747431811
2026-03-31 11:00:00,66363.38,66922.58,66240.14,66685.69,989.3859,44.312557441215354,-108.07875465336838,14.353358809177962,67063.838,68132.04208496897,65995.63391503104
2026-03-31 12:00:00,66685.69,66939.9,66520.71,66653.26,539.00678,43.89747171021696,-125.09790587757016,-13.536894128171664,67028.09599999999,68101.25993627687,65954.93206372311
2026-03-31 13:00:00,66653.27,67412.11,66653.27,67302.29,1087.22021,53.32138816391443,-85.23190862157207,-27.875897026851746,67051.8095,68127.31567745766,65976.30332254234
2026-03-31 14:00:00,67302.28,67767.87,66427.53,66587.45,1485.37387,44.46262908480146,-110.05083488969831,-44.31088459942106,67048.50899999999,68129.55321832688,65967.4647816731
2026-03-31 15:00:00,66587.46,67283.25,66587.46,66736.8,1025.58837,46.46387048068022,-116.32776191014273,-58.71426006156539,67057.8465,68123.8845369703,65991.8084630297
2026-03-31 16:00:00,66736.79,68030.19,66729.28,67665.83,1334.03651,56.87412360550749,-45.80925445424509,-56.133258940101335,67108.568,68189.60726360718,66027.52873639282
2026-03-31 17:00:00,67665.83,68589.49,67403.81,67526.75,2195.81331,55.14533177923425,-1.1323696445906535,-45.133081080999204,67144.4405,68231.26553304105,66057.61546695895
2026-03-31 18:00:00,67526.76,67947.98,67526.3,67854.05,426.40012,58.353605393274265,59.99319389168522,-24.10782608646232,67197.894,68315.0175956027,66080.7704043973
2026-03-31 19:00:00,67854.04,68029.41,67716.35,67838.8,435.2447,58.14492383139382,105.9833853358723,1.9104161980046048,67249.96549999999,68385.41779210439,66114.5132078956
2026-03-31 20:00:00,67838.79,68267.27,67831.7,68265.53,693.06575,62.21670330212764,174.8489383438573,36.49812062717514,67302.8045,68525.20764644774,66080.40135355225
2026-03-31 21:00:00,68265.53,68410.3,67884.0,68277.99,494.48096,62.33193156442211,227.80481106130173,74.75945871400046,67319.777,68587.9166002716,66051.63739972841
2026-03-31 22:00:00,68278.0,68341.16,67962.27,68172.87,755.55219,60.651379994408884,258.31274767969444,111.47011650713927,67331.249,68626.99411658663,66035.50388341336
2026-03-31 23:00:00,68173.59,68371.1,68090.2,68284.48,610.99275,61.8281376887619,288.1746040310827,146.81101401192797,67360.236,68715.722867117,66004.74913288301
2026-04-01 00:00:00,68284.49,68343.77,67853.3,68330.75,542.79511,62.3310841268498,311.9776583914936,179.8443428878411,67399.573,68821.54817356686,65977.59782643315
2026-04-01 01:00:00,68330.76,68378.64,67760.33,67782.73,966.68117,53.36299038495315,283.35477894861833,200.54643009999654,67404.6255,68831.53072642664,65977.72027357334
2026-04-01 02:00:00,67782.74,67913.98,67578.75,67668.89,1114.17912,51.698963061808776,248.6190782005142,210.1609597201001,67413.42749999999,68844.78906410582,65982.06593589416
2026-04-01 03:00:00,67668.9,68250.0,67668.9,68170.67,551.94514,57.926696942565215,258.5992661818891,219.8486210124579,67453.5765,68924.04839669299,65983.104603307
2026-04-01 04:00:00,68170.67,68476.26,68005.33,68303.83,711.87735,59.42193402290318,274.0939517378865,230.69768715754364,67529.8515,69011.06592074649,66048.63707925352
2026-04-01 05:00:00,68303.83,68755.51,68150.0,68456.02,817.4812,61.12251991338133,295.2505976665125,243.60826925933742,67646.40299999999,69025.49110254398,66267.314897456
2026-04-01 06:00:00,68456.01,69236.78,68456.01,69102.85,1241.29278,67.37976339982879,360.06061259444687,266.89873792635933,67783.3765,69170.06540189128,66396.68759810872
2026-04-01 07:00:00,69102.8,69310.0,68667.02,68692.0,1537.595,60.697361657719895,373.9600759984605,288.3110055407796,67883.69200000001,69225.58548131285,66541.79851868717
2026-04-01 08:00:00,68692.0,68851.35,68389.21,68670.16,1279.02403,60.35469787381737,378.8460934688628,306.4180231263963,67984.537,69237.27259818453,66731.80140181546
2026-04-01 09:00:00,68670.15,68733.78,68390.25,68644.0,480.44871,59.91835482497962,376.26999782920757,320.38841806695854,68051.6225,69294.18495999614,66809.06004000385
2026-04-01 10:00:00,68644.01,68662.26,68407.08,68585.55,974.80784,58.89383984742156,365.30103403370595,329.37094126030803,68151.5275,69205.3899950965,67097.6650049035
2026-04-01 11:00:00,68585.55,68736.15,68505.91,68712.52,752.56981,60.4748450532403,362.6728027519421,336.03131355863485,68250.3135,69095.55522351923,67405.07177648078
2026-04-01 12:00:00,68712.52,68786.0,68248.3,68393.6,1365.22557,54.77605734706376,331.0397121152055,335.032993269949,68286.702,69087.48938406384,67485.91461593617
2026-04-01 13:00:00,68393.6,68681.25,67918.83,68116.07,1032.06992,50.331199663773276,280.3442740138853,324.0952494187363,68316.16799999999,69038.76716788167,67593.56883211831
2026-04-01 14:00:00,68116.06,68690.98,68059.38,68593.55,905.1708,56.82279642372492,275.52039203690947,314.3802779423709,68353.143,69051.44999224872,67654.83600775128
2026-04-01 15:00:00,68593.56,68965.0,68428.94,68918.52,789.38357,60.59735372587689,294.5246965616534,310.4091616662274,68407.129,69104.95536655358,67709.30263344642
2026-04-01 16:00:00,68918.52,68986.66,68610.0,68816.34,705.16345,58.85513302958993,297.9065910290519,307.90864753879237,68434.6695,69152.16537385398,67717.17362614603
2026-04-01 17:00:00,68816.35,69171.77,68247.17,68266.62,768.87563,50.45122073433356,253.30896884790855,296.98871180061565,68434.101,69152.13739661788,67716.06460338211
2026-04-01 18:00:00,68266.62,68330.31,67939.28,68084.76,723.37275,48.00891842543289,200.97374954533007,277.7857193495586,68429.6955,69155.51940178884,67703.87159821116
2026-04-01 19:00:00,68084.76,68287.39,68028.19,68176.84,412.79717,49.34598917206472,165.02548656416184,255.23367279247924,68424.3135,69156.24183153582,67692.38516846418
2026-04-01 20:00:00,68176.84,68249.0,67964.48,68191.09,276.10606,49.56216949928023,136.11701287163305,231.41034080831002,68417.3305,69155.6542727287,67679.00672727129
2026-04-01 21:00:00,68191.09,68534.0,68171.56,68362.53,326.52766,52.20498537435972,125.5928581225453,210.2468442711571,68446.3205,69122.65837363515,67769.98262636486
2026-04-01 22:00:00,68362.53,68362.53,68070.38,68122.99,270.47066,48.389806007831844,96.80757610405271,187.55899063773623,68469.0255,69060.65846875125,67877.39253124876
2026-04-01 23:00:00,68122.99,68250.0,67996.89,68113.92,474.3294,48.24603261764525,72.42825171801087,164.53284285379115,68466.188,69064.35420463822,67868.02179536177
2026-04-02 00:00:00,68113.92,68653.38,68050.0,68600.29,409.1904,55.82552625040742,91.3009947008104,149.886473223195,68481.01100000001,69076.92553633518,67885.09646366484
2026-04-02 01:00:00,68600.29,68600.29,67050.84,67359.27,1944.08944,39.806207790412884,6.048118180784513,121.1188022147129,68426.1735,69205.42110368716,67646.92589631285
2026-04-02 02:00:00,67359.27,67359.27,66624.64,66852.99,1169.08434,35.34970960417391,-101.20137901503767,76.65476596876279,68313.6805,69302.91190503232,67324.44909496768
2026-04-02 03:00:00,66852.99,66969.54,66500.0,66576.25,767.73135,33.164079213825616,-206.1515961454861,20.09349354591301,68207.89300000001,69447.58467350583,66968.20132649419
2026-04-02 04:00:00,66576.25,66655.46,66217.07,66330.27,889.41375,31.310974347162286,-305.6505799810693,-45.055321159483455,68090.89850000001,69566.16771401814,66615.62928598188
2026-04-02 05:00:00,66330.27,66667.92,66311.0,66591.54,966.2787,35.43752030760126,-359.28037552199385,-107.90033203198554,67988.2755,69582.31152252958,66394.23947747043
2026-04-02 06:00:00,66591.54,66824.95,66548.45,66681.49,493.29026,36.84424327913343,-390.0281597717549,-164.3258975799394,67893.0725,69562.56317466742,66223.58182533257
2026-04-02 07:00:00,66681.48,66961.26,66557.33,66930.79,645.82875,40.70066061593234,-389.786359286285,-209.41798992120854,67803.986,69479.5038995548,66128.46810044521
2026-04-02 08:00:00,66930.79,66930.79,66180.0,66439.12,781.90752,36.028160821534264,-424.37644313057535,-252.40968056308193,67706.262,69463.00396206911,65949.5200379309
2026-04-02 09:00:00,66439.12,66517.43,66294.0,66469.6,483.38047,36.5147323842302,-444.20928439740965,-290.7696013299475,67623.9385,69452.65810720764,65795.21889279237
2026-04-02 10:00:00,66469.6,66511.79,66229.55,66457.28,452.52391,36.39423685534815,-455.66841320307867,-323.74936370457374,67517.125,69356.90681072045,65677.34318927955
2026-04-02 11:00:00,66457.28,66516.06,66167.1,66220.28,1122.63022,34.06540221293797,-478.3595435983734,-354.6713996833337,67382.213,69184.6476301391,65579.77836986091
2026-04-02 12:00:00,66220.28,66248.51,65961.66,66052.71,1024.11018,32.48272934882162,-504.0535113599326,-384.5478220186535,67244.0315,69006.8423992936,65481.2206007064
2026-04-02 13:00:00,66052.71,66285.81,65712.12,66270.87,1225.30288,36.611775714716345,-501.03683639979863,-407.8456248948826,67144.244,68889.18199789096,65399.30600210906
2026-04-02 14:00:00,66270.87,67104.86,66168.07,66868.18,1908.17735,46.29573591135643,-445.3148621558212,-415.33947234707034,67083.41500000001,68774.2869998439,65392.543000156125
2026-04-02 15:00:00,66868.17,66994.51,66646.36,66852.91,825.60342,46.10183201832852,-397.8013511423778,-411.8318481061319,67017.21849999999,68629.69572865813,65404.741271341845
2026-04-02 16:00:00,66852.91,67300.0,66759.28,67095.85,920.46412,49.71065972477097,-336.66248808465025,-396.79797610183556,66962.4565,68478.5890065594,65446.323993440594
2026-04-02 17:00:00,67095.85,67430.99,66666.66,66679.16,1455.89824,44.23925676388509,-318.1652878190798,-381.07143844528446,66878.288,68246.88227047051,65509.69372952949
2026-04-02 18:00:00,66679.16,67065.35,66596.8,66981.99,929.27922,48.6616896151169,-275.8899851857277,-360.03514779337314,66821.238,68060.36891806792,65582.10708193207
2026-04-02 19:00:00,66981.99,67109.09,66878.0,66975.99,436.15774,48.57948000423311,-240.10289639678376,-336.0486975140553,66764.34150000001,67848.34412154133,65680.33887845869
2026-04-02 20:00:00,66976.0,67100.0,66798.0,66939.25,284.18038,48.04423907905134,-212.2591898368264,-311.29079597860954,66681.2895,67346.74959272628,66015.82940727372
2026-04-02 21:00:00,66939.25,67012.09,66731.08,66935.93,272.54969,47.99278071444378,-188.29025518345588,-286.69068781957884,66660.1225,67258.31271431457,66061.93228568543
2026-04-02 22:00:00,66935.94,67037.48,66825.61,66982.48,352.22156,48.82048857764788,-163.65202711960592,-262.08295567958424,66666.597,67276.26954051547,66056.92445948452
2026-04-02 23:00:00,66982.48,67096.68,66855.5,66901.99,444.18527,47.41528659844792,-148.9044464186445,-239.4472538273963,66682.88399999999,67299.75553627904,66066.01246372094
2026-04-03 00:00:00,66901.99,67000.0,66702.83,66785.86,388.08477,45.38554224448923,-144.91708893020405,-220.54122084795787,66705.6635,67300.98016044464,66110.34683955535
2026-04-03 01:00:00,66785.87,66905.61,66483.9,66630.0,613.9141,42.74104552336093,-152.5748904543143,-206.94795476922917,66707.5865,67301.59801554744,66113.57498445257
2026-04-03 02:00:00,66630.01,66750.57,66282.0,66533.81,625.3621,41.147555035639236,-164.5091236660228,-198.4601885485879,66700.2025,67299.23026640397,66101.17473359602
2026-04-03 03:00:00,66533.82,66724.17,66495.69,66579.97,581.20992,42.26005814811692,-168.30227933143033,-192.4286067051564,66682.6615,67273.75224620143,66091.57075379857
2026-04-03 04:00:00,66579.98,66699.99,66500.04,66602.66,733.15532,42.83211896122215,-167.54612175496004,-187.45210971511713,66690.8385,67272.18807231812,66109.48892768187
2026-04-03 05:00:00,66602.67,66808.5,66416.68,66600.35,822.39566,42.785643245149096,-165.2286065967055,-183.00740909143482,66697.376,67271.14134933971,66123.6106506603
2026-04-03 06:00:00,66600.35,66800.0,66558.76,66796.79,434.2967,47.95718394717758,-145.85951515821216,-175.5778303047903,66714.3515,67278.21139556276,66150.49160443725
2026-04-03 07:00:00,66796.8,67247.38,66758.0,67042.08,883.37731,53.59735488184486,-109.45479092397727,-162.3532224286277,66755.4415,67286.52519332804,66224.35780667196
2026-04-03 08:00:00,67042.08,67288.0,66900.56,66965.39,717.16964,51.71043589523743,-85.80294383534056,-147.04316670997028,66801.0755,67223.68258308656,66378.46841691346
2026-04-03 09:00:00,66965.39,67007.93,66749.35,66859.58,291.40037,49.1399385119088,-74.73516684185597,-132.5815667363474,66830.511,67171.81206413129,66489.20993586871
2026-04-03 10:00:00,66859.58,66898.97,66674.72,66883.08,215.33139,49.737535742176966,-63.33750490289822,-118.73275436965758,66831.25600000001,67172.96807439551,66489.5439256045
2026-04-03 11:00:00,66883.09,67057.42,66823.18,67017.44,215.91455,53.12853022723071,-42.96774121961789,-103.57975173964965,66839.48250000001,67191.16597119674,66487.79902880329
2026-04-03 12:00:00,67017.43,67370.42,66646.36,66722.16,808.01051,45.81336385876972,-50.073963505157735,-92.87859409275127,66820.798,67154.37323154652,66487.22276845347
2026-04-03 13:00:00,66722.16,66735.62,66508.1,66672.0,554.93399,44.68774079157994,-59.07224064048205,-86.11732340229743,66820.44,67154.66999494085,66486.21000505915
2026-04-03 14:00:00,66671.99,66990.59,66634.0,66929.81,530.03077,51.30948077828943,-44.88294505546219,-77.87044773293039,66817.831,67147.53526365431,66488.1267363457
2026-04-03 15:00:00,66929.8,67028.37,66823.3,66827.15,465.79672,48.80399312053249,-41.443890736074536,-70.58513633355922,66810.389,67131.67365463413,66489.10434536586
2026-04-03 16:00:00,66827.15,67069.0,66827.14,67010.46,361.0645,53.19862814018879,-23.654159964629798,-61.19894105977334,66813.9495,67142.7376716742,66485.1613283258
2026-04-03 17:00:00,67010.45,67067.0,66751.86,66855.01,378.12395,49.331403111418744,-21.847343434696086,-53.32862153475789,66809.90349999999,67134.33408252429,66485.47291747568
2026-04-03 18:00:00,66855.0,66930.0,66786.12,66812.03,187.13591,48.2862430752728,-23.611377852168516,-47.38517279824002,66801.381,67115.51520772217,66487.24679227782
2026-04-03 19:00:00,66812.04,66911.19,66774.02,66885.74,289.39585,50.233577031764234,-18.844380568392808,-41.67701435227058,66800.5685,67113.68946000238,66487.4475399976
2026-04-03 20:00:00,66885.73,66919.61,66831.97,66831.98,141.97965,48.790507636981566,-19.183349869490485,-37.17828145571456,66802.8745,67116.21859661817,66489.53040338184
2026-04-03 21:00:00,66831.97,66970.18,66827.6,66964.21,378.17654,52.411677744957196,-8.682048326256336,-31.47903482982292,66819.585,67129.74123170513,66509.42876829488
2026-04-03 22:00:00,66964.21,66970.17,66842.76,66888.76,287.42422,50.229109345583254,-6.374395569306216,-26.45810697771958,66837.3325,67117.84090054466,66556.82409945535
2026-04-03 23:00:00,66888.76,66964.3,66826.13,66964.3,525.44687,52.367775916026964,1.5322200729715405,-20.86004156758136,66856.549,67114.57934721233,66598.51865278766
2026-04-04 00:00:00,66964.29,66968.28,66876.7,66893.39,159.1028,50.18765894938458,2.05276258388767,-16.277480737287554,66871.0855,67100.0073775994,66642.1636224006
2026-04-04 01:00:00,66893.4,66924.48,66827.22,66852.0,418.46364,48.90778762931478,-0.8645646521035815,-13.19489752025076,66883.668,67074.41444671174,66692.92155328827
2026-04-04 02:00:00,66852.0,66919.41,66814.0,66844.83,138.81793,48.67621109629607,-3.712333117306116,-11.298384639661833,66886.07,67073.3891446155,66698.75085538451
2026-04-04 03:00:00,66844.84,66910.22,66830.23,66832.18,86.81929,48.242201134200826,-6.910301765339682,-10.420768064797404,66875.575,67049.10328115466,66702.04671884533
2026-04-04 04:00:00,66832.18,66876.32,66775.91,66860.73,180.50471,49.34006336636805,-7.059590002230834,-9.74853245228409,66870.342,67038.7014273741,66701.98257262592
2026-04-04 05:00:00,66860.73,66936.72,66844.14,66916.29,629.01422,51.49625865921398,-2.66396580034052,-8.331619121895377,66873.1775,67042.6800890734,66703.67491092661
2026-04-04 06:00:00,66916.3,67049.94,66911.2,67013.24,254.32193,55.08839097653596,8.54416103362746,-4.95646309079081,66879.68549999999,67060.412231607,66698.95876839299
2026-04-04 07:00:00,67013.25,67052.99,66943.34,67014.96,664.43952,55.15184905909326,17.365295606854488,-0.4921113512617502,66879.5615,67059.8932412393,66699.22975876069
2026-04-04 08:00:00,67014.95,67057.42,66918.0,66940.0,398.19184,51.721892997975935,18.098830721428385,3.2260770632762767,66890.4535,67056.50527827072,66724.40172172929
2026-04-04 09:00:00,66940.0,66994.52,66918.0,66988.05,295.09328,53.709229398149326,22.300331671911408,7.040927985003304,66906.25600000001,67042.19827265001,66770.31372735
2026-04-04 10:00:00,66988.06,67167.0,66918.0,67167.0,290.85424,60.26880544132103,39.613184762216406,13.555379340445924,66918.1155,67097.2368172586,66738.9941827414
2026-04-04 11:00:00,67167.0,67232.72,67083.43,67156.93,363.18025,59.75565720690617,51.92264875305409,21.22883322296756,66934.6045,67137.59323222992,66731.61576777008
2026-04-04 12:00:00,67156.93,67185.0,67060.56,67097.87,140.59027,56.70615393745683,56.26376556920877,28.235819692215802,66938.975,67152.33931009873,66725.61068990128
2026-04-04 13:00:00,67097.87,67267.0,67082.41,67193.44,362.06124,60.24195576090714,66.64756061811931,35.918167877396506,66955.8965,67193.52342283621,66718.2695771638
2026-04-04 14:00:00,67193.45,67223.51,67029.07,67215.24,369.07128,61.02390694440864,75.76252755821042,43.88703981355929,66976.057,67230.13891784468,66721.97508215532
2026-04-04 15:00:00,67215.24,67562.93,67177.39,67383.66,635.57272,66.50488382213585,95.4757064707228,54.204773144992,67000.95300000001,67309.5100930484,66692.39590695161
2026-04-04 16:00:00,67383.66,67520.85,67331.06,67366.68,294.26452,65.50474307754206,108.47793261049083,65.05940503809177,67027.688,67365.83922364043,66689.53677635956
2026-04-04 17:00:00,67366.68,67416.48,67292.0,67329.4,254.01236,63.25553809547236,114.4547430321254,74.9384726368985,67045.9475,67408.2434463116,66683.6515536884
2026-04-04 18:00:00,67329.41,67380.98,67265.0,67295.47,120.36154,61.19599020506917,115.12643503732397,82.97606511698359,67066.283,67436.98932213483,66695.57667786516
2026-04-04 19:00:00,67295.47,67543.6,67275.0,67288.42,189.77457,60.75336755194457,113.7783141292748,89.13651491944184,67082.489,67462.64179969378,66702.33620030622
2026-04-04 20:00:00,67288.42,67295.81,67186.62,67268.4,186.97188,59.43862990110891,109.8284380431578,93.27489954418503,67101.2395,67479.10735796978,66723.37164203021
2026-04-04 21:00:00,67268.4,67504.54,67215.0,67359.2,238.4254,63.31611814074189,112.72550449370465,97.16502053408897,67126.5995,67502.1090513852,66751.0899486148
2026-04-04 22:00:00,67359.21,67470.93,67341.19,67399.92,306.3388,64.93501127311816,116.958983855322,101.12381319833558,67154.35399999999,67524.18726521918,66784.5207347808
2026-04-04 23:00:00,67399.91,67399.99,67261.32,67300.42,397.2679,58.178738300038866,111.00562456480111,103.1001754716287,67177.76599999999,67519.97732729051,66835.55467270946
2026-04-05 00:00:00,67300.42,67307.28,67168.08,67225.0,431.18676,53.624268957295264,99.05988011136651,102.29211639957627,67195.97949999999,67504.23448956599,66887.72451043398
2026-04-05 01:00:00,67225.0,67230.0,67080.0,67085.0,369.56535,46.36793256681309,77.40369992578053,97.31443310481713,67204.415,67488.74893566784,66920.08106433215
2026-04-05 02:00:00,67085.0,67174.92,66955.72,67170.16,252.42427,50.734971481823685,66.34790405473905,91.12112729480151,67212.261,67482.70384081325,66941.81815918675
2026-04-05 03:00:00,67170.17,67188.09,67089.33,67145.98,163.69484,49.50244987037607,55.00096536311321,83.89709490846386,67218.812,67475.10911070474,66962.51488929527
2026-04-05 04:00:00,67145.98,67188.51,67073.56,67101.65,92.89503,47.23679544891215,41.947825757277315,75.50724107822656,67226.8945,67454.79256553957,66998.99643446042
2026-04-05 05:00:00,67101.65,67154.98,66888.0,66931.65,466.39184,39.72757426054146,17.681715516155236,63.9421359658123,67224.0745,67465.41585288738,66982.73314711262
2026-04-05 06:00:00,66931.65,66940.0,66611.66,66802.24,728.34135,35.147126884225614,-11.855000091745751,48.78270875430069,67205.8365,67511.8124828462,66899.86051715381
2026-04-05 07:00:00,66802.24,66914.48,66715.43,66820.64,615.79892,36.272196685672434,-33.39339550999284,32.34748790144199,67189.022,67539.96992972252,66838.07407027748
2026-04-05 08:00:00,66820.64,66940.0,66819.42,66933.18,227.07394,42.80746421291329,-40.91010536177782,17.695969248798026,67180.78749999999,67548.08816175397,66813.48683824601
2026-04-05 09:00:00,66933.18,67048.64,66902.15,67035.15,293.93169,48.00988407961687,-38.19869450079568,6.517036498879285,67172.87299999999,67545.80416227732,66799.94183772267
2026-04-05 10:00:00,67035.15,67150.0,66968.35,67046.01,288.35183,48.546695085722554,-34.77273220800271,-1.7409172424971135,67164.4115,67540.95706290267,66787.86593709733
2026-04-05 11:00:00,67046.01,67087.22,66973.67,66999.0,253.07128,46.317290545375215,-35.44238873406721,-8.481211540811133,67145.17850000001,67513.78299729463,66776.57400270538
2026-04-05 12:00:00,66998.99,66999.0,66680.57,66783.58,607.98096,37.759913689893644,-52.74764796406089,-17.334498825461086,67116.0235,67502.66064485755,66729.38635514244
2026-04-05 13:00:00,66783.59,66918.03,66693.91,66890.7,361.31735,43.36346570778801,-57.159601515042596,-25.29951936337739,67094.0885,67479.53085772794,66708.64614227206
2026-04-05 14:00:00,66890.7,66963.95,66820.54,66918.03,296.0396,44.73066311676794,-57.78469786963251,-31.796555064628414,67075.2165,67456.07609343273,66694.35690656726
2026-04-05 15:00:00,66918.03,67856.16,66829.02,67306.64,1471.0776,59.647181163585685,-26.615702730123303,-30.760384597727395,67076.1275,67459.21499793207,66693.04000206794
2026-04-05 16:00:00,67306.65,67410.0,67173.4,67212.62,356.80623,55.72840232158871,-9.392407931591151,-26.486789264500146,67073.33849999998,67451.31011282191,66695.36688717805
2026-04-05 17:00:00,67212.61,67402.0,67187.95,67373.64,168.11139,60.5131356394548,17.053562727451208,-17.778718866109877,67074.06049999999,67454.3791568382,66693.74184316178
2026-04-05 18:00:00,67373.64,67451.78,67281.38,67413.78,210.99631,61.626522094149614,40.781048996184836,-6.066765293650935,67074.7535,67457.61424243676,66691.89275756326
2026-04-05 19:00:00,67413.78,67560.45,67276.67,67361.01,229.64378,59.26084463385817,54.69664594181813,6.085916953442879,67077.78300000001,67469.02932451917,66686.53667548085
2026-04-05 20:00:00,67361.01,67705.74,67332.66,67658.35,338.30366,66.95763881829258,88.69528576028824,22.607790714811955,67099.4505,67565.81281587217,66633.08818412785
2026-04-05 21:00:00,67658.35,67682.42,67408.07,67553.43,435.91664,62.47249539948061,105.95193763218413,39.276620098286394,67122.872,67631.32948818564,66614.41451181436
2026-04-05 22:00:00,67553.44,68374.75,67347.05,68338.43,1201.92322,75.62713286379255,180.8857596100861,67.59844800064634,67181.2855,67926.10835974776,66436.46264025224
2026-04-05 23:00:00,68338.43,69136.2,68266.13,69034.18,1872.62368,81.73739839462343,293.03464281657944,112.68568696383296,67275.6955,68389.13699060142,66162.25400939859
2026-04-06 00:00:00,69034.18,69588.0,69034.18,69083.78,1917.91608,82.08226388933335,381.5178459804738,166.45211876716112,67374.802,68746.02945880372,66003.57454119627
2026-04-06 01:00:00,69083.79,69139.63,68787.13,68810.18,991.41564,73.8031973122303,424.66887015751854,218.09546904523262,67468.7285,68963.89545724515,65973.56154275485
2026-04-06 02:00:00,68810.17,69408.39,68776.61,69207.99,951.83494,77.37626071503172,485.37125240269233,271.5506257167246,67589.01599999999,69237.63150107366,65940.40049892632
2026-04-06 03:00:00,69207.99,69259.06,69056.86,69123.69,641.74895,75.04051896039672,520.6740162426286,321.3753038219054,67704.1685,69445.90403664058,65962.43296335942
2026-04-06 04:00:00,69123.69,69217.68,68980.36,69141.8,640.03746,75.21362240370075,543.8439421429503,365.8690314861144,67814.5995,69629.05976050529,66000.1392394947
2026-04-06 05:00:00,69141.81,69247.0,69086.0,69199.31,664.48642,75.78788752405795,560.3870585361437,404.7726368961203,67922.8075,69798.6352272494,66046.9797727506
2026-04-06 06:00:00,69199.31,69354.26,68806.53,68976.67,805.10068,69.11216349347845,549.2015564677276,433.6584208104418,68019.34049999999,69903.87287573288,66134.8081242671
2026-04-06 07:00:00,68976.67,69215.37,68821.07,69115.91,705.20265,70.84198778410413,545.2867436623637,455.9840853808262,68125.186,70006.21317415767,66244.15882584233
2026-04-06 08:00:00,69115.91,69347.85,69081.88,69224.63,514.80546,72.15333530452287,544.6783092004625,473.7229301447535,68247.2385,70077.83716749972,66416.6398325003
2026-04-06 09:00:00,69224.63,70283.32,69214.46,69728.0,2395.68342,77.25400684946868,578.1493271097861,494.60820953776005,68389.1035,70216.821599322,66561.385400678
2026-04-06 10:00:00,69728.01,69950.0,69708.13,69770.88,634.91449,77.62990835693407,601.2050895503198,515.927585540272,68531.74600000001,70320.94989751696,66742.54210248307
2026-04-06 11:00:00,69770.88,69770.96,69565.01,69614.91,453.63795,72.9100645697641,599.9753297581483,532.7371343838473,68647.1595,70401.06607542372,66893.25292457627
2026-04-06 12:00:00,69614.91,69635.87,69329.23,69366.75,601.7024,66.03110856711993,572.3782777300075,540.6653630530794,68754.86600000001,70398.98069797941,67110.75130202061
2026-04-06 13:00:00,69366.76,69550.0,69235.09,69428.23,656.60844,66.865185956453,549.1382138591725,542.359933214298,68857.5955,70391.38023927447,67323.81076072552
2026-04-06 14:00:00,69428.23,69809.99,69163.86,69654.38,1336.92282,69.80245684784235,542.7126571072731,542.4304779928931,68969.6255,70381.8728429516,67557.37815704838
2026-04-06 15:00:00,69654.39,69973.25,69526.87,69968.87,814.13173,73.34153055065117,556.5811507391918,545.2606125421529,69100.01849999999,70360.2942596247,67839.74274037528
2026-04-06 16:00:00,69968.87,70351.46,69782.11,69799.14,1291.21899,68.66433357699174,547.5642594167439,545.7213419170712,69207.058,70304.96173660865,68109.15426339136
2026-04-06 17:00:00,69799.14,69820.0,69282.02,69574.61,914.30002,62.94558004646615,516.3484698117827,539.8467674960135,69308.117,70092.43237712613,68523.80162287387
2026-04-06 18:00:00,69574.62,69967.78,69479.49,69888.97,537.79955,67.07960247166739,511.08449254508014,534.0943125058269,69385.644,70066.02377264173,68705.26422735828
2026-04-06 19:00:00,69888.97,69899.99,69583.33,69739.53,431.93913,63.45529575667383,489.21482952934457,525.1184159105304,69420.9115,70097.6974714424,68744.1255285576
2026-04-06 20:00:00,69739.52,69974.08,69625.0,69826.01,372.95882,64.64574175321145,473.40406985001755,514.7755466984279,69458.023,70138.36166499848,68777.68433500153
2026-04-06 21:00:00,69826.0,69826.0,69423.09,69504.99,366.00988,57.19735398131207,430.0133712995448,497.8231116186513,69492.7635,70100.94553997823,68884.58146002177
2026-04-06 22:00:00,69504.99,69581.92,68811.0,68811.0,578.82627,45.09968560473216,335.75634683635144,465.40975866219134,69472.914,70142.99350682177,68802.83449317823
2026-04-06 23:00:00,68811.01,68912.97,68300.0,68853.66,1062.40825,45.85776421842893,261.4850445152115,424.6248158327954,69459.4125,70168.84569039205,68749.97930960797
2026-04-07 00:00:00,68853.66,69128.2,68723.81,68775.7,908.20417,44.644533588608525,194.09635985318164,378.5191246368727,69441.10750000001,70202.06769914473,68680.1473008553
2026-04-07 01:00:00,68775.71,68900.63,68352.52,68400.01,682.14287,39.2548169397012,109.1174603617983,324.63879178185783,69401.1425,70288.95601363786,68513.32898636215
2026-04-07 02:00:00,68400.01,68713.92,68273.34,68674.0,382.32486,44.51568746428636,63.15179881884251,272.3413931892548,69386.009,70313.71015671908,68458.30784328093
2026-04-07 03:00:00,68674.01,68800.94,68625.59,68779.21,449.64401,46.43409642844372,34.81195802229922,224.8355061558637,69369.174,70329.17104319113,68409.17695680886
2026-04-07 04:00:00,68779.2,68981.83,68540.84,68854.65,480.37449,47.82707836789623,18.229667278312263,183.51433838035342,69350.675,70336.31620220658,68365.03379779343
2026-04-07 05:00:00,68854.65,68866.0,68613.2,68669.0,546.70209,44.74343377054617,-9.77958805988601,144.85555309230554,69297.725,70311.40026748365,68284.04973251636
2026-04-07 06:00:00,68669.0,68669.01,68443.0,68568.35,488.73987,43.12022279189487,-39.64177286262566,107.95608790131931,69237.5985,70275.47200097426,68199.72499902573
2026-04-07 07:00:00,68568.35,68703.72,68500.0,68624.61,307.81904,44.33582661477928,-58.09833619398705,74.74520308225804,69188.0835,70244.48931294517,68131.67768705482
2026-04-07 08:00:00,68624.6,68984.48,68603.6,68936.71,338.93457,50.63819682615766,-46.9996512120706,50.39623222339232,69166.5815,70225.17919167719,68107.98380832281
2026-04-07 09:00:00,68936.71,69247.9,68930.04,69150.05,436.92801,54.43584455415304,-20.749916240922175,36.16700253052942,69152.6725,70204.08080300527,68101.26419699473
2026-04-07 10:00:00,69150.06,69199.87,68200.0,68237.93,899.01254,40.19683234164076,-72.70912768812559,14.391776486798422,69081.85,70180.71631904345,67982.98368095656
2026-04-07 11:00:00,68237.93,68455.96,68071.96,68345.75,598.71022,42.12402550405527,-103.98829189676326,-9.284237189913917,69000.694,70062.86376953451,67938.5242304655
2026-04-07 12:00:00,68345.75,68599.13,68080.0,68392.18,738.67705,42.976224591620976,-123.60589015825826,-32.148567783582784,68930.34599999999,69955.58213638749,67905.1098636125
2026-04-07 13:00:00,68392.19,68633.87,68198.12,68231.99,822.0611,40.746970977806946,-150.34587865193316,-55.78802995725286,68863.215,69886.65213670662,67839.77786329338
2026-04-07 14:00:00,68231.99,68258.26,67763.64,67860.48,1396.10082,36.073502474054585,-199.21879409681424,-84.47418278516514,68761.7905,69758.92613950331,67764.6548604967
2026-04-07 15:00:00,67860.49,68268.6,67732.01,68168.1,1084.45539,42.00498677102625,-210.69975298842473,-109.71929682581707,68683.21900000001,69600.40598255846,67766.03201744157
2026-04-07 16:00:00,68168.11,68454.23,68085.01,68229.99,654.26405,43.14791631574297,-212.35657544780406,-130.24675255021447,68603.418,69366.78079287843,67840.05520712158
2026-04-07 17:00:00,68230.0,69000.0,68198.22,68705.81,1147.70463,51.12307883681852,-173.27748677125783,-138.85289939442313,68563.459,69201.49062703775,67925.42737296225
2026-04-07 18:00:00,68705.82,68773.24,68358.1,68442.53,630.41269,47.179367409160115,-161.68768810135953,-143.41985713581042,68545.0355,69174.18855903491,67915.88244096508
2026-04-07 19:00:00,68442.52,69098.44,68358.1,69011.29,1385.03929,55.21651391564205,-105.39359868077736,-135.81460544480382,68552.91699999999,69201.98293314697,67903.851066853
2026-04-07 20:00:00,69011.29,69535.26,69011.29,69319.39,1097.55478,58.86765869055737,-35.50969843751227,-115.75362404334551,68580.1015,69309.0777013735,67851.1252986265
2026-04-07 21:00:00,69319.39,70216.68,69311.84,69927.64,1742.03489,64.9440770214062,68.16868150736263,-78.96916293320389,68656.483,69595.79118047607,67717.17481952392
2026-04-07 22:00:00,69927.65,71528.0,69927.65,71514.09,2841.66596,75.22457751424419,275.17574634726043,-8.140181077111023,68798.4875,70384.82586477045,67212.14913522956
2026-04-07 23:00:00,71514.1,72761.0,71194.9,71924.22,3690.98922,77.09469449330436,466.9417857933731,86.87621229698581,68955.738,71069.77665574256,66841.69934425743
2026-04-08 00:00:00,71924.22,72110.65,71541.51,71710.19,1153.45069,73.95731788788368,594.7909416466719,188.45915816692303,69098.515,71543.59981963989,66653.43018036011
2026-04-08 01:00:00,71710.19,71758.6,71452.68,71476.97,621.6206,70.58646782658091,669.5749704018672,284.6823206139119,69238.9135,71893.63795623851,66584.18904376148
2026-04-08 02:00:00,71476.98,71727.01,71240.99,71364.94,1153.76247,68.96050012989652,711.5990958322654,370.06567565758263,69378.74299999999,72175.55346524465,66581.93253475532
2026-04-08 03:00:00,71364.95,71479.97,71277.18,71287.39,441.23135,67.79629746497929,730.22826423691,442.0981933734481,69511.88200000001,72409.24572443306,66614.51827556697
2026-04-08 04:00:00,71287.39,71676.77,71287.38,71566.18,721.11279,69.77198341534483,758.7417350469623,505.426901708151,69643.35549999999,72666.72118951558,66619.9898104844
2026-04-08 05:00:00,71566.66,71831.6,71560.0,71731.1,821.79755,70.90896163622821,785.5907308662718,561.4596675397752,69772.40800000001,72924.7087893281,66620.10721067192
2026-04-08 06:00:00,71731.1,71941.42,71581.14,71732.69,811.19618,70.92031803484048,797.8005055866233,608.7278351491449,69947.146,73128.61096145396,66765.68103854603
2026-04-08 07:00:00,71732.7,71902.0,71573.04,71627.59,943.84918,69.00280456823819,789.8907791642705,644.96042395217,70111.238,73283.45508550975,66939.02091449025
2026-04-08 08:00:00,71627.59,71831.08,71627.59,71800.0,501.15204,70.41589700877739,788.4456000109785,673.6574591639318,70281.629,73431.07041099951,67132.18758900049
2026-04-08 09:00:00,71799.99,71955.0,71588.75,71678.87,419.9995,68.06807280695148,768.6654100759333,692.6590493463322,70453.973,73506.92235918512,67401.02364081488
2026-04-08 10:00:00,71678.87,71790.0,71457.61,71476.98,514.219,64.22443108309965,728.3032053111529,699.7878805392963,70634.798,73460.94500589115,67808.65099410884
2026-04-08 11:00:00,71476.97,71739.67,71407.77,71675.12,779.27898,66.23932681206584,704.1866835688124,700.6676411451996,70810.149,73418.69645409554,68201.60154590447
2026-04-08 12:00:00,71675.12,72181.81,71581.76,72071.95,1226.00544,69.89615847199173,708.9230077471002,702.3187144655798,71002.247,73365.04452178457,68639.44947821544
2026-04-08 13:00:00,72071.95,72857.0,71510.0,71600.01,2821.31683,61.38096436330303,666.9072730406624,695.2364261805964,71146.95700000001,73258.74026438365,69035.17373561636
2026-04-08 14:00:00,71600.0,71751.42,70707.23,70912.88,1895.54834,51.53648324811203,571.5750903157896,670.504159007635,71270.4745,72963.74109244626,69577.20790755373
2026-04-08 15:00:00,70912.89,71349.05,70833.3,71310.0,873.16856,55.93513058114735,522.0500458411261,640.8133363743333,71385.41,72703.49594114078,70067.32405885923
2026-04-08 16:00:00,71309.99,71699.0,71250.93,71602.1,757.94566,58.89068486277204,500.6005090494,612.7707709093467,71499.5455,72390.48146823542,70608.60953176457
2026-04-08 17:00:00,71602.11,71963.94,71490.55,71888.19,682.09647,61.606849016845025,500.91246160233277,590.399109047944,71597.573,72112.27528572727,71082.87071427274
2026-04-08 18:00:00,71888.19,71888.2,71085.22,71099.63,703.75724,51.50536871179414,432.5433935272449,558.8279659438042,71576.85,72137.066418578,71016.63358142201
2026-04-08 19:00:00,71099.63,71372.22,71019.0,71318.48,473.49397,53.770889505808285,391.50673456782533,525.3637196686085,71546.563,72093.03390969527,71000.09209030472
2026-04-08 20:00:00,71318.47,71481.7,71267.91,71372.93,226.24698,54.3423990604722,359.2374805731961,492.138471849526,71529.7,72075.72526837804,70983.67473162196
2026-04-08 21:00:00,71372.94,71748.0,71330.86,71551.39,367.89907,56.251373313101496,344.0975524512178,462.5302879698644,71533.421,72078.94733329074,70987.89466670927
2026-04-08 22:00:00,71551.4,71571.6,71064.84,71064.84,374.67564,50.100959994503626,289.50134036190866,427.92449844827325,71518.416,72098.84677690343,70937.98522309656
2026-04-08 23:00:00,71064.84,71204.0,70901.89,71069.93,517.86174,50.162350853413784,243.8334096325416,391.10628068512693,71507.54299999999,72113.76975957697,70901.31624042301
2026-04-09 00:00:00,71069.93,71133.71,70650.0,70815.5,677.85142,47.046517516148185,184.97855325332785,349.8807351987671,71470.00899999999,72149.4802947871,70790.53770521288
2026-04-09 01:00:00,70815.5,70956.7,70466.0,70928.89,495.03665,48.57945393897983,145.80453696472978,309.06549555195966,71429.8985,72138.559224965,70721.23777503498
2026-04-09 02:00:00,70928.9,71198.8,70816.36,71060.64,664.15391,50.37697266754994,123.96102520625573,272.0446014828189,71396.296,72108.22986697406,70684.36213302595
2026-04-09 03:00:00,71060.64,71124.05,70845.27,70992.39,808.25356,49.41332661336579,99.99005701705755,237.63369258966665,71364.536,72089.57768844008,70639.4943115599
2026-04-09 04:00:00,70992.37,71006.13,70734.77,70782.0,304.15042,46.46280993312748,63.28664824186126,202.7642837201056,71313.636,72052.75481864902,70574.51718135098
2026-04-09 05:00:00,70781.99,71087.12,70689.38,70984.0,495.401,49.57597703730841,49.923161044862354,172.19605918505695,71278.8925,72011.0171349574,70546.76786504261
2026-04-09 06:00:00,70983.99,71082.71,70809.94,71031.84,538.94746,50.312888136637994,42.70056382732582,146.29696011351075,71256.6355,71990.46748771197,70522.80351228804
2026-04-09 07:00:00,71031.83,71116.0,70955.4,70982.01,922.88611,49.50140494107172,32.580174966555205,123.55360308411964,71221.98,71937.8437622964,70506.1162377036
2026-04-09 08:00:00,70982.01,71380.0,70865.42,71249.51,562.42694,53.808458941310455,45.61884266861307,107.96665100101833,71180.858,71775.337501948,70586.37849805198
2026-04-09 09:00:00,71249.51,71575.0,71109.99,71534.68,512.0201,57.92808705296406,78.0630541996361,101.9859316407419,71177.5915,71763.02271844322,70592.16028155677
2026-04-09 10:00:00,71534.69,71534.69,71276.44,71276.45,304.66693,53.29304538428383,81.99315663335437,97.9873766392644,71195.76999999999,71769.04458237794,70622.49541762203
2026-04-09 11:00:00,71276.45,71350.0,71038.5,71150.17,446.85377,51.13816981217661,74.06428353574302,93.20275801856013,71187.7785,71758.8000007396,70616.7569992604
2026-04-09 12:00:00,71150.17,71328.79,71040.0,71279.63,382.04593,53.22621497439474,77.33545950159896,90.0292983151679,71171.655,71710.73539252093,70632.57460747907
2026-04-09 13:00:00,71279.63,71355.24,70629.3,70801.98,696.59545,45.500401032693865,40.91389697340492,80.20621804681531,71117.34449999999,71563.29257859125,70671.39642140873
2026-04-09 14:00:00,70801.97,71250.39,70522.77,71123.71,873.72309,50.692014832797675,37.577300725111854,71.68043458247462,71118.5485,71564.42522253224,70672.67177746777
2026-04-09 15:00:00,71123.71,72358.0,70929.44,72141.99,2048.75279,62.777728115098036,115.76524040836375,80.49739574765245,71159.724,71795.14846795861,70524.29953204139
2026-04-09 16:00:00,72142.0,72399.0,71729.66,72080.87,1429.6831,61.798611184012145,170.82866619543347,98.56364983720866,71195.121,71948.48180843155,70441.76019156845
2026-04-09 17:00:00,72080.86,72550.0,72062.38,72347.49,1415.90923,64.4065260230421,233.29159333692223,125.50923853715138,71234.926,72136.99524261989,70332.85675738013
2026-04-09 18:00:00,72348.0,72380.7,71747.68,71888.69,560.32535,57.17343533805598,242.97176026160014,149.00174288204113,71276.1185,72219.76808281631,70332.46891718368
2026-04-09 19:00:00,71888.69,72300.0,71750.0,72096.32,607.89039,59.39580508985577,264.3501046013116,172.07141522589524,71327.438,72333.4511864183,70321.42481358169
2026-04-09 20:00:00,72096.33,72458.31,71985.95,72413.97,497.89389,62.593883718516246,303.4265840173175,198.3424489841797,71407.3615,72492.96227740754,70321.76072259246
2026-04-09 21:00:00,72413.96,72700.0,72142.79,72264.95,771.79321,60.19845123711834,318.69657120629563,222.4132734286029,71474.1645,72599.49796827587,70348.83103172413
2026-04-09 22:00:00,72264.96,73145.0,71945.94,71946.01,1345.32358,55.318953660977506,301.5858595030004,238.2477906434824,71518.43299999999,72644.9296542646,70391.93634573538
2026-04-09 23:00:00,71946.01,72025.53,71585.25,71787.97,795.83731,53.025361776189456,272.1359758664912,245.02542768808416,71558.212,72662.46277834705,70453.96122165295
2026-04-10 00:00:00,71787.98,72028.4,71573.35,71963.03,967.9743,55.239193836860636,259.9263408137631,248.00561031321996,71617.26349999999,72671.94104245615,70562.58595754382
2026-04-10 01:00:00,71963.04,72387.0,71673.48,72157.93,679.67117,57.63315421823225,262.945842230416,250.99365669665917,71675.95999999999,72712.75967457685,70639.16032542313
2026-04-10 02:00:00,72157.93,72291.04,71921.59,71965.36,515.54191,54.52991432902691,246.95330525223108,250.18558640777357,71722.636,72720.66756165616,70724.60443834384
2026-04-10 03:00:00,71965.36,72027.37,71813.73,71868.67,543.68867,52.987179183134714,223.8960947393789,244.92768807409465,71766.96900000001,72703.34600462948,70830.59199537055
2026-04-10 04:00:00,71868.67,72212.84,71820.47,72117.29,734.17151,56.40268833723234,223.1127406938176,240.56469859803926,71810.358,72725.96741801914,70894.74858198085
2026-04-10 05:00:00,72117.29,72267.89,72010.4,72127.84,408.69549,56.54695316384643,220.798001875286,236.61135925348862,71840.016,72756.45331247938,70923.57868752062
2026-04-10 06:00:00,72127.84,72179.85,71792.01,71805.38,448.00931,50.992801972040645,190.7449386770022,227.43807513819135,71866.4625,72744.13011128172,70988.79488871827
2026-04-10 07:00:00,71805.39,71837.59,71428.0,71481.85,702.39043,46.100252927722146,139.21669897832908,209.7937999062189,71883.0465,72715.0736148127,71051.01938518729
2026-04-10 08:00:00,71481.85,71769.41,71426.15,71606.07,624.89096,48.15698724171806,107.16834367050615,189.26870865907637,71899.36850000001,72693.49889819763,71105.23810180239
2026-04-10 09:00:00,71606.08,71873.0,71583.47,71787.41,281.02303,51.09103200559159,95.30381066670816,170.47572906060273,71948.64,72556.5309607761,71340.7490392239
2026-04-10 10:00:00,71787.41,71928.29,71711.6,71910.09,238.63388,53.02781989306836,94.7085918099765,155.3223016104775,71987.959,72457.07489148297,71518.84310851703
2026-04-10 11:00:00,71910.1,72261.93,71903.69,72127.59,421.17579,56.32961952213075,110.51337940871599,146.3605171701252,71987.23899999999,72455.40272923173,71519.07527076824
2026-04-10 12:00:00,72127.59,72458.0,72007.5,72258.68,733.4245,58.235150037814876,132.09395796147874,143.5072053283959,71996.12950000001,72478.32288771997,71513.93611228005
2026-04-10 13:00:00,72258.69,72409.41,71899.51,72321.4,673.2668,59.15349325540194,152.49977924399718,145.30572011151617,71994.825,72473.14164535645,71516.50835464355
2026-04-10 14:00:00,72321.39,73155.58,72258.0,72909.0,2362.6198,66.56988118274029,213.62343091270304,158.96926227175354,72045.8405,72671.45801059337,71420.22298940664
2026-04-10 15:00:00,72909.0,73289.96,72355.87,72460.51,1324.05053,57.92499668383745,223.30089668261644,171.83558915392612,72064.05,72716.47994008557,71411.62005991444
2026-04-10 16:00:00,72460.52,73069.4,72387.41,72992.33,733.09003,63.9100057346583,270.76260465981613,191.62099225510414,72092.96800000001,72853.0847035661,71332.85129643392
2026-04-10 17:00:00,72992.32,73146.0,72802.96,73121.66,454.50524,65.20617616071323,315.17901285096013,216.33259637427534,72135.80350000001,73022.71113605934,71248.89586394068
2026-04-10 18:00:00,73121.66,73159.81,72880.95,73107.07,597.01721,64.92289748283616,345.222534791581,242.11058405773647,72193.85650000001,73175.40291802218,71212.31008197783
2026-04-10 19:00:00,73107.07,73264.76,72900.0,73236.11,713.54118,66.31667623494627,375.1205359155283,268.7125744292949,72266.26349999999,73331.80033483752,71200.72666516245
2026-04-10 20:00:00,73236.11,73434.0,73051.97,73361.68,872.16866,67.66319812038986,404.28699792530097,295.8274591284961,72336.19600000001,73497.24608797213,71175.14591202789
2026-04-10 21:00:00,73361.68,73364.47,72934.53,73190.67,654.89865,63.9158230881512,408.8891320021794,318.4397937032328,72387.833,73605.95896891993,71169.70703108006
2026-04-10 22:00:00,73190.68,73244.03,72700.6,72877.0,798.3469,57.61305008711682,382.8129791336105,331.31443078930835,72433.41500000001,73653.20300620844,71213.62699379158
2026-04-10 23:00:00,72877.01,72967.79,72791.96,72962.7,889.83693,58.8082111984796,364.8568709985848,338.0229188311637,72488.11649999999,73699.36238486254,71276.87061513744
2026-04-11 00:00:00,72962.71,72962.71,72787.94,72828.42,801.54149,56.137290884918464,335.9189871777198,337.6021325004749,72523.673,73730.82822088733,71316.51777911266
2026-04-11 01:00:00,72828.42,72999.99,72670.0,72954.39,320.3002,58.06160195895163,319.46760826191166,333.97522765276227,72565.0005,73771.69121865553,71358.30978134446
2026-04-11 02:00:00,72954.39,73094.89,72910.93,72966.57,288.43552,58.25231354710533,303.90931870379427,327.9620458629687,72623.06,73786.83819177392,71459.28180822608
2026-04-11 03:00:00,72966.58,73075.34,72814.42,72866.63,227.12944,56.00198760533995,280.28399989099125,318.4264366685732,72692.299,73727.91615916665,71656.68184083335
2026-04-11 04:00:00,72866.62,72954.28,72681.9,72806.08,298.14959,54.625144875087315,253.74981563718757,305.4911124622961,72752.2995,73653.2277058233,71851.37129417669
2026-04-11 05:00:00,72806.08,72836.55,72679.08,72722.28,222.17067,52.694249798710274,223.38428876439866,289.0697477227166,72799.043,73577.92621934664,72020.15978065337
2026-04-11 06:00:00,72722.28,72771.32,72612.16,72762.0,590.44339,53.53267372207808,200.21649091519066,271.2990963612114,72841.6385,73499.6223095576,72183.6546904424
2026-04-11 07:00:00,72762.01,72832.0,72672.56,72745.38,321.42327,53.1085228028825,178.4576009659213,252.7307972821534,72872.528,73441.33006696183,72303.72593303818
2026-04-11 08:00:00,72745.38,72799.57,72638.44,72664.17,263.67236,50.98288596627511,152.89804216274933,232.76424625827258,72892.8025,73394.41623084342,72391.1887691566
2026-04-11 09:00:00,72664.16,72908.0,72617.75,72907.11,306.96352,56.58142387110983,150.5101480330486,216.3134266132278,72922.088,73345.53964850587,72498.63635149413
2026-04-11 10:00:00,72907.12,72915.95,72760.9,72843.71,224.83128,54.82166163366524,141.86652558918286,201.4240464084188,72918.8235,73343.70424968249,72493.94275031751
2026-04-11 11:00:00,72843.7,72912.0,72826.37,72907.05,109.63598,56.284476253549364,138.530507713338,188.84533866940265,72941.1505,73307.52815871655,72574.77284128345
2026-04-11 12:00:00,72907.05,72982.4,72814.97,72940.49,180.21756,57.074691413991374,137.00570159735798,178.47741125499374,72938.5585,73304.14426575751,72572.97273424249
2026-04-11 13:00:00,72940.5,72940.5,72513.09,72658.07,493.97275,49.016049780492224,111.72050362503796,165.1260297290026,72915.379,73290.7394239902,72540.0185760098
2026-04-11 14:00:00,72658.07,72770.91,72609.27,72704.67,212.83973,50.26390754084309,94.35437411823659,150.9716986068494,72895.25899999999,73270.495047173,72520.02295282698
2026-04-11 15:00:00,72704.66,72896.03,72678.0,72858.17,246.74388,54.237206778093864,91.91818291923846,139.16099546932722,72876.36200000001,73215.66909278123,72537.05490721879
2026-04-11 16:00:00,72858.18,73204.74,72812.94,73034.33,656.04744,58.34949450841605,103.01463502351544,131.93172338016487,72859.9945,73123.94290685256,72596.04609314744
2026-04-11 17:00:00,73034.34,73169.04,72942.06,73095.97,269.56328,59.713665272991676,115.4516315721994,128.63570501857177,72855.2595,73096.66606374015,72613.85293625985
2026-04-11 18:00:00,73095.97,73726.13,73032.61,73547.89,856.65701,67.99120693386661,159.9306273687689,134.8946894886112,72888.804,73281.78881379942,72495.81918620059
2026-04-11 19:00:00,73547.9,73790.0,73472.38,73687.15,595.037,70.0344295213885,204.06533202568244,148.72881799602544,72925.0265,73456.0097746283,72394.04322537172
2026-04-11 20:00:00,73687.16,73689.97,73226.28,73290.43,395.49217,58.56532903938415,204.6710939987679,159.91727319657394,72948.127,73501.15590762105,72395.09809237893
2026-04-11 21:00:00,73290.43,73548.08,73200.48,73427.04,366.94025,60.937576682582474,213.7109235332464,170.67600326390846,72971.7595,73564.8589689687,72378.6600310313
2026-04-11 22:00:00,73427.04,73574.0,73234.25,73376.01,431.15797,59.56568436015633,214.2871897094592,179.3982405530186,72992.2315,73612.23194746883,72372.23105253116
2026-04-11 23:00:00,73376.01,73376.01,72907.4,73043.16,391.57799,51.432184021905606,185.74452429526718,180.66749730146833,73001.058,73618.55080308742,72383.56519691259
2026-04-12 00:00:00,73043.16,73117.32,72873.25,73079.96,390.45862,52.209164165455995,164.20090296739363,177.3741784346534,73014.75200000001,73626.15608917901,72403.347910821
2026-04-12 01:00:00,73079.96,73137.24,71310.0,71643.69,2072.10202,31.21791760585731,30.876516992939287,148.07464614631058,72960.8225,73820.65410884,72100.99089115999
2026-04-12 02:00:00,71643.69,71982.46,71352.47,71761.35,839.35622,33.57408673519707,-64.54579699836904,105.55055751737467,72910.79000000001,73922.39250666022,71899.18749333979
2026-04-12 03:00:00,71761.35,71861.33,71593.18,71593.19,790.20901,31.89257734498716,-151.98577751009725,54.043290511880286,72853.1805,74023.26330873214,71683.09769126786
2026-04-12 04:00:00,71593.18,71685.31,71444.68,71466.53,611.50691,30.647513003250523,-228.8647847200191,-2.538324534499592,72793.2985,74116.65571502778,71469.94128497223
2026-04-12 05:00:00,71466.53,71781.0,71417.22,71710.2,667.76838,35.837106951215915,-267.0514167537767,-55.440942978355025,72733.45300000001,74140.7327678652,71326.17323213482
2026-04-12 06:00:00,71710.19,71753.33,71633.77,71668.01,377.10612,35.343957380789504,-297.2919812616601,-103.81115063501605,72674.668,74158.68610846178,71190.64989153823
2026-04-12 07:00:00,71668.01,71747.31,71588.57,71665.0,313.33908,35.30662861600575,-317.83690238594136,-146.61630098520112,72612.5655,74158.30769684953,71066.82330315046
2026-04-12 08:00:00,71664.99,71805.85,71595.0,71629.21,922.36362,34.835509745053756,-333.16632033360656,-183.9263048548822,72547.0015,74144.54868309924,70949.45431690075
2026-04-12 09:00:00,71629.21,71633.01,71488.45,71531.94,372.12981,33.52614753084177,-349.1392110865272,-216.9688861012112,72490.69499999999,74149.9498079328,70831.44019206718
2026-04-12 10:00:00,71531.95,71682.72,71357.76,71452.89,274.78665,32.458390936230884,-363.9807726611907,-246.37126341320712,72428.106,74146.75033832125,70709.46166167875
2026-04-12 11:00:00,71452.89,71556.12,71412.57,71468.55,211.53603,32.914211283317044,-370.21161694149487,-271.13933411886467,72358.625,74115.98532333343,70601.26467666657
2026-04-12 12:00:00,71468.54,71500.0,71077.44,71084.01,608.12473,27.929695716983375,-401.5499522956816,-297.2214577542281,72261.10900000001,74076.09784727354,70446.12015272648
2026-04-12 13:00:00,71084.01,71146.03,70866.82,70889.42,708.82478,25.80042879549454,-437.0495603105519,-325.18707826549286,72150.78150000001,74019.55374699888,70282.00925300115
2026-04-12 14:00:00,70889.42,71092.78,70700.0,70748.34,541.94034,24.350957680170055,-471.136266757414,-354.3769159638771,72010.80399999999,73858.2219487798,70163.38605122018
2026-04-12 15:00:00,70748.34,70932.0,70604.07,70892.03,502.43194,28.74194690128752,-481.0108513894811,-379.7037030489979,71871.048,73603.85294718143,70138.24305281857
2026-04-12 16:00:00,70892.04,70959.51,70821.05,70936.27,259.94883,30.087458006758666,-479.736627367427,-399.7102879126837,71753.34,73397.75465258141,70108.92534741858
2026-04-12 17:00:00,70936.27,71202.0,70900.0,71140.51,322.7326,36.08743958968719,-456.97857005821425,-411.16394434178983,71639.0135,73101.33687179531,70176.69012820469
2026-04-12 18:00:00,71140.51,71214.08,71056.2,71137.64,176.22609,36.04063235279917,-434.16939615432057,-415.765034704296,71527.095,72753.21891751298,70300.97108248703
2026-04-12 19:00:00,71137.65,71222.58,71078.76,71084.18,233.07874,35.12667543615048,-415.6157767577679,-415.7351831149904,71429.146,72439.29396427276,70418.99803572723
2026-04-12 20:00:00,71084.18,71440.0,70956.83,71335.43,622.27061,42.50601555985873,-376.30036809371086,-407.8482201107345,71341.91949999999,71987.27886968719,70696.56013031279
2026-04-12 21:00:00,71335.43,71452.0,71163.01,71364.02,234.93742,43.29642942241076,-338.92869044416875,-394.06431417742135,71327.936,71957.69512407495,70698.17687592506
2026-04-12 22:00:00,71364.03,71367.85,70505.88,70912.73,908.94869,35.09478455656442,-341.78679267950065,-383.60880987783725,71285.50499999999,71906.60320649159,70664.40679350839
2026-04-12 23:00:00,70912.73,70912.73,70571.66,70740.98,510.34077,32.56639340567823,-353.8318950840476,-377.6534269190793,71242.8945,71891.43918453007,70594.34981546992
2026-04-13 00:00:00,70741.56,71262.63,70615.3,71172.62,546.73984,43.56970948546547,-324.8038483060227,-367.083511196468,71228.199,71868.67661804646,70587.72138195352
2026-04-13 01:00:00,71172.63,71227.28,71027.26,71197.64,720.27854,44.13870456190546,-296.3637108211842,-352.9395511214113,71202.571,71801.51357735258,70603.62842264741
2026-04-13 02:00:00,71197.64,71271.78,70986.71,71073.14,270.71272,41.87599856433299,-280.63581152883125,-338.4788032028953,71172.8275,71732.22631400659,70613.4286859934
2026-04-13 03:00:00,71073.14,71155.42,70917.27,70976.0,348.9161,40.14669294510742,-272.8643142310757,-325.3559054085314,71138.3775,71653.24583314963,70623.50916685037
2026-04-13 04:00:00,70975.99,71144.0,70854.29,70890.3,584.47308,38.631004352808,-270.5024366988655,-314.38521166659825,71101.432,71572.15398875787,70630.71001124213
2026-04-13 05:00:00,70890.3,70920.0,70672.72,70878.82,533.46945,38.42174588054421,-266.4850974733563,-304.80518882794985,71068.776,71502.94594819158,70634.60605180841
2026-04-13 06:00:00,70878.82,71106.54,70878.82,71017.66,697.01918,42.47986113397228,-249.22518671292346,-293.6891884049446,71047.0145,71441.98014977887,70652.04885022114
2026-04-13 07:00:00,71017.66,71067.91,70685.25,70813.88,859.13978,38.47232810986167,-249.11824595517828,-284.7749999149914,71014.28099999999,71368.5689391813,70659.99306081867
2026-04-13 08:00:00,70813.88,70861.01,70566.99,70680.7,334.12518,36.07688847361696,-256.8195516754058,-279.1839102670743,70994.11549999999,71376.49060808629,70611.74039191369
2026-04-13 09:00:00,70680.7,70910.68,70678.0,70792.88,250.58431,39.49427677446418,-250.97778776190535,-273.5426857660405,70989.2885,71379.58380405874,70598.99319594125
2026-04-13 10:00:00,70792.89,70846.9,70688.28,70755.88,177.99631,38.75828668844282,-246.49232842498168,-268.13261429782875,70989.6655,71378.99421279976,70600.33678720024
2026-04-13 11:00:00,70755.89,70997.12,70736.29,70929.68,260.33899,44.03415110242055,-226.30466280858673,-259.7670239999804,70991.548,71379.2496526916,70603.8463473084
2026-04-13 12:00:00,70929.68,71219.8,70758.5,71074.91,460.129,48.060705655214655,-196.3238460115972,-247.07838840230377,70998.48000000001,71386.97703051203,70609.98296948799
2026-04-13 13:00:00,71074.92,71700.82,70818.57,71662.65,1544.74455,60.45921282327879,-123.71205113064207,-222.40512094797145,71024.587,71511.08576657485,70538.08823342515
2026-04-13 14:00:00,71662.65,72401.0,71375.24,72400.15,2098.23774,70.10324858731369,-6.580735470284708,-179.2402438524341,71087.7125,71872.29163600128,70303.13336399871
2026-04-13 15:00:00,72400.15,72464.28,71652.65,71866.59,1342.3378,58.908867280186975,42.70061708948924,-134.85207166404945,71126.833,71985.22322032077,70268.44277967923
2026-04-13 16:00:00,71866.59,72437.25,71679.8,72202.36,1514.19404,62.92148339946722,107.60981790311052,-86.35969375061745,71170.1795,72151.65289800416,70188.70610199583
2026-04-13 17:00:00,72202.37,72600.0,72069.01,72148.87,1653.64723,61.884723136583,152.97127360719605,-38.49350027905475,71209.42199999999,72282.05664387826,70136.78735612173
2026-04-13 18:00:00,72148.87,72460.42,72053.78,72424.86,965.95939,65.0816893511001,208.7839095735544,10.961981691467082,71285.0285,72476.22653988417,70093.83046011583
2026-04-13 19:00:00,72424.86,73480.0,72298.93,73322.82,2632.95065,73.01295687689061,321.7645912044827,73.12250359407021,71414.1205,72884.0532729995,69944.1877270005
2026-04-13 20:00:00,73322.0,73394.37,73007.08,73149.36,1081.57049,69.7186404020135,392.77812135743443,137.05362714674305,71512.95749999999,73168.61413716445,69857.30086283553
2026-04-13 21:00:00,73149.36,73368.08,73072.85,73179.71,387.90227,69.97391530705701,446.36048120539635,198.91499795847372,71612.061,73418.65147711973,69805.47052288028
2026-04-13 22:00:00,73179.71,74746.61,73172.01,74627.04,3298.60756,79.045798077306,598.7107576537383,278.87414989752665,71789.756,74022.10457388479,69557.4074261152
2026-04-13 23:00:00,74627.04,74900.0,74405.64,74417.99,1666.14205,75.49766784810251,694.5742419633607,362.0141683106935,71961.85549999999,74446.50759302454,69477.20340697544
2026-04-14 00:00:00,74418.0,74517.31,74102.39,74163.82,1276.45858,71.30674035306268,741.4899149471021,437.9093176379752,72125.53150000001,74740.8195860202,69510.24341397983
2026-04-14 01:00:00,74163.82,74431.0,73954.86,74386.02,1065.1631,72.73181399644885,787.5225371999259,507.8319615503654,72300.8915,75031.96886688496,69569.81413311504
2026-04-14 02:00:00,74386.03,74579.32,74283.2,74330.98,598.05117,71.78080462661123,810.2227109056985,568.3101114214321,72466.5575,75270.87348894127,69662.24151105872
2026-04-14 03:00:00,74330.99,74496.9,74252.35,74444.43,646.36946,72.57676210229832,827.8245824882179,620.2130056347893,72648.08499999999,75471.91166196173,69824.25833803826
2026-04-14 04:00:00,74444.44,74504.52,74351.55,74387.85,484.30563,71.49369317068646,827.6678199675371,661.7039685013389,72833.4425,75599.61090415559,70067.27409584442
2026-04-14 05:00:00,74387.85,74434.41,74150.6,74210.11,838.40961,68.05777229102796,803.9341989616805,690.1500145934073,73004.30399999999,75659.7041120344,70348.90388796559
2026-04-14 06:00:00,74210.12,74550.0,74210.12,74522.73,614.57152,70.72290967597043,801.116185934734,712.3432488616726,73192.6465,75707.18152759629,70678.11147240372
2026-04-14 07:00:00,74522.72,74924.64,74430.92,74546.0,1456.55359,70.91742399614093,791.6351080824534,728.2016207058288,73373.4625,75717.11552904017,71029.80947095982
2026-04-14 08:00:00,74545.99,74910.0,74460.64,74750.0,938.29896,72.63396436982391,791.4589347442525,740.8530835135135,73557.21699999999,75710.62642843576,71403.80757156422
2026-04-14 09:00:00,74750.0,74830.93,74435.12,74500.0,565.8647,67.38494075747565,762.358412217247,745.1541492542602,73699.0845,75695.05389683523,71703.11510316476
2026-04-14 10:00:00,74500.0,74617.92,74333.46,74350.01,540.18312,64.37893673560959,718.9059981323517,739.9045190298785,73796.57749999998,75714.35423787119,71878.80076212878
2026-04-14 11:00:00,74350.01,74450.63,74307.35,74376.52,653.35819,64.67884861237751,678.7841808506491,727.6804513940327,73922.074,75624.47881922215,72219.66918077784
2026-04-14 12:00:00,74376.52,74485.06,74277.19,74452.0,513.51818,65.56776087765152,645.6354729422019,711.2714557036666,74034.556,75544.99174177353,72524.12025822647
2026-04-14 13:00:00,74452.0,75532.94,74407.74,75525.94,3246.78739,75.15025869121078,697.9770211855212,708.6125688000375,74203.40950000001,75574.9173964982,72831.90160350181
2026-04-14 14:00:00,75525.94,76038.0,75013.61,75013.62,4357.56106,65.74970854739868,690.1623707073741,704.9225291815048,74332.8475,75465.43000650794,73200.26499349206
2026-04-14 15:00:00,75013.61,75441.99,74564.34,75317.07,1661.60412,68.28062563552581,700.3815206665749,704.0143274785189,74432.56,75541.63420969056,73323.48579030944
2026-04-14 16:00:00,75317.06,75688.0,74527.02,74652.2,1265.45725,58.14281887329433,647.3683587181877,692.6851337264527,74507.702,75440.31910975362,73575.08489024639
2026-04-14 17:00:00,74652.2,74948.78,74244.63,74748.9,985.979,59.09409573807722,606.1703730467416,675.3821815905105,74586.1615,75282.45628920637,73889.86671079363
2026-04-14 18:00:00,74748.89,74814.99,73795.47,74093.19,1613.97962,50.682722418745335,514.6774740386609,643.2412400801406,74559.46900000001,75289.28882144627,73829.64917855375
2026-04-14 19:00:00,74093.18,74398.43,73882.79,74223.18,1054.69346,52.13718929736139,447.49930559599306,604.0928531833111,74549.7285,75292.58246357706,73806.87453642294
2026-04-14 20:00:00,74223.3,74434.33,74015.53,74102.29,434.25271,50.64138280330414,380.1234835329815,559.2989792532452,74546.652,75296.71004646605,73796.59395353396
2026-04-14 21:00:00,74102.28,74320.44,73951.64,74277.15,381.06364,52.75286795127302,336.95321287354454,514.8298259773051,74541.2085,75297.72748808187,73784.68951191811
2026-04-14 22:00:00,74277.16,74373.19,73806.09,74023.15,638.74603,49.44409187185896,279.0283203298459,467.66952484781325,74525.817,75312.27813077906,73739.35586922093
2026-04-14 23:00:00,74023.16,74232.83,74001.08,74131.55,701.71447,50.860639087806256,239.1130532904208,421.9582305363348,74510.173,75315.66770936543,73704.67829063456
2026-04-15 00:00:00,74131.55,74677.19,74126.32,74568.36,874.99865,56.187869540552626,239.96071525906154,385.5587274808802,74519.1985,75322.9655283058,73715.4314716942
2026-04-15 01:00:00,74568.37,74786.72,74500.0,74613.28,443.16738,56.70764414778585,241.47360466176178,356.7417029170565,74539.357,75330.6098567006,73748.10414329941
2026-04-15 02:00:00,74613.28,74697.47,74188.0,74322.0,506.95652,52.36903193636107,216.67106952526956,328.72757623869916,74529.3205,75326.53118034279,73732.10981965721
2026-04-15 03:00:00,74322.01,74372.84,74173.75,74345.97,317.62112,52.689810961874294,196.68183465165203,302.31842792128975,74519.319,75320.6569242682,73717.9810757318
2026-04-15 04:00:00,74345.98,74434.51,74261.47,74340.38,660.47305,52.60084216654008,178.33343884296482,277.5214301056248,74498.838,75296.28032484064,73701.39567515937
2026-04-15 05:00:00,74340.38,74434.0,73864.01,74021.5,542.04465,47.657275066591474,136.48790436217678,249.3147249569352,74474.913,75300.42653654929,73649.39946345071
2026-04-15 06:00:00,74021.5,74048.95,73855.49,73891.62,419.09008,45.7704459825667,91.78672601554717,217.8091251686576,74451.99350000001,75316.6344343231,73587.35256567692
2026-04-15 07:00:00,73891.62,74016.67,73514.0,73730.43,1451.80452,43.47019390656052,42.85997117399529,182.81929436972516,74419.689,75342.52270927562,73496.85529072437
2026-04-15 08:00:00,73730.43,74181.9,73675.96,74110.51,532.83471,49.86794578918036,34.35838295141002,153.12711208606214,74402.6145,75335.51282959303,73469.71617040696
2026-04-15 09:00:00,74110.52,74176.49,73909.49,74011.69,363.2179,48.33623342428897,19.422969011196983,126.38628347108911,74326.90199999999,75109.64155822809,73544.16244177188
2026-04-15 10:00:00,74011.7,74250.0,73789.5,73864.75,548.88747,46.07025273923498,-4.221619905045372,100.26470279586222,74269.4585,75007.34217672703,73531.57482327295
2026-04-15 11:00:00,73864.76,74256.44,73864.76,74201.78,444.7329,51.667053863925,4.187110942963045,81.04918442528239,74213.69399999999,74762.59538257778,73664.7926174222
2026-04-15 12:00:00,74201.78,74466.1,74051.64,74273.77,567.44529,52.79398436253542,16.470223590906244,68.13339225840717,74194.77249999999,74704.73671082368,73684.8082891763
2026-04-15 13:00:00,74273.77,74434.51,73817.23,74063.92,676.35905,49.19332895531481,9.165879100371967,56.33988962680013,74160.5235,74601.07502467748,73719.9719753225
2026-04-15 14:00:00,74063.91,74506.84,73830.0,74151.81,757.76569,50.70959253462467,10.34981570635864,47.141874842711836,74163.45449999999,74602.8984375403,73724.01056245969
2026-04-15 15:00:00,74151.81,74299.07,73580.85,73844.08,743.29132,45.580419642574725,-13.388807359675411,35.03573840223439,74144.4995,74605.28240882141,73683.7165911786
2026-04-15 16:00:00,73844.07,74176.0,73762.89,73941.09,547.84936,47.38709793390646,-24.09617520503525,23.209355680780458,74136.4395,74605.88906207836,73666.98993792162
2026-04-15 17:00:00,73941.09,74242.0,73915.48,74134.95,593.44252,50.895454460802874,-16.74592294478498,15.218299955667371,74129.3295,74594.0898719052,73664.56912809481
2026-04-15 18:00:00,74134.95,74399.75,74073.61,74390.29,407.09098,55.13870431535917,9.572661281272303,14.089172220788358,74147.6865,74623.655798657,73671.717201343
2026-04-15 19:00:00,74390.29,75281.0,74355.46,75002.6,1179.99077,63.323409596235166,78.92878668595222,27.05709511382113,74191.239,74801.46371680174,73581.01428319827
2026-04-15 20:00:00,75002.6,75039.92,74512.06,74841.68,570.09892,60.21417610931665,119.53123494675674,45.55192308040825,74204.905,74861.1936926458,73548.6163073542
2026-04-15 21:00:00,74841.67,74855.16,74540.23,74743.1,310.66035,58.32485327424254,142.11615896936564,64.86477025819973,74211.396,74886.97553043529,73535.8164695647
2026-04-15 22:00:00,74743.1,75425.0,74740.02,74964.0,653.95001,61.25829672886354,175.81299506720097,87.05441521999998,74243.496,74997.64353829886,73489.34846170114
2026-04-15 23:00:00,74964.01,74964.01,74620.95,74809.99,311.26846,58.18335270042538,187.92438522854354,107.2284092217087,74266.697,75061.56961125301,73471.82438874699
2026-04-16 00:00:00,74809.99,74874.93,74451.49,74815.1,636.94865,58.258221334760854,195.67941301617248,124.91860998060146,74290.433,75122.07126088173,73458.79473911828
2026-04-16 01:00:00,74815.09,74815.09,74454.09,74657.66,240.65148,54.99140739157506,186.96600842796033,137.32808967007324,74322.24100000001,75159.21564834043,73485.2663516596
2026-04-16 02:00:00,74657.67,75267.85,74601.27,74887.24,589.65615,58.634028975417735,196.32267425282043,149.12700658662268,74372.022,75219.52329755807,73524.52070244192
2026-04-16 03:00:00,74887.23,75159.26,74865.5,74888.21,470.71966,58.649256324861845,201.4934788249666,159.60030103429148,74429.911,75250.63143639888,73609.1905636011
2026-04-16 04:00:00,74888.21,75174.38,74728.0,74944.15,513.51186,59.573492006050834,207.71090714987076,169.22242225740735,74471.59300000001,75308.52871818477,73634.65728181525
2026-04-16 05:00:00,74944.15,75139.82,74900.0,75043.48,359.01217,61.230528027036456,218.13879649674345,179.00569710527458,74523.18250000001,75367.9192791747,73678.44572082532
2026-04-16 06:00:00,75043.47,75115.12,74853.72,75045.01,604.84284,61.256870472981404,223.94493434403557,187.9935445530268,74582.1955,75397.65481174114,73766.73618825886
2026-04-16 07:00:00,75045.01,75082.78,74636.0,74707.03,708.0609,52.733065839845445,198.980456197678,190.19092688195704,74607.45800000001,75404.39024896947,73810.52575103055
2026-04-16 08:00:00,74707.02,74744.35,74500.0,74677.91,669.8621,52.06090157660099,174.8308456135128,187.1189106282682,74627.66500000001,75409.3203475065,73846.00965249352
2026-04-16 09:00:00,74677.91,74901.5,74594.01,74594.02,316.26697,50.08045044331178,147.22575645940378,179.1402797944953,74654.17000000001,75389.94061662286,73918.39938337717
2026-04-16 10:00:00,74594.02,74653.12,74277.34,74313.0,526.53069,44.03703763351818,101.50250135050737,163.61272410569774,74662.2295,75378.09256980146,73946.36643019854
2026-04-16 11:00:00,74312.99,74663.27,74285.0,74574.79,1174.6136,50.080486918098714,85.40624733243021,147.97142875104424,74698.765,75305.00707366834,74092.52292633166
2026-04-16 12:00:00,74574.8,74872.0,74574.79,74624.0,529.55969,51.14842903901452,75.74751558227581,133.52664611729057,74732.91050000001,75225.79993836641,74240.02106163361
2026-04-16 13:00:00,74624.01,75030.39,73309.85,73788.03,1828.93731,36.760916466154434,0.6298480790865142,106.94728650964976,74715.56450000001,75310.8423595885,74120.28664041152
2026-04-16 14:00:00,73788.03,74197.32,73426.94,73973.33,1331.31817,40.74001217141682,-43.448436694961856,76.86814186872743,74694.71650000001,75362.72303772595,74026.70996227406
2026-04-16 15:00:00,73973.33,74878.99,73934.44,74697.19,1520.20876,53.14324438225449,-19.7437488490541,57.54576372517113,74679.446,75331.59315708338,74027.29884291661
2026-04-16 16:00:00,74697.2,74932.0,74063.0,74175.57,762.35705,45.71749802145255,-42.55741223075893,37.52512853398512,74646.14050000001,75330.6367219497,73961.64427805031
2026-04-16 17:00:00,74175.58,74438.31,73912.23,74343.25,751.1945,48.222152114292186,-46.57019793173822,20.70606324084045,74626.148,75321.98360204161,73930.31239795839
2026-04-16 18:00:00,74343.25,75089.0,74240.0,75026.71,780.63438,56.94282424982358,5.337621794635197,17.6323749515994,74629.28349999999,75332.05971560732,73926.50728439266
2026-04-16 19:00:00,75026.71,75410.71,74717.97,75342.99,1203.37407,60.277020020760155,71.1756273147912,28.34102542423776,74655.9335,75424.872088036,73886.994911964
2026-04-16 20:00:00,75343.0,75534.76,75001.0,75223.47,661.71844,58.43550240931917,112.41263303782034,45.155346946954275,74676.352,75483.80954642539,73868.89445357461
2026-04-16 21:00:00,75223.48,75286.51,74789.5,74934.24,451.58433,54.1260887406259,120.36729412522982,60.197736382609385,74690.18100000001,75505.7238968597,73874.63810314033
2026-04-16 22:00:00,74934.24,75117.0,74833.14,74867.92,232.35004,53.15804218661026,119.93738706692238,72.14566651947199,74689.215,75503.820331428,73874.609668572
2026-04-16 23:00:00,74867.92,75177.76,74840.92,75154.29,224.77396,56.75467764949926,141.0780879521044,85.93215080599848,74702.519,75539.20036244357,73865.83763755643
2026-04-17 00:00:00,75154.28,75154.77,74886.82,74944.98,796.37355,53.520044795673925,139.33649362622236,96.61301937004326,74702.56049999999,75539.29240671577,73865.82859328421
2026-04-17 01:00:00,74944.99,75034.49,74569.99,74750.0,407.29847,50.625517941371236,120.8301562640554,101.45644674884569,74687.8865,75509.60347302043,73866.16952697956
2026-04-17 02:00:00,74750.0,74802.98,74529.4,74700.0,235.53372,49.8805172345857,100.96530327359505,101.35821805379557,74670.636,75475.09033227965,73866.18166772035
2026-04-17 03:00:00,74700.0,74839.31,74606.12,74615.82,721.66261,48.58421579629836,77.53585659133387,96.59374576130324,74666.0755,75470.6952503825,73861.45574961751
2026-04-17 04:00:00,74615.82,74871.11,74589.88,74791.39,213.9543,51.419910279621114,72.30143703581416,91.73528401620543,74671.7495,75478.31874665708,73865.18025334293
2026-04-17 05:00:00,74791.39,74801.13,74555.12,74637.77,241.61979,48.879677916566585,55.1218611785298,84.4125994486703,74673.937,75479.85567017861,73868.0183298214
2026-04-17 06:00:00,74637.77,74950.0,74604.62,74938.52,276.57366,53.70190653512839,65.02536315725592,80.53515219038744,74705.213,75500.63584966148,73909.79015033852
2026-04-17 07:00:00,74938.53,75089.51,74930.0,75074.77,607.34373,55.73891049418044,82.91243321856018,81.010608396022,74730.212,75539.67919171219,73920.74480828781
2026-04-17 08:00:00,75074.76,75881.95,74993.24,75780.38,1494.62708,64.45981207160726,152.26962562307017,95.26241184143163,74788.03099999999,75721.28647838997,73854.77552161
2026-04-17 09:00:00,75780.38,76370.25,75518.78,75779.99,2004.70646,64.45225311325703,204.84292878190172,117.17851522952566,74887.62899999999,75796.37862313345,73978.87937686652
2026-04-17 10:00:00,75779.99,75886.01,75095.93,75278.77,1050.31882,55.452287464270505,203.7150844900316,134.48582908162686,74952.901,75767.82919950313,74137.97280049686
2026-04-17 11:00:00,75278.77,75609.77,75246.65,75589.7,429.61331,59.25341852786281,225.3134391389467,152.65135109309085,74997.5265,75850.36189536209,74144.69110463792
2026-04-17 12:00:00,75589.7,76265.82,75531.97,76233.05,1128.91448,65.76299286726803,290.98891997057945,180.31886486858858,75100.4005,76028.78944284192,74172.01155715808
2026-04-17 13:00:00,76233.06,77417.61,76061.57,77340.12,5123.01639,73.5836977488211,427.44123207546363,229.7433383099636,75250.244,76555.13832585617,73945.34967414384
2026-04-17 14:00:00,77340.11,78052.49,77015.39,77886.77,3617.10048,76.44493203094149,573.0845964644686,298.41158994086464,75393.247,77145.26018471291,73641.2338152871
2026-04-17 15:00:00,77886.77,77999.0,77444.44,77785.02,1975.14451,74.82046263859397,672.5449577781983,373.2382635083314,75515.34850000001,77567.3175281147,73463.37947188532
2026-04-17 16:00:00,77785.03,78333.0,77705.2,77857.14,1402.18359,75.22237238605717,748.558574673254,448.30232574131594,75647.03199999999,77943.58427751198,73350.479722488
2026-04-17 17:00:00,77857.15,77917.77,77101.49,77520.59,1173.45635,69.63643715074059,772.735527230092,513.1889660390711,75776.3495,78192.08347602459,73360.6155239754
2026-04-17 18:00:00,77520.59,77565.63,77088.23,77159.89,637.39265,64.13909312959868,754.0976920284011,561.3707112369372,75890.948,78342.42207378092,73439.47392621909
2026-04-17 19:00:00,77159.88,77473.44,77000.0,77393.58,652.45495,66.01120096874467,749.5436309213401,599.0052951738178,76002.9125,78516.48455760843,73489.34044239158
2026-04-17 20:00:00,77393.58,77611.68,77160.12,77337.64,357.23206,65.1346270565339,732.9713764252374,625.7985114241018,76122.5455,78651.81610643238,73593.2748935676
2026-04-17 21:00:00,77337.64,77494.69,77278.72,77445.73,307.76412,66.07213546361979,720.2570302938257,644.6902151980465,76257.332,78765.85786665641,73748.80613334358
2026-04-17 22:00:00,77445.74,77510.0,77274.56,77301.25,474.88113,63.609993410235425,690.5621205863863,653.8645962757146,76387.3945,78824.67043267036,73950.11856732963
2026-04-17 23:00:00,77301.25,77302.0,76911.0,77072.0,612.20073,59.8019952380905,641.139474854499,651.3195719914714,76510.20349999999,78815.57748901552,74204.82951098446
2026-04-18 00:00:00,77072.01,77258.55,76978.17,77168.0,324.03843,60.85869889594556,602.7697156645008,641.6096007260774,76629.034,78802.60837715495,74455.45962284505
2026-04-18 01:00:00,77168.22,77330.0,77115.77,77218.07,266.4299,61.42821950167804,569.8329560066486,627.2542717821916,76758.049,78731.0219189044,74785.0760810956
2026-04-18 02:00:00,77218.06,77420.08,77124.63,77292.52,268.04149,62.30645890176572,543.4730109071097,610.4980196071753,76875.749,78663.88904084633,75087.60895915366
2026-04-18 03:00:00,77292.53,77296.95,76962.67,77005.47,268.91717,56.92473084796338,493.72863214356767,587.1441421144538,76972.284,78546.73694638933,75397.83105361067
2026-04-18 04:00:00,77005.47,77162.08,76884.1,77100.74,370.07883,58.2147466093569,456.72846493974794,561.0610066795126,77038.302,78509.67680674315,75566.92719325684
2026-04-18 05:00:00,77100.73,77278.58,77100.73,77134.66,312.05483,58.689115145950964,425.2407161055162,533.8969485647134,77106.03550000001,78452.97451620158,75759.09648379845
2026-04-18 06:00:00,77134.66,77217.0,77058.4,77136.01,168.72376,58.70920647531522,395.8324716786301,506.2840531874968,77198.8975,78235.8154666858,76161.97953331421
2026-04-18 07:00:00,77136.01,77136.01,76890.0,76997.8,276.05173,55.721373143198036,357.25561383218155,476.4783653164338,77269.30249999999,77988.80246682947,76549.80253317051
2026-04-18 08:00:00,76997.79,77048.0,76501.0,76738.63,773.24357,50.528404635726005,302.28576094584423,441.6398444423159,77294.5815,77884.67417112557,76704.48882887443
2026-04-18 09:00:00,76738.62,76738.63,76409.37,76599.89,462.93265,47.95206656079019,244.70578206400387,402.2530319666535,77257.56999999999,77923.6061875732,76591.53381242679
2026-04-18 10:00:00,76599.89,76599.9,76132.32,76189.56,624.93038,41.252671250166884,164.07171562309668,354.6167686979422,77172.7095,77927.74126592494,76417.67773407506
2026-04-18 11:00:00,76189.55,76189.56,75763.76,76039.05,809.07399,39.09508951369633,87.02061837595829,301.0975386335454,77085.411,77939.58782717257,76231.23417282742
2026-04-18 12:00:00,76039.06,76300.0,76039.05,76206.97,492.57948,42.69607448029893,39.056589269210235,248.6893487606784,77002.9025,77861.98715816114,76143.81784183886
2026-04-18 13:00:00,76206.98,76212.7,75797.53,76122.87,456.87331,41.376596883333455,-5.675987259077374,197.81628155672726,76933.0165,77840.80750660498,76025.22549339502
2026-04-18 14:00:00,76122.88,76288.4,75959.68,76249.99,461.97289,44.18443441648962,-30.51756730535999,152.14951178430982,76887.5215,77837.6526981035,75937.3903018965
2026-04-18 15:00:00,76250.0,76363.75,76003.97,76167.34,261.12334,42.750734732807686,-56.22572754327848,110.47446391879217,76826.2095,77796.87851565603,75855.54048434396
2026-04-18 16:00:00,76167.33,76211.57,75691.03,75943.35,522.36094,39.05239333127533,-93.59484764370427,69.66060160629289,76756.49500000001,77771.75950953108,75741.23049046894
2026-04-18 17:00:00,75943.34,75958.23,75778.69,75828.51,256.05723,37.27208062867716,-130.96706598285527,29.535068088463255,76675.634,77717.03597649407,75634.23202350595
2026-04-18 18:00:00,75828.51,75844.66,75445.16,75651.78,591.47146,34.65388360349053,-172.85291150803096,-10.942527830835589,76593.16050000001,77685.94110916383,75500.3798908362
2026-04-18 19:00:00,75651.78,75796.32,75574.22,75649.85,194.3187,34.6252784898019,-203.8535835119983,-49.52473896706813,76522.053,77667.45358130953,75376.65241869047
2026-04-18 20:00:00,75649.86,75834.3,75608.44,75754.78,484.97143,37.63919042067886,-217.44825720727385,-83.10944261510929,76451.392,77603.35395356618,75299.43004643383
2026-04-18 21:00:00,75754.77,75839.1,75599.64,75821.34,197.94348,39.5431789897026,-220.31168238497048,-110.54989056908153,76381.5555,77506.85829051117,75256.25270948884
2026-04-18 22:00:00,75821.35,75873.1,75608.89,75813.53,155.69572,39.39120325795897,-220.66745216937852,-132.57340288914094,76307.606,77373.67416573425,75241.53783426575
2026-04-18 23:00:00,75813.53,75891.64,75685.69,75691.76,141.95985,37.0032982090684,-228.1453065341484,-151.68778361814245,76241.92050000001,77288.65394231382,75195.1870576862
2026-04-19 00:00:00,75691.76,75847.42,75551.73,75693.01,297.06433,37.04548719283442,-231.30436272839142,-167.61109944019225,76171.53400000001,77162.96978896149,75180.09821103854
2026-04-19 01:00:00,75693.0,75798.47,75457.11,75621.95,321.53516,35.58645184317143,-236.81206359020143,-181.4512922701941,76095.8985,77005.38125539727,75186.41574460272
2026-04-19 02:00:00,75621.96,75722.21,75407.84,75496.0,212.48934,33.09820960771114,-248.47579430996848,-194.856192678149,76013.898,76818.17202100446,75209.62397899554
2026-04-19 03:00:00,75496.01,75637.44,75357.0,75515.77,175.28804,33.87972191394506,-253.2053178732167,-206.52601771716255,75939.79650000001,76626.94423433859,75252.64876566143
2026-04-19 04:00:00,75515.76,75782.63,75424.4,75664.62,294.60425,39.60053821504356,-242.15118029031146,-213.65105023179234,75886.09599999999,76470.58485690261,75301.60714309737
2026-04-19 05:00:00,75664.62,75687.04,75516.39,75545.6,174.63786,36.85471731831482,-240.22544651122007,-218.9659294876779,75833.3815,76330.44415508486,75336.31884491515
2026-04-19 06:00:00,75545.6,75545.6,75280.92,75400.09,385.31594,33.77166322089518,-247.5867041314632,-224.69008441643496,75793.908,76297.2241297455,75290.59187025449
2026-04-19 07:00:00,75400.09,75400.09,74867.72,75252.34,771.61495,30.941277444771487,-262.3188950973854,-232.21584655262507,75754.5725,76298.54609029333,75210.59890970666
2026-04-19 08:00:00,75252.33,75299.99,75071.58,75257.6,333.58261,31.16246537729198,-270.45221969920385,-239.86312118194084,75707.104,76250.5457638588,75163.66223614122
2026-04-19 09:00:00,75257.59,75265.0,74921.74,75015.0,313.21615,26.885372488039863,-293.09511253882374,-250.50951945331744,75651.7105,76240.65966214657,75062.76133785343
2026-04-19 10:00:00,75015.0,75243.02,74933.87,75222.45,323.18472,35.089613239353895,-290.9464375551761,-258.5969030736892,75600.3335,76147.31076176673,75053.35623823326
2026-04-19 11:00:00,75222.46,75641.99,75216.96,75604.11,418.71675,46.89582749402629,-255.5015618551115,-257.9778348299737,75572.17199999999,76049.83761360351,75094.50638639648
2026-04-19 12:00:00,75604.11,75700.0,75432.07,75571.6,439.48255,46.126219915442555,-227.4130516985897,-251.86487820369692,75553.5845,75998.22472093943,75108.94427906057
2026-04-19 13:00:00,75571.61,76240.66,75552.44,75921.75,760.39543,54.74129555034883,-174.8825887360872,-236.468420310175,75558.2465,76016.76253170642,75099.73046829356
2026-04-19 14:00:00,75921.75,76147.01,75674.55,76024.01,621.24056,56.90854615787156,-123.57578625850147,-213.8898934998403,75576.858,76079.4585806626,75074.25741933739
2026-04-19 15:00:00,76024.02,76155.3,75401.44,75846.63,1097.76631,52.235932115696855,-96.11984943124116,-190.3358846861205,75586.697,76102.83608039792,75070.55791960208
2026-04-19 16:00:00,75846.63,75853.26,75311.11,75382.86,403.71917,42.42726234925627,-110.50930235082342,-174.37056821906108,75568.101,76085.53988880996,75050.66211119003
2026-04-19 17:00:00,75382.87,75382.87,74638.31,74791.26,795.68148,33.72705852172051,-167.71688737499062,-173.03983205024699,75516.597,76124.97326431959,74908.2207356804
2026-04-19 18:00:00,74791.27,74908.62,74608.0,74770.11,531.16281,33.46286966860468,-212.31352079991484,-180.89456980018056,75464.426,76140.74970714959,74788.10229285042
2026-04-19 19:00:00,74770.11,75071.61,74770.11,74965.47,306.83274,38.272633276765916,-229.25010230604676,-190.56567630135382,75428.1115,76130.53090226531,74725.69209773469
2026-04-19 20:00:00,74965.46,74965.47,74427.53,74630.0,452.71123,33.7596811425493,-266.6681065936864,-205.78616235982034,75374.96100000001,76150.09128682088,74599.83071317914
2026-04-19 21:00:00,74630.01,74810.0,74368.6,74425.15,383.54881,31.330257204703173,-309.286564578666,-226.48624280358948,75315.121,76188.52317117919,74441.71882882081
2026-04-19 22:00:00,74425.16,74425.16,73762.9,74047.34,1140.3898,27.412197999511108,-369.2911505830998,-255.04722435949157,75242.688,76278.17106413112,74207.20493586887
2026-04-19 23:00:00,74047.34,74054.22,73790.0,73801.79,415.64133,25.205917541498877,-431.6828786426049,-290.3743552161142,75156.98899999999,76366.40786715936,73947.57013284061
2026-04-20 00:00:00,73801.8,74360.43,73724.31,74280.01,787.93368,36.00816032414165,-437.49721967334335,-319.7989281075601,75087.7585,76332.8196630564,73842.69733694359
2026-04-20 01:00:00,74280.01,74746.93,74214.67,74595.13,689.61016,41.95696518382826,-411.9291139889101,-338.2249652838301,75040.235,76284.27227416346,73796.19772583654
2026-04-20 02:00:00,74595.12,74627.99,74304.84,74410.01,739.68976,39.62644789853919,-401.9701808858372,-350.97400840423154,74990.731,76253.13568296297,73728.32631703703
2026-04-20 03:00:00,74410.01,74640.65,74359.04,74634.0,281.2031,43.70125405419942,-371.7185930599517,-355.1229253353756,74959.814,76225.52470459015,73694.10329540985
2026-04-20 04:00:00,74634.01,74637.43,74435.19,74567.64,333.76794,42.78003317396207,-349.07477247773204,-353.9132947638469,74925.31599999999,76194.45858218036,73656.17341781962
2026-04-20 05:00:00,74567.63,74567.63,74095.18,74264.15,529.73957,38.75625215325022,-351.56585581101535,-353.44380697328063,74887.7735,76189.74303797464,73585.80396202535
2026-04-20 06:00:00,74264.16,74894.11,74250.0,74786.59,441.3007,47.849667373470076,-307.83498542185407,-344.32204266299533,74865.98049999999,76158.92273941125,73573.03826058873
2026-04-20 07:00:00,74786.59,75572.0,74670.86,74837.17,1175.74482,48.6446867842865,-266.029944684793,-328.6636230673549,74827.63350000001,76073.01725414042,73582.2497458596
2026-04-20 08:00:00,74837.18,74998.83,74619.41,74728.91,538.52852,46.99336733385126,-238.88115271490824,-310.70712899686555,74785.499,75980.92115896085,73590.07684103915
2026-04-20 09:00:00,74728.92,75233.0,74706.87,75062.77,502.56404,52.363850773303156,-188.25573276454816,-286.2168497504021,74742.55,75822.20225362114,73662.89774637886
2026-04-20 10:00:00,75062.77,75404.63,75003.63,75027.26,321.321,51.76312724972045,-149.27928428190353,-258.8293366567024,74692.7125,75601.8563680583,73783.56863194169
2026-04-20 11:00:00,75027.26,75287.88,74957.51,75192.71,284.12016,54.38865563384675,-103.84270174670382,-227.83200967470273,74660.0165,75430.95831032547,73889.07468967453
2026-04-20 12:00:00,75192.72,75650.0,75043.86,75289.9,698.85484,55.90692035349091,-59.30779860094481,-194.12716745995115,74655.3685,75408.8847451799,73901.8522548201
2026-04-20 13:00:00,75289.91,75434.41,74859.11,75269.38,774.09093,55.486962184435484,-25.376831194982515,-160.37710020695744,74679.2745,75479.81387888649,73878.73512111351
2026-04-20 14:00:00,75269.37,75766.74,74921.42,75034.79,1047.20928,50.78981749406317,-17.217277458737954,-131.74513565731354,74692.5085,75507.9822814383,73877.0347185617
2026-04-20 15:00:00,75034.79,75772.72,74702.0,75716.77,1196.9526,61.09949453618219,43.77470655065554,-96.64116721571973,74730.0735,75659.71622983749,73800.43077016251
2026-04-20 16:00:00,75716.78,75723.99,75299.26,75338.74,630.71705,54.307612882067886,60.9053526372154,-65.1318632451327,74765.5105,75732.37888029352,73798.64211970649
2026-04-20 17:00:00,75338.75,75991.47,75289.92,75898.14,642.61045,61.18378254257212,118.25722233309352,-28.454046129487462,74839.16,75915.11568732471,73763.2043126753
2026-04-20 18:00:00,75898.14,76453.19,75898.14,76423.69,1544.76303,66.31289978619058,203.76757924772392,17.990278945954813,74957.9775,76180.60516958254,73735.34983041744
2026-04-20 19:00:00,76423.69,76486.67,76154.49,76296.96,1368.12243,64.11288885734403,258.33121980195574,66.058467117155,75082.736,76317.76836021904,73847.70363978097
2026-04-20 20:00:00,76296.97,76558.62,76113.07,76276.17,1418.8575,63.73930005840634,296.4781037711946,112.14239444796293,75182.54400000001,76466.11478948947,73898.97321051055
2026-04-20 21:00:00,76276.18,76357.2,75784.05,75954.71,523.28232,58.10169749772571,297.34306296338036,149.18252815104643,75250.523,76547.04820227085,73953.99779772916
2026-04-20 22:00:00,75954.72,76143.71,75904.39,75974.24,220.6417,58.34276440624328,296.1901613280497,178.5840547864471,75328.73449999999,76600.25303010174,74057.21596989824
2026-04-20 23:00:00,75974.24,75974.24,75617.6,75840.97,301.78476,55.975985151486796,281.28027929093514,199.1232996873447,75389.083,76636.10027264351,74142.06572735649
2026-04-21 00:00:00,75840.97,76099.19,75700.0,76092.45,428.95831,59.328827840112424,286.4543571331742,216.58951117651063,75465.3235,76687.07389482182,74243.57310517818
2026-04-21 01:00:00,76092.46,76263.4,75866.01,75927.59,391.13593,56.30162853303325,274.0924596348341,228.09010086817534,75548.49549999999,76646.12189005272,74450.86910994726
2026-04-21 02:00:00,75927.58,75932.7,75580.0,75581.33,536.09341,50.47613104901781,233.66177117163897,229.2044349288681,75588.23250000001,76625.60976657654,74550.85523342348
2026-04-21 03:00:00,75581.33,75721.12,75474.77,75710.3,256.2515,52.44963052890542,209.61069877259433,225.28568769761335,75631.889,76607.85360931867,74655.92439068132
2026-04-21 04:00:00,75710.31,75823.49,75600.0,75813.81,259.64273,54.03287536786745,196.63574804658128,219.55569976740696,75686.13399999999,76566.7177344868,74805.55026551319
2026-04-21 05:00:00,75813.8,75981.1,75782.75,75802.0,321.53858,53.812718928211126,183.28721687325742,212.30200318857706,75723.0955,76554.17607024936,74892.01492975063
2026-04-21 06:00:00,75802.0,76129.95,75703.85,75974.11,408.87339,56.58870297595814,184.46979539132735,206.73556162912712,75770.438,76540.23576328375,75000.64023671624
2026-04-21 07:00:00,75974.12,76300.0,75814.26,76084.34,1236.72448,58.3166696616492,192.0873734850611,203.80592400031392,75815.01950000001,76546.24924335883,75083.78975664118
2026-04-21 08:00:00,76084.34,76927.57,76063.98,76507.21,915.23783,64.20330678586873,229.5997509262088,208.9646893854929,75875.88500000001,76625.4947891115,75126.27521088852
2026-04-21 09:00:00,76507.21,76587.82,76155.0,76362.77,582.67237,61.03276703751976,244.85098965158977,216.1419494387123,75930.5545,76652.90870299429,75208.20029700571
2026-04-21 10:00:00,76362.78,76866.55,76349.59,76746.41,536.34243,65.85573774947616,284.61340187629685,229.8362399262292,76016.1355,76695.96103187108,75336.30996812893
2026-04-21 11:00:00,76746.41,76750.68,76342.0,76452.94,624.94284,59.762242775425335,289.112119124984,241.6914157659802,76052.94399999999,76744.14497399701,75361.74302600297
2026-04-21 12:00:00,76452.94,76528.11,75709.03,76009.46,1039.78515,51.940962622789144,253.96470820445393,244.14607425367495,76086.48,76691.48795547255,75481.47204452744
2026-04-21 13:00:00,76009.46,76179.75,75736.33,75899.98,686.08493,50.1945263281232,214.79993089399068,238.27684558173812,76086.572,76691.45991471497,75481.68408528503
2026-04-21 14:00:00,75899.98,76595.3,75625.28,75675.05,949.21411,46.71890325928152,163.72427994257305,223.3663324539051,76049.14,76658.82556478833,75439.45443521166
2026-04-21 15:00:00,75675.04,75979.78,75430.62,75834.65,923.86151,49.396393918045106,134.57356446846097,205.60777885681628,76026.0245,76631.1878965473,75420.8611034527
2026-04-21 16:00:00,75834.66,76190.72,75760.0,75781.18,496.33064,48.51674684536664,105.93566984380595,185.67335705421422,76001.275,76603.84551152852,75398.70448847147
2026-04-21 17:00:00,75781.19,75912.98,75052.64,75545.62,995.0846,44.737052919892406,63.5002177037677,161.23872918412494,75980.8205,76616.88880978283,75344.75219021717
2026-04-21 18:00:00,75545.62,75668.24,75310.88,75610.21,456.47055,45.97976312951804,34.68189801907283,135.92736295111453,75962.619,76619.95840565173,75305.27959434828
2026-04-21 19:00:00,75610.21,75919.5,74821.57,75023.43,954.2676,37.688207655531826,-35.10045384807745,101.72179959127614,75921.742,76701.25745185679,75142.22654814321
2026-04-21 20:00:00,75023.43,75859.56,74967.58,75698.51,797.25703,49.06779217697164,-35.520695865372545,74.2733004999464,75902.04500000001,76683.30477644427,75120.78522355575
2026-04-21 21:00:00,75698.51,75777.38,75431.62,75549.99,249.37655,47.0327612169637,-47.292900341999484,49.96006033155723,75883.16500000001,76679.9220546813,75086.40794531872
2026-04-21 22:00:00,75549.99,75650.04,75302.01,75650.04,389.29388,48.57988265052945,-47.9959904551215,30.368850174221485,75886.6005,76678.45514044477,75094.74585955523
2026-04-21 23:00:00,75650.03,76425.37,75622.0,76336.15,477.13097,57.70377265166283,6.732539974269457,25.641588134231082,75917.893,76729.62784011215,75106.15815988784
2026-04-22 00:00:00,76336.14,76500.0,76220.4,76370.45,496.92701,58.1039980199515,52.27047646482242,30.967365800349352,75945.725,76780.2839510857,75111.16604891431
2026-04-22 01:00:00,76370.46,76416.24,76132.95,76297.99,351.48706,56.87952882321597,81.57238708887598,41.08837005805468,75970.5245,76816.50005073198,75124.54894926802
2026-04-22 02:00:00,76297.99,77645.35,76223.9,77604.71,1622.85639,69.40228111666863,207.83989669929724,74.43867538630319,76052.0545,77170.04716344204,74934.06183655796
2026-04-22 03:00:00,77604.7,77733.11,77397.88,77521.48,956.6528,68.04676154237903,297.75945668810164,119.10283164666289,76123.91150000002,77421.03069317872,74826.79230682131
2026-04-22 04:00:00,77521.47,77700.0,77364.25,77523.0,547.1578,68.05903108888329,364.9372377996915,168.26971287726863,76174.701,77607.46798665723,74741.93401334278
2026-04-22 05:00:00,77523.01,78452.18,77450.0,77994.93,2386.48879,71.69333333538918,451.05741117430443,224.82725253667581,76256.309,77903.9910868092,74608.62691319079
2026-04-22 06:00:00,77994.92,78042.84,77900.0,78010.72,576.88586,71.80891103232499,514.6498272236495,282.7917674740706,76319.5245,78134.86278711012,74504.18621288988
2026-04-22 07:00:00,78010.73,78111.0,77825.0,78012.79,880.5264,71.82515229466821,558.773118120167,337.9880376032899,76397.517,78364.6733213941,74430.36067860591
2026-04-22 08:00:00,78012.78,78219.41,77941.59,78010.92,987.44812,71.78491793609798,586.825689413774,387.7555679653867,76497.59,78581.78025621008,74413.39974378991
2026-04-22 09:00:00,78010.92,78184.7,77956.76,78001.95,415.39605,71.57779206679868,601.4011718869588,430.48468874970115,76602.68849999999,78770.31297067321,74435.06402932676
2026-04-22 10:00:00,78001.96,78180.0,77951.17,78157.41,352.72131,73.03020365913872,618.3685023501457,468.0614514697901,76726.8065,78954.23695093118,74499.37604906883
2026-04-22 11:00:00,78157.41,78399.0,78102.0,78300.0,560.88264,74.32612432915899,635.9897612332716,501.6471134224864,76850.074,79141.56707805011,74558.58092194988
2026-04-22 12:00:00,78300.0,78508.18,78114.04,78236.05,952.94008,72.64029155826796,637.44641977438,528.8069746928652,76972.81749999999,79286.12196061207,74659.51303938791
2026-04-22 13:00:00,78236.05,78850.0,78162.64,78840.94,1253.18724,77.77518752292255,679.5766631353617,558.9609123813646,77137.58350000001,79491.93336137975,74783.23363862027
2026-04-22 14:00:00,78840.94,79174.68,78577.86,79045.75,1847.69509,79.19872705693864,721.1783448211936,591.4043988693304,77309.3605,79695.59992682301,74923.12107317698
2026-04-22 15:00:00,79045.75,79400.0,78837.66,79272.9,1412.004,80.67699247525516,763.6739262580086,625.8583043470661,77521.834,79805.61054512409,75238.05745487592
2026-04-22 16:00:00,79272.91,79472.82,78632.37,78743.59,1010.97362,68.46675069879083,746.0411889078387,649.8948812592206,77674.088,79849.4921084975,75498.6838915025
2026-04-22 17:00:00,78743.6,79034.73,78705.71,78900.0,502.31388,69.91570122562027,736.2016233040631,667.1562296681891,77841.5885,79836.78056228423,75846.39643771577
2026-04-22 18:00:00,78900.01,79163.66,78828.76,79022.39,322.94022,71.03718179429879,729.8661046879424,679.6982046721398,78010.20599999999,79783.19212896208,76237.2198710379
2026-04-22 19:00:00,79022.4,79067.6,78706.81,78846.62,557.30668,67.16480912507441,702.5632783683395,684.2712194113798,78135.7295,79758.82148243117,76512.63751756883
2026-04-22 20:00:00,78846.62,78915.84,78410.0,78436.68,436.66543,59.07635803177773,640.4639896180161,675.5097734527071,78239.041,79636.36364224274,76841.71835775726
2026-04-22 21:00:00,78436.69,78821.86,78425.0,78762.69,299.34545,62.90251957043858,610.5184615131293,662.5115110647915,78362.276,79436.10017232617,77288.45182767382
2026-04-22 22:00:00,78762.68,78824.0,78456.15,78607.95,294.6414,60.03346511809035,567.7554584507452,643.5603005419823,78412.438,79429.48658054363,77395.38941945636
2026-04-22 23:00:00,78607.95,78607.95,78155.83,78178.23,712.06893,52.82740786226079,493.50187532835116,613.5486154992561,78445.27549999999,79380.30415967987,77510.2468403201
2026-04-23 00:00:00,78178.22,78574.44,77582.17,78424.29,1778.58027,56.078446462859404,449.3307560691901,580.705043613243,78490.34,79319.042909576,77661.63709042399
2026-04-23 01:00:00,78424.3,78472.95,78057.5,78359.23,586.8685,54.999137006154875,404.41320387388987,545.4466756653724,78508.555,79306.86617440626,77710.24382559373
2026-04-23 02:00:00,78359.71,78359.72,77761.2,77939.92,508.32327,48.517900728124225,331.1634612265916,502.5900327776162,78505.015,79313.18823795725,77696.84176204275
2026-04-23 03:00:00,77939.91,78025.99,77453.43,77746.46,609.2036,45.83421052156428,254.56741258582042,452.98550873925706,78491.6985,79341.71491731127,77641.68208268873
2026-04-23 04:00:00,77746.47,77949.09,77675.8,77920.09,305.0499,48.583083506079646,205.50603644177318,403.4896142797603,78487.15699999999,79348.87906751898,77625.434932481
2026-04-23 05:00:00,77920.09,78110.01,77750.0,78033.87,680.89298,50.360870007777685,173.8021544321382,357.5521223102359,78488.753,79346.80166811225,77630.70433188774
2026-04-23 06:00:00,78034.0,78339.35,78034.0,78211.43,433.12959,53.086905746658715,161.14660978718894,318.27101980562657,78491.454,79345.44150880717,77637.46649119283
2026-04-23 07:00:00,78211.43,78248.39,77981.88,78048.62,292.35484,50.35616389897523,136.40717612192384,281.89825106888605,78478.885,79351.92414205536,77605.84585794463
2026-04-23 08:00:00,78048.61,78175.52,77714.86,77858.35,1135.26875,47.294365697091884,100.29169759646174,245.5769403744012,78460.0,79370.6850361318,77549.3149638682
2026-04-23 09:00:00,77858.34,77860.8,77440.85,77655.34,772.05261,44.205945356037795,54.6586395198683,207.39328020349464,78400.72,79360.04865016855,77441.39134983145
2026-04-23 10:00:00,77655.35,77709.16,77174.01,77403.63,1129.48909,40.66052523433118,-1.7960770873905858,165.5554087453176,78318.61399999999,79325.40946795407,77311.8185320459
2026-04-23 11:00:00,77403.63,77757.31,77365.57,77704.62,525.42671,46.21548085389963,-21.995914006605744,128.04514419493293,78240.2,79175.825661448,77304.57433855199
2026-04-23 12:00:00,77704.61,77870.54,77491.18,77870.53,636.21566,49.046952639677656,-24.33634562129737,97.56884623168688,78196.54699999999,79114.58504253584,77278.50895746415
2026-04-23 13:00:00,77870.54,77904.37,77379.92,77532.23,592.70115,43.96452240636092,-52.87957442915649,67.4791620995182,78128.15849999999,79029.1757018293,77227.14129817068
2026-04-23 14:00:00,77532.23,78201.53,77414.0,78180.77,926.52082,53.83974790369127,-22.90450213411532,49.40242925279151,78086.0775,78883.95676452208,77288.19823547792
2026-04-23 15:00:00,78180.78,78662.5,77983.25,78376.76,1008.45262,56.343627379334364,16.47579099885479,42.817101602004165,78062.5845,78790.80320256019,77334.36579743981
2026-04-23 16:00:00,78376.77,78509.82,78030.0,78103.72,661.93618,52.103407113786375,25.360570051765535,39.32579529195644,78045.9365,78753.0638751502,77338.8091248498
2026-04-23 17:00:00,78103.72,78184.85,76960.0,77769.21,1724.53866,47.397271192158804,5.348011531372322,32.530238539839615,77996.2625,78626.82285109661,77365.70214890338
2026-04-23 18:00:00,77769.2,78146.75,77678.65,77678.65,731.06838,46.181154851822726,-17.61644897927181,22.500901036017332,77949.7975,78525.10819332027,77374.48680667974
2026-04-23 19:00:00,77678.65,77886.88,77592.92,77727.26,830.20485,46.967722276169404,-31.53006961889332,11.694706905035202,77927.249,78500.20793222642,77354.29006777357
2026-04-23 20:00:00,77727.25,78050.0,77637.5,77886.97,391.74493,49.575293232418794,-29.33133855741471,3.48949781254522,77900.383,78423.42596062366,77377.34003937634
2026-04-23 21:00:00,77886.97,78070.0,77800.0,77864.83,211.37751,49.214037257549414,-29.040579594060546,-3.0165176687759336,77875.663,78352.04809124778,77399.27790875222
2026-04-23 22:00:00,77864.84,78331.0,77864.83,78235.3,271.3302,55.10885691832665,1.0713321817165706,-2.198947698677433,77890.432,78392.8106430101,77388.0533569899
2026-04-23 23:00:00,78235.29,78298.01,78030.0,78257.48,228.06394,55.44231605549295,26.420421667789924,3.5249261746160383,77915.983,78439.08400766096,77392.88199233903
2026-04-24 00:00:00,78257.48,78490.83,78172.01,78417.22,451.37457,57.86956712410479,58.72252400967409,14.56444574162765,77940.8395,78509.9809412865,77371.6980587135
2026-04-24 01:00:00,78417.22,78450.0,77952.16,78429.73,533.84795,58.06224223258213,84.35918511502678,28.523393616307477,77960.63249999999,78569.54065070587,77351.72434929412
2026-04-24 02:00:00,78429.73,78581.93,78067.17,78125.65,425.56297,51.85452940076393,79.22643600821903,38.66400209468979,77956.3435,78558.9897477862,77353.69725221381
2026-04-24 03:00:00,78125.65,78178.4,77555.0,77737.85,639.95986,45.215164186399925,43.36657347714936,39.60451637118171,77940.805,78549.42940795547,77332.18059204452
2026-04-24 04:00:00,77737.84,77854.57,77482.49,77670.0,605.14416,44.15004611399611,9.364498007198563,33.556512698385085,77931.3875,78551.111575644,77311.663424356
2026-04-24 05:00:00,77670.01,78057.65,77457.0,77953.48,423.6718,49.502364503374906,5.2317665363661945,27.891563465981307,77946.29449999999,78552.25031747934,77340.33868252064
2026-04-24 06:00:00,77953.48,77979.54,77761.2,77789.75,280.75336,46.717589762611404,-11.126832382797147,20.087884296225617,77965.6005,78521.27621737884,77409.92478262116
2026-04-24 07:00:00,77789.75,77855.67,77543.52,77644.6,696.90666,44.336379139654845,-35.395514357835054,8.991204565413483,77962.5995,78524.81953901848,77400.37946098151
2026-04-24 08:00:00,77644.59,78000.0,77550.73,77785.71,731.67499,47.1562945497113,-42.74943312052346,-1.3569229717739055,77958.3585,78524.76683309757,77391.95016690243
2026-04-24 09:00:00,77785.7,77804.23,77402.01,77527.69,621.09775,42.878817483338786,-68.60666938051872,-14.80687225352287,77958.13149999999,78525.26208495536,77391.00091504461
2026-04-24 10:00:00,77527.7,77784.0,77444.95,77752.36,379.99202,47.356650838197616,-70.16095226934704,-25.877688256687705,77936.711,78500.78891156259,77372.6330884374
2026-04-24 11:00:00,77752.37,78372.58,77752.37,78240.26,1186.36064,55.5126582181962,-31.658342540991725,-27.03381911354851,77929.886,78474.5134901707,77385.25850982929
2026-04-24 12:00:00,78240.27,78345.15,78016.51,78275.66,579.40035,56.04476867806508,1.6922302380990004,-21.28860924321901,77938.483,78499.8354965982,77377.13050340179
2026-04-24 13:00:00,78275.65,78479.37,77913.27,78093.79,852.96848,52.56609610952322,13.294163552331156,-14.372054684108978,77954.712,78514.22368140313,77395.20031859686
2026-04-24 14:00:00,78093.8,78093.8,77681.74,78037.64,755.72516,51.503211402564745,17.75329462699301,-7.946984821888581,77972.6615,78517.73057569233,77427.59242430767
2026-04-24 15:00:00,78037.65,78233.18,77577.22,78038.62,662.02033,51.52163563443444,21.12277572962921,-2.1330327115850225,77988.2295,78521.44374293007,77455.01525706993
2026-04-24 16:00:00,78038.63,78060.29,77586.86,77777.28,525.06319,46.453383037115856,2.674331855843775,-1.1715597980992631,77982.74500000001,78522.560250561,77442.92974943902
2026-04-24 17:00:00,77776.76,77829.17,77489.6,77681.71,537.36482,44.72085953590241,-19.4338715421909,-4.824022146917591,77973.589,78527.84409513342,77419.3339048666
2026-04-24 18:00:00,77681.72,77717.08,77363.63,77618.24,321.31558,43.55895398993936,-41.59677880228264,-12.178573477990604,77942.736,78504.30072877806,77381.17127122195
2026-04-24 19:00:00,77618.25,77748.66,77532.46,77628.85,250.57895,43.82171488310376,-57.64046080033586,-21.270950942459656,77911.3045,78469.05144101416,77353.55755898583
2026-04-24 20:00:00,77628.84,77757.14,77458.0,77718.31,376.29595,46.100224294825125,-62.41701551902224,-29.500163857772176,77876.359,78386.1598822823,77366.5581177177
2026-04-24 21:00:00,77718.31,77756.15,77536.48,77536.48,322.69633,42.34126592735708,-79.95298271435604,-39.59072762908895,77831.6965,78291.42501390442,77371.9679860956
2026-04-24 22:00:00,77536.49,77616.78,77264.08,77328.91,278.27896,38.48360578041898,-109.33913384786865,-53.54040887284489,77791.85949999999,78281.44790476875,77302.27109523123
2026-04-24 23:00:00,77328.92,77456.87,77328.92,77437.13,237.08832,41.4773306202451,-122.48350714224216,-67.32902852672434,77776.8235,78291.23766757498,77262.40933242501
2026-04-25 00:00:00,77437.13,77502.99,77309.92,77456.88,429.63681,42.031771560464705,-129.81048328863108,-79.8253194791057,77766.16750000001,78298.4190771164,77233.91592288362
2026-04-25 01:00:00,77456.88,77620.52,77440.8,77541.63,200.07888,44.46324191527181,-127.31098615785595,-89.32245281485575,77745.575,78279.17959764914,77211.97040235085
2026-04-25 02:00:00,77541.63,77644.04,77504.43,77607.8,171.0703,46.35520497276513,-118.6233347174275,-95.18262919537011,77736.47750000001,78273.10656847495,77199.84843152507
2026-04-25 03:00:00,77607.8,77711.87,77550.27,77679.07,142.22205,48.3944022742324,-104.77958119893447,-97.10201959608298,77738.201,78273.80805026281,77202.59394973719
2026-04-25 04:00:00,77679.08,77691.23,77596.37,77619.05,275.21191,46.781601732972966,-97.52718649130838,-97.18705297512807,77729.868,78267.54466106827,77192.19133893173
2026-04-25 05:00:00,77619.05,77619.05,77485.51,77510.28,174.55862,43.92471943967061,-99.4104990538035,-97.63174219086316,77728.99750000001,78268.10684385059,77189.88815614943
2026-04-25 06:00:00,77510.27,77582.28,77489.35,77503.63,269.54814,43.74881340515027,-100.28362998961529,-98.1621197506136,77716.561,78264.79953336857,77168.32246663143
2026-04-25 07:00:00,77503.63,77566.26,77450.0,77501.19,174.69907,43.67969333230956,-100.01951741806988,-98.53359928410487,77679.6075,78176.43933150366,77182.77566849634
2026-04-25 08:00:00,77501.19,77654.41,77491.36,77643.37,116.50084,48.75989855643123,-87.33077375184803,-96.29303417765351,77647.993,78058.01069364189,77237.97530635812
2026-04-25 09:00:00,77643.38,77779.65,77587.1,77714.55,144.65626,51.136231876102386,-70.71605123556219,-91.17763758923525,77629.031,77983.56483429421,77274.49716570579
2026-04-25 10:00:00,77714.56,77885.35,77714.55,77787.77,306.44644,53.52394976570086,-51.05202588820248,-83.1525152490287,77616.5375,77925.06972736277,77308.00527263724
2026-04-25 11:00:00,77787.76,77787.77,77607.03,77682.3,185.59351,49.752608613102375,-43.47751000763674,-75.21751420075032,77598.7215,77838.01234494621,77359.43065505379
2026-04-25 12:00:00,77682.29,77717.95,77550.61,77557.14,161.82067,45.64262950716804,-47.03186354841455,-69.58038407028317,77587.7145,77812.21784307508,77363.21115692492
2026-04-25 13:00:00,77557.14,77710.91,77557.14,77691.69,161.65796,50.38743356097332,-38.54730448721966,-63.373768153670476,77588.2135,77813.63898684022,77362.78801315978
2026-04-25 14:00:00,77691.7,77752.54,77638.0,77656.75,202.75966,49.18674112842645,-34.24780887532688,-57.54857629800176,77590.139,77817.29561102627,77362.98238897372
2026-04-25 15:00:00,77656.74,77722.7,77299.89,77330.26,480.35839,39.6732665551944,-56.533756086806534,-57.345612255762724,77575.2095,77829.30494493371,77321.11405506628
2026-04-25 16:00:00,77330.25,77454.31,77140.23,77397.27,471.60364,42.146554925798426,-68.00446964467119,-59.47738373354442,77559.1575,77815.73937587308,77302.57562412693
2026-04-25 17:00:00,77397.27,77407.03,77210.96,77245.77,151.09691,38.3212800243031,-88.30198631084932,-65.2423042490054,77544.622,77837.04727478095,77252.19672521905
2026-04-25 18:00:00,77245.78,77389.01,77216.29,77313.0,331.13304,40.88535555132797,-97.83523171812703,-71.76088974282973,77543.8265,77838.798041484,77248.85495851599
2026-04-25 19:00:00,77313.0,77343.81,77193.79,77330.01,293.84127,41.54745733018928,-102.83244414016372,-77.97520062229654,77538.47050000001,77845.25299339191,77231.6880066081
2026-04-25 20:00:00,77330.0,77481.7,77311.05,77479.13,85.63447,47.1372498818886,-93.68014681679779,-81.1161898611968,77539.583,77845.27915076716,77233.88684923283
2026-04-25 21:00:00,77479.14,77530.0,77415.2,77525.84,150.55151,48.78925737350774,-81.7158096339117,-81.23611381573978,77538.7935,77844.5489449163,77233.0380550837
2026-04-25 22:00:00,77525.83,77634.77,77498.81,77557.01,242.12513,49.914093905440765,-68.92431116146327,-78.77375328488448,77536.254,77840.43584487877,77232.07215512123
2026-04-25 23:00:00,77557.01,77650.0,77530.0,77625.0,362.30872,52.371560450291994,-52.69331593478273,-73.55766581486414,77533.5505,77833.3169317065,77233.78406829349
2026-04-26 00:00:00,77625.0,77642.43,77445.94,77502.4,307.91239,47.81567800118259,-49.15628758413368,-68.67739016871805,77527.718,77825.00907392576,77230.42692607423
2026-04-26 01:00:00,77502.39,77572.81,77451.16,77461.16,130.56583,46.35489578028731,-49.11472648223571,-64.76485743142159,77525.262,77823.96786212444,77226.55613787557
2026-04-26 02:00:00,77461.16,77590.97,77452.07,77512.67,85.92459,48.47234550239211,-44.413392553586164,-60.694564455854504,77525.714,77824.30937532311,77227.1186246769
2026-04-26 03:00:00,77512.67,77541.96,77326.51,77400.21,146.77411,44.35587179509705,-49.195043833955424,-58.39466033147469,77520.66500000001,77824.37752706278,77216.95247293724
2026-04-26 04:00:00,77400.21,77814.43,77383.46,77774.29,227.07196,57.3351978025839,-22.539584935861058,-51.223645252351965,77527.211,77847.26306549483,77207.15893450516
2026-04-26 05:00:00,77774.29,78200.0,77719.77,77983.31,797.06637,62.58652292670587,15.275143088991172,-37.92388758408334,77540.649,77912.23934942453,77169.05865057548
2026-04-26 06:00:00,77983.31,78045.0,77899.45,77999.04,206.01822,62.956046428457476,45.98280586527835,-21.142548894211004,77551.2125,77962.29550137075,77140.12949862923
2026-04-26 07:00:00,77999.04,78121.45,77968.36,78102.53,175.6113,65.37880633478463,77.77310797359678,-1.3594175206494465,77572.224,78049.1960839412,77095.2519160588
2026-04-26 08:00:00,78102.53,78210.0,78019.65,78032.59,265.96473,62.408190042580735,96.2144773408072,18.155361451641884,77595.9965,78115.31648934975,77076.67651065024
2026-04-26 09:00:00,78032.59,78058.45,77926.59,77999.99,168.80014,61.01652819926817,106.96581257335492,35.917451675984495,77611.4115,78160.1601245434,77062.6628754566
2026-04-26 10:00:00,78000.0,78050.19,77954.0,78002.43,153.3474,61.08647206766246,114.36488362363889,51.60693806551537,77628.6955,78204.56265502011,77052.82834497989
2026-04-26 11:00:00,78002.43,78149.99,78002.42,78101.44,133.58626,63.915660127007804,126.7568067129323,66.63691179499877,77667.25450000001,78261.94979413191,77072.5592058681
2026-04-26 12:00:00,78101.43,78101.5,77770.0,77833.08,296.93614,52.72615842525721,113.61342102263006,76.03221364052503,77689.045,78273.94387376102,77104.14612623898
2026-04-26 13:00:00,77833.08,77996.69,77797.13,77977.79,254.46962,57.088709159786454,113.56497444449633,83.5387658013193,77725.646,78284.79856836775,77166.49343163223
2026-04-26 14:00:00,77977.79,78173.15,77871.85,78095.66,401.66239,60.302188990527505,121.63556502350548,91.15812564575654,77764.77900000001,78311.75169824752,77217.8063017525
2026-04-26 15:00:00,78095.65,78121.92,77988.89,78049.0,177.4742,58.43660373351178,122.85035177317332,97.4965708712399,77800.7285,78321.25678275638,77280.20021724362
2026-04-26 16:00:00,78049.0,78086.47,77919.42,77919.43,198.96678,53.48799883144624,112.0660353887506,100.41046377474204,77822.74350000001,78322.84502418958,77322.64197581045
2026-04-26 17:00:00,77919.43,78050.0,77850.0,78018.57,373.25532,56.521874406664764,110.24828283242823,102.37802758627929,77847.38,78334.26904518052,77360.49095481948
2026-04-26 18:00:00,78018.57,78346.89,77988.11,78283.96,421.27794,63.403521015238695,128.73843928735005,107.65010992649344,77883.72750000001,78387.58713383305,77379.86786616697
2026-04-26 19:00:00,78283.97,78500.0,78013.76,78221.16,511.56,60.945296634168514,136.7482377715496,113.46973549550468,77913.5355,78423.44869300458,77403.62230699541
2026-04-26 20:00:00,78221.17,78377.77,78158.04,78194.22,172.13709,59.87288634671114,139.3162766093592,118.63904371827559,77948.1265,78433.89774775937,77462.35525224062
2026-04-26 21:00:00,78194.21,78961.0,77843.75,78417.41,977.34524,65.31778094741385,157.54495345824398,126.42022566626927,77995.939,78467.9436894474,77523.93431055259
2026-04-26 22:00:00,78417.41,78850.3,77953.26,78313.52,710.63176,61.1578379771872,161.74377488164464,133.48493550934435,78035.9815,78469.68907955152,77602.27392044847
2026-04-26 23:00:00,78313.52,78901.63,78041.05,78657.55,669.20184,68.34699748681027,190.63420448820398,144.91478930511627,78098.8485,78508.3623485835,77689.33465141649
2026-04-27 00:00:00,78657.55,79392.4,78400.03,79308.6,1271.22649,77.01649164518321,263.0322994279559,168.5382913296842,78175.564,78830.43042686065,77520.69757313935
2026-04-27 01:00:00,79309.0,79485.66,78730.71,79283.66,993.09217,76.15599392137361,314.76741883173236,197.78411683009384,78240.5815,79054.07394676268,77427.08905323732
2026-04-27 02:00:00,79283.65,79304.0,79030.91,79130.01,381.22923,70.900245906258,339.45655889072805,226.1186052422207,78297.12999999999,79192.9910580489,77401.26894195109
2026-04-27 03:00:00,79130.01,79316.5,79077.81,79105.49,397.44839,70.06919021598495,352.97544003221265,251.4899722002191,78347.278,79307.26415223905,77387.29184776096
2026-04-27 04:00:00,79105.5,79160.0,78872.42,78924.22,417.67922,64.08848315229199,345.0843589888391,270.2088495579431,78391.85949999999,79372.89622773207,77410.82277226791
2026-04-27 05:00:00,78924.21,78938.0,77562.63,77785.54,1805.78745,40.62887783459347,244.13443100341829,264.99396584703817,78381.137,79384.6381584638,77377.6358415362
2026-04-27 06:00:00,77785.55,77871.9,77465.05,77700.12,641.73182,39.461903521304286,155.44631727121305,243.08443613187316,78366.0215,79402.11891739361,77329.92408260639
2026-04-27 07:00:00,77700.12,77734.79,77562.08,77606.6,743.19766,38.16928576552136,76.72957497651805,209.81346390080216,78341.27949999999,79426.45124389522,77256.10775610476
2026-04-27 08:00:00,77606.59,77816.18,77553.23,77804.34,465.54163,42.46098450471104,29.956633577807224,173.84209783620318,78339.8425,79427.92000650652,77251.76499349347
2026-04-27 09:00:00,77804.34,77980.0,77700.0,77900.01,578.50773,44.469264751216734,0.6015754041436594,139.19399334979127,78335.9535,79430.01914458742,77241.88785541258
2026-04-27 10:00:00,77900.01,77935.66,77792.46,77850.01,311.10764,43.61251896932154,-26.39286134620488,106.07662241059205,78323.671,79434.48257505774,77212.85942494226
2026-04-27 11:00:00,77850.01,77885.46,77740.39,77844.26,252.77882,43.5087062137718,-47.70026493869955,75.32124494073373,78313.434,79438.58484489433,77188.28315510566
2026-04-27 12:00:00,77844.25,77867.33,77620.0,77667.36,415.46743,40.32822166090873,-77.9621878110047,44.66455839038605,78300.8305,79449.95616397289,77151.7048360271
2026-04-27 13:00:00,77667.36,77966.8,77571.79,77746.74,762.7167,42.364219194144525,-94.45090586980223,16.841465538348395,78287.239,79456.67226129776,77117.80573870224
2026-04-27 14:00:00,77746.74,78265.34,77680.0,77815.25,744.42829,44.1358333725686,-100.82786838460015,-6.6924012462413165,78263.8035,79452.1464981604,77075.4605018396
2026-04-27 15:00:00,77815.26,77827.17,76564.33,76793.09,1882.17067,29.544314938656044,-186.21485760975338,-42.59689251894373,78192.4,79550.95698761274,76833.84301238725
2026-04-27 16:00:00,76793.1,76868.01,76546.0,76618.59,809.46498,27.851465103819166,-264.91161717237264,-87.05983744962951,78113.61850000001,79643.64844670819,76583.58855329183
2026-04-27 17:00:00,76618.59,76990.43,76618.59,76743.24,874.80558,30.897398776284504,-313.60609697586915,-132.36908935487745,78029.91,79669.24336759391,76390.5766324061
2026-04-27 18:00:00,76743.23,76890.99,76668.52,76834.06,361.97331,33.11308367600937,-340.93828375097655,-174.08292823409727,77955.937,79673.05812032268,76238.81587967734
2026-04-27 19:00:00,76834.05,76894.7,76459.64,76878.07,598.68003,34.2138686789626,-354.95628440096334,-210.2575994674705,77866.963,79615.14144977507,76118.78455022494
2026-04-27 20:00:00,76878.23,77067.8,76844.16,76960.43,310.80766,36.32577500158899,-355.32393409083306,-239.270866392143,77749.5545,79402.9018039866,76096.20719601339
2026-04-27 21:00:00,76960.43,76981.53,76786.8,76786.81,223.94467,33.85818991546286,-365.4127316075028,-264.499239435215,77624.712,79163.41148518545,76086.01251481455
2026-04-27 22:00:00,76786.81,77082.78,76763.71,77066.42,364.86359,40.82929490536533,-346.8477412674838,-280.96893980166874,77521.5325,78904.04959468266,76139.01540531735
2026-04-27 23:00:00,77066.42,77450.0,77018.56,77371.32,438.27302,47.34624378342815,-304.02733298094245,-285.5806184375235,77434.824,78599.40699381821,76270.24100618178
2026-04-28 00:00:00,77371.32,77478.0,77210.92,77379.62,327.26244,47.51570576585943,-266.3517728364386,-281.73484931730655,77357.59400000001,78287.52460735786,76427.66339264216
2026-04-28 01:00:00,77379.62,77394.1,77038.1,77084.68,404.77602,42.305231373696444,-257.32651320373407,-276.85318209459206,77322.551,78237.27799112376,76407.82400887625
2026-04-28 02:00:00,77084.69,77227.03,76672.56,76890.93,437.7548,39.25959132526604,-262.7787854208,-274.03830275983364,77282.0915,78198.08332821609,76366.0996717839
2026-04-28 03:00:00,76890.92,76890.92,76672.0,76815.18,278.47081,38.10457730066529,-270.0986136772408,-273.2503649433151,77242.52050000001,78167.81740152811,76317.22359847192
2026-04-28 04:00:00,76815.18,76950.0,76701.35,76888.08,274.86374,39.93598656079658,-266.94009036045463,-271.988310026743,77196.70749999999,78095.22540117452,76298.18959882545
2026-04-28 05:00:00,76888.08,77154.0,76811.01,76885.98,510.80129,39.89936226553909,-261.5909328859416,-269.90883459858276,77146.006,77990.22383415831,76301.78816584167
2026-04-28 06:00:00,76885.97,77027.91,76588.0,76720.0,465.05641,37.0103511453614,-267.65947409096407,-269.458962497059,77089.5055,77885.19866615885,76293.81233384115
2026-04-28 07:00:00,76720.01,76922.22,76424.9,76879.28,1631.99051,41.39568839892088,-256.6576818830363,-266.8987063742545,77041.25649999999,77757.289027231,76325.22397276897
2026-04-28 08:00:00,76879.28,77013.63,76741.12,76858.59,1043.07562,40.99642115310866,-246.7636545761634,-262.8716960146363,77000.818,77656.80151505531,76344.83448494469
2026-04-28 09:00:00,76858.59,76863.54,76495.91,76598.0,361.69239,36.25355264097521,-256.9876086283184,-261.69487853737274,76943.38100000001,77520.83016363624,76365.93183636377
2026-04-28 10:00:00,76597.99,76692.19,76484.7,76618.35,418.24563,36.86779175764494,-260.4458334996307,-261.44506952982437,76883.536,77308.47857595318,76458.5934240468
2026-04-28 11:00:00,76618.35,76649.86,76130.1,76229.0,1019.71842,30.760656567339154,-291.2464845127688,-267.40535252641325,76855.3315,77370.7901993612,76339.8728006388
2026-04-28 12:00:00,76228.99,76421.94,76168.84,76372.05,652.01316,35.01963021609296,-300.6476044289011,-274.05380290691085,76843.0045,77392.94024895308,76293.06875104691
2026-04-28 13:00:00,76372.04,76411.72,75924.98,76189.84,1288.525,32.29471787234691,-319.12224134975986,-283.06749059548065,76815.3345,77437.36811535302,76193.30088464697
2026-04-28 14:00:00,76189.85,76199.99,75666.6,75949.99,1264.2758,29.08636167484873,-349.093284619943,-296.27264940037315,76771.131,77503.43653151608,76038.8254684839
2026-04-28 15:00:00,75950.0,76085.42,75836.88,76066.38,571.95819,32.58629605409128,-359.3119278131635,-308.8805050829312,76730.5465,77525.21095736517,75935.88204263482
2026-04-28 16:00:00,76066.37,76218.06,75881.28,76125.04,447.54534,34.34506418938112,-358.5438342715206,-318.8131709206491,76688.777,77519.5639413884,75857.9900586116
2026-04-28 17:00:00,76125.04,76262.63,75959.05,76187.3,337.12149,36.246221566210544,-348.8894722742698,-324.8284311913733,76658.8015,77517.48851176754,75800.11448823246
2026-04-28 18:00:00,76187.3,76280.91,76137.86,76242.18,337.48355,37.95179177854186,-332.9716733046371,-326.45707961402604,76617.58949999999,77473.01590997419,75762.16309002579
2026-04-28 19:00:00,76242.17,76380.83,76066.35,76330.97,259.65416,40.715179476129364,-309.62295133918815,-323.0902539590585,76565.572,77351.736278227,75779.407721773
2026-04-28 20:00:00,76330.97,76480.0,76323.71,76463.95,259.71578,44.68834095429633,-277.19323525413347,-313.9108502180735,76519.7885,77206.73262564409,75832.8443743559
2026-04-28 21:00:00,76463.95,76481.3,76267.61,76357.15,281.17357,42.23992365846145,-257.14609888830455,-302.5578999521197,76483.412,77119.58013082376,75847.24386917624
2026-04-28 22:00:00,76357.15,76446.26,76218.0,76242.17,157.60986,39.71700399066878,-247.6814068764652,-291.58260133698883,76450.974,77065.44069835158,75836.50730164842
2026-04-28 23:00:00,76242.17,76370.0,76197.02,76342.77,179.93985,42.9288679681382,-229.41839852671546,-279.1497607749342,76427.3535,77018.75821864064,75835.94878135936
2026-04-29 00:00:00,76342.78,76557.97,76276.0,76512.0,636.88517,47.95258889211744,-198.99549000737898,-263.11890662142315,76408.5495,76960.89991026779,75856.1990897322
2026-04-29 01:00:00,76511.99,76668.02,76187.75,76571.0,371.48818,49.617711619384494,-168.185570341142,-244.13223936536693,76392.8005,76904.28375018293,75881.31724981706
2026-04-29 02:00:00,76571.0,76666.82,76402.72,76531.29,315.29662,48.49320867618051,-145.29784900331288,-224.36536129295612,76383.365,76876.05066960007,75890.67933039994
2026-04-29 03:00:00,76531.29,77127.62,76519.94,76994.78,568.25927,59.91288577819217,-88.7364963995642,-197.23958831427774,76389.14,76908.29734464896,75869.98265535104
2026-04-29 04:00:00,76994.77,77455.71,76880.0,77269.76,655.24397,64.88686891587065,-21.475077733950457,-162.0866861982123,76409.6985,77029.86755994623,75789.52944005377
2026-04-29 05:00:00,77269.76,77329.31,77198.07,77288.38,412.95649,65.20173103068072,32.95270130872086,-123.07880869682567,76444.2175,77175.42967241461,75713.00532758539
2026-04-29 06:00:00,77288.39,77337.57,76907.07,77031.06,974.38933,57.52484868532969,54.6930672104354,-87.52443351537346,76464.853,77238.80171449971,75690.90428550029
2026-04-29 07:00:00,77031.07,77182.91,77031.06,77053.64,931.98531,57.99225034925875,72.90408816236595,-55.43872917982558,76506.085,77314.23764940159,75697.93235059842
2026-04-29 08:00:00,77053.65,77148.79,76972.32,77046.32,539.09721,57.77031225055539,85.75723462713358,-27.19953641843375,76539.7985,77380.02808264183,75699.56891735818
2026-04-29 09:00:00,77046.31,77800.0,76972.32,77642.0,835.54071,68.37648436172582,142.36870567926962,6.714112001106928,76612.4065,77568.31566563035,75656.49733436965
2026-04-29 10:00:00,77642.0,77904.93,77559.19,77619.61,790.81622,67.6883386418566,183.31389005710662,42.03406761230686,76695.8875,77698.68913386253,75693.08586613747
2026-04-29 11:00:00,77619.62,77694.61,77485.81,77590.03,531.7514,66.73281410366158,210.94474516730406,75.81620312330631,76772.07,77804.5721683977,75739.56783160231
2026-04-29 12:00:00,77590.04,77596.39,76850.0,77143.68,1776.35149,54.28087746986807,194.58265449674218,99.56949339799348,76823.00200000001,77821.03725467884,75824.96674532117
2026-04-29 13:00:00,77143.68,77240.0,76425.62,76783.43,1000.6949,46.70588505105941,150.80799480331189,109.81719367905717,76852.8085,77805.48159432036,75900.13540567964
2026-04-29 14:00:00,76783.42,76927.69,76489.99,76570.0,1353.72071,42.887318255105626,97.76724439048849,107.40720382134344,76869.1995,77788.3265231314,75950.0724768686
2026-04-29 15:00:00,76570.0,76634.61,75705.32,75924.25,1132.75734,33.86573231118099,3.5841237606073264,86.64258780919623,76848.8635,77833.77507038794,75863.95192961207
2026-04-29 16:00:00,75924.24,76125.47,75696.13,75803.54,1021.10079,32.48989881877242,-79.87620292959036,53.338829661438915,76815.843,77894.87541801101,75736.81058198898
2026-04-29 17:00:00,75803.55,76184.01,75803.55,76184.01,549.93434,40.671372863644095,-114.00419446259912,19.87022483663131,76807.186,77904.3394321021,75710.0325678979
2026-04-29 18:00:00,76184.0,76274.8,74937.52,75513.91,1926.88309,33.069874195570094,-192.89872692336212,-22.68356551536738,76770.773,77988.5875615481,75552.9584384519
2026-04-29 19:00:00,75513.92,75591.83,75302.31,75563.86,464.5754,34.05921307185933,-248.52779108010873,-67.85241062831565,76731.8275,78052.7291726757,75410.9258273243
2026-04-29 20:00:00,75563.87,75857.32,75497.43,75676.79,575.31173,36.34997792587853,-280.2709291962965,-110.33611434191182,76690.06700000001,78090.63921739151,75289.49478260851
2026-04-29 21:00:00,75676.79,76088.9,75607.7,75933.93,363.06477,41.34647352456143,-281.43434590617835,-144.55576065476512,76658.2135,78098.59980415207,75217.82719584793
2026-04-29 22:00:00,75933.94,76004.14,75818.14,75927.38,272.33397,41.25762963424037,-279.66113283378945,-171.57683509057,76628.018,78104.47592462279,75151.5600753772
2026-04-29 23:00:00,75927.38,75990.06,75692.33,75780.0,279.49181,39.21574366958766,-286.84165099264646,-194.6297982709853,76567.27900000001,78079.71820496321,75054.83979503681
2026-04-30 00:00:00,75780.0,76344.61,75656.03,76248.74,562.71461,48.02605127085569,-251.80619768699398,-206.06507815418706,76516.228,77997.43356187471,75035.02243812529
2026-04-30 01:00:00,76248.76,76473.26,76178.73,76232.8,331.53653,47.772469145645374,-222.75874911205028,-209.40381234575972,76463.449,77903.46050337292,75023.43749662707
2026-04-30 02:00:00,76232.81,76351.04,75494.7,75704.74,537.06765,40.19985422280086,-239.58665978284262,-215.4403818331763,76397.133,77849.19202656661,74945.07397343339
2026-04-30 03:00:00,75704.74,75994.26,75659.85,75928.1,182.12647,44.22701428815409,-232.22269623678585,-218.79684471389822,76340.856,77772.88854362234,74908.82345637766
2026-04-30 04:00:00,75928.09,75963.92,75414.57,75497.0,426.96926,38.79643921802951,-258.1965402250644,-226.67678381613146,76263.39,77702.34434248097,74824.43565751903
2026-04-30 05:00:00,75497.01,75750.0,75323.65,75600.09,491.70915,40.672460401247285,-267.38030357513344,-234.81748776793188,76161.2945,77472.47975201896,74850.10924798105
2026-04-30 06:00:00,75600.09,75867.9,75569.99,75753.53,372.15072,43.45085438165169,-259.28826285424293,-239.7116427851941,76067.9905,77194.85921190467,74941.12178809533
2026-04-30 07:00:00,75753.54,76179.91,75718.5,76161.67,516.75183,50.13965192850536,-217.43531627401535,-235.25637748295836,75996.5725,76869.7841389706,75123.36086102939
2026-04-30 08:00:00,76161.67,76208.92,76019.57,76058.17,350.94571,48.57069089511926,-190.4230610755476,-226.28971420147622,75942.29699999999,76630.68034302071,75253.91365697928
2026-04-30 09:00:00,76058.17,76339.38,76012.6,76097.19,445.01057,49.21588491115502,-163.97684334371297,-213.82714002992358,75907.985,76478.0876830658,75337.8823169342
2026-04-30 10:00:00,76097.19,76163.52,75974.93,76028.66,365.18719,48.07516614916164,-146.85497083763767,-200.43270619146642,75880.918,76363.34109984498,75398.49490015503
2026-04-30 11:00:00,76028.66,76244.36,75876.29,76059.43,550.88667,48.65065857508505,-129.31225054556853,-186.20861506228687,75887.677,76376.40303773359,75398.9509622664
2026-04-30 12:00:00,76059.42,76511.22,76042.75,76308.48,1520.57994,53.174341183884664,-94.22707367234398,-167.8123067842983,75912.924,76434.41988980859,75391.42811019141
2026-04-30 13:00:00,76308.48,76669.14,76116.2,76420.44,927.16622,55.089759585283105,-56.73359237653494,-145.59656390274563,75924.74549999999,76481.63351449702,75367.85748550296
2026-04-30 14:00:00,76420.45,76597.51,76093.81,76301.24,683.75312,52.621770340396296,-36.220652986638015,-123.72138171952412,75964.112,76509.9205479466,75418.30345205338
2026-04-30 15:00:00,76301.25,76653.6,76163.16,76473.6,374.70038,55.711418790822435,-5.986975083025754,-100.17450039222445,76009.599,76566.4799997733,75452.7180002267
2026-04-30 16:00:00,76473.6,76484.6,76228.27,76261.03,165.45041,51.27073403406201,0.8114560389803955,-79.97730910598348,76038.811,76583.3420925279,75494.2799074721
2026-04-30 17:00:00,76261.04,76328.71,76111.0,76250.01,273.82279,51.0435848410882,5.24952650735213,-62.931941983316364,76054.615,76604.64881543625,75504.58118456377
2026-04-30 18:00:00,76250.0,76468.84,76204.4,76350.0,184.15567,53.0750309921082,16.64323383719602,-47.01690681921389,76075.746,76637.54477665006,75513.94722334994
2026-04-30 19:00:00,76350.0,76514.8,76308.33,76412.8,307.53776,54.35608188053806,30.389947741336073,-31.535535907103895,76107.386,76670.32991068951,75544.44208931048
2026-04-30 20:00:00,76412.8,76568.9,76318.31,76492.46,287.06721,55.99708416274424,47.1684848714649,-15.794731751390138,76119.572,76705.4826868361,75533.6613131639
2026-04-30 21:00:00,76492.45,76535.42,76240.78,76241.78,183.08169,49.91538716679782,39.77926484667114,-4.679932431777883,76120.02100000001,76706.31067418515,75533.73132581486
2026-04-30 22:00:00,76241.77,76449.16,76206.02,76237.06,158.56535,49.80570262315979,33.16014072643884,2.888082199865462,76146.63700000002,76701.01016032224,75592.26383967779
2026-04-30 23:00:00,76237.07,76380.2,76217.96,76346.57,182.87917,52.41815698377797,36.33216438462841,9.576898636818052,76167.56049999999,76718.78392996608,75616.3370700339
2026-05-01 00:00:00,76346.58,76591.0,76320.42,76458.05,502.88844,54.98656687957891,47.29631779906049,17.12078246926654,76215.613,76681.68876560661,75749.53723439339
2026-05-01 01:00:00,76458.06,76776.21,76449.5,76686.13,486.84554,59.77106647174761,73.54189306337503,28.40500458808824,76269.91500000001,76684.22990217696,75855.60009782306
2026-05-01 02:00:00,76686.12,76744.6,76533.74,76592.54,204.45438,57.08956496975074,85.80071250905166,39.88414617228093,76311.86549999999,76672.45172289803,75951.27927710194
2026-05-01 03:00:00,76592.54,77453.74,76555.06,77131.08,1056.19913,66.4240195213744,137.3878706216492,59.38489106215459,76360.336,76866.96000385063,75853.71199614936
2026-05-01 04:00:00,77131.08,77206.38,76653.6,77042.44,995.75921,63.95788596226707,169.16848885094805,81.34161061991328,76409.5495,76979.81160772983,75839.28739227015
2026-05-01 05:00:00,77042.44,77184.96,77033.91,77165.98,283.75111,65.860335817142,201.99503032573557,105.47229456107775,76462.989,77105.71308430134,75820.26491569866
2026-05-01 06:00:00,77165.99,77179.53,76882.0,76993.48,439.15205,61.01725399272651,211.6512091982877,126.70807748851973,76511.23,77161.48222957025,75860.97777042974
2026-05-01 07:00:00,76993.49,77140.36,76957.04,77130.54,633.7325,63.32493146905499,227.73817316739587,146.91409662429496,76564.7855,77234.50509950031,75895.06590049969
2026-05-01 08:00:00,77130.54,77500.0,77048.0,77377.47,697.73561,67.10328840462579,257.44473270823073,169.02022384108213,76618.235,77367.70740818439,75868.76259181561
2026-05-01 09:00:00,77377.48,77391.99,77200.15,77268.55,355.16559,63.97256793772545,269.0964846822899,189.0354760093237,76660.64050000001,77457.46834762774,75863.81265237227
2026-05-01 10:00:00,77268.56,77433.72,77146.48,77304.34,330.99244,64.55770959570054,278.0137663180212,206.83113407106322,76710.79550000001,77538.06867266292,75883.5223273371
2026-05-01 11:00:00,77303.8,77600.0,77263.66,77463.98,584.3796,67.12271541661232,294.56680729964864,224.37826871678033,76760.31450000001,77644.41878583336,75876.21021416665
2026-05-01 12:00:00,77463.98,78170.2,77408.73,77896.01,1392.97654,72.84939578144734,338.6427589826926,247.23116676996278,76842.0635,77828.24733263846,75855.87966736154
2026-05-01 13:00:00,77896.01,78914.12,77896.0,78737.25,2354.33999,80.11318127661647,436.4234874069225,285.0696308973547,76966.4255,78227.2973372943,75705.5536627057
2026-05-01 14:00:00,78737.26,78871.8,78051.86,78358.75,1970.70152,70.91968017199612,477.86510098823055,323.6287249155299,77066.863,78436.3325700787,75697.3934299213
2026-05-01 15:00:00,78358.74,78735.92,78176.06,78445.89,1013.17746,71.72418461583219,511.8391845520673,361.2708168428374,77168.51749999999,78632.15515305707,75704.8798469429
2026-05-01 16:00:00,78445.88,78683.23,78167.53,78214.36,704.68666,66.46299924490587,514.1545014803996,391.84755377034986,77254.6125,78752.96969958623,75756.25530041377
2026-05-01 17:00:00,78214.36,78584.61,78131.02,78552.94,489.31938,69.9359898303869,537.118416435871,420.9017263034541,77370.1705,78895.86996066454,75844.47103933545
2026-05-01 18:00:00,78552.93,78623.37,78375.53,78423.9,487.76487,67.08464181303324,538.6952909287938,444.4604392285221,77479.5125,78976.46712821748,75982.55787178251
2026-05-01 19:00:00,78423.91,78540.0,78313.16,78360.0,512.65483,65.65708858654799,528.6943203357368,461.30721544996504,77580.184,79026.27870579279,76134.0892942072
2026-05-01 20:00:00,78360.01,78422.81,77752.0,77880.18,827.52759,56.01756438053508,476.5575562490121,464.35728360977447,77651.2905,79001.75569979286,76300.82530020714
2026-05-01 21:00:00,77880.18,78200.0,77857.97,78199.99,485.72824,60.210697757650216,455.79071764831315,462.64397041748225,77726.9835,79018.06953495422,76435.89746504578
2026-05-01 22:00:00,78200.0,78411.13,78144.7,78153.38,331.97786,59.32302188898025,430.6080296546279,456.2367822649114,77805.0255,78991.8683536155,76618.1826463845
2026-05-01 23:00:00,78153.37,78249.6,78043.28,78231.13,173.55448,60.37252359269042,412.17306863787235,447.4240395395036,77860.028,79016.94657639362,76703.1094236064
2026-05-02 00:00:00,78231.13,78393.39,78166.48,78341.75,211.29374,61.8795151582613,401.8569815889932,438.3106279494016,77924.99350000001,79033.51393996611,76816.47306003391
2026-05-02 01:00:00,78341.75,78441.31,78294.19,78355.0,400.98852,62.065601507251955,390.25199052118114,428.6989004637575,77984.44450000001,79048.20140797418,76920.68759202585
2026-05-02 02:00:00,78355.0,78513.7,78260.95,78353.93,283.69022,62.03926396053715,376.6270887954597,418.284538130098,78052.467,79018.95459523979,77085.97940476022
2026-05-02 03:00:00,78353.93,78514.82,78237.25,78400.0,300.16391,62.77177768628984,365.33536136025214,407.69470277612885,78115.94,78989.79656404656,77242.08343595345
2026-05-02 04:00:00,78399.99,78448.99,78123.53,78175.5,411.85061,56.999647368561526,334.41636851089424,393.03903592308194,78155.84150000001,78957.62727105437,77354.05572894565
2026-05-02 05:00:00,78175.5,78235.25,78040.0,78174.0,526.60294,56.961958230295814,306.2614154977491,375.6835118380154,78201.114,78885.62512753792,77516.60287246208
2026-05-02 06:00:00,78174.0,78363.21,78148.24,78327.8,366.5645,59.890434794316356,292.9814789148222,359.1431052533768,78252.287,78792.28909836354,77712.28490163645
2026-05-02 07:00:00,78327.8,78342.18,78207.2,78220.0,170.02066,56.964653756829094,270.63871972404013,341.44222814750947,78290.088,78683.76084753936,77896.41515246064
2026-05-02 08:00:00,78220.0,78356.51,78165.3,78315.37,204.83037,58.878600911271455,257.65737027571595,324.6852565731508,78311.056,78658.28428701364,77963.82771298636
2026-05-02 09:00:00,78315.36,78394.0,78220.0,78293.57,257.64077,58.24097977093986,242.81149967917008,308.3105051943547,78288.872,78572.27886138347,78005.46513861654
2026-05-02 10:00:00,78293.57,78311.97,78225.22,78249.3,136.41815,56.89355050774753,224.88152699322382,291.6247095541285,78283.3995,78565.34814269234,78001.45085730766
2026-05-02 11:00:00,78249.31,78249.31,78094.43,78143.08,269.24301,53.68428300610687,199.797684837642,273.25930461083124,78268.259,78545.95748510328,77990.56051489673
2026-05-02 12:00:00,78143.09,78262.37,78108.41,78211.24,182.77682,55.421970657277924,183.3054702161753,255.26853773190007,78268.103,78545.93244727641,77990.2735527236
2026-05-02 13:00:00,78211.24,78423.85,78211.24,78367.06,227.00487,59.19138183531768,180.7253536869248,240.35990092290504,78258.809,78507.41840024824,78010.19959975175
2026-05-02 14:00:00,78367.06,78484.42,78309.84,78423.98,190.15931,60.50515221933048,181.1849734581774,228.52491542995952,78258.813,78507.43358670149,78010.1924132985
2026-05-02 15:00:00,78423.98,78487.68,78365.96,78487.67,126.14054,61.98007693347434,184.5609721569199,219.73212677535162,78265.1965,78530.73653272819,77999.65646727182
2026-05-02 16:00:00,78487.67,78596.61,78430.07,78455.02,194.42514,60.72804521755379,182.49816803591966,212.28533502746524,78293.9385,78502.29188010794,78085.58511989207
2026-05-02 17:00:00,78455.02,78485.53,78368.24,78398.02,213.39843,58.506063649022565,174.2552512113616,204.67931826424453,78303.84,78512.21653984857,78095.46346015143
2026-05-02 18:00:00,78398.03,78493.31,78310.54,78466.62,118.15969,60.3847219764929,171.28367533786513,198.00018967896867,78319.50200000001,78527.34904301439,78111.65495698563
2026-05-02 19:00:00,78466.63,78521.68,78440.11,78486.0,182.05466,60.92299030702743,168.54954979209288,192.1100617015935,78332.24549999999,78548.36725218796,78116.12374781202
2026-05-02 20:00:00,78486.23,78491.26,78418.32,78451.38,61.92886,59.37107155139967,161.72492664607125,186.03303469048907,78337.727,78560.32773420546,78115.12626579453
2026-05-02 21:00:00,78451.37,79199.48,78439.51,78719.78,734.53837,66.49659601430494,175.94580678355123,184.0155891091015,78355.96599999999,78636.7095910079,78075.22240899208
2026-05-02 22:00:00,78719.78,78872.39,78610.46,78832.98,266.49012,68.96850652139246,194.11264100200788,186.0349994876828,78379.9185,78732.48632677419,78027.35067322581
2026-05-02 23:00:00,78832.98,78832.98,78631.9,78686.85,114.49221,62.55248224494943,194.47671178850578,187.72334194784742,78394.261,78772.66036496761,78015.86163503239
2026-05-03 00:00:00,78686.84,78754.55,78490.61,78542.32,233.96416,56.91310959554461,181.0162349199527,186.3819205422685,78412.602,78781.8034494833,78043.4005505167
2026-05-03 01:00:00,78542.33,78542.33,78152.25,78240.83,391.01401,47.327873227504696,144.3569298529037,177.97692240439554,78415.94350000001,78777.17604416038,78054.71095583963
2026-05-03 02:00:00,78240.84,78309.09,78108.75,78171.85,222.42918,45.44212334381971,108.4874808134482,164.0790340862061,78408.146,78783.83311984636,78032.45888015363
2026-05-03 03:00:00,78171.86,78217.59,78109.94,78203.08,200.3559,46.48180888484344,81.63959360802255,147.5911459905694,78407.3,78784.84266118167,78029.75733881834
2026-05-03 04:00:00,78203.07,78236.45,78120.0,78163.19,89.71363,45.294491921885665,56.492450143850874,129.3714068212257,78399.691,78790.92072639926,78008.46127360075
2026-05-03 05:00:00,78163.19,78260.75,78163.17,78249.42,98.09285,48.3649774580684,43.02523004919931,112.10217146682042,78397.4835,78791.72108934844,78003.24591065156
2026-05-03 06:00:00,78249.41,78337.26,78084.08,78288.3,306.94233,49.73489721323302,35.085211683879606,96.69877951023227,78399.4335,78790.96146554351,78007.90553445648
2026-05-03 07:00:00,78288.3,78483.67,78288.29,78363.25,299.42086,52.35889032457228,34.443485481038806,84.24772070439359,78410.442,78783.56977247921,78037.31422752078
2026-05-03 08:00:00,78363.24,78505.92,78363.24,78387.86,102.01693,53.222383412239544,35.51138107162842,74.50045277784055,78419.273,78780.72747934343,78057.81852065657
2026-05-03 09:00:00,78387.87,78604.67,78354.53,78529.57,293.1321,57.94877026024977,47.247864727251,69.04993516772264,78427.39850000001,78791.20964935113,78063.58735064889
2026-05-03 10:00:00,78529.57,78534.4,78406.97,78408.01,140.79481,53.001619014034176,46.207584232630325,64.48146498070417,78426.6,78790.51282924056,78062.68717075945
2026-05-03 11:00:00,78408.01,78849.22,78380.0,78656.01,412.8313,60.42465183618948,64.6494432840409,64.51506064137152,78435.01699999999,78812.4144827763,78057.61951722369
2026-05-03 12:00:00,78656.01,78878.77,78656.0,78747.09,294.28187,62.75147605445641,85.62708848633338,68.73746621036389,78449.62049999999,78852.05029854695,78047.19070145303
2026-05-03 13:00:00,78747.09,78769.63,78586.99,78670.01,196.40341,59.55996305115515,94.93792631164251,73.97755823061962,78463.22,78876.54318696869,78049.89681303132
2026-05-03 14:00:00,78670.01,78786.57,78608.7,78741.0,409.96615,61.5019723540198,106.81384852449992,80.54481628939568,78476.939,78908.54730668275,78045.33069331724
2026-05-03 15:00:00,78741.0,78815.19,78633.4,78668.36,237.20487,58.41098225127632,109.10645027503779,86.25714308652411,78486.057,78926.09392630422,78046.02007369578
2026-05-03 16:00:00,78668.36,78784.56,78600.0,78654.0,167.53902,57.79261820763597,108.51374281149765,90.70846303151882,78496.188,78942.15329771263,78050.22270228736
2026-05-03 17:00:00,78654.01,78822.83,78558.65,78725.76,357.9255,60.067648966134875,112.53719146187359,95.07420871758978,78496.487,78943.09105278492,78049.88294721507
2026-05-03 18:00:00,78725.76,78763.57,78631.61,78739.67,138.18974,60.51196680122313,115.51662055875931,99.1626910858237,78491.82149999999,78925.3837821679,78058.25921783208
2026-05-03 19:00:00,78739.68,78853.32,78676.67,78760.32,252.60944,61.20213399887536,118.18179582772427,102.96651203420382,78495.49500000001,78937.18377733408,78053.80622266594
2026-05-03 20:00:00,78760.32,79268.0,78732.04,78915.99,645.7979,66.02317822962742,131.34121467574732,108.64145256251253,78514.17850000001,78994.15977969281,78034.19722030721
2026-05-03 21:00:00,78915.99,79056.59,78650.0,78831.59,357.48617,61.557029936793434,133.42177115580125,113.59751628117027,78543.7165,79025.57593048814,78061.85706951185
2026-05-03 22:00:00,78831.6,79447.0,78831.6,79177.29,934.95879,70.39172297261612,161.1085687267332,123.09972677028286,78593.9885,79120.24251760481,78067.7344823952
2026-05-03 23:00:00,79177.29,79287.82,78484.42,78568.57,642.72198,49.02647031367469,132.4056486614718,124.96091114852065,78612.263,79105.72299256164,78118.80300743837
2026-05-04 00:00:00,78568.58,78572.57,78288.88,78547.14,434.86007,48.4687232397773,106.69919392475276,121.30856770376708,78631.4605,79079.10737584492,78183.81362415508
2026-05-04 01:00:00,78547.15,79848.84,78412.49,79769.43,1366.42153,69.6658005092147,182.8474793142086,133.6163500258554,78707.46100000001,79353.96411436397,78060.95788563605
2026-05-04 02:00:00,79769.43,80420.9,79540.05,80173.3,2278.14954,73.53894932302038,272.64163476960675,161.42140697460567,78801.711,79693.8599839226,77909.5620160774
2026-05-04 03:00:00,80173.3,80458.0,79926.9,80316.31,1012.18218,74.76752251668512,351.2943590179202,199.3959973832686,78899.364,79994.01188948614,77804.71611051387
2026-05-04 04:00:00,80316.3,80635.51,80233.04,80332.06,1362.02834,74.90570968057702,410.16991950856755,241.5507818083284,78996.574,80235.73265461369,77757.4153453863
2026-05-04 05:00:00,80332.06,80395.96,79956.25,80027.26,746.81318,67.23203864320615,427.30866439999954,278.70235832666265,79071.4585,80371.31755644621,77771.59944355377
2026-05-04 06:00:00,80027.26,80048.64,79500.0,79877.9,1103.73906,63.783759663224245,423.9520837377204,307.75230340887424,79144.953,80453.0584674714,77836.84753252858
2026-05-04 07:00:00,79877.91,79946.33,79672.0,79696.75,419.83178,59.77911218437409,402.04020904521167,326.60988453614175,79196.98999999999,80506.00105911585,77887.97894088413
2026-05-04 08:00:00,79696.75,79800.0,79602.32,79708.3,435.36516,59.95176192118755,381.2124985704868,337.5304073430108,79245.0505,80555.0930022524,77935.0079977476
2026-05-04 09:00:00,79708.3,79930.0,79647.87,79838.48,473.40316,61.93505302308147,370.9349191550282,344.2113097054143,79303.474,80609.75234842248,77997.19565157752
2026-05-04 10:00:00,79838.49,79880.0,78202.0,78940.26,4380.72428,45.27476819659137,287.0026285115164,332.7695734666347,79313.437,80604.60432322162,78022.2696767784
2026-05-04 11:00:00,78940.27,79124.83,78708.87,78793.67,699.54546,43.23092873058115,206.27923694167112,307.471506161642,79319.70249999998,80598.84985476348,78040.55514523649
2026-05-04 12:00:00,78793.67,79020.0,78718.55,78857.18,426.01688,44.40197052759709,145.7499787380366,275.12720067692095,79329.8615,80589.8312929606,78069.8917070394
2026-05-04 13:00:00,78857.18,79124.83,78581.74,78790.0,725.07004,43.38253881141553,91.30671400600113,238.363103342737,79333.0735,80586.8714274838,78079.2755725162
2026-05-04 14:00:00,78790.01,80545.17,78500.0,80216.16,2308.42012,62.871133488516605,161.3789514494856,222.96627296408673,79406.898,80687.1740245755,78126.6219754245
2026-05-04 15:00:00,80216.15,80367.93,79320.28,80028.85,2458.63305,59.95227400214545,199.49766794851166,218.27255196097173,79470.3245,80741.38370048591,78199.2652995141
2026-05-04 16:00:00,80028.85,80395.68,79619.33,80025.03,1492.78417,59.891206235011055,226.7845521805284,219.97495200488308,79525.77649999999,80791.76665134399,78259.786348656
2026-05-04 17:00:00,80025.03,80776.99,80021.5,80390.81,1080.11249,63.7037069115217,274.75775718077784,230.93151304006204,79603.7375,80881.71305858318,78325.76194141683
2026-05-04 18:00:00,80390.8,80439.18,80035.32,80114.91,663.99913,59.13755728852298,287.2033422130917,242.185878874668,79650.61850000001,80931.51338051181,78369.72361948821
2026-05-04 19:00:00,80114.91,80138.0,79900.0,80053.31,505.59924,58.13561796474904,288.7672240223037,251.50214790419514,79724.85549999999,80910.23968336506,78539.47131663492
2026-05-04 20:00:00,80053.31,80154.12,79901.0,79936.7,459.51864,56.19467414935419,277.39947075006785,256.6816124733697,79794.3335,80844.21718667833,78744.44981332165
2026-05-04 21:00:00,79936.7,80383.15,79936.7,80259.17,343.30642,60.15625918679122,291.05596638293355,263.55648325528244,79818.8205,80888.90907114171,78748.7319288583
2026-05-04 22:00:00,80259.18,80397.19,80042.84,80067.23,272.35375,56.86008303210073,283.12716989719775,267.4706205836655,79813.517,80877.24078532295,78749.79321467706
2026-05-04 23:00:00,80067.22,80067.22,79744.91,79861.01,594.08368,53.47015109776083,257.2380311132438,265.42410268958116,79790.75200000001,80828.3356569081,78753.16834309192
2026-05-05 00:00:00,79861.01,80183.33,79808.72,80170.66,425.73287,57.561517031933924,258.7244547883456,264.0841731093341,79782.682,80804.93621740316,78760.42778259685
2026-05-05 01:00:00,80170.66,80385.06,80080.76,80352.0,530.02962,59.79130647544678,271.40647385244665,265.5486332579566,79798.919,80847.5069515257,78750.33104847428
2026-05-05 02:00:00,80351.99,80900.0,80300.0,80554.68,768.44478,62.18293534793955,294.41778253397206,271.3224631131597,79832.758,80934.41554730087,78731.10045269913
2026-05-05 03:00:00,80554.69,81083.98,80457.93,80893.08,677.93372,65.83667881421329,336.08626902196556,284.27522429492086,79892.5745,81088.97776891803,78696.17123108197
2026-05-05 04:00:00,80893.08,80982.59,80725.0,80902.44,528.94138,65.93471635820016,365.6491428342415,300.550008002785,79952.2815,81226.61364159046,78677.94935840953
2026-05-05 05:00:00,80902.44,81323.52,80830.06,80970.0,1011.38606,66.67801222044724,390.03339846683957,318.4466860955959,80008.8575,81360.06863095668,78657.64636904332
2026-05-05 06:00:00,80969.99,81016.42,80800.0,80976.0,389.83367,66.74740615727575,405.1716796779365,335.79168481206403,80110.6445,81429.22961514362,78792.05938485637
2026-05-05 07:00:00,80976.0,81136.59,80826.0,80855.59,1044.4323,63.87264659807107,402.8094592059788,349.195239690847,80213.7405,81416.0727172409,79011.4082827591
2026-05-05 08:00:00,80855.59,80895.5,80723.2,80815.24,474.4579,62.89507308620632,393.14949206463643,357.98609016560494,80311.64349999999,81357.58386491815,79265.70313508183
2026-05-05 09:00:00,80815.24,80815.24,80527.76,80586.02,865.34761,57.51022752617379,362.8154495229537,358.9519620370747,80401.4445,81168.53847677556,79634.35052322444
2026-05-05 10:00:00,80586.02,80831.87,80530.82,80823.61,521.10422,61.21670731550754,353.8678612122603,357.93514187211184,80431.81700000001,81215.93583391162,79647.6981660884
2026-05-05 11:00:00,80823.61,81095.48,80780.0,81014.05,623.66253,63.93256603990129,358.0167551430495,357.9514645262994,80481.07699999999,81282.20555309195,79679.94844690803
2026-05-05 12:00:00,81014.05,81329.61,80932.54,81279.41,607.82057,67.36218264932356,378.3556691327831,362.0323054475961,80543.796,81389.74813336179,79697.84386663821
2026-05-05 13:00:00,81279.4,81712.32,81196.0,81330.0,1771.4169,67.98716586921738,394.01463970441546,368.42877229896,80590.7555,81502.65051096141,79678.86048903859
2026-05-05 14:00:00,81330.0,81500.0,80939.87,81336.59,1282.91373,68.07293118999996,402.3185666228819,375.2067311637444,80651.83949999999,81592.73375410958,79710.9452458904
2026-05-05 15:00:00,81336.59,81689.2,81235.0,81525.19,899.04049,70.50811154575594,419.2846795462101,384.02232084023757,80725.43350000001,81698.89952508648,79751.96747491354
2026-05-05 16:00:00,81525.19,81615.33,81050.04,81285.75,707.45267,63.849699880344524,408.69841839444416,388.95754035107893,80792.88600000001,81722.19006734397,79863.58193265606
2026-05-05 17:00:00,81285.75,81458.26,81185.02,81270.6,280.80669,63.44146942118071,394.5382603023754,390.07368434133826,80843.45749999999,81760.47062628038,79926.4443737196
2026-05-05 18:00:00,81270.61,81599.0,81270.61,81515.0,427.56223,67.09627943063256,398.444253132795,391.7477980996296,80915.84599999999,81802.94362108216,80028.74837891782
2026-05-05 19:00:00,81515.0,81680.0,81407.58,81606.35,364.63717,68.3691351382188,404.2510081636574,394.2484401124352,81003.113,81791.15275329284,80215.07324670715
2026-05-05 20:00:00,81606.35,81770.0,81510.13,81646.38,724.67261,68.93622273850126,407.38688736830954,396.8761295636101,81076.899,81811.27428923247,80342.52371076753
2026-05-05 21:00:00,81646.39,81791.48,81305.27,81407.11,618.58873,61.80373330084752,386.114121646955,394.72372798027914,81129.6545,81792.91700253586,80466.39199746415
2026-05-05 22:00:00,81407.11,81600.0,80817.72,81111.27,921.88572,54.32017506613864,341.44749184649845,384.06848075352303,81157.48400000001,81763.39508298834,80551.57291701168
2026-05-05 23:00:00,81111.27,81222.03,80790.0,80905.52,479.07578,49.80348014286044,286.1480241470272,364.4843894322239,81158.106,81762.89875036005,80553.31324963995
2026-05-06 00:00:00,80905.53,81262.28,80731.14,81030.01,876.19915,52.38334967669345,249.49211043209652,341.48593363219845,81164.4845,81760.55188635891,80568.4171136411
2026-05-06 01:00:00,81030.0,81534.23,80996.0,81439.34,803.82574,59.714850776799686,250.58298019468202,323.3053429446952,81187.9515,81788.7167815138,80587.1862184862
2026-05-06 02:00:00,81439.34,81449.04,81047.01,81363.54,621.19491,57.935907141069414,242.53528009192087,307.15133037414034,81207.3285,81804.2968773506,80610.3601226494
2026-05-06 03:00:00,81363.54,81760.84,81358.17,81581.69,710.52364,61.49146333893881,250.8684463351383,295.89475356633994,81243.6335,81838.84755379103,80648.41944620897
2026-05-06 04:00:00,81581.7,81649.99,81270.0,81331.1,575.6413,55.670263617888196,234.54829514297307,283.6254618816666,81269.4265,81830.18777343845,80708.66522656156
2026-05-06 05:00:00,81331.1,81360.3,81060.0,81333.0,592.1865,55.70450346321359,219.24050380845438,270.7484702670242,81306.7755,81766.2376379819,80847.3133620181
2026-05-06 06:00:00,81333.0,81516.9,81211.34,81476.71,524.1354,58.32640105783282,216.2127983035316,259.8413358743257,81339.43049999999,81743.84112262455,80935.01987737542
2026-05-06 07:00:00,81476.71,81611.0,81307.81,81359.82,608.74333,55.4513640632239,202.0521424429462,248.2834971880498,81356.71900000001,81731.00236797285,80982.43563202718
2026-05-06 08:00:00,81359.82,81986.0,81328.68,81945.66,1353.41416,64.81291651354846,235.38869819384126,245.70453738920813,81390.0315,81845.20030725043,80934.86269274956
2026-05-06 09:00:00,81945.66,82060.0,81682.7,81997.0,1096.7335,65.4971896055971,262.9200886175531,249.14764763487713,81423.38149999999,81951.86713864285,80894.89586135713
2026-05-06 10:00:00,81997.0,82390.0,81953.25,82290.04,1302.85091,69.18117570239946,304.8704362302233,260.2922053539464,81471.054,82123.9458552702,80818.16214472981
2026-05-06 11:00:00,82290.03,82850.0,82261.6,82522.89,1435.93329,71.76130872021483,352.83813950247713,278.8013921836525,81520.939,82325.9796893439,80715.89831065609
2026-05-06 12:00:00,82522.88,82539.33,82164.61,82220.47,820.9281,64.23911476382263,362.27405358185933,295.4959244632939,81567.675,82422.23239358758,80713.11760641243
2026-05-06 13:00:00,82220.47,82220.47,81600.0,81670.89,1247.90169,53.30408929750203,321.6972449137684,300.7361885533888,81587.68950000001,82431.63546813047,80743.74353186955
2026-05-06 14:00:00,81670.9,81980.72,81136.0,81526.73,1615.07708,50.85850639125614,274.74028946255567,295.5370087352222,81588.276,82432.02555175628,80744.52644824372
2026-05-06 15:00:00,81526.74,81823.0,81316.28,81704.25,824.75333,53.67693077806687,248.98084813223977,286.2257766146257,81593.171,82438.49650972639,80747.84549027361
2026-05-06 16:00:00,81704.25,81907.51,81431.16,81630.94,983.55485,52.3418494763294,220.11346990328457,273.0033152723575,81592.399,82437.54808838898,80747.24991161103
2026-05-06 17:00:00,81630.94,81709.32,81394.0,81452.63,417.39237,49.14033607151889,180.7640029728791,254.55545281246182,81594.675,82437.96622383576,80751.38377616425
2026-05-06 18:00:00,81452.63,81559.17,81271.06,81353.14,451.84587,47.398298852644515,139.93813568582118,231.6319893871337,81606.76849999999,82427.50618183166,80786.03081816832
2026-05-06 19:00:00,81353.15,81522.41,81200.0,81464.87,517.12437,49.5608296110433,115.27025521095493,208.35964255189796,81634.736,82390.40109300335,80879.07090699665
2026-05-06 20:00:00,81464.86,81700.0,81302.35,81427.52,436.46876,48.83801651609015,91.65045990773069,185.0178060230645,81654.6115,82362.72024221378,80946.50275778622
2026-05-06 21:00:00,81427.52,81618.77,81294.64,81539.16,310.38464,51.13217975840782,81.00622757719248,164.2154903338901,81659.60250000001,82362.71205720669,80956.49294279332
2026-05-06 22:00:00,81539.16,81540.91,81240.0,81342.39,229.58883,47.12148463268831,56.046829283150146,142.5817581237421,81658.54500000001,82363.59040875683,80953.49959124319
2026-05-06 23:00:00,81342.39,81447.3,81000.0,81447.01,442.37224,49.39430568978101,44.198789830174064,122.9051644650285,81651.81100000002,82362.4972976652,80941.12470233483
2026-05-07 00:00:00,81447.01,81490.03,80980.0,81016.96,407.52958,41.49833415245315,0.10646501851442736,98.3454245757257,81636.104,82389.25211078815,80882.95588921187
2026-05-07 01:00:00,81016.96,81284.67,80830.23,81167.8,565.39571,44.82965631088926,-22.407196472297073,74.19490036612115,81627.84400000001,82398.41103855672,80857.2769614433
2026-05-07 02:00:00,81167.79,81180.74,80883.54,81113.34,749.95215,43.85859005383679,-44.13513984576275,50.52889232374437,81609.6755,82411.73802631149,80807.6129736885
2026-05-07 03:00:00,81113.35,81113.35,80834.61,80834.91,345.29566,39.1852330191287,-82.86643291790097,23.849827275415304,81583.43000000001,82451.54989109465,80715.31010890537
2026-05-07 04:00:00,80834.92,80989.59,80725.09,80979.19,387.82747,42.59851533315639,-100.75760061922483,-1.0716583035127232,81535.10650000001,82425.63501036212,80644.5779896379
2026-05-07 05:00:00,80979.19,81172.27,80974.06,81088.0,355.34634,45.10101946489133,-104.94666248642898,-21.846659140095976,81489.65650000001,82373.68906059308,80605.62393940694
2026-05-07 06:00:00,81088.0,81443.21,80874.41,81438.61,613.68575,52.31498081688107,-79.06382876429416,-33.29009306493561,81447.08499999999,82246.81321629944,80647.35678370054
2026-05-07 07:00:00,81438.62,81708.32,81390.3,81518.58,681.98013,53.80599784209522,-51.504869822296314,-36.93304841640776,81396.8695,82018.45626456404,80775.28273543596
2026-05-07 08:00:00,81518.57,81590.0,81194.74,81231.24,647.38206,47.99858440930408,-52.24785219170735,-39.996009171467676,81347.408,81836.32615071328,80858.4898492867
2026-05-07 09:00:00,81231.25,81231.25,80852.33,80929.0,659.04219,42.76948806775227,-76.3448571570043,-47.265778768575004,81310.3135,81808.38328215275,80812.24371784726
2026-05-07 10:00:00,80929.0,80997.0,80572.4,80850.75,690.56353,41.50866521674375,-100.59641538158758,-57.93190609117752,81276.5145,81803.64460948257,80749.38439051744
2026-05-07 11:00:00,80850.76,81041.15,80786.5,80866.65,367.10915,41.88356607837085,-117.18214999763586,-69.78195487246919,81234.63450000001,81751.67400494174,80717.59499505829
2026-05-07 12:00:00,80866.65,81180.0,80846.87,81162.01,429.19223,48.488498170331994,-105.27978082220943,-76.88152006241724,81211.188,81693.95159854033,80728.42440145966
2026-05-07 13:00:00,81162.0,81162.01,80260.98,80503.68,1211.56578,38.09589714557664,-147.27114650160365,-90.95944535025453,81163.7405,81726.49431416254,80600.98668583746
2026-05-07 14:00:00,80503.69,80685.7,80046.0,80171.38,1538.09475,34.120567510424365,-205.0003230709117,-113.76762089438597,81104.6525,81813.0035383706,80396.3014616294
2026-05-07 15:00:00,80171.37,80271.42,79699.52,79890.63,1647.8103,31.161919818696944,-270.2895602910721,-145.0720087737232,81025.9405,81896.94090168373,80154.94009831626
2026-05-07 16:00:00,79890.0,80020.0,79646.79,79801.08,1424.92395,30.260587645071894,-325.5054634089611,-181.1586997007708,80944.6185,81950.945837107,79938.29116289299
2026-05-07 17:00:00,79801.08,80135.17,79500.0,80094.52,919.74045,36.71962935976828,-341.6480033057742,-213.2565604217715,80872.3865,81906.04515257364,79838.72784742634
2026-05-07 18:00:00,80094.52,80269.06,80004.4,80200.59,527.27769,38.921716826809096,-341.94044335820945,-238.9933370090591,80815.2965,81865.64585372062,79764.94714627937
2026-05-07 19:00:00,80200.6,80224.0,79934.3,80146.11,443.20216,38.18668403899141,-342.6187887741107,-259.71842736206946,80750.2515,81797.00004651926,79703.50295348074
2026-05-07 20:00:00,80146.77,80371.23,79859.51,79879.99,400.51449,34.73589567754313,-360.4747142279084,-279.8696847352373,80693.403,81800.89695470898,79585.90904529103
2026-05-07 21:00:00,79880.0,79934.92,79660.0,79735.01,401.75461,32.9869978703058,-381.92178158654133,-300.28010410549814,80621.7635,81784.05695450142,79459.47004549859
2026-05-07 22:00:00,79735.0,79990.0,79582.95,79919.01,495.14556,37.30156325770643,-379.6945918351994,-316.1630016514384,80562.04699999999,81740.60925276075,79383.48474723923
2026-05-07 23:00:00,79919.0,80068.03,79871.98,80006.0,244.47169,39.29160827005239,-366.68326548488403,-326.26705441812754,80520.60149999999,81716.92676225667,79324.27623774331
2026-05-08 00:00:00,80006.0,80142.84,79729.72,79831.99,958.06006,36.77699074999064,-366.1916193074576,-334.2519673959936,80463.2415,81676.87034518758,79249.61265481243
2026-05-08 01:00:00,79831.98,79900.11,79612.63,79740.01,539.33838,35.48424941256383,-368.9707384640933,-341.19572160961354,80395.84199999999,81613.09843997631,79178.58556002367
2026-05-08 02:00:00,79740.01,79761.61,79316.99,79488.46,1066.54641,32.15532489641015,-387.00998294905,-350.3585738775009,80298.33450000001,81475.66069762147,79121.00830237856
2026-05-08 03:00:00,79488.47,79666.66,79181.48,79578.85,529.79179,34.532043986347375,-389.52232568855106,-358.1913242397109,80201.348,81269.99120035925,79132.70479964075
2026-05-08 04:00:00,79578.84,79748.0,79551.26,79655.23,317.73705,36.55462536549975,-380.9586930692021,-362.7447980056092,80122.5475,81099.96287129483,79145.13212870517
2026-05-08 05:00:00,79655.22,79778.95,79600.0,79600.01,307.79364,35.69601063190866,-374.31289893074427,-365.05841819063625,80056.098,80982.01011602406,79130.18588397594
2026-05-08 06:00:00,79600.01,79654.0,79411.0,79525.76,792.09671,34.5218309531941,-370.7634830224997,-366.199431157009,79989.8485,80864.55080598882,79115.14619401116
2026-05-08 07:00:00,79525.77,79727.0,79248.58,79682.4,992.93778,39.07487845859077,-351.2618781596393,-363.21192055753505,79930.636,80710.6313975721,79150.6406024279
2026-05-08 08:00:00,79682.4,79987.27,79666.05,79886.01,628.59636,44.47921477082567,-315.73746548181225,-353.7170295423905,79866.836,80388.80931008786,79344.86268991213
2026-05-08 09:00:00,79886.0,80061.17,79794.88,79872.72,481.81051,44.203592636460314,-285.36697161190386,-340.0470179562932,79835.288,80262.94390278787,79407.63209721213
2026-05-08 10:00:00,79872.72,80278.92,79788.01,80212.56,650.80764,52.33700043066817,-231.21063628235424,-318.2797416215054,79837.347,80272.15294656495,79402.54105343504
2026-05-08 11:00:00,80212.55,80340.94,80127.54,80231.22,586.98252,52.744326397574085,-184.65703297535947,-291.5551998922763,79854.3765,80323.30894664075,79385.44405335924
2026-05-08 12:00:00,80231.22,80500.0,79966.14,80025.82,831.54339,47.892535859995384,-162.4642436838476,-265.73700865059055,79865.6135,80339.90870922254,79391.31829077748
2026-05-08 13:00:00,80025.81,80095.99,79549.54,79647.8,1091.58342,40.50738282546843,-173.3807279291359,-247.26575250629963,79843.2775,80314.24678902094,79372.30821097906
2026-05-08 14:00:00,79647.81,80441.79,79647.8,80150.97,1005.3745,51.27720444426313,-139.8187628457672,-225.77635457419316,79840.7965,80304.30410690611,79377.28889309388
2026-05-08 15:00:00,80150.97,80200.0,79625.0,80142.14,812.90032,51.102373960829965,-112.63478720671264,-203.14804110069707,79840.598,80303.55814755148,79377.63785244852
2026-05-08 16:00:00,80142.13,80182.18,79741.3,79802.34,665.763,44.77560933888556,-117.15976598286943,-185.95038607713155,79836.71549999999,80299.58707143985,79373.84392856013
2026-05-08 17:00:00,79802.35,80261.87,79738.75,80060.0,1502.98426,49.84613854865334,-98.81574917236867,-168.52345869617898,79852.965,80323.5567818705,79382.37321812949
2026-05-08 18:00:00,80060.0,80299.99,80059.99,80078.4,470.37331,50.19780130585355,-81.84974455818883,-151.18871586858094,79860.9345,80341.52792881032,79380.34107118969
2026-05-08 19:00:00,80078.39,80181.66,79954.54,80179.94,408.77976,52.1900533427924,-59.52447319883504,-132.85586733463177,79869.63149999999,80367.27128976224,79371.99171023774
2026-05-08 20:00:00,80180.0,80299.93,80089.76,80133.09,330.63666,51.172885116436625,-45.09214409165725,-115.30312268603687,79884.6865,80395.57342741864,79373.79957258135
2026-05-08 21:00:00,80133.08,80264.0,80116.32,80263.99,269.62208,53.877659926340215,-22.828727906919084,-96.80824373021332,79910.8855,80443.79963415685,79377.97136584316
2026-05-08 22:00:00,80264.0,80409.09,80238.42,80262.0,318.15524,53.82884156510561,-5.284470464117476,-78.50348907699416,79949.5625,80465.39761968047,79433.72738031953
2026-05-08 23:00:00,80262.0,80299.27,80111.02,80193.17,441.0953,52.071391352139266,3.0305400163051672,-62.196683258334296,79980.2785,80475.93442672955,79484.62257327045
2026-05-09 00:00:00,80193.18,80240.87,80129.85,80238.76,206.53644,53.16218139141565,13.14742241530621,-47.1278621236062,80009.455,80493.100386519,79525.809613481
2026-05-09 01:00:00,80238.75,80446.58,80217.46,80327.75,266.81337,55.30065454897905,28.022843982442282,-32.0977209023965,80045.842,80508.84644652873,79582.83755347128
2026-05-09 02:00:00,80327.75,80477.47,80327.75,80417.87,231.63268,57.42081694389852,46.5470877289772,-16.368759176121763,80090.4475,80512.57216145885,79668.32283854113
2026-05-09 03:00:00,80417.88,80550.67,80307.76,80383.95,388.12699,56.33767291105173,57.82406402351626,-1.5301945361941598,80125.525,80520.60824951665,79730.44175048334
2026-05-09 04:00:00,80383.96,80666.66,80373.55,80379.9,404.43634,56.20135669976652,65.67726124546607,11.911296620137886,80150.21949999999,80544.00651577754,79756.43248422245
2026-05-09 05:00:00,80379.9,80480.49,80343.0,80379.49,360.73513,56.186535124254625,71.04888572140771,23.738814440391852,80175.55799999999,80559.24982083963,79791.86617916035
2026-05-09 06:00:00,80379.5,80428.01,80201.6,80263.92,270.37474,52.02187546237217,65.22849024561583,32.036749601436654,80178.126,80563.54416418873,79792.70783581128
2026-05-09 07:00:00,80263.93,80309.05,80135.0,80228.89,445.94164,50.7929365528913,57.13059076748323,37.05551783464597,80178.0095,80563.36149371248,79792.65750628752
2026-05-09 08:00:00,80228.88,80452.44,80220.0,80407.12,297.06841,56.43234818678905,64.35279954365978,42.51497417644873,80197.0745,80588.40616666128,79805.74283333872
2026-05-09 09:00:00,80407.12,80415.83,80214.0,80242.53,211.41081,50.65849242512764,56.148173376364866,45.24161401643196,80226.811,80520.64080602338,79932.98119397662
2026-05-09 10:00:00,80242.54,80346.94,80166.26,80264.02,234.54075,51.35827707488938,50.794484232450486,46.352188059635665,80232.4635,80524.49429256775,79940.43270743225
2026-05-09 11:00:00,80264.01,80366.07,80256.95,80345.46,266.71827,54.019676462862755,52.51778209141048,47.58530686599063,80242.6295,80535.57546100444,79949.68353899555
2026-05-09 12:00:00,80345.47,80416.21,80274.03,80397.97,357.45715,55.702614528836506,57.458282897248864,49.55990207224228,80272.411,80487.70488414424,80057.11711585574
2026-05-09 13:00:00,80397.97,80422.0,80318.7,80391.18,341.73909,55.42014202166596,60.13259796852071,51.674441251497974,80288.97,80485.6118338702,80092.3281661298
2026-05-09 14:00:00,80391.18,80426.9,80254.71,80332.22,322.24573,52.91103467197157,56.83922546917165,52.707398095032715,80301.661,80472.09861594469,80131.2233840553
2026-05-09 15:00:00,80332.23,80600.0,80234.0,80527.92,418.47876,59.47014183245632,69.22260342015943,56.01043916005806,80319.06,80507.29573609619,80130.8242639038
2026-05-09 16:00:00,80527.92,80777.0,80487.4,80625.01,546.55445,62.2774794251133,85.88088981002511,61.984529290051476,80343.65599999999,80556.51947782589,80130.79252217409
2026-05-09 17:00:00,80625.0,80928.56,80625.0,80812.7,430.13867,67.0315861516392,112.92597584414762,72.17281860087071,80371.0915,80666.25534569925,80075.92765430074
2026-05-09 18:00:00,80812.69,81080.0,80787.39,80907.65,339.35386,69.14977682427822,140.4025990806258,85.81877469682173,80403.374,80778.65745147385,80028.09054852615
2026-05-09 19:00:00,80907.66,80958.0,80776.99,80938.53,217.80867,69.8287113034161,162.79320020231535,101.21365979792046,80440.64199999999,80871.89649166315,80009.38750833683
2026-05-09 20:00:00,80938.53,80938.53,80744.98,80805.5,144.14004,63.35967649047693,167.86842102184892,114.54461204270615,80468.97899999999,80918.47283945512,80019.48516054486
2026-05-09 21:00:00,80805.51,80896.0,80744.98,80780.83,149.85415,62.2087146345745,167.96372598275775,125.22843483071648,80491.633,80956.56168090395,80026.70431909605
2026-05-09 22:00:00,80780.83,80823.24,80670.01,80782.38,199.54802,62.255107735510165,166.24792529990373,133.43233292455395,80509.8585,80990.91067637762,80028.80632362238
2026-05-09 23:00:00,80782.38,80850.0,80621.88,80678.4,496.76761,57.18361139738655,154.7143729096424,137.68874092157165,80524.58099999999,81007.42813274795,80041.73386725203
2026-05-10 00:00:00,80678.41,80770.51,80610.64,80680.04,346.27712,57.24277428515553,144.04581336844421,138.9601554109462,80539.588,81022.1583412166,80057.01765878341
2026-05-10 01:00:00,80680.03,80690.73,80572.77,80685.56,410.62072,57.45586227351855,134.48604947299464,138.06533422335588,80554.8915,81035.49302013451,80074.28997986548
2026-05-10 02:00:00,80685.55,80790.0,80611.0,80777.42,290.59888,60.94411528555966,132.7914646606223,137.01056031080915,80580.5665,81050.46347806833,80110.66952193168
2026-05-10 03:00:00,80777.42,80887.15,80709.59,80775.0,284.77121,60.802677787105495,129.75745701947017,135.55993965254137,80607.872,81054.62196566537,80161.12203433464
2026-05-10 04:00:00,80774.99,80840.0,80722.78,80759.93,253.45188,59.870860296541515,124.69950280468038,133.3878522829692,80625.5125,81066.7136836625,80184.3113163375
2026-05-10 05:00:00,80759.93,80816.52,80682.0,80700.77,372.73913,56.22785924069393,114.59632496909762,129.6295468201949,80648.4245,81051.86149758054,80244.98750241945
2026-05-10 06:00:00,80700.76,80753.04,80658.97,80733.75,211.5502,57.770507214224665,108.00567196437623,125.30477184903117,80671.911,81033.66055279932,80310.16144720066
2026-05-10 07:00:00,80733.75,80827.14,80720.1,80736.03,400.67517,57.88102082322588,101.79310141121096,120.60243776146713,80691.43950000001,81019.59599492923,80363.28300507079
2026-05-10 08:00:00,80736.03,80909.65,80715.33,80830.33,252.36808,62.27801566406973,103.28817460847495,117.1395851308687,80713.05750000001,81015.79282633754,80410.32217366248
2026-05-10 09:00:00,80830.34,80913.8,80756.53,80807.96,237.31778,60.66022940488959,101.49795361363795,114.01125882742255,80733.8965,80998.29146001661,80469.5015399834
2026-05-10 10:00:00,80807.95,80883.48,80691.0,80873.79,279.49023,63.6525166198747,104.1900829924416,112.04702366042638,80760.975,80953.25143375076,80568.69856624925
2026-05-10 11:00:00,80873.8,80975.4,80750.0,80821.21,339.53296,59.743702675690145,100.91753383917967,109.82112569617705,80775.6395,80934.9942840054,80616.28471599461
2026-05-10 12:00:00,80821.21,80950.0,80784.2,80927.72,235.68491,64.49945208121979,105.70003767819435,108.99690809258051,80790.775,80947.36955803931,80634.18044196068
2026-05-10 13:00:00,80927.71,81000.01,80865.44,80971.67,254.25083,66.27018194516145,111.748437692484,109.54721401256121,80798.7235,80974.91570156637,80622.53129843362
2026-05-10 14:00:00,80971.66,80999.36,80816.22,80990.11,372.4586,67.01360969827203,116.68472331402882,110.97471587285474,80802.8465,80993.07149912685,80612.62150087315
2026-05-10 15:00:00,80990.11,81442.81,80936.0,81418.01,780.28503,78.72938217561652,153.35691605666943,119.4511559096177,80826.8205,81157.8165820029,80495.82441799711
2026-05-10 16:00:00,81418.01,81500.0,81200.0,81378.25,595.22707,76.0273244950476,177.16929594271642,130.99478391623745,80855.45800000001,81267.79925661469,80443.11674338534
2026-05-10 17:00:00,81378.25,81583.11,81220.0,81476.18,599.74468,78.02759794981185,201.61877538684348,145.11958221035866,80890.2255,81385.07712334018,80395.37387665983
2026-05-10 18:00:00,81476.18,81493.11,81231.14,81271.96,268.90805,65.71368958533046,202.18564645689912,156.53279505966677,80914.70449999999,81434.88205291248,80394.5269470875
2026-05-10 19:00:00,81271.96,81481.92,81148.0,81437.83,334.34752,69.87246557058207,213.5574611533084,167.9377282783951,80952.676,81509.78527528993,80395.56672471008
2026-05-10 20:00:00,81437.83,81459.66,80279.77,80734.88,1021.73969,44.97492323699047,163.95751584532263,167.14168579178062,80955.41799999999,81507.3934713766,80403.44252862337
2026-05-10 21:00:00,80734.88,80944.44,80571.97,80720.47,691.73163,44.623894950112074,122.07918244625034,158.12918512267456,80957.1635,81505.75627618511,80408.57072381488
2026-05-10 22:00:00,80720.47,82171.96,80666.66,82044.49,1804.86462,68.7546943443653,193.49713568120205,165.20277523438006,81020.517,81745.88145060503,80295.15254939499
2026-05-10 23:00:00,82044.49,82479.32,82044.49,82210.07,1395.68283,70.48675946818994,260.45493795153743,184.25320777781155,81092.2705,81980.91417161514,80203.62682838486
2026-05-11 00:00:00,82210.07,82380.0,81280.0,81471.13,1294.00066,55.658318231664666,250.99982647727302,197.60253151770385,81127.83050000001,82017.39692573584,80238.26407426418
2026-05-11 01:00:00,81471.13,81744.85,81291.23,81501.72,495.92379,56.070321785062745,243.17180664441548,206.71638654304618,81167.878,82048.56513184748,80287.19086815251
2026-05-11 02:00:00,81501.73,81572.4,81117.64,81169.08,491.97068,50.568019749862785,207.7321693777194,206.91954310998085,81189.64450000001,82046.34630022709,80332.94269977293
2026-05-11 03:00:00,81169.09,81188.97,80525.0,80736.01,857.95581,44.45197381052562,143.05185904765676,194.14600629751604,81189.6435,82046.34752969981,80332.9394703002
2026-05-11 04:00:00,80736.0,80879.12,80639.99,80824.61,378.47076,45.89376514355178,97.81398788822116,174.87960261565706,81189.3575,82046.57026027703,80332.14473972296
2026-05-11 05:00:00,80824.61,80981.8,80761.73,80832.33,423.68877,46.0252249177676,61.87236247397959,152.27815458732158,81190.576,82045.57246545512,80335.57953454489
2026-05-11 06:00:00,80832.34,81049.51,80762.0,80822.86,296.00491,45.87797090703491,32.25242959988827,128.2730095898349,81188.02949999999,82047.29136613657,80328.7676338634
2026-05-11 07:00:00,80822.86,80840.3,80663.11,80740.4,496.93812,44.54163570343362,2.100374731584452,103.03848261818483,81183.989,82051.2364478691,80316.7415521309
2026-05-11 08:00:00,80740.4,80863.42,80621.87,80767.97,463.92135,45.11724163054258,-19.347649734831066,78.56125614758166,81176.0015,82056.03536897663,80295.96763102336
2026-05-11 09:00:00,80767.97,80997.63,80758.3,80966.57,330.83757,49.20692659244458,-20.088436428064597,58.83131763245241,81175.74650000001,82056.03258279157,80295.46041720845
2026-05-11 10:00:00,80966.58,81200.0,80940.0,80940.0,488.26383,48.684242438334074,-22.559440972006996,42.553165911560534,81173.24100000001,82056.0334584633,80290.44854153672
2026-05-11 11:00:00,80940.0,81196.95,80900.0,81196.94,356.37085,53.79544120153575,-3.7416873700130964,33.29419525524581,81162.1875,82037.58072585709,80286.79427414291
2026-05-11 12:00:00,81196.95,81356.46,81029.77,81054.65,485.8963,50.77907442379027,-0.30656204230035655,26.57404379573658,81146.00749999999,82016.5347009914,80275.48029900859
2026-05-11 13:00:00,81054.65,81332.29,80739.63,81072.0,767.39683,51.13883393571662,3.772314633752103,22.013697963339684,81125.7985,81982.71203037859,80268.88496962142
2026-05-11 14:00:00,81072.01,81252.72,80462.97,80953.38,767.64104,48.527322323339135,-2.537537709911703,17.103450828689407,81109.8695,81967.18711446392,80252.55188553609
2026-05-11 15:00:00,80953.39,81458.0,80826.02,81445.9,647.30001,58.09591624078072,31.837108319537947,20.050182326859115,81110.273,81968.24787859898,80252.29812140102
2026-05-11 16:00:00,81445.89,81910.35,81344.72,81575.85,1113.46844,60.19829120787869,68.77237676631194,29.794621214749682,81152.3215,82015.2485567323,80289.39444326771
2026-05-11 17:00:00,81575.84,82071.77,81369.42,81941.09,565.28919,65.44567652529435,126.06248877714097,49.048194727227944,81213.3525,82119.26513889412,80307.43986110587
2026-05-11 18:00:00,81941.09,82137.26,81836.15,81858.96,536.09834,63.420878703669196,162.95961369984434,71.83047852175123,81204.076,82077.36591391821,80330.78608608179
2026-05-11 19:00:00,81858.97,82091.11,81739.09,81961.99,458.6097,64.88844369662681,198.2294453207578,97.11027188155255,81191.672,82010.12369221923,80373.22030778078
2026-05-11 20:00:00,81961.99,82078.91,81758.5,81821.02,322.40099,61.26655406256933,212.35800917964661,120.15981934117137,81209.1665,82066.7900280175,80351.54297198252
2026-05-11 21:00:00,81821.03,81906.35,81600.0,81821.18,268.82965,61.269196485488784,221.02012605848722,140.33188068463454,81225.1395,82116.92437957504,80333.35462042497
2026-05-11 22:00:00,81821.18,81969.99,81729.99,81833.92,366.43361,61.49445107037675,226.30423328769393,157.52635120524644,81258.38149999999,82190.04121963946,80326.72178036052
2026-05-11 23:00:00,81833.92,81833.92,81596.31,81745.65,278.04936,58.93685208953518,220.82375623607368,170.1858322114119,81308.8635,82230.70852274334,80387.01847725667
2026-05-12 00:00:00,81745.66,81788.0,81478.75,81545.2,419.66559,53.495675575150564,198.02311175134673,175.7532881193989,81344.89300000001,82243.07041300567,80446.71558699435
2026-05-12 01:00:00,81545.2,81615.67,80714.28,81199.18,866.00547,45.65930446002859,150.29995026897814,170.66262054931474,81363.2355,82231.83572457604,80494.63527542395
2026-05-12 02:00:00,81199.18,81332.29,81087.63,81249.93,386.77691,46.88817759594766,115.24562203898677,159.57922084724916,81384.589,82217.52018174306,80551.65781825695
2026-05-12 03:00:00,81249.93,81294.42,81024.41,81058.8,187.87319,42.94894309452793,71.22122673585545,141.90762202497044,81400.50899999999,82192.7766655644,80608.24133443559
2026-05-12 04:00:00,81058.79,81303.99,81000.0,81240.01,398.28206,47.45615823809297,50.37303979766148,123.60070557950866,81424.111,82163.38966840728,80684.83233159273
2026-05-12 05:00:00,81240.01,81305.24,81181.56,81224.03,329.93857,47.10275526061963,32.19018063187832,105.3186005899826,81436.984,82151.26035337706,80722.70764662293
2026-05-12 06:00:00,81224.04,81300.0,81010.01,81022.44,448.36294,42.77516428791242,1.4962575745594222,84.55413198689797,81441.106,82144.16992338255,80738.04207661745
2026-05-12 07:00:00,81022.44,81137.27,80800.77,80865.4,603.31882,39.71411208099523,-35.096146616502665,60.62407626621785,81424.529,82166.39636025699,80682.661639743
2026-05-12 08:00:00,80865.4,80964.13,80760.53,80843.31,478.61372,39.28820840556259,-65.12761831471289,35.473737350031705,81413.962,82183.51633822847,80644.40766177153
2026-05-12 09:00:00,80843.3,80963.35,80720.0,80837.15,506.71585,39.16208316840902,-88.40575006330619,10.697839867364127,81402.2195,82200.37952555016,80604.05947444985
2026-05-12 10:00:00,80837.15,80848.27,80601.27,80666.37,487.71377,35.73680048515847,-119.25960542116081,-15.293649190340862,81387.86899999999,82229.16263147595,80546.57536852403
2026-05-12 11:00:00,80666.38,80785.38,80496.57,80784.87,500.02112,39.67922656845586,-132.62077864546154,-38.759075081365,81354.8175,82237.4360075897,80472.19899241031
2026-05-12 12:00:00,80784.86,80999.0,80619.19,80881.26,585.87948,42.755556199019615,-133.8883556314977,-57.784931191391536,81320.08799999999,82220.5676229097,80419.60837709028
2026-05-12 13:00:00,80881.25,80928.26,80397.07,80466.91,795.94705,34.589227200716806,-166.40923953072343,-79.50979285925791,81246.379,82173.7647711607,80318.9932288393
2026-05-12 14:00:00,80466.91,80888.01,80397.88,80540.0,865.59094,36.87946350930205,-184.16162162236287,-100.44015861187891,81180.431,82111.97683316554,80248.88516683446
2026-05-12 15:00:00,80540.0,80676.78,80188.65,80336.01,958.32005,33.36793685115764,-212.24418170416902,-122.80096323033695,81099.132,82027.28416462977,80170.97983537022
2026-05-12 16:00:00,80336.01,80435.99,79843.59,80000.01,1473.4545,28.54647299592557,-258.63086915624444,-149.96694441551847,81008.0815,81993.56653779851,80022.59646220149
2026-05-12 17:00:00,80000.01,80593.06,79951.05,80527.69,486.64257,42.57901208158304,-249.93222406420682,-169.96000034525616,80943.40699999999,81872.36789229985,80014.44610770013
2026-05-12 18:00:00,80527.69,80763.81,80430.0,80679.12,367.3581,45.864648634624565,-228.18892977200449,-181.60578623060584,80885.66699999999,81720.34382689728,80050.99017310269
2026-05-12 19:00:00,80679.11,80874.42,80679.11,80834.64,346.22158,49.086746452770974,-196.1469877507916,-184.514026534643,80840.1165,81570.04680797708,80110.18619202293
2026-05-12 20:00:00,80835.3,80896.25,80642.85,80696.87,292.49967,46.44926335035807,-179.79780824412592,-183.5707828765396,80797.69999999998,81449.52906012903,80145.87093987093
2026-05-12 21:00:00,80696.87,80738.0,80497.0,80587.44,202.53849,44.408206521877446,-173.66910283869947,-181.59044686897158,80767.113,81396.64868906085,80137.57731093914
2026-05-12 22:00:00,80587.45,80791.94,80587.45,80656.43,151.10909,46.01868222571814,-161.38479971092602,-177.54931743736248,80737.438,81325.74931779304,80149.12668220694
2026-05-12 23:00:00,80656.44,80714.0,80439.91,80504.47,247.40723,43.059700263613834,-162.04336791894457,-174.4481275336789,80709.7215,81286.40164450975,80133.04135549025
2026-05-13 00:00:00,80504.47,80768.95,80412.15,80718.0,230.81443,48.10882333599727,-143.6789599005133,-168.29429400704578,80683.621,81203.72177291068,80163.52022708932
2026-05-13 01:00:00,80718.0,81195.69,80683.12,81006.0,633.76198,54.02977007884849,-104.67916490146308,-155.57126818592926,80672.71949999999,81152.72111068387,80192.71788931612
2026-05-13 02:00:00,81005.99,81281.66,80934.69,81050.0,333.93602,54.87688356300674,-69.42087349307258,-138.34118924735793,80674.0975,81158.46480617012,80189.73019382989
2026-05-13 03:00:00,81050.0,81299.99,80976.27,81249.99,377.40594,58.610229424158476,-25.052116708786343,-115.68337473964363,80693.327,81236.62406253499,80150.02993746502
2026-05-13 04:00:00,81249.99,81281.07,81124.87,81231.96,253.70329,58.14317230991002,8.556933383835712,-90.83531311494777,80712.7595,81304.30408541419,80121.21491458581
2026-05-13 05:00:00,81231.96,81247.22,80999.99,81019.99,266.87053,52.81456591771955,17.882007577383774,-69.09184897648146,80721.90149999999,81327.03563804684,80116.76736195314
2026-05-13 06:00:00,81020.0,81160.36,80972.94,80980.05,499.1653,51.850326769474606,21.79809695891163,-50.91385978940284,80737.5855,81352.83503214657,80122.33596785343
2026-05-13 07:00:00,80980.06,81049.01,80889.12,81026.92,476.02435,52.936225623918794,28.35676417282957,-35.05973499695636,80749.688,81378.23287863155,80121.14312136844
2026-05-13 08:00:00,81026.92,81200.0,80943.63,81196.57,372.92514,56.73928670451773,46.70550043247931,-18.706687911069228,80765.4535,81423.04039113125,80107.86660886876
2026-05-13 09:00:00,81196.57,81324.64,81137.77,81291.38,435.50222,58.745613380416366,68.11222541729512,-1.3429052453963577,80806.677,81488.39007285112,80124.96392714887
2026-05-13 10:00:00,81291.37,81298.5,80809.01,80809.01,364.76288,46.84253729732009,45.62801022971689,8.051277849626294,80820.1275,81490.20226277481,80150.0527372252
2026-05-13 11:00:00,80809.01,80843.87,80494.98,80501.22,668.09274,41.117603600920866,2.939146362186875,7.02885155213841,80828.388,81477.06575053027,80179.71024946975
2026-05-13 12:00:00,80501.22,80592.65,79852.0,80202.78,1194.36751,36.4640743094155,-54.34721873473609,-5.24636250523649,80838.5265,81437.09283793051,80239.9601620695
2026-05-13 13:00:00,80202.78,80345.45,79576.47,79656.01,1205.27854,29.807979175682533,-142.22733704447455,-32.642557413084106,80794.9425,81585.08872646852,80004.7962735315
2026-05-13 14:00:00,79656.01,79898.0,79481.56,79756.01,942.38578,32.24400593459008,-201.481249258155,-66.41029578209829,80748.787,81665.17944818227,79832.39455181772
2026-05-13 15:00:00,79756.02,79856.08,78807.22,78827.21,1731.43058,23.9352050549509,-319.7014796334406,-117.06853255236676,80648.4155,81902.67397119917,79394.15702880084
2026-05-13 16:00:00,78827.21,79222.22,78754.65,79108.39,1522.11383,29.830238363287535,-386.25053215387743,-170.9049324726689,80568.9915,81999.16982905661,79138.8131709434
2026-05-13 17:00:00,79108.39,79556.36,79100.0,79514.97,611.40519,37.38665256280548,-401.5546555570181,-217.03487708953875,80515.36799999999,82021.0630926088,79009.67290739117
2026-05-13 18:00:00,79514.97,79800.0,79514.97,79598.15,747.58594,38.837783358668304,-402.33350260440784,-254.09460219251258,80462.454,82020.73927050624,78904.16872949376
2026-05-13 19:00:00,79598.15,79646.29,79400.0,79642.41,463.49581,39.6394066246932,-394.82800097367726,-282.24128194874555,80419.351,82019.8608609219,78818.8411390781
2026-05-13 20:00:00,79642.41,79760.0,79622.7,79698.95,225.22286,40.708483010421226,-379.93784441429307,-301.78059444185504,80368.3985,81993.56986594648,78743.22713405351
2026-05-13 21:00:00,79698.95,79705.73,79340.39,79398.54,418.00056,36.962546716039746,-387.9063218174706,-319.0057399169782,80288.0255,81939.21376788011,78636.8372321199
2026-05-13 22:00:00,79398.54,79470.0,79228.0,79428.46,338.28664,37.57863172287418,-387.3420654032234,-332.6730050142273,80206.9485,81859.8429894201,78554.0540105799
2026-05-13 23:00:00,79428.46,79499.01,79233.83,79313.61,497.51837,36.11936014957554,-391.64765293733217,-344.4679345988483,80110.12950000001,81732.33888664897,78487.92011335105
2026-05-14 00:00:00,79313.61,79681.73,79308.0,79580.0,443.66772,41.76781720098391,-369.3072710573615,-349.4358018905509,80027.53150000001,81575.77401269738,78479.28898730264
2026-05-14 01:00:00,79580.0,79681.73,79409.42,79604.6,369.48629,42.27541909570048,-345.6330998288031,-348.6752614782014,79956.762,81442.110898085,78471.41310191501
2026-05-14 02:00:00,79604.61,79676.11,79222.22,79370.24,684.03959,38.80500738004136,-341.84150584827876,-347.30851035221684,79876.2715,81301.38879686665,78451.15420313335
2026-05-14 03:00:00,79370.24,79460.0,78922.0,79044.85,712.36112,34.56266516073164,-360.93229112452536,-350.03326650667856,79777.168,81139.66542733122,78414.6705726688
2026-05-14 04:00:00,79044.86,79474.41,78982.06,79451.63,437.35487,42.95824811930969,-339.3265839634696,-347.8919299980368,79689.921,80882.61177116535,78497.23022883465
2026-05-14 05:00:00,79451.62,79998.0,79359.49,79809.16,850.16622,49.135275561913694,-290.0111543191888,-336.31577486226723,79615.81,80544.49064458515,78687.12935541484
2026-05-14 06:00:00,79809.15,79953.35,79769.12,79804.71,301.13354,49.06405877872938,-248.42372477657045,-318.7373648451279,79565.595,80313.66659926511,78817.52340073489
2026-05-14 07:00:00,79804.72,79937.59,79702.05,79745.98,480.32483,48.0737254187067,-217.69495547933911,-298.5288829719702,79527.833,80141.15493717548,78914.51106282452
2026-05-14 08:00:00,79745.99,79936.98,79644.44,79821.56,652.77033,49.4867661472067,-185.10968089627568,-275.8450425568313,79508.772,80053.64933177644,78963.89466822355
2026-05-14 09:00:00,79821.55,79905.99,79569.81,79635.52,445.75367,46.15717533452932,-172.31119305033644,-255.13827265553232,79507.7475,80051.53514074981,78963.95985925019
2026-05-14 10:00:00,79635.53,79756.98,79409.42,79570.01,384.95969,45.00879659586819,-165.54609638414695,-237.21983740125526,79498.4475,80030.59534087508,78966.29965912491
2026-05-14 11:00:00,79570.01,79600.0,79234.0,79258.27,362.97846,39.91905445447,-183.22738992048835,-226.4213479051019,79520.0005,79965.55068750287,79074.45031249712
2026-05-14 12:00:00,79258.27,79775.02,79230.31,79767.11,526.41242,49.8815742337203,-154.40096873193397,-212.01727207046832,79552.9365,79966.6209474726,79139.25205252739
2026-05-14 13:00:00,79767.1,80059.71,79670.88,79701.73,1000.54213,48.762732072160276,-135.27210918269702,-196.66823949291407,79562.2745,79980.75407644272,79143.79492355727
2026-05-14 14:00:00,79701.73,81020.0,79561.52,80964.85,1882.78042,65.0656596280848,-17.981839060841594,-160.9309594064996,79630.60949999999,80385.15809670134,78876.06090329864
2026-05-14 15:00:00,80964.84,81332.23,80816.08,81301.23,2292.36231,67.9869635481221,100.9509006535518,-108.55458739448933,79713.5505,80775.58741494216,78651.51358505784
2026-05-14 16:00:00,81301.22,81904.44,81080.25,81888.4,2732.81932,72.33569278646635,239.82115654769586,-38.8794386060523,79823.023,81262.88440043882,78383.16159956118
2026-05-14 17:00:00,81888.4,82048.13,81271.0,81668.48,1967.47911,68.57812636148478,328.34615866934473,34.56568084902712,79936.52,81579.0852844916,78293.95471550841
2026-05-14 18:00:00,81668.49,81949.15,81440.38,81581.99,1012.7972,67.10182770471451,387.06203031828045,105.06495074287778,80044.1965,81823.20629997218,78265.18670002783
2026-05-14 19:00:00,81582.0,81718.73,81330.12,81419.74,566.84044,64.30517816355626,415.710510609395,167.19406271618124,80149.503,81994.53812917357,78304.46787082643
2026-05-14 20:00:00,81419.75,81590.19,81166.22,81412.04,471.62836,64.16849461318972,432.8042144202773,220.31609305700044,80241.10500000001,82147.96695585325,78334.24304414677
2026-05-14 21:00:00,81412.05,81526.08,81268.38,81396.61,292.07185,63.875496731830324,440.0335924553656,264.25959293667347,80330.70550000001,82279.58210821508,78381.82889178494
2026-05-14 22:00:00,81396.61,81559.71,81335.48,81456.0,322.84736,64.54651393810926,445.42067105886235,300.49180856111127,80434.99350000001,82390.67855471603,78479.308445284
2026-05-14 23:00:00,81456.0,81456.0,81059.93,81089.99,534.29082,57.46248269704635,415.3679187275993,323.4670305944089,80537.2505,82398.47453082254,78676.02646917745
2026-05-15 00:00:00,81090.0,81664.45,81068.52,81518.67,578.5498,62.63495464607803,421.28547267058457,343.0307190096441,80640.6025,82477.4026574941,78803.8023425059
2026-05-15 01:00:00,81518.66,81612.73,81106.2,81131.01,538.82284,56.00302453958866,390.19631439035584,352.46383808578645,80706.69499999999,82512.39089456513,78900.99910543485
2026-05-15 02:00:00,81131.0,81350.0,80750.0,81299.14,829.4016,58.07632126830041,374.8041098757676,356.9318924437827,80781.4165,82553.32014410057,79009.51285589945
2026-05-15 03:00:00,81299.14,81340.81,80930.82,81059.15,506.95135,54.15350618318687,339.3289170523494,353.41129736549607,80847.075,82553.53877159781,79140.61122840218
2026-05-15 04:00:00,81059.15,81100.0,80709.09,80724.71,367.57246,49.169232101556744,280.98899199637526,338.9268362916719,80892.2325,82530.88384211423,79253.58115788577
2026-05-15 05:00:00,80724.71,80882.45,80314.0,80360.01,1029.21412,44.37303819482666,202.98604225739837,311.73867748481723,80928.457,82479.842577215,79377.071422785
2026-05-15 06:00:00,80360.01,80644.5,80314.01,80580.0,815.53271,47.68784181598342,157.10844867549895,280.8126317229536,80978.9565,82404.83217057404,79553.08082942596
2026-05-15 07:00:00,80580.0,81003.37,80559.88,80814.88,878.78211,51.04229183334327,138.11092152528,252.27228968341888,81056.787,82235.7548014135,79877.8191985865
2026-05-15 08:00:00,80814.88,80822.95,80415.84,80638.0,538.63644,48.51910812800032,107.5428199514572,223.32639573702656,81100.3315,82134.13158574312,80066.53141425688
2026-05-15 09:00:00,80638.0,80670.51,80369.0,80489.8,471.66166,46.44737396586342,70.54567119760031,192.77025082914133,81139.73500000002,81993.47442438231,80285.99557561772
2026-05-15 10:00:00,80489.81,80776.33,80407.6,80716.23,444.96934,49.96285066826365,58.81815384118818,165.9798314315507,81127.304,81998.8203312317,80255.7876687683
2026-05-15 11:00:00,80716.22,80750.56,80590.08,80628.53,250.99223,48.63126435321764,41.963624244672246,141.17658999417503,81093.66900000001,81988.5335747841,80198.80442521592
2026-05-15 12:00:00,80628.52,80635.44,80340.83,80385.11,535.00082,45.042951487439076,8.862170865701046,114.71370616848024,81018.5045,81884.36966965844,80152.63933034155
2026-05-15 13:00:00,80385.1,80385.11,78698.69,78758.59,3101.88518,29.42135901314228,-146.92389284564706,62.38618636565479,80873.01,82156.30790964206,79589.71209035793
2026-05-15 14:00:00,78758.59,79353.32,78659.0,79150.37,1965.21031,35.24678067175931,-236.0510493961774,2.698739213288347,80751.42899999999,82201.78295906362,79301.07504093635
2026-05-15 15:00:00,79150.36,79369.36,79013.81,79150.27,606.4731,35.24598101042207,-303.1979549625976,-58.480599621888835,80637.9555,82217.5155471903,79058.3954528097
2026-05-15 16:00:00,79150.26,79382.3,79131.01,79294.31,514.78679,37.447385781981694,-340.86031168884074,-114.95654203527923,80532.06899999999,82175.7641072516,78888.37389274838
2026-05-15 17:00:00,79294.31,79504.83,79224.0,79460.0,478.80422,39.97529279138111,-353.26597223860153,-162.61842807594368,80435.2385,82092.60562650474,78777.87137349528
2026-05-15 18:00:00,79460.0,79561.94,79170.47,79284.0,544.01093,38.208923581731376,-372.99956985177414,-204.6946564311098,80326.6385,81987.02078674112,78666.25621325888
2026-05-15 19:00:00,79284.01,79290.0,79051.0,79146.5,421.75884,36.839376954520965,-395.1783193224983,-242.7913890093875,80229.464,81928.76992975095,78530.15807024906
2026-05-15 20:00:00,79146.5,79217.07,79000.0,79123.12,224.44355,36.599156717743305,-409.9164470351825,-276.2164006145465,80109.6865,81763.47354156226,78455.89945843774
2026-05-15 21:00:00,79123.13,79200.0,78911.42,78973.5,682.32127,35.025148045912275,-428.7274992655148,-306.71862034474015,80001.811,81656.5573218277,78347.0646781723
2026-05-15 22:00:00,78973.5,79145.44,78973.49,79107.38,347.86808,37.61072070815148,-427.8998336423829,-330.9548630042687,79892.223,81473.90327145353,78310.54272854647
2026-05-15 23:00:00,79107.38,79161.86,79077.96,79113.21,677.62104,37.72693224482487,-421.9099550642277,-349.1458814162605,79794.926,81312.46852810675,78277.38347189326
2026-05-16 00:00:00,79113.2,79227.77,79075.09,79111.92,314.0124,37.71019423249725,-412.51184557919623,-361.8190742488477,79714.2865,81194.74781658767,78233.82518341234
2026-05-16 01:00:00,79111.92,79186.05,79010.0,79168.0,357.20294,38.97768283893916,-395.97404646038194,-368.65006869115456,79654.686,81121.60635673086,78187.76564326914
2026-05-16 02:00:00,79168.0,79211.77,79080.1,79155.54,208.30505,38.7888278490558,-379.4985167067789,-370.81975829427944,79583.463,80998.62891906901,78168.29708093099
2026-05-16 03:00:00,79155.55,79187.71,79059.77,79083.18,368.66241,37.64800142404755,-368.03787639604707,-370.263381914633,79496.878,80802.47367010603,78191.28232989396
2026-05-16 04:00:00,79083.19,79129.71,78860.0,79035.26,321.76822,36.87453336481968,-358.68725647857354,-367.9481568274211,79416.741,80620.17890334259,78213.3030966574
2026-05-16 05:00:00,79035.25,79039.49,78933.63,79027.37,183.05543,36.740691290629975,-347.90306985971984,-363.9391394338809,79343.6195,80446.0061283394,78241.2328716606
2026-05-16 06:00:00,79027.36,79047.94,78459.87,78648.0,632.26156,30.927871915935583,-365.75234735365666,-364.30178101783605,79240.208,80175.8659963963,78304.5500036037
2026-05-16 07:00:00,78648.0,78651.63,78066.0,78369.77,1267.74437,27.49246039863354,-397.7636918591161,-370.99416318609207,79127.26999999999,79885.87536288305,78368.66463711693
2026-05-16 08:00:00,78369.78,78530.52,78334.21,78426.56,379.04319,29.22063643497684,-413.7806291000452,-379.5514563688827,79029.3425,79581.95868777372,78476.72631222628
2026-05-16 09:00:00,78426.55,78440.81,77906.1,78083.48,1104.4311,25.29783455809745,-448.98226791729394,-393.437618678565,78995.587,79683.70225491855,78307.47174508145
2026-05-16 10:00:00,78083.47,78101.43,77640.0,77960.0,1759.70594,24.04657931017705,-481.2955488377338,-411.00920471039876,78936.06850000001,79760.27733785348,78111.85966214654
2026-05-16 11:00:00,77959.99,78193.88,77959.99,78081.71,602.9198,27.83537550911963,-491.4183125350828,-427.0910262753356,78882.64050000001,79783.36840799203,77981.91259200798
2026-05-16 12:00:00,78080.46,78133.38,77918.62,78007.23,791.53177,26.949440726262367,-499.6904685653717,-441.61091473334284,78818.2865,79777.20795005995,77859.36504994005
2026-05-16 13:00:00,78007.24,78014.6,77833.4,78014.6,830.86287,27.19636865504829,-499.8891039900773,-453.26655258468975,78746.0165,79719.06660054156,77772.96639945844
2026-05-16 14:00:00,78014.6,78346.0,77895.2,78130.55,729.04785,31.140045738167913,-485.09841545968084,-459.632925159688,78688.344,79663.86289431143,77712.82510568856
2026-05-16 15:00:00,78130.55,78285.0,78078.22,78238.67,332.91477,34.69252200395408,-459.35712483945827,-459.57776509564206,78642.9525,79613.17963651015,77672.72536348985
2026-05-16 16:00:00,78238.68,78364.65,78119.72,78205.96,328.10255,34.1190391500171,-436.56395270292705,-454.9750026170991,78597.0945,79558.42152160448,77635.76747839553
2026-05-16 17:00:00,78205.96,78320.41,78199.0,78201.5,350.20669,34.03642252118321,-414.08675000104995,-446.7973520938893,78558.4945,79518.17926290452,77598.80973709548
2026-05-16 18:00:00,78201.5,78327.75,78142.99,78229.81,310.63405,35.110498026453,-389.4991211035667,-435.3377058958248,78514.61600000001,79448.53555732731,77580.6964426727
2026-05-16 19:00:00,78229.82,78314.69,78204.22,78259.66,271.10252,36.2884775566407,-363.4153762852802,-420.9532399737159,78471.9385,79367.92224842843,77575.95475157158
2026-05-16 20:00:00,78259.67,78318.94,78201.42,78261.0,194.3429,36.34434328329202,-338.7310135212465,-404.50879468322205,78429.3925,79276.92180779905,77581.86319220095
2026-05-16 21:00:00,78261.0,78308.33,78206.85,78265.73,237.27188,36.555818895510335,-315.15390863751236,-386.6378174740801,78384.27900000001,79159.2143756692,77609.34362433082
2026-05-16 22:00:00,78265.73,78279.28,78171.02,78186.25,128.79242,34.48278220760719,-299.430605282585,-369.1963750357811,78335.81450000001,79024.04468987555,77647.58431012447
2026-05-16 23:00:00,78186.25,78267.46,78125.32,78148.05,128.93924,33.49949823336898,-286.7467567249405,-352.706451373613,78289.05799999999,78884.27855774864,77693.83744225134
2026-05-17 00:00:00,78148.05,78243.19,77812.0,77945.85,311.59646,28.815606031632655,-289.671413761258,-340.09944385114204,78234.5875,78733.95537047459,77735.2196295254
2026-05-17 01:00:00,77945.85,78114.0,77721.19,77725.71,516.53667,24.75706259582377,-306.2227386328741,-333.3241028074885,78169.50450000001,78561.59352391805,77777.41547608197
2026-05-17 02:00:00,77725.72,77938.0,77725.71,77895.51,256.64293,32.63804780485721,-302.15528388976236,-327.0903390239433,78131.88,78471.55121726151,77792.2087827385
2026-05-17 03:00:00,77895.5,78079.3,77888.0,78028.88,200.15322,38.12040562723957,-284.8859642603784,-318.64946407123034,78114.8355,78438.05795672227,77791.61304327773
2026-05-17 04:00:00,78028.88,78203.93,78003.35,78158.09,375.99093,42.96355455231653,-257.80195641101454,-306.4799625391872,78101.412,78390.636216188,77812.187783812
2026-05-17 05:00:00,78158.08,78323.96,78102.42,78121.41,258.98839,41.959564925459865,-236.57041799444414,-292.49805363023864,78103.3085,78392.53505606232,77814.08194393768
2026-05-17 06:00:00,78121.41,78204.01,78017.0,78104.8,136.86954,41.48677987413615,-218.5650768647174,-277.7114582771344,78110.5485,78391.81015000452,77829.2868499955
2026-05-17 07:00:00,78104.79,78208.69,78053.79,78180.01,180.24659,44.53430875085306,-195.96789988997625,-261.3627465997028,78115.4635,78398.035762309,77832.891237691
2026-05-17 08:00:00,78180.0,78200.91,78033.01,78089.8,117.37418,41.72709332876644,-183.22654585119744,-245.73550645000174,78119.592,78397.88638436022,77841.29761563979
2026-05-17 09:00:00,78089.8,78293.97,78073.52,78249.33,196.43485,47.97282903132227,-158.42991182251717,-228.27438752450485,78131.32849999999,78410.77554824672,77851.88145175326
2026-05-17 10:00:00,78249.33,78599.99,78249.03,78465.99,564.92985,55.023404372905155,-119.91346166530275,-206.60220235266445,78148.1005,78465.09371411156,77831.10728588844
2026-05-17 11:00:00,78465.99,78473.82,78289.0,78415.99,257.4445,53.23060497620191,-92.3588245146093,-183.75352678505342,78156.96650000001,78493.9163308044,77820.01666919563
2026-05-17 12:00:00,78415.99,78550.0,78333.8,78364.83,254.43689,51.38570930988483,-73.79905096902803,-161.76263162184836,78164.91,78513.99513002473,77815.82486997527
2026-05-17 13:00:00,78364.83,78364.83,78173.15,78202.91,260.27625,45.95677489618808,-71.33359818010649,-143.6768249335,78164.9805,78514.09731215554,77815.86368784447
2026-05-17 14:00:00,78202.91,78217.33,77850.0,78051.51,397.56893,41.53776082940385,-80.66655000440369,-131.07476994768075,78156.0655,78507.31147808245,77804.81952191754
2026-05-17 15:00:00,78051.51,78119.42,77920.76,78051.41,203.63392,41.534919981212106,-87.06739203193865,-122.27329436453233,78145.653,78496.31487085528,77794.99112914474
2026-05-17 16:00:00,78051.42,78193.66,78025.23,78034.36,142.87987,41.01980099060817,-92.45018972265825,-116.30867343615752,78134.321,78483.93453653205,77784.70746346794
2026-05-17 17:00:00,78034.37,78092.44,77856.69,78089.98,296.4389,43.48226676363207,-91.17699486811762,-111.28233772254954,78125.53349999999,78470.03744979801,77781.02955020197
2026-05-17 18:00:00,78089.99,78271.59,78014.33,78268.05,172.43416,50.594181270606,-74.93540921436215,-104.01295202091207,78129.6235,78479.06938066059,77780.17761933942
2026-05-17 19:00:00,78268.04,78468.46,78209.96,78415.3,225.32283,55.5727081989673,-49.610116645591916,-93.13238494584805,78142.986,78515.10211382547,77770.86988617454
2026-05-17 20:00:00,78415.29,78435.32,78248.8,78277.36,205.39109,50.44460145489872,-40.20676643762272,-82.54726124420299,78159.56150000001,78524.1617095088,77794.96129049122
2026-05-17 21:00:00,78277.36,78485.36,78243.5,78405.72,293.90051,54.639288132834075,-22.141728338072426,-70.46615466297688,78193.562,78511.67467078491,77875.4493292151
2026-05-17 22:00:00,78405.72,78414.16,77830.0,77997.24,585.78673,42.353048064741344,-40.32118021634233,-64.43715977364997,78198.6485,78499.47869238035,77897.81830761964
2026-05-17 23:00:00,77997.24,78008.18,76735.16,77457.67,2031.42401,32.088764503026766,-97.14746097319585,-70.97922001355914,78170.088,78613.46809658837,77726.70790341163
2026-05-18 00:00:00,77457.67,77477.99,76916.6,77209.95,1062.83033,28.655198845551865,-160.3235218399932,-88.84808037884595,78122.681,78740.07034688105,77505.29165311894
2026-05-18 01:00:00,77209.95,77291.54,76744.95,77109.22,771.47833,27.372599963770426,-216.02882853802294,-114.28423001068136,78072.0715,78837.98076768882,77306.1622323112
2026-05-18 02:00:00,77109.21,77222.03,76707.61,76835.41,544.67309,24.20153268769853,-279.05311351752607,-147.2380067120503,78008.602,78952.7388926546,77064.4651073454
2026-05-18 03:00:00,76835.41,77030.42,76817.14,76924.65,509.0298,27.16319299104387,-318.13216170924716,-181.41683771148968,77945.834,79002.23290209983,76889.43509790018
2026-05-18 04:00:00,76924.66,77069.77,76772.01,77038.49,354.48166,30.873739607221438,-336.04295830721094,-212.34206183063392,77893.26849999999,79021.67518583941,76764.86181416057
2026-05-18 05:00:00,77038.49,77080.93,76884.33,76931.4,586.83852,29.35857213756678,-354.7888763448427,-240.8314247334757,77827.372,79020.31149873837,76634.43250126163
2026-05-18 06:00:00,76931.4,76967.8,76583.33,76912.52,621.71728,29.08754286982601,-366.9387679544452,-266.0528933776696,77749.69850000001,78969.55223206643,76529.8447679336
2026-05-18 07:00:00,76912.53,77089.29,76771.53,77073.69,1139.6298,34.634993784193455,-359.41940932431316,-284.72619656699834,77682.5835,78895.7706483929,76469.39635160708
2026-05-18 08:00:00,77073.69,77181.88,76890.34,77040.42,562.21651,34.0429532512963,-352.0862433397415,-298.19820592154696,77616.363,78817.27231358715,76415.45368641285
2026-05-18 09:00:00,77040.43,77048.14,76877.17,76933.16,365.74952,32.13576051420425,-350.8848598094919,-308.735536699136,77552.8755,78757.47071965822,76348.28028034177
2026-05-18 10:00:00,76933.17,76957.35,76716.99,76764.74,432.20236,29.354845548972037,-359.38013072100875,-318.86445550351056,77488.537,78718.18976702823,76258.88423297176
2026-05-18 11:00:00,76764.75,77403.48,76668.58,77285.83,692.38548,45.165695740320736,-320.3720366406342,-319.16597173093527,77450.258,78653.51468892347,76247.00131107653
2026-05-18 12:00:00,77285.83,77800.0,77275.96,77639.98,980.76582,52.883672511130115,-257.9078941373009,-306.9143562122084,77430.539,78606.0988123533,76254.9791876467
2026-05-18 13:00:00,77639.99,77639.99,76695.31,76937.7,1116.5633,40.661632995864494,-262.0519660319842,-297.9418781761636,77372.925,78525.11828893021,76220.73171106979
2026-05-18 14:00:00,76937.7,76954.25,76230.02,76393.65,2158.59337,34.08887118556336,-305.7123988152016,-299.4959823039712,77279.205,78429.75832441346,76128.65167558655
2026-05-18 15:00:00,76393.66,76485.29,76051.0,76409.46,1960.17489,34.420619045118414,-335.17419203493046,-306.63162425016304,77178.913,78260.09133713075,76097.73466286925
2026-05-18 16:00:00,76409.46,76665.68,76218.0,76410.01,1252.9383,34.432982797822746,-354.3932700044097,-316.1839534010124,77085.5455,78086.8890757924,76084.20192420759
2026-05-18 17:00:00,76410.0,76757.21,76366.13,76706.39,450.87486,40.89915914343765,-341.769433427733,-321.3010494063565,77000.579,77797.84863080818,76203.30936919182
2026-05-18 18:00:00,76706.38,76706.38,76144.24,76252.5,779.57136,35.17759618767988,-364.19190410495503,-329.87922034607624,76913.34199999999,77629.08493576043,76197.59906423955
2026-05-18 19:00:00,76252.01,76995.0,76235.0,76928.0,812.47229,47.049710345273255,-323.7229919106903,-328.6479746589991,76886.8585,77555.44099624694,76218.27600375307
2026-05-18 20:00:00,76928.0,77182.14,76874.73,76909.92,463.85785,46.80263410478135,-289.76970752020134,-320.87232123123954,76871.857,77523.15609827761,76220.5579017224
2026-05-18 21:00:00,76909.92,77174.23,76800.0,77103.05,491.7356,49.833217741725875,-244.45953077528975,-305.5897631400496,76871.5485,77522.37987993556,76220.71712006445
2026-05-18 22:00:00,77103.04,77222.79,76937.19,77078.22,359.68174,49.443226715870374,-208.1549816928018,-286.1028068506001,76883.689,77540.71120377316,76226.66679622684
2026-05-18 23:00:00,77078.22,77160.79,76948.8,77001.87,275.05472,48.19426801835261,-183.42970840376802,-265.56818716123365,76887.55,77546.49047906461,76228.6095209354
2026-05-19 00:00:00,77001.88,77414.62,76955.99,77140.87,556.43712,50.638916377695026,-150.87936940632062,-242.63042361025106,76892.66900000001,77558.1053335582,76227.23266644182
2026-05-19 01:00:00,77140.86,77156.2,76667.0,76667.01,769.46148,43.16144890216515,-161.45834176550852,-226.39600724130256,76879.4495,77552.1116083281,76206.78739167191
2026-05-19 02:00:00,76667.01,76997.33,76487.83,76617.47,469.02583,42.45562557252002,-171.85863815215998,-215.48853342347405,76864.697,77547.17543339463,76182.21856660537
2026-05-19 03:00:00,76617.46,76867.23,76586.11,76787.11,211.83571,45.72849588527306,-164.51597990066512,-205.2940227189123,76850.36799999999,77526.37409167788,76174.3619083221
2026-05-19 04:00:00,76787.1,76943.75,76700.0,76927.25,239.72033,48.342337149637274,-145.7090997332416,-193.37703812177816,76844.7095,77515.8947560495,76173.5242439505
2026-05-19 05:00:00,76927.25,77000.0,76644.98,76911.24,392.43215,48.057574450133814,-130.59101299541362,-180.81983309650525,76843.61349999999,77514.26198740314,76172.96501259685
2026-05-19 06:00:00,76911.25,77108.68,76886.13,77029.4,386.11356,50.3806859178047,-107.83227252567303,-166.22232098233883,76856.8465,77531.37525849373,76182.31774150627
2026-05-19 07:00:00,77029.41,77278.57,76974.72,77233.69,490.1935,54.19504514631665,-72.4758545220102,-147.4730276902731,76854.2395,77522.15790344802,76186.32109655197
2026-05-19 08:00:00,77233.68,77317.02,76972.96,77048.71,465.92336,50.4158422228491,-58.70526087786129,-129.71947432779075,76824.676,77390.73287854277,76258.61912145725
2026-05-19 09:00:00,77048.72,77074.05,76709.29,76818.8,385.08727,46.1118548251455,-65.5877272720245,-116.8931249166375,76818.731,77382.28179042414,76255.18020957586
2026-05-19 10:00:00,76818.8,77103.97,76704.0,77041.87,464.38738,50.52508902414063,-52.437776700244285,-104.00205527335886,76851.142,77385.5650124126,76316.71898758742
2026-05-19 11:00:00,77041.87,77076.53,76633.83,76714.62,430.29111,44.73678090129669,-67.64294047791918,-96.73023231427094,76866.4,77363.87508332457,76368.92491667542
2026-05-19 12:00:00,76714.61,76982.89,76650.06,76940.21,257.11004,49.06845962146106,-60.789174885168904,-89.54202082845053,76892.91,77342.15203065585,76443.66796934415
2026-05-19 13:00:00,76940.2,77048.72,76596.0,76872.75,906.63403,47.8603479334033,-60.10808588931104,-83.65523384062264,76901.228,77342.00968429139,76460.44631570861
2026-05-19 14:00:00,76872.74,77023.75,76144.71,76392.43,1426.24149,40.259794269198814,-97.20560207900417,-86.36530748829895,76908.22450000001,77308.20310714035,76508.24589285968
2026-05-19 15:00:00,76392.43,76675.76,76337.97,76521.23,773.78391,42.87937740851706,-114.88820761704119,-92.06988751404741,76887.88600000001,77323.4181706148,76452.35382938523
2026-05-19 16:00:00,76521.24,76911.0,76407.72,76894.59,568.91388,49.756990300480176,-97.64912981787347,-93.18573597481263,76887.1195,77322.54234017819,76451.69665982181
2026-05-19 17:00:00,76894.59,77015.41,76759.39,76856.76,442.15826,49.11174713009887,-86.04769701433543,-91.7581281827172,76874.805,77298.28177908422,76451.32822091576
2026-05-19 18:00:00,76856.76,76947.2,76744.8,76803.28,282.19478,48.16091513993841,-80.24386564957967,-89.4552756760897,76861.05799999999,77274.46192627467,76447.65407372531
2026-05-19 19:00:00,76803.28,77065.8,76765.14,76818.74,341.73224,48.471491749628605,-73.5489679632301,-86.27401413351778,76851.9015,77260.25487990178,76443.54812009823
2026-05-19 20:00:00,76818.73,77040.24,76818.73,77022.23,147.68289,52.50495400175794,-51.2326923632354,-79.26574977946132,76845.96949999999,77239.83817303886,76452.10082696112
2026-05-19 21:00:00,77022.22,77040.83,76973.76,76982.34,185.29058,51.6514248062996,-36.34669076935097,-70.68193797743925,76861.736,77250.6557685606,76472.81623143941
2026-05-19 22:00:00,76982.34,76982.34,76642.95,76712.21,233.07768,46.17701370460036,-45.81849361438071,-65.70924910482755,76866.473,77245.0358357303,76487.91016426969
2026-05-19 23:00:00,76712.22,76980.07,76670.52,76834.36,199.1312,48.81864509337517,-42.97311414979049,-61.16202211382014,76868.8355,77245.89972144799,76491.77127855201
2026-05-20 00:00:00,76834.36,76896.5,76516.74,76788.83,236.25061,47.875440150174796,-43.886128937927424,-57.7068434786416,76861.9145,77239.5451745198,76484.2838254802
2026-05-20 01:00:00,76788.83,76922.46,76536.59,76820.98,358.53384,48.63017849191435,-41.53665472421562,-54.47280572775641,76857.4015,77234.7073748177,76480.09562518231
2026-05-20 02:00:00,76820.98,76909.62,76600.0,76690.42,293.25018,45.73411461944672,-49.637589118327014,-53.505762405870534,76840.4525,77215.67528305495,76465.22971694505
2026-05-20 03:00:00,76690.42,76829.61,76604.99,76723.54,673.76637,46.602845494614485,-52.776753226309665,-53.35996056995836,76814.94499999999,77144.14908020475,76485.74091979524
2026-05-20 04:00:00,76723.55,76836.82,76692.0,76780.37,365.31048,48.13706488195107,-50.10132051061373,-52.708232558089435,76801.528,77111.95447680463,76491.10152319538
2026-05-20 05:00:00,76780.37,77320.0,76780.37,77196.99,973.23466,57.72635017365656,-14.199584673420759,-45.006502981155705,76820.4375,77177.81753531151,76463.05746468849
2026-05-20 06:00:00,77196.99,77422.0,77179.93,77414.11,528.12463,61.70068583974324,31.41048852863605,-29.723104679197355,76839.0495,77275.09847844324,76403.00052155675
2026-05-20 07:00:00,77414.1,77472.21,77241.13,77282.64,351.42212,58.13653977396007,56.29928675215342,-12.5186263929272,76867.4505,77341.69591177635,76393.20508822367
2026-05-20 08:00:00,77282.65,77635.52,77210.33,77458.04,548.89961,61.34474167523446,89.14949291870289,7.814997469398819,76893.342,77435.93053122534,76350.75346877467
2026-05-20 09:00:00,77458.05,77543.59,77365.94,77485.13,360.90275,61.831259214651276,116.03191093615897,29.458380162750853,76923.961,77527.36355146473,76320.55844853526
2026-05-20 10:00:00,77485.14,77663.0,77485.14,77517.45,409.79863,62.43866368906704,138.34956709301332,51.236617548803345,76980.212,77584.73356374976,76375.69043625024
2026-05-20 11:00:00,77517.46,77569.1,77328.2,77382.49,362.81092,58.268775170441124,143.49223710659135,69.68774146036095,77023.275,77612.64481483132,76433.90518516867
2026-05-20 12:00:00,77382.5,77748.05,77365.52,77617.26,377.41047,62.90921440698709,164.6142465234152,88.6730424729718,77059.40849999999,77701.78737706444,76417.02962293554
2026-05-20 13:00:00,77617.26,77650.62,76968.05,77204.61,682.21238,51.97023984105215,146.36893485256587,100.21222094889062,77076.801,77714.89974388373,76438.70225611629
2026-05-20 14:00:00,77204.61,77574.29,76891.61,77446.08,1202.39421,56.713538317946416,149.6687170494406,110.10352016900062,77108.941,77753.75042650053,76464.13157349949
2026-05-20 15:00:00,77446.01,77853.04,77300.0,77455.46,777.75101,56.89163504018076,151.2966521945782,118.34214657411614,77140.777,77788.12614722052,76493.42785277948
2026-05-20 16:00:00,77455.45,77557.0,77018.38,77338.6,407.4641,53.91541836324736,141.5257563431078,122.97886852791447,77156.59550000001,77807.20095271051,76505.99004728951
2026-05-20 17:00:00,77338.6,77713.66,77230.86,77568.95,501.34929,58.52163898918271,150.6331655039976,128.5097279231311,77185.926,77856.05263398626,76515.79936601376
2026-05-20 18:00:00,77568.95,77634.52,77398.63,77415.09,414.50917,54.59632255770469,143.778250567324,131.56343245196967,77221.06999999999,77859.56961909308,76582.57038090691
2026-05-20 19:00:00,77415.09,77709.68,77350.71,77667.49,388.96569,59.40651879658756,156.90356506916578,136.63145897540892,77262.7265,77903.70097021495,76621.75202978506
2026-05-20 20:00:00,77667.49,77760.0,77476.19,77720.01,357.7103,60.347884088757375,169.5884859459038,143.2228643695079,77309.2855,77940.52568058192,76678.04531941807
2026-05-20 21:00:00,77720.01,77766.6,77500.0,77500.01,158.00627,54.63261693617143,160.04432439980155,146.58715637556665,77343.237,77935.74891825196,76750.72508174802
2026-05-20 22:00:00,77500.01,77504.69,77226.61,77504.69,367.95652,54.73083352395519,151.1161713434558,147.49295936914447,77383.95049999999,77893.71402146146,76874.18697853852
2026-05-20 23:00:00,77504.69,77559.34,77386.93,77552.23,198.22886,55.778145506340785,146.19142269424628,147.23265203416483,77425.38500000001,77833.76282632627,77017.00717367374
2026-05-21 00:00:00,77552.24,78071.42,77525.0,77967.09,547.83434,63.67577865746849,173.76124728312425,152.53837108395672,77484.72099999999,77839.87963669677,77129.56236330321
2026-05-21 01:00:00,77967.09,78173.15,77800.0,77863.85,453.71737,60.76733080076046,185.14568253328616,159.0598333738226,77518.064,77884.51739449397,77151.61060550602
2026-05-21 02:00:00,77863.85,78100.0,77820.1,77955.78,820.7986,62.41363938049159,199.2886368456966,167.10559406819743,77545.14749999999,77956.56020665634,77133.73479334364
2026-05-21 03:00:00,77955.78,78098.85,77908.0,78078.72,441.60659,64.55569378541082,217.9053829668701,177.265551847932,77584.9515,78041.04226406767,77128.86073593232
2026-05-21 04:00:00,78078.72,78180.01,77965.36,78035.8,365.79347,63.20150617249275,226.58408282857272,187.12925804406015,77613.8395,78107.70859395154,77119.97040604847
2026-05-21 05:00:00,78035.8,78147.07,77714.94,77828.0,390.37362,56.97041403602848,214.2248410355678,192.5483746423617,77630.98300000001,78129.81897807139,77132.14702192863
2026-05-21 06:00:00,77828.0,77873.15,77533.45,77622.14,317.41875,51.548372823334724,185.6784853169811,191.17439677728558,77636.2175,78132.22636846753,77140.20863153247
2026-05-21 07:00:00,77622.14,77901.06,77521.0,77889.01,380.5065,57.23106746580801,182.4858876990911,189.4366949616467,77661.5435,78154.72139400084,77168.36560599916
2026-05-21 08:00:00,77889.01,78200.0,77885.53,77924.63,493.4737,57.9401431398231,180.74643500475213,187.6986429702678,77676.91200000001,78183.26027397292,77170.5637260271
2026-05-21 09:00:00,77924.63,77977.53,77633.02,77633.02,277.92731,50.551103489356365,154.06149132679275,180.9712126415728,77698.33249999999,78154.29332500075,77242.37167499923
2026-05-21 10:00:00,77633.03,77678.01,77190.09,77198.08,783.43483,41.95660740706007,96.70272928477789,164.11751597021384,77685.9325,78182.46200115205,77189.40299884795
2026-05-21 11:00:00,77198.09,77372.0,77147.15,77189.1,380.03818,41.79859792055989,49.94514957341016,141.2830426908531,77672.6145,78207.94517370852,77137.28382629147
2026-05-21 12:00:00,77189.1,77363.32,77080.72,77278.53,382.67307,44.05809421074414,19.876559775919304,117.00174610786635,77669.611,78213.43883754029,77125.78316245972
2026-05-21 13:00:00,77278.52,77358.05,76719.47,77122.68,862.17497,41.066041202261985,-16.34044430787617,90.33330802471785,77647.2975,78242.69200723075,77051.90299276925
2026-05-21 14:00:00,77122.67,77240.82,76788.8,76984.61,697.95187,38.567198759685866,-55.543505122172064,61.15794539533987,77625.7735,78284.29148352495,76967.25551647504
2026-05-21 15:00:00,76984.61,77402.12,76900.0,77259.46,411.10449,45.65623012043426,-63.69982336559042,36.18639164315382,77605.372,78283.44032124907,76927.30367875093
2026-05-21 16:00:00,77259.45,77344.01,77008.75,77207.93,404.33559,44.616709284050174,-73.4748325492983,14.254146804663396,77579.76800000001,78277.98317650547,76881.55282349455
2026-05-21 17:00:00,77207.92,78098.16,77181.83,77869.38,1291.96294,57.875164592033514,-27.53075333367451,5.897166776995815,77598.2365,78307.02911572016,76889.44388427984
2026-05-21 18:00:00,77869.38,77922.01,77230.0,77387.74,559.91554,48.727707834400675,-29.64236359683855,-1.2107392977710585,77592.389,78306.34198108448,76878.43601891551
2026-05-21 19:00:00,77387.74,77802.51,77365.97,77690.56,437.10444,53.68429858658246,-6.8023731922439765,-2.3290660766656424,77599.30549999999,78314.29981307451,76884.31118692546
2026-05-21 20:00:00,77690.56,77804.75,77647.75,77705.81,144.76199,53.92585998694297,12.386250323528657,0.6139972033732176,77586.2415,78282.23674043627,76890.24625956373
2026-05-21 21:00:00,77705.8,77813.35,77645.4,77672.29,182.97007,53.26822281889564,24.60495820257347,5.412189403213269,77576.6635,78261.7601329492,76891.56686705079
2026-05-21 22:00:00,77672.3,77750.61,77555.33,77628.0,130.38276,52.359624050063054,30.364516133980942,10.402654749366805,77560.2745,78222.48479614338,76898.06420385661
2026-05-21 23:00:00,77628.01,77745.39,77534.43,77615.52,159.99742,52.09000416644765,33.535400369306444,15.029203873354733,77537.1145,78153.81546469449,76920.4135353055
2026-05-22 00:00:00,77615.52,77628.38,77369.49,77373.57,228.62269,47.03341536767736,16.336686874259613,15.29070047353571,77504.003,78077.57032752808,76930.43567247191
2026-05-22 01:00:00,77373.57,77673.5,77327.28,77616.0,252.86608,52.05553591566812,22.014883573312545,16.635537093491077,77493.40299999999,78049.3232135552,76937.48278644479
2026-05-22 02:00:00,77616.0,77728.01,77593.16,77673.36,244.81122,53.18653795468779,30.788457812464912,19.466121237285844,77495.964,78054.8453508385,76937.08264916152
2026-05-22 03:00:00,77673.37,77817.8,77673.36,77779.98,158.00162,55.29745602365353,45.81677429257252,24.73625184834318,77490.5125,78035.19788163478,76945.82711836521
2026-05-22 04:00:00,77779.98,77900.0,77637.99,77655.42,475.76681,52.32876042135811,47.132557582779555,29.215512995230455,77477.052,77988.88113722543,76965.22286277456
2026-05-22 05:00:00,77655.43,77726.0,77454.56,77489.0,344.3172,48.57645695967972,34.35064924795006,30.24254024577438,77469.851,77976.46675012322,76963.23524987677
2026-05-22 06:00:00,77489.0,77525.85,77370.4,77423.41,542.83384,47.1416961426589,18.71262249845313,27.93655669631013,77481.11750000001,77972.06530972308,76990.16969027693
2026-05-22 07:00:00,77423.41,77543.38,77288.77,77408.06,393.92568,46.793364142179584,5.022856555136968,23.3538166680755,77492.0655,77965.03090995399,77019.100090046
2026-05-22 08:00:00,77408.07,77535.0,77216.0,77267.38,509.65577,43.61275464688461,-16.98232025577454,15.286589283305492,77491.508,77965.55824680079,77017.45775319921
2026-05-22 09:00:00,77267.39,77360.0,77200.0,77307.11,276.32946,44.75482104870169,-30.85996795371466,6.057277835901462,77500.7295,77951.15738567307,77050.30161432693
2026-05-22 10:00:00,77307.12,77363.01,77261.73,77312.0,275.0182,44.9027371591177,-40.991002840091824,-3.352378299297195,77517.09900000002,77908.47588289226,77125.72211710777
2026-05-22 11:00:00,77311.99,77430.55,77184.45,77428.84,375.5311,48.45400473035083,-39.14071959906141,-10.51004655925004,77525.568,77900.45399635138,77150.68200364862
2026-05-22 12:00:00,77428.83,77584.94,77395.45,77533.9,317.41573,51.48220739068169,-28.864164699683897,-14.180870187336811,77541.8665,77885.66122910808,77198.07177089193
2026-05-22 13:00:00,77533.91,77547.56,77130.99,77290.01,419.18989,44.88933778450053,-39.93940898422443,-19.332577946714334,77512.898,77837.60304800078,77188.19295199923
2026-05-22 14:00:00,77290.0,77290.0,76751.0,76774.23,1004.6619,34.753293809802656,-89.3062880221405,-33.32731996179957,77482.2225,77943.7884072951,77020.65659270491
2026-05-22 15:00:00,76774.23,77030.64,76570.0,76790.59,872.56913,35.25269602192391,-125.66123555302329,-51.794103080044316,77437.224,77981.36182373608,76893.08617626393
2026-05-22 16:00:00,76790.6,77006.69,76767.0,76950.68,481.05047,40.08539926451749,-139.94170742988354,-69.42362395001216,77399.4675,77969.32139115215,76829.61360884785
2026-05-22 17:00:00,76950.67,77093.72,76750.0,76750.0,322.37426,36.41607460644586,-165.54399499802093,-88.64769815961392,77353.35299999999,77976.9805705116,76729.72542948838
2026-05-22 18:00:00,76750.01,76898.0,76101.0,76537.47,809.74159,32.973625990001025,-200.6701861696638,-111.0521957616239,77298.8265,78006.39464183588,76591.25835816411
2026-05-22 19:00:00,76537.47,76590.68,75668.76,75860.44,1201.88912,24.898913226431077,-279.9119577580568,-144.82414816091048,77211.0725,78150.58478870588,76271.56021129411
2026-05-22 20:00:00,75860.44,76080.95,75826.0,75984.47,415.32736,28.360053049639205,-328.91195592265285,-181.64170971325896,77141.61750000001,78224.92764978595,76058.30735021406
2026-05-22 21:00:00,75984.47,76087.85,75926.2,75978.83,349.85112,28.29619172014057,-364.00389800690755,-218.11414737198868,77059.759,78235.60663749778,75883.91136250223
2026-05-22 22:00:00,75978.83,75978.84,75558.28,75737.52,473.52886,25.636282224782093,-406.59919282498595,-255.81115646258814,76962.967,78240.45383190515,75685.48016809486
2026-05-22 23:00:00,75737.53,75881.18,75359.18,75539.5,527.08224,23.66995947158277,-451.134433006373,-294.8758117713451,76850.943,78216.66088744633,75485.22511255367
2026-05-23 00:00:00,75539.5,75635.59,75220.0,75352.64,828.38332,21.958398427046276,-495.7917928863026,-335.05900799433664,76735.804,78200.63517427021,75270.9728257298
2026-05-23 01:00:00,75352.64,75500.0,75350.0,75489.84,466.00374,26.179210488030364,-514.1849746396911,-370.8842013234075,76635.846,78156.06130974293,75115.63069025708
2026-05-23 02:00:00,75489.83,75581.27,75417.56,75572.07,334.42834,28.669256955942103,-516.176271174234,-399.9426152935728,76543.279,78086.85643243884,74999.70156756115
2026-05-23 03:00:00,75572.07,75664.62,75563.33,75635.22,267.29386,30.605160390897737,-506.81644628051436,-421.31738149096117,76454.63700000002,77992.72025785381,74916.55374214622
2026-05-23 04:00:00,75635.22,75650.63,75507.01,75539.77,198.6031,29.310324210700998,-501.32180915545905,-437.31826702386076,76368.25649999999,77908.20004930455,74828.31295069543
2026-05-23 05:00:00,75539.77,75562.4,75469.89,75482.68,267.20559,28.532766134634883,-495.85801301297033,-449.0262162216827,76277.035,77798.85155600395,74755.21844399605
2026-05-23 06:00:00,75482.68,75501.09,75394.54,75398.33,189.47214,27.377158731328123,-492.65523241115443,-457.75201945957707,76181.35149999999,77669.44530190057,74693.2576980994
2026-05-23 07:00:00,75398.33,75443.44,74289.6,74609.36,2035.70931,19.44444118008856,-547.4694045047509,-475.69549646861185,76040.3775,77564.63513607488,74516.11986392512
2026-05-23 08:00:00,74609.37,74746.67,74303.56,74684.3,963.9472,21.763340009161652,-578.1978937005479,-496.1959759149991,75897.89749999999,77366.03574749711,74429.75925250287
2026-05-23 09:00:00,74684.29,74752.45,74624.5,74656.91,431.5071,21.519513032961243,-597.8687283274485,-516.530526397489,75766.2425,77179.98736437727,74352.49763562271
2026-05-23 10:00:00,74656.91,74797.01,74656.91,74705.0,625.72233,23.147539313909974,-602.6307927407906,-533.7505796661493,75662.78099999999,77068.76934137424,74256.79265862574
2026-05-23 11:00:00,74705.0,74873.55,74704.99,74789.99,487.9196,26.066567750870078,-592.7143384465016,-545.5433314222198,75562.751,76914.51446790957,74210.98753209044
2026-05-23 12:00:00,74789.99,74798.41,74660.05,74753.93,570.81814,25.62190118452412,-581.0670384900586,-552.6480728357876,75452.9135,76681.18273333991,74224.64426666008
2026-05-23 13:00:00,74753.94,75262.86,74753.93,75213.9,815.89889,39.74242334382038,-528.6270509060705,-547.8438684498442,75376.1085,76444.58297814793,74307.63402185208
2026-05-23 14:00:00,75213.9,75726.3,75108.15,75537.72,922.06012,47.324271443519486,-455.6855557800882,-529.412205915893,75326.121,76249.5199688877,74402.7220311123
2026-05-23 15:00:00,75537.73,75676.0,75405.4,75520.0,634.72295,46.97594720563432,-394.7582242052449,-502.4814095737634,75309.099,76203.10938119235,74415.08861880765
2026-05-23 16:00:00,75519.99,75638.62,75415.17,75444.7,411.95204,45.44519916593627,-348.5313037496817,-471.6913884089471,75282.1105,76121.17680173923,74443.04419826076
2026-05-23 17:00:00,75444.71,75522.0,75371.72,75488.18,566.20129,46.52869731405052,-304.87327429019206,-438.3277655851961,75257.578,76037.47852468489,74477.6774753151
2026-05-23 18:00:00,75488.17,75986.24,75472.04,75845.82,429.21806,54.52844421035464,-238.66423953657795,-398.3950603754725,75262.99299999999,76058.27657307552,74467.70942692446
2026-05-23 19:00:00,75845.82,76012.22,75780.9,75983.45,364.9012,57.183181688471706,-173.09221242721833,-353.3344907858217,75285.1905,76135.82597827716,74434.55502172283
2026-05-23 20:00:00,75983.45,77300.0,75953.94,77287.58,1242.58285,73.16845133020365,-15.71239389506809,-285.810071407671,75381.9375,76617.78990472648,74146.08509527352
2026-05-23 21:00:00,77286.08,77404.18,76538.04,76804.99,1147.59506,63.69224994902527,69.2727333753719,-214.79351045106242,75447.69499999999,76838.02078778838,74057.3692122116
2026-05-23 22:00:00,76805.0,76885.0,76396.06,76584.45,464.30329,59.87583377481967,117.47415521544463,-148.33997731776103,75498.314,76978.51844235747,74018.10955764253
2026-05-23 23:00:00,76584.45,76822.0,76538.36,76752.01,420.43862,61.75107044567873,167.2666748312913,-85.21864688795057,75554.1535,77136.81774743088,73971.48925256912
2026-05-24 00:00:00,76752.0,76930.65,76629.02,76835.16,392.54327,62.683105289639556,211.0047836490412,-25.97396078055222,75618.92300000001,77301.95241624987,73935.89358375015
2026-05-24 01:00:00,76835.16,76921.45,76754.53,76890.04,225.24128,63.31843224933627,247.24581154159387,28.669993683877,75689.291,77463.54762654484,73915.03437345516
2026-05-24 02:00:00,76890.04,76968.04,76704.32,76830.0,185.87406,62.07332134795177,268.03264750822564,76.54252444874673,75760.8745,77600.03970019832,73921.70929980169
2026-05-24 03:00:00,76830.01,77011.62,76738.5,76750.0,248.04543,60.36986093837983,274.88236061588395,116.21049168217418,75867.9065,77673.76116806152,74062.05183193847
2026-05-24 04:00:00,76750.01,76858.26,76730.0,76786.5,163.64327,60.8971191787104,280.02806335703644,148.97400601714665,75973.0165,77732.93306917438,74213.09993082561
2026-05-24 05:00:00,76786.5,76861.78,76651.59,76822.23,202.16815,61.43797615220331,283.7186502527329,175.9229348642639,76081.2825,77765.06281969917,74397.50218030083
2026-05-24 06:00:00,76822.23,77065.94,76716.02,76987.58,257.8917,63.92476394745463,296.5671881310991,200.05178551763095,76195.4115,77793.66810607925,74597.15489392076
2026-05-24 07:00:00,76987.58,77014.24,76786.2,76799.99,193.96514,59.256005072471226,288.28957891179016,217.6993441964628,76295.9115,77770.02607239941,74821.79692760059
2026-05-24 08:00:00,76799.99,76861.77,76734.42,76830.69,226.94949,59.77379635574112,280.9679240657715,230.35306017032454,76399.7495,77698.69238294689,75100.80661705312
2026-05-24 09:00:00,76830.69,77046.67,76821.86,77020.53,369.92973,62.91251603668469,287.17360275831015,241.71716868792168,76490.08099999999,77689.23716885487,75290.92483114511
2026-05-24 10:00:00,77020.54,77543.15,76927.04,77190.74,863.69953,65.510922516374,302.34097378228034,253.84192970679342,76572.73199999999,77722.34900818173,75423.11499181825
2026-05-24 11:00:00,77190.73,77356.62,77190.73,77320.06,285.66801,67.3808210944148,321.0948858519696,267.2925209358287,76662.735,77745.22094853739,75580.24905146261
2026-05-24 12:00:00,77320.06,77325.72,77044.73,77118.73,271.94108,61.76626654597843,316.06840800512873,277.0476983496887,76746.4365,77681.16286507779,75811.7101349222
2026-05-24 13:00:00,77118.72,77127.54,76688.89,76802.23,474.39799,54.13021790381183,283.2805019085499,278.29425906146093,76812.139,77535.2471550014,76089.03084499859
2026-05-24 14:00:00,76802.23,76840.01,76195.36,76465.16,837.87651,47.40817008952375,227.47492873419833,268.1303929960084,76843.106,77432.6907929001,76253.5212070999
2026-05-24 15:00:00,76465.15,76539.38,76362.78,76371.59,398.04105,45.71115679095121,173.69603318467853,249.24352103374247,76862.513,77349.59558243518,76375.43041756483
2026-05-24 16:00:00,76371.59,76734.3,76371.59,76671.7,359.46109,51.684862137696285,153.5225277463469,230.09932237626336,76831.719,77282.14501770941,76381.29298229059
2026-05-24 17:00:00,76671.69,76799.99,76566.15,76693.34,249.31214,52.094200805792795,137.69379809811653,211.618217520634,76826.1365,77280.70584156127,76371.56715843872
2026-05-24 18:00:00,76693.34,76788.01,76596.0,76665.73,148.14196,51.49474619557309,121.52070452074986,193.5987149206572,76830.2005,77277.05987241703,76383.34112758299
2026-05-24 19:00:00,76665.72,76783.51,76611.17,76773.34,125.12918,53.729560574154185,116.04889952970552,178.08875184246688,76831.267,77277.44192029601,76385.092079704
2026-05-24 20:00:00,76773.33,76796.18,76596.37,76668.4,560.38206,51.249755277407395,102.06809619448904,162.8846207128713,76822.92899999999,77274.99148799319,76370.86651200679
2026-05-24 21:00:00,76668.41,76748.12,76108.0,76151.14,497.80071,41.16463499175639,48.688400177517906,140.04537660580064,76785.98400000001,77326.97923408546,76244.98876591456
2026-05-24 22:00:00,76151.14,77012.01,76132.0,76803.99,543.11534,53.58054418622299,58.391049734840635,123.71451123160864,76784.68350000001,77325.3581735554,76244.00882644462
2026-05-24 23:00:00,76803.99,77225.97,76803.99,77064.96,316.78339,57.44633954196546,86.14553528848046,116.20071604298302,76800.4315,77355.0210055976,76245.8419944024
2026-05-25 00:00:00,77064.96,77288.0,77064.95,77153.01,281.30951,58.6961741724799,113.93271872465266,115.74711657931695,76818.75700000001,77395.19912776221,76242.31487223781
2026-05-25 01:00:00,77153.01,77245.67,76914.25,76945.27,574.42489,54.62008696049783,117.83307362506457,116.16430798846648,76824.90900000001,77404.12676415592,76245.6912358441
2026-05-25 02:00:00,76945.28,77485.0,76945.28,77108.77,313.96478,57.14264600391234,132.58881522937736,119.44920943664866,76830.9685,77419.80743772593,76242.12956227407
2026-05-25 03:00:00,77108.77,77169.88,77002.3,77026.67,198.70522,55.475070051486625,136.08931004496117,122.77722955831116,76842.3025,77437.32463453487,76247.28036546514
2026-05-25 04:00:00,77026.68,77450.0,76990.78,77391.07,251.77406,60.92558633562438,166.3499335039378,131.4917703474365,76870.3215,77513.8403623524,76226.8026376476
2026-05-25 05:00:00,77391.07,77498.0,77324.0,77407.0,306.77798,61.14948590461208,189.4334426697751,143.08010481190422,76889.645,77574.06511802708,76205.22488197293
2026-05-25 06:00:00,77406.99,77650.0,77222.22,77419.87,413.85927,61.34221408397343,206.38669409404974,155.74142266833334,76901.1015,77613.82822685385,76188.37477314616
2026-05-25 07:00:00,77419.87,77520.0,77184.62,77401.12,376.11814,60.868465190772326,215.82144442254503,167.75742701917568,76905.1545,77628.75162962482,76181.55737037519
2026-05-25 08:00:00,77401.11,77469.64,77280.32,77456.94,352.6298,61.81397588850074,225.2067166807974,179.24728495150003,76922.065,77681.59383900913,76162.53616099087
2026-05-25 09:00:00,77456.94,77699.97,77425.17,77604.56,369.10396,64.27254117033502,241.76934632267512,191.75169722573506,76962.1815,77777.74738019626,76146.61561980375
2026-05-25 10:00:00,77604.56,77681.37,77490.37,77545.65,283.53522,62.542016918684126,247.2911861124885,202.85959500308576,77016.20599999999,77836.2809369471,76196.13106305288
2026-05-25 11:00:00,77545.65,77545.65,77333.33,77357.5,209.17805,57.24099861459633,233.79016388385207,209.04570877923905,77065.5015,77839.66789936702,76291.33510063298
2026-05-25 12:00:00,77357.5,77440.46,77286.5,77367.98,261.28583,57.45729747904629,221.38417593966005,211.51340221132327,77100.3155,77862.44658358734,76338.18441641265
2026-05-25 13:00:00,77367.98,77450.0,77286.5,77341.05,199.52985,56.66407638672668,206.99322611512616,210.60936699208386,77132.701,77876.85090360146,76388.55109639854
2026-05-25 14:00:00,77341.05,77773.69,77304.84,77714.0,603.07815,64.0633005949696,223.1103654136823,213.10956667640357,77185.1145,77938.38927873311,76431.83972126688
2026-05-25 15:00:00,77713.99,77905.52,77557.0,77628.82,499.50313,61.481319731169975,226.4001997312007,215.76769328736302,77227.8885,77979.86593088594,76475.91106911407
2026-05-25 16:00:00,77628.82,77807.29,77508.88,77735.69,342.64397,63.47057015755078,234.92288815966458,219.59873226182336,77281.253,78017.36831608544,76545.13768391455
2026-05-25 17:00:00,77735.69,77804.48,77550.39,77564.01,278.21782,58.26493303036703,225.2277535875619,220.7245365269711,77351.8965,77870.36558239943,76833.42741760057
2026-05-25 18:00:00,77564.0,77658.01,77543.38,77543.39,204.7646,57.653316205096615,213.42025210129214,219.26367964183532,77388.86649999999,77844.47043914239,76933.26256085759
2026-05-25 19:00:00,77543.39,77543.39,77343.61,77441.86,295.53937,54.6133987843415,193.6379617391067,214.1385360612896,77407.7115,77837.34321971254,76978.07978028747
2026-05-25 20:00:00,77441.85,77500.0,77220.0,77273.06,314.11527,49.902314028131805,162.46678881443222,203.80418661191814,77413.714,77831.55526714014,76995.87273285988
2026-05-25 21:00:00,77273.06,77396.08,77273.05,77367.03,183.92616,52.365756651698234,143.6896386448061,191.78127701849576,77434.802,77791.14433431976,77078.45966568023
2026-05-25 22:00:00,77367.03,77449.94,77019.82,77116.21,395.72227,45.880717447886354,107.33227439629263,174.89147649405515,77435.174,77790.09595171546,77080.25204828454
2026-05-25 23:00:00,77116.21,77367.44,77072.36,77322.01,162.61467,51.218803398901045,94.0410941514856,158.72140002554124,77449.941,77754.26937119597,77145.61262880404
2026-05-26 00:00:00,77322.01,77345.0,76575.49,76792.71,686.17714,40.22852193917718,40.332721091865096,135.04366423880603,77420.023,77843.17157573224,76996.87442426776
2026-05-26 01:00:00,76792.24,76888.01,76590.9,76756.98,342.05131,39.6106378273214,-5.056377129687462,107.02365596510734,77387.522,77904.36261021289,76870.6813897871
2026-05-26 02:00:00,76756.98,76810.0,76512.98,76660.0,721.43857,37.908692502084335,-48.29631018497457,75.95966273509096,77349.5285,77959.65562640282,76739.40137359718
2026-05-26 03:00:00,76660.0,76705.71,76475.59,76664.01,396.14567,38.02726427482347,-81.30347927176626,44.50703433371952,77312.673,77994.5155729146,76630.83042708538
2026-05-26 04:00:00,76664.0,76817.28,76606.79,76749.5,392.59093,40.630247527204475,-99.41754645633046,15.722118175709522,77277.301,77999.81800990274,76554.78399009728
2026-05-26 05:00:00,76749.51,76989.23,76704.8,76930.01,556.0432,45.80620720946836,-98.0768578236457,-7.037677024161523,77243.5735,77964.74333050844,76522.40366949156
2026-05-26 06:00:00,76930.0,77059.74,76775.0,76908.01,658.30833,45.2879865090016,-97.66376151230361,-25.16289392178994,77211.6915,77933.01069400189,76490.37230599811
2026-05-26 07:00:00,76908.0,76924.55,76603.73,76730.84,436.26184,41.24150876246451,-110.3603525901708,-42.20238565546612,77180.3585,77928.936725968,76431.780274032
2026-05-26 08:00:00,76730.84,76852.01,76693.21,76726.37,246.06951,41.14162896606805,-119.40673759317724,-57.64325604300834,77148.278,77917.7036262589,76378.85237374112
2026-05-26 09:00:00,76726.37,76804.0,76649.79,76672.19,350.5237,39.880893010700255,-129.4556519106991,-72.0057352165465,77114.83499999999,77906.7952698585,76322.87473014148
2026-05-26 10:00:00,76672.2,77621.75,76586.94,77430.0,897.13516,58.86709367738403,-75.40137507216423,-72.68486318767005,77100.635,77856.73337259071,76344.53662740928
2026-05-26 11:00:00,77430.0,77516.93,77174.94,77183.55,403.26795,53.00447974430758,-51.851712306117406,-68.51823301135953,77078.3715,77794.13164686896,76362.61135313103
2026-05-26 12:00:00,77183.56,77232.52,76877.94,77132.5,402.68245,51.852512544454534,-36.882583787912154,-62.191103166670054,77048.212,77694.84785580053,76401.57614419947
2026-05-26 13:00:00,77132.51,77464.01,76691.88,77231.56,659.9668,53.944210765189176,-16.83209752678522,-53.11930203869309,77031.5895,77638.25387954782,76424.92512045219
2026-05-26 14:00:00,77231.56,78080.0,76724.63,76908.01,2020.17697,46.793650243780725,-26.741464729289874,-47.84373457681245,76999.8205,77558.26659286227,76441.37440713773
2026-05-26 15:00:00,76908.01,77012.0,76272.63,76518.1,1751.25838,39.925318204360295,-65.30439954916073,-51.33586757128211,76953.63249999999,77510.94442762308,76396.3205723769
2026-05-26 16:00:00,76518.1,76710.01,76209.58,76558.0,2070.02098,40.881587749441664,-91.59040945590823,-59.38677594820734,76917.8795,77480.6282771376,76355.13072286239
2026-05-26 17:00:00,76558.0,76649.91,75850.0,75935.08,1190.65802,32.250439977399736,-160.83272024375037,-79.67596480731595,76846.282,77521.54320166183,76171.02079833818
2026-05-26 18:00:00,75935.09,76273.66,75779.3,75840.55,846.30902,31.174800945546707,-220.79039712603844,-107.89885127106045,76782.499,77580.28070587553,75984.71729412446
2026-05-26 19:00:00,75840.55,76104.49,75805.23,76052.0,581.71052,36.29325752028019,-248.3818488471734,-135.99545078628304,76718.9985,77537.86482010559,75900.13217989441
2026-05-26 20:00:00,76052.0,76180.0,75982.64,76106.86,324.41575,37.59007251079996,-262.7922244253132,-161.3548055140891,76684.70599999999,77546.87406095114,75822.53793904884
2026-05-26 21:00:00,76106.86,76117.31,75850.0,75890.0,275.58323,34.59241609860865,-288.3869947566127,-186.76124336259383,76641.35699999999,77572.63645544428,75710.0775445557
2026-05-26 22:00:00,75890.0,75998.94,75677.97,75749.02,428.12169,32.76322902594025,-316.3996838223684,-212.68893145454877,76595.80799999999,77608.77761005276,75582.83838994722
2026-05-26 23:00:00,75749.02,75986.45,75749.02,75930.01,316.55917,37.343833610905506,-320.3033042149473,-234.21180600662848,76559.108,77613.9921753062,75504.22382469379
2026-05-27 00:00:00,75930.01,76089.7,75872.71,76085.01,780.41682,41.04788615493985,-307.34684379074315,-248.83881356345142,76525.8835,77597.24764888134,75454.51935111865
2026-05-27 01:00:00,76085.0,76104.02,75824.0,75877.44,573.72878,37.82318832521171,-310.2515332727344,-261.121357505308,76473.25499999999,77564.26283702224,75382.24716297774
2026-05-27 02:00:00,75877.44,75890.59,75682.99,75879.0,437.25803,37.86269726011986,-308.8672126871388,-270.67052854167423,76421.8045,77523.48742248994,75320.12157751006
2026-05-27 03:00:00,75879.01,75966.91,75607.62,75683.0,612.84746,34.865095791961366,-319.8981043914391,-280.5160437116272,76369.4125,77508.2513092386,75230.5736907614
2026-05-27 04:00:00,75683.0,75706.77,75310.9,75579.01,817.05359,33.35620047922754,-333.1904770442052,-291.0509303781428,76312.04449999999,77490.09162759832,75133.99737240166
2026-05-27 05:00:00,75579.01,75739.36,75579.0,75697.99,490.56114,36.73010235932695,-330.31640459786286,-298.90402522208683,76263.3345,77459.11051152885,75067.55848847114
2026-05-27 06:00:00,75697.99,75900.0,75690.01,75838.65,482.86494,40.56120698710619,-313.0796081843582,-301.73914181454114,76183.767,77258.31072944513,75109.22327055488
2026-05-27 07:00:00,75838.65,75980.0,75764.0,75977.17,433.92885,44.14789017746625,-284.95710833692283,-298.3827351190175,76123.448,77091.88773417106,75155.00826582895
2026-05-27 08:00:00,75977.16,76071.41,75843.02,75873.24,308.77238,42.09544634012816,-267.96714853239246,-292.29961780169253,76060.485,76909.01810342097,75211.95189657903
2026-05-27 09:00:00,75873.25,75978.01,75710.76,75912.6,294.26595,43.17294155572371,-248.4623407250474,-283.53216238636355,75994.537,76640.74221013478,75348.33178986522
2026-05-27 10:00:00,75912.61,76043.94,75880.0,75909.82,372.61961,43.11192124723421,-230.57108286202129,-272.9399464814951,75944.62749999999,76427.2596382585,75461.99536174147
2026-05-27 11:00:00,75909.82,76029.24,75754.1,75769.18,316.01081,40.02950210930609,-225.1452702016977,-263.38101122553564,75907.1815,76312.48905518033,75501.87394481969
2026-05-27 12:00:00,75769.18,76174.15,75575.75,75688.0,621.24106,38.32611263465066,-224.80441674757458,-255.66569232994345,75863.6815,76141.61876208373,75585.74423791628
2026-05-27 13:00:00,75688.01,75760.0,74866.18,75073.4,2200.23684,28.454081194807344,-271.00341285334434,-258.7332364346236,75820.5975,76267.63589707429,75373.55910292572
2026-05-27 14:00:00,75073.4,75274.11,74758.33,75031.92,1567.20208,27.93116548278188,-307.41979541080946,-268.4705482298608,75780.166,76349.22353720445,75211.10846279554
2026-05-27 15:00:00,75031.92,75502.29,74983.77,75326.01,797.5234,36.79935254205858,-308.9876188343478,-276.5739623507582,75743.86649999999,76332.20701326519,75155.52598673479
2026-05-27 16:00:00,75326.02,75408.01,75000.0,75304.01,632.49097,36.43813354992423,-308.4497298489878,-282.94911585040416,75703.724,76297.3156922534,75110.13230774661
2026-05-27 17:00:00,75304.01,75344.01,74685.58,74860.42,1103.99219,30.036103105811407,-339.89930708438624,-294.3391540972006,75652.24500000001,76347.66291307974,74956.82708692028
2026-05-27 18:00:00,74860.42,75032.01,74663.45,75026.67,549.25309,34.668929005010526,-347.40368460974423,-304.95206019970936,75616.1275,76363.47622499602,74868.77877500399
2026-05-27 19:00:00,75026.67,75105.17,74952.36,75066.08,879.80197,35.75495713946157,-346.1803486582794,-313.1977178914234,75572.93100000001,76343.40308095628,74802.45891904374
2026-05-27 20:00:00,75066.09,75415.81,75056.25,75274.58,389.41476,41.31329957197095,-324.6443407343759,-315.4870424600139,75532.4095,76274.19651844678,74790.6224815532
2026-05-27 21:00:00,75274.58,75274.58,74341.76,74473.01,653.21971,30.417681663296577,-368.0146554295061,-325.99256505391236,75462.188,76322.82888505954,74601.54711494045
2026-05-27 22:00:00,74473.01,74775.5,74260.91,74418.13,624.64107,29.837476742831782,-402.1782392455789,-341.22969989224566,75389.14450000001,76343.68553472169,74434.60346527833
2026-05-27 23:00:00,74418.12,74572.0,74243.99,74449.3,938.42933,30.64662900990642,-421.8748563180561,-357.3587311774078,75327.4595,76358.43365689651,74296.48534310349
2026-05-28 00:00:00,74449.31,74580.0,74366.89,74570.66,476.29695,33.84557848695151,-422.81784853930003,-370.4505546497862,75277.042,76353.8248277273,74200.25917227271
2026-05-28 01:00:00,74570.67,74590.77,74156.0,74344.08,653.98384,30.973109782549457,-436.81298092301586,-383.7230399044322,75209.34650000001,76343.41307525306,74075.27992474697
2026-05-28 02:00:00,74344.07,74400.0,74127.57,74287.42,717.91596,30.281018274163515,-447.31978856357455,-396.4423896362607,75131.785,76296.40538874193,73967.16461125808
2026-05-28 03:00:00,74287.43,74380.39,73060.59,73258.01,3879.74728,21.069526323899822,-532.5721331416134,-423.6683383373313,74995.827,76362.28869927395,73629.36530072606
2026-05-28 04:00:00,73258.0,73260.01,72728.85,73181.95,1588.42564,20.57158308782573,-599.3635468920256,-458.8073800482702,74861.2625,76384.93034537365,73337.59465462634
2026-05-28 05:00:00,73181.95,73181.95,72908.67,72990.87,850.50171,19.335295593724368,-660.1054973017017,-499.0670034989565,74715.176,76369.11292012823,73061.23907987178
2026-05-28 06:00:00,72990.87,73213.11,72761.11,73202.7,1248.76931,24.735368445287094,-683.2746550608426,-535.9085338113338,74579.82,76264.90280439955,72894.73719560046
2026-05-28 07:00:00,73202.71,73512.14,73158.0,73498.0,1111.91354,31.608848147937138,-670.0838281762844,-562.743592684324,74466.261,76119.67779065366,72812.84420934634
2026-05-28 08:00:00,73498.0,73500.0,73193.13,73325.88,567.79073,29.895132467428454,-665.8432221763942,-583.363518582738,74348.155,75971.2988463668,72725.0111536332
2026-05-28 09:00:00,73325.88,73560.0,73261.6,73541.24,547.18862,34.667949419984694,-637.7531380206201,-594.2414424703145,74271.54699999999,75895.1937425885,72647.90025741149
2026-05-28 10:00:00,73541.25,73616.0,73349.91,73400.01,495.53335,33.07754884195175,-619.7436061262706,-599.3418752015058,74189.9515,75816.72354874504,72563.17945125495
2026-05-28 11:00:00,73400.01,73532.01,73319.36,73505.66,383.87102,35.46270254735677,-590.1430485893652,-597.5021098790777,74098.93400000001,75660.46374278906,72537.40425721096
2026-05-28 12:00:00,73505.65,73580.75,73245.56,73518.01,454.53291,35.7509684381626,-559.2412664896256,-589.8499412011873,74009.634,75482.76576111803,72536.50223888198
2026-05-28 13:00:00,73518.01,73574.6,72771.64,73022.02,1277.58759,29.96263956250911,-568.2235025483533,-585.5246534706206,73917.71399999999,75396.73326957085,72438.69473042914
2026-05-28 14:00:00,73022.01,73573.21,72582.82,73033.06,2189.6201,30.233405325819604,-567.9047017106204,-582.0006631186207,73818.03349999999,75250.34636989688,72385.7206301031
2026-05-28 15:00:00,73033.06,73180.01,72700.0,72928.73,710.64433,29.088904367272235,-569.5057016045903,-579.5016708158146,73711.166,75068.3727402432,72353.9592597568
2026-05-28 16:00:00,72928.73,73440.67,72741.4,73440.67,821.59668,40.90954396073992,-523.4314342667785,-568.2876235060074,73619.47050000001,74762.8994705767,72476.04152942332
2026-05-28 17:00:00,73440.66,73734.72,73316.31,73554.82,737.45631,43.1838057532421,-472.26234807027504,-549.082568418861,73573.561,74644.1032105168,72503.0187894832
2026-05-28 18:00:00,73554.81,73749.69,73514.57,73652.88,517.48323,45.137251400046544,-418.9682509297709,-523.059704921043,73535.2985,74530.81500664272,72539.78199335729
2026-05-28 19:00:00,73652.87,73652.88,73381.81,73419.32,447.75042,41.4791920955297,-391.0706164073781,-496.6618872183101,73483.7995,74382.0447632691,72585.55423673088
2026-05-28 20:00:00,73419.31,73721.45,73241.48,73579.99,441.85746,44.793744818398245,-351.93987008462136,-467.71748379157236,73434.266,74175.73355475244,72692.79844524756
2026-05-28 21:00:00,73580.0,73926.22,73560.45,73817.31,386.07817,49.3564556002708,-298.33965720971173,-433.84191847520026,73407.92749999999,74043.12560415996,72772.72939584003
2026-05-28 22:00:00,73817.31,73949.22,73448.55,73464.8,445.66881,43.59311435979056,-281.0657621400751,-403.28668720817524,73366.7965,73850.72912694188,72882.86387305812
2026-05-28 23:00:00,73464.8,73714.9,73464.79,73617.51,321.8063,46.50722614710778,-252.14706073634443,-373.0587619138091,73384.7715,73878.3016375621,72891.24136243791
2026-05-29 00:00:00,73617.52,73854.77,73617.51,73716.37,592.13944,48.36691369543194,-218.7302199130645,-342.19305351366023,73411.49250000001,73916.5214729594,72906.46352704061
2026-05-29 01:00:00,73716.37,73868.33,73463.52,73586.83,543.44041,46.10507530957069,-200.38995750265894,-313.83243431146,73441.29049999999,73910.90832604922,72971.67267395076
2026-05-29 02:00:00,73586.83,73646.68,73189.11,73225.06,716.13416,40.42015352719671,-212.59630510130955,-293.58520846943,73442.40849999999,73909.73561208817,72975.0813879118
2026-05-29 03:00:00,73225.07,73456.63,73225.07,73301.52,271.59006,42.04660484597723,-213.63755971449427,-277.59567871844285,73432.5845,73903.23990552904,72961.92909447095
2026-05-29 04:00:00,73301.53,73508.97,73210.21,73507.69,462.74907,46.303232771957056,-195.57213173661148,-261.19096932207657,73441.675,73910.67296163518,72972.67703836483
2026-05-29 05:00:00,73507.68,73719.39,73500.0,73706.0,814.3098,50.09981482405555,-163.36996301620093,-241.62676806090144,73449.913,73931.88327460324,72967.94272539676
2026-05-29 06:00:00,73706.0,73939.19,73641.05,73786.32,283.07172,51.59267623423243,-129.87128424076946,-219.27567129687506,73469.2285,73973.2377900231,72965.2192099769
2026-05-29 07:00:00,73786.32,73830.01,73373.37,73528.56,1081.6764,46.758177846605406,-122.70791728860058,-199.96212049522018,73470.3735,73974.83511676334,72965.91188323667
2026-05-29 08:00:00,73528.55,73835.58,73524.0,73653.4,690.03943,49.23911339876251,-105.73846549089649,-181.11738949435545,73477.143,73987.8906819033,72966.3953180967
2026-05-29 09:00:00,73653.4,73902.85,73649.58,73744.96,506.90617,51.041017457148286,-83.9343825668766,-161.68078810885967,73513.29000000001,73989.5820515787,73036.99794842131
2026-05-29 10:00:00,73744.96,73749.53,73588.13,73634.64,583.75086,48.793527136204084,-74.69535027520033,-144.2837005421278,73543.369,73964.78693411399,73121.95106588602
2026-05-29 11:00:00,73634.64,73700.41,73341.85,73487.98,417.09649,45.89996400080336,-78.30493636833853,-131.08794770736995,73571.3315,73880.22286909838,73262.44013090162
2026-05-29 12:00:00,73487.98,73487.98,73202.0,73295.73,419.42757,42.35422442783041,-95.57677804963896,-123.98571377582375,73564.0845,73892.09261898855,73236.07638101144
2026-05-29 13:00:00,73295.73,73346.04,72900.46,73135.7,883.40251,39.611184914896974,-120.78557961704792,-123.34568694406859,73543.1285,73923.0713403662,73163.18565963382
2026-05-29 14:00:00,73135.7,73198.17,72512.49,73096.85,1512.76179,38.9516534361157,-142.25873663290986,-127.12829688183685,73515.327,73940.17478921545,73090.47921078456
2026-05-29 15:00:00,73096.84,74200.0,73008.98,73808.26,1809.3402,54.04182285064101,-100.71059769511339,-121.84475704449216,73534.774,73976.39374385358,73093.15425614643
2026-05-29 16:00:00,73808.25,74124.73,73565.73,74056.5,1160.72957,57.94792931060483,-47.20831678720424,-106.91746899303457,73558.5995,74058.1115639566,73059.0874360434
2026-05-29 17:00:00,74056.49,74514.1,73925.33,73980.94,2917.46541,56.3772411486545,-10.780167166623869,-87.69000862775243,73566.781,74088.9798068616,73044.58219313841
2026-05-29 18:00:00,73980.94,74065.29,73187.25,73374.52,1065.50146,45.676554720966976,-30.492127809557132,-76.25043246411337,73562.267,74089.71202628115,73034.82197371886
2026-05-29 19:00:00,73374.51,73727.95,73239.36,73520.28,453.16949,48.2205414965285,-33.960904634557664,-67.79252689820224,73557.40550000001,74084.49885042214,73030.31214957788
2026-05-29 20:00:00,73520.29,73760.0,73514.0,73673.61,155.12213,50.82914893462981,-24.060135427542264,-59.04604860407025,73555.26749999999,74079.9874760396,73030.54752396037
2026-05-29 21:00:00,73673.62,73844.0,73408.8,73409.27,412.83689,46.481524500625746,-37.11588450548879,-54.66001578435396,73546.3895,74074.85604106731,73017.9229589327
2026-05-29 22:00:00,73409.27,73571.81,73379.79,73483.52,662.8477,47.83131791209474,-40.99869777732238,-51.92775218294764,73559.3125,74066.92301205601,73051.70198794399
2026-05-29 23:00:00,73483.51,73510.0,73320.0,73460.78,271.23268,47.43671808507671,-45.38758341448556,-50.61971842925523,73567.2755,74062.70907829417,73071.84192170584
2026-05-30 00:00:00,73460.78,73579.82,73408.62,73498.8,545.20652,48.20607821329542,-45.27599713689415,-49.550974170783014,73566.831,74062.50556547225,73071.15643452776
2026-05-30 01:00:00,73498.8,73663.08,73472.8,73657.9,386.87772,51.4110725389799,-31.980868319544243,-46.03695300053526,73564.426,74057.71846737801,73071.133532622
2026-05-30 02:00:00,73657.9,73786.7,73613.85,73786.69,268.52358,53.89800958286139,-10.926156359288143,-39.01479367228584,73564.4445,74057.77203268123,73071.11696731877
2026-05-30 03:00:00,73786.7,73796.43,73524.01,73524.01,339.03494,48.45098159720748,-15.260314722516341,-34.26389788233194,73564.21699999999,74057.61840063514,73070.81559936484
2026-05-30 04:00:00,73524.01,73575.0,73216.0,73402.84,466.81865,46.13482184399848,-28.148099027355784,-33.04073811133671,73551.689,74048.26959994882,73055.10840005118
2026-05-30 05:00:00,73402.85,73635.0,73346.85,73604.99,464.14797,50.3952434133234,-21.798663949637557,-30.79232327899688,73544.6905,74033.68971973487,73055.69128026512
2026-05-30 06:00:00,73604.99,73709.91,73530.0,73584.99,331.33867,49.97409963814955,-18.171059100146522,-28.268070443226808,73542.208,74029.78655103859,73054.62944896141
2026-05-30 07:00:00,73584.99,73588.2,73486.0,73548.6,225.56478,49.168964749346245,-18.024746934868745,-26.219405741555196,73545.239,74032.15138783221,73058.32661216779
2026-05-30 08:00:00,73548.6,73567.59,73500.02,73530.07,274.14087,48.73836608268173,-19.18288131324516,-24.812100855893192,73556.956,74029.65865372116,73084.25334627886
2026-05-30 09:00:00,73530.07,73615.47,73503.07,73615.46,201.26346,50.87344628210989,-13.059905326925218,-22.461661750099598,73580.944,74010.34619450488,73151.54180549513
2026-05-30 10:00:00,73615.46,73680.75,73592.57,73655.85,283.9706,51.894084335969445,-4.8918767869181465,-18.94770475746331,73608.894,73973.50612846614,73244.28187153387
2026-05-30 11:00:00,73655.85,73655.86,73564.62,73602.02,317.1037,50.391469437688286,-2.730807397601893,-15.704325285491027,73598.582,73950.91205551964,73246.25194448035
2026-05-30 12:00:00,73602.01,73717.07,73594.4,73698.18,369.235,53.00904294074913,6.6643416384467855,-11.230591900703466,73580.666,73864.79326165227,73296.53873834772
2026-05-30 13:00:00,73698.17,73837.06,73676.1,73829.31,249.39427,56.38841986983965,24.409779297595378,-4.102517661043698,73573.0845,73817.56651297804,73328.60248702196
2026-05-30 14:00:00,73829.31,74100.0,73820.91,73929.11,565.07041,58.81594963797951,45.99597940892272,5.917181752949587,73600.814,73874.52618162872,73327.10181837127
2026-05-30 15:00:00,73929.11,74042.88,73836.7,73930.14,301.39896,58.84141293091185,62.466238990062266,17.226993200372124,73621.307,73928.90647656072,73313.70752343928
2026-05-30 16:00:00,73930.13,73985.84,73880.1,73934.99,193.46997,58.970052822398976,75.04531713493634,28.79065798728497,73634.376,73972.07043549088,73296.68156450913
2026-05-30 17:00:00,73935.0,74047.26,73811.3,74020.07,308.74992,61.257610418446305,90.83251149761782,41.19902868935154,73664.916,74026.52398613312,73303.30801386687
2026-05-30 18:00:00,74020.06,74143.76,73945.0,74043.38,188.56655,61.88461521586778,104.02575481314852,53.76437391411094,73692.90900000001,74081.09504431863,73304.7229556814
2026-05-30 19:00:00,74043.39,74072.0,73971.3,74016.65,145.42131,60.672024290937934,111.0445550767181,65.22041014663237,73720.7025,74118.39180305031,73323.01319694969
2026-05-30 20:00:00,74016.64,74016.65,73926.68,73979.84,104.9948,58.95873263343623,112.34173984076187,74.64467608545827,73744.75450000001,74144.11880109107,73345.39019890895
2026-05-30 21:00:00,73979.85,74054.0,73929.07,73981.99,224.4707,59.031502265661274,112.24931491410825,82.16560385118828,73760.959,74171.62508937405,73350.29291062595
2026-05-30 22:00:00,73981.99,73982.0,73796.01,73883.3,391.66756,54.27438658253566,103.02500119763135,86.3374833204769,73765.7895,74179.98754235565,73351.59145764435
2026-05-30 23:00:00,73883.3,73995.98,73781.3,73884.38,368.97818,54.31777186660179,94.71005454001715,88.01199756438496,73783.808,74184.86532366456,73382.75067633545
2026-05-31 00:00:00,73884.38,74041.72,73858.56,74038.2,241.35407,60.121364605998636,99.38671964257082,90.28694198002214,73815.576,74189.29632781887,73441.85567218113
2026-05-31 01:00:00,74038.2,74275.66,74028.64,74058.01,363.47802,60.811859792613284,103.49844620846852,92.92924282571141,73838.227,74213.11901847695,73463.33498152305
2026-05-31 02:00:00,74058.01,74243.94,73890.49,74090.84,304.8567,61.98656415712971,108.15933230757946,95.97526072208503,73863.51950000001,74234.71224598301,73492.326754017
2026-05-31 03:00:00,74090.84,74226.78,74074.05,74150.64,189.87382,64.09767707250276,115.34880908258492,99.84997039418501,73893.6215,74254.79372649085,73532.44927350913
2026-05-31 04:00:00,74150.64,74221.33,74109.0,74178.4,194.38913,65.06753154812168,121.88154662330635,104.25628564000928,73926.03799999999,74265.55098033011,73586.52501966986
2026-05-31 05:00:00,74178.41,74207.2,74055.16,74055.98,231.70947,57.66902245520823,115.8451267862838,106.57405386926419,73948.064,74258.66660237845,73637.46139762155
2026-05-31 06:00:00,74055.99,74109.39,73985.34,74054.87,141.21825,57.605064314015515,109.70701863151044,107.20064682171345,73968.015,74249.48072781572,73686.54927218427
2026-05-31 07:00:00,74054.86,74054.87,73836.0,73871.24,302.07421,48.10093931034682,88.99919009279984,103.56035547593073,73981.476,74210.01743048131,73752.93456951868
2026-05-31 08:00:00,73871.25,73980.0,73850.05,73937.61,348.32905,51.2327303823863,77.05534505429387,98.25935339160337,73993.4475,74180.89539983,73805.99960016999
2026-05-31 09:00:00,73937.62,74024.0,73813.44,73841.79,323.04158,46.8382921229381,59.17574743091245,90.4426321994652,73994.0715,74179.28857767445,73808.85442232556
2026-05-31 10:00:00,73841.79,73900.0,73699.2,73900.0,400.29833,49.66297394555525,49.13668094614695,82.18144194880155,73992.616,74180.42192943429,73804.8100705657
2026-05-31 11:00:00,73900.0,73972.0,73899.99,73937.79,178.9239,51.465914619045904,43.72594018517702,74.49034159607665,73992.9985,74180.29914908181,73805.6978509182
2026-05-31 12:00:00,73937.63,73995.88,73874.0,73920.0,222.22652,50.54804294384501,37.56930921651656,67.10613512016464,73992.249,74180.64379396691,73803.85420603308
2026-05-31 13:00:00,73920.0,74023.99,73807.43,73872.8,178.44734,48.09710699684936,28.552355503547005,59.39537919684111,73984.8855,74180.09091153287,73789.68008846714
2026-05-31 14:00:00,73872.8,73872.8,73483.05,73602.17,681.72491,37.01496754234396,-0.426310288705281,47.43104129973184,73962.82499999998,74220.06366022387,73705.5863397761
2026-05-31 15:00:00,73602.18,73775.79,73588.8,73655.21,266.93299,39.935966555182816,-18.89442382635025,34.16594827451542,73944.753,74234.76701904781,73654.73898095218
2026-05-31 16:00:00,73655.2,73730.0,73400.0,73526.14,319.75425,35.60831794966899,-43.444604816511855,18.64383765630997,73922.068,74266.41396590303,73577.72203409697
2026-05-31 17:00:00,73526.15,73734.0,73466.67,73709.44,195.46974,44.76293573666739,-47.56175966844603,5.40271819135877,73908.4405,74264.18524299031,73552.69575700969
2026-05-31 18:00:00,73709.43,73713.34,73585.49,73603.69,214.37074,41.12989212063,-58.68133387246053,-7.414092221405091,73894.46,74275.44618988366,73513.47381011635
2026-05-31 19:00:00,73603.68,73649.93,73456.48,73563.42,255.80848,39.805014472413056,-69.93693948673899,-19.918661674471874,73878.412,74287.20994888496,73469.61405111503
2026-05-31 20:00:00,73563.41,73760.0,73563.41,73739.66,381.5641,47.73919116223114,-63.899400415466516,-28.714809422670804,73863.485,74269.50897655143,73457.46102344857
2026-05-31 21:00:00,73739.67,73924.0,73626.67,73892.52,391.01047,53.46803519506034,-46.246976352034835,-32.221242808543614,73855.2105,74251.16296628177,73459.25803371823
2026-05-31 22:00:00,73892.52,73997.56,73686.0,73944.62,284.29172,55.26789532112227,-27.73357315303292,-31.323708877441476,73847.8995,74230.7148249653,73465.0841750347
2026-05-31 23:00:00,73944.62,74198.0,73500.0,73674.39,375.30928,45.44844988175352,-34.4695270779921,-31.9528725175516,73824.087,74186.30647548824,73461.86752451176
2026-06-01 00:00:00,73674.39,74092.0,73654.06,73885.0,366.4897,52.527659743024834,-22.5533710126183,-30.072972216564942,73809.41699999999,74132.91190148392,73485.92209851605
2026-06-01 01:00:00,73885.01,73916.01,73278.02,73292.92,464.54265,37.7114526565565,-60.1917858216475,-36.09673493758145,73771.264,74147.93790013914,73394.59009986086
2026-06-01 02:00:00,73292.92,73892.52,73222.0,73790.0,506.50025,50.36860602148118,-49.34152066265233,-38.74569208259563,73758.0205,74110.5620084433,73405.4789915567
2026-06-01 03:00:00,73789.99,74019.58,73735.47,73769.06,460.44243,49.90852150774246,-41.94873148496845,-39.3862999630702,73752.9115,74101.48373818056,73404.33926181945
2026-06-01 04:00:00,73769.06,73841.37,73348.74,73536.01,335.64727,44.983705352714416,-54.269495160726365,-42.362939002601436,73732.8315,74082.87088775163,73382.79211224837
2026-06-01 05:00:00,73536.01,73541.48,73328.32,73350.0,404.19791,41.466598230569765,-78.14246390771586,-49.51884398362432,73708.242,74093.38752385958,73323.09647614042
2026-06-01 06:00:00,73349.99,73368.0,72950.01,73135.74,740.28999,37.80039758809668,-113.04781020341034,-62.224637227581525,73670.029,74121.08246775315,73218.97553224684
2026-06-01 07:00:00,73135.75,73203.85,72704.0,72818.0,833.64063,33.12339002012229,-164.45379023333953,-82.67046782873312,73614.0395,74186.74220191015,73041.33679808985
2026-06-01 08:00:00,72818.0,72921.38,72610.03,72902.65,751.49608,35.41603171125185,-196.10230689230957,-105.35683564144843,73563.172,74198.725297232,72927.61870276801
2026-06-01 09:00:00,72902.64,73095.64,72600.0,72880.0,2061.2162,35.06959918171859,-220.4702067602484,-128.37950986520843,73513.532,74200.28329351037,72826.78070648965
2026-06-01 10:00:00,72880.0,72900.73,72592.27,72748.88,482.4874,33.05389486421214,-247.50910031194508,-152.20542795455577,73470.86750000001,74235.98333653592,72705.75166346409
2026-06-01 11:00:00,72748.88,72768.11,72290.0,72479.99,769.61036,29.33075265189389,-287.3227166238066,-179.22888568840597,73412.1065,74289.8379798646,72534.37502013538
2026-06-01 12:00:00,72480.0,72610.0,71902.98,72221.73,1854.73885,26.27008836277028,-335.8433252257091,-210.5517735958666,73346.886,74370.64356960272,72323.12843039728
2026-06-01 13:00:00,72221.74,72243.52,71389.88,71711.89,3036.53496,21.500305922254995,-410.70176985426224,-250.58177284754575,73247.00850000001,74488.45367934278,72005.56332065724
2026-06-01 14:00:00,71711.89,71887.6,71363.43,71567.91,2060.71568,20.37520379635265,-476.156770405345,-295.69677235910564,73145.21949999999,74581.9969030486,71708.44209695139
2026-06-01 15:00:00,71567.91,71677.55,71066.33,71129.62,1656.46415,17.391659993451484,-556.9761951060063,-347.9526569084858,73023.52949999999,74702.94949808056,71344.10950191942
2026-06-01 16:00:00,71129.62,71599.95,70686.68,71564.01,2820.57409,28.557469764692996,-579.296756394484,-394.2214768056854,72914.747,74678.58410902056,71150.90989097944
2026-06-01 17:00:00,71564.01,71800.73,71469.64,71646.01,999.45739,30.468067874808867,-583.6413926587411,-432.1054599762966,72802.4215,74590.04795195033,71014.79504804967
2026-06-01 18:00:00,71646.0,71687.28,71382.0,71498.64,667.35668,28.968656552621894,-592.1501373938954,-464.11439545981636,72680.1225,74473.39809475029,70886.84690524971
2026-06-01 19:00:00,71498.64,71666.0,71386.0,71595.24,432.84579,31.35343165771424,-584.3624002217839,-488.1639964122099,72576.16500000001,74367.81148739805,70784.51851260196
2026-06-01 20:00:00,71595.24,71690.0,71419.64,71446.0,273.2723,29.694725297286453,-583.5066813522135,-507.2325334002106,72454.215,74202.25295063441,70706.17704936558
2026-06-01 21:00:00,71445.99,71449.98,70941.95,71038.01,573.85796,25.69299255343053,-608.7328083763132,-527.5325883954312,72341.4695,74151.51479077796,70531.42420922205
2026-06-01 22:00:00,71038.01,71460.0,70840.9,71408.0,770.63523,34.335232689466935,-592.0448701943242,-540.4350447552098,72222.3695,73942.32557548989,70502.41342451012
2026-06-01 23:00:00,71407.99,71583.29,71225.29,71408.9,598.07789,34.35523286820228,-572.1515297931182,-546.7783417627915,72104.3615,73696.62210059793,70512.10089940207
2026-06-02 00:00:00,71408.9,71408.9,71100.0,71289.23,677.70318,32.91947301170835,-559.5916587688989,-549.341005164013,71992.02249999999,73472.069907658,70511.97509234198
2026-06-02 01:00:00,71289.24,71372.0,70607.57,70652.47,1034.85247,26.559160919170537,-594.1698605730635,-558.3067762458231,71857.146,73307.4839763679,70406.80802363208
2026-06-02 02:00:00,70652.47,70880.63,70111.0,70846.49,1320.1444,30.937631445064284,-599.0124989031319,-566.4479207772849,71742.6835,73128.02942468337,70357.33757531663
2026-06-02 03:00:00,70846.48,71041.04,70806.0,70953.69,492.94753,33.30365889299016,-587.4286685474508,-570.6440703313182,71649.46800000001,72979.96402159173,70318.97197840828
2026-06-02 04:00:00,70953.7,71048.0,70713.54,70810.0,489.36754,31.734295169684273,-583.1211243252183,-573.1394811300983,71544.8355,72786.55125680064,70303.11974319936
2026-06-02 05:00:00,70810.0,70847.66,70267.79,70268.96,832.11781,26.643255685301497,-616.2608988026768,-581.763764664614,71414.28349999999,72613.2429746342,70215.32402536579
2026-06-02 06:00:00,70268.97,70442.0,69958.49,70106.31,1507.14949,25.327776299999798,-648.1771221248637,-595.046436156664,71282.155,72443.69945298768,70120.61054701231
2026-06-02 07:00:00,70106.31,70275.86,69733.0,70118.42,1388.79813,25.622228413197845,-664.8300364413881,-609.0031562136088,71164.0765,72292.58282738655,70035.57017261344
2026-06-02 08:00:00,70118.42,70172.0,69705.3,69821.99,944.6499,23.209622630818444,-693.9476184678351,-625.992048664454,71044.0895,72208.82381947362,69879.35518052639
2026-06-02 09:00:00,69822.0,69849.0,69324.65,69426.01,1499.21853,20.440755083100143,-740.4404520387761,-648.8817293393184,70929.7955,72256.0359368707,69603.55506312929
2026-06-02 10:00:00,69426.01,69756.0,69336.98,69652.19,904.86792,25.87995951031668,-750.3855444144283,-669.1824923543404,70834.0095,72240.49272911448,69427.52627088552
2026-06-02 11:00:00,69652.18,69659.47,69397.83,69461.72,417.59402,24.36904364927915,-764.8200692738174,-688.3100077382359,70750.6145,72276.05662635347,69225.17237364652
2026-06-02 12:00:00,69461.73,69548.13,68989.61,69010.42,1382.26152,21.209460781875848,-803.4144113229413,-711.330888455177,70622.93500000001,72283.2297454283,68962.64025457173
2026-06-02 13:00:00,69010.41,69180.0,68757.03,68811.91,1762.82906,19.98220146733101,-840.331979465991,-737.1311066573398,70481.23000000001,72253.84457220437,68708.61542779565
2026-06-02 14:00:00,68809.93,68836.0,67617.85,68019.3,3845.79627,16.000988837395084,-922.9077154246042,-774.2864284107927,70307.263,72325.38914375847,68289.13685624154
2026-06-02 15:00:00,68019.3,68094.6,67076.0,67304.28,2543.79469,13.406104693903544,-1034.124970487057,-826.2541368260456,70092.715,72422.58342353832,67762.84657646167
2026-06-02 16:00:00,67304.29,68146.3,67228.45,67413.44,1789.92962,15.65495599433848,-1100.7681763566507,-881.1569447321667,69891.087,72417.51238669176,67364.66161330824
2026-06-02 17:00:00,67413.44,67837.53,67378.0,67492.34,905.8915,17.326198719313197,-1134.1431305125298,-931.7541818882394,69713.80350000001,72394.2742315814,67033.33276841862
2026-06-02 18:00:00,67492.34,67661.7,67124.2,67341.99,926.14597,16.649205098325922,-1159.3606230219884,-977.2754701149893,69510.503,72265.66892339283,66755.33707660716
2026-06-02 19:00:00,67341.99,67498.0,66432.0,67315.14,2333.17121,16.52502586498059,-1168.047711192965,-1015.4299183305844,69305.815,72075.37607090702,66536.25392909299
2026-06-02 20:00:00,67315.14,67689.65,66911.2,67587.77,1637.61606,22.819736422647907,-1139.7944872677326,-1040.302832118014,69120.742,71826.19181177916,66415.29218822083
2026-06-02 21:00:00,67587.78,67923.24,67412.0,67566.01,765.53933,22.672778115426055,-1106.405500007022,-1053.5233656958158,68966.41900000001,71656.05282005899,66276.78517994103
2026-06-02 22:00:00,67566.01,67566.01,66244.02,66385.2,1856.41667,16.473146415339812,-1161.8330968824448,-1075.1853119331417,68743.3545,71515.20499517987,65971.50400482013
2026-06-02 23:00:00,66385.2,66868.62,66193.0,66760.83,1599.39304,23.627389902354608,-1162.0542272334715,-1092.5590949932077,68533.7115,71235.00957657045,65832.41342342956
2026-06-03 00:00:00,66760.84,67204.15,66654.0,66938.01,1238.50805,26.81172115510563,-1134.8506771981483,-1101.017411434196,68340.112,70906.12312856666,65774.10087143333
2026-06-03 01:00:00,66938.01,67050.0,66472.65,66920.0,973.29949,26.689903200391498,-1102.0412784274668,-1101.2221848328502,68172.664,70644.03477296732,65701.29322703269
2026-06-03 02:00:00,66920.0,66920.01,66586.17,66620.01,773.38787,24.67856860163785,-1087.7078602632391,-1098.519319918928,67998.349,70385.83754255348,65610.86045744653
2026-06-03 03:00:00,66620.0,66653.67,65426.34,65849.9,2891.72624,20.423568132059245,-1125.5157194193162,-1103.9185998190057,67784.923,70137.32831908365,65432.51768091633
2026-06-03 04:00:00,65849.9,66623.44,65834.0,66465.98,1263.85794,30.715249550831487,-1093.1648886222974,-1101.7678575796642,67617.1225,69832.49604572449,65401.748954275514
2026-06-03 05:00:00,66465.99,67398.28,66465.99,67330.01,1773.95829,42.03733901320472,-986.4356065035681,-1078.701407364445,67512.3225,69559.30377154183,65465.341228458165
2026-06-03 06:00:00,67330.0,67516.0,66962.95,66983.27,1658.04956,39.264355994161946,-919.2345381028281,-1046.8080335121217,67378.8765,69170.5434968192,65587.2095031808
2026-06-03 07:00:00,66983.27,67334.4,66872.01,67220.03,1003.46306,42.074143807317824,-837.2216835084837,-1004.8907635113942,67266.792,68766.51632153356,65767.06767846644
2026-06-03 08:00:00,67220.03,67264.34,66974.0,67028.0,1273.47385,40.44001377178189,-778.7442426324706,-959.6614593356095,67167.671,68424.55566220469,65910.78633779532
2026-06-03 09:00:00,67028.01,67322.0,66656.48,67075.17,1438.06157,41.045728426060414,-720.291156560008,-911.7873987804892,67080.834,68071.1105973419,66090.5574026581
2026-06-03 10:00:00,67075.18,67476.69,67068.51,67294.52,639.46259,43.90273741793179,-648.7881272261875,-859.1875444696288,67044.595,67938.64018105826,66150.54981894174
2026-06-03 11:00:00,67294.51,67366.82,67056.58,67067.37,489.69833,41.65166984167138,-603.493866326753,-808.0488088410538,67032.7495,67918.54748295917,66146.95151704084
2026-06-03 12:00:00,67067.37,67163.82,66782.65,67078.72,856.74966,41.81221475995242,-560.2240736981184,-758.4838618124668,67016.0135,67883.99566966636,66148.03133033364
2026-06-03 13:00:00,67078.72,67244.62,66635.0,66906.01,1223.17247,40.008266122289356,-533.7163549868128,-713.5303604473361,66986.697,67826.075424731,66147.318575269
2026-06-03 14:00:00,66906.0,66990.66,66643.96,66864.95,936.44379,39.57116096366932,-510.141403233094,-672.8525690044877,66962.845,67786.6810238764,66139.0089761236
2026-06-03 15:00:00,66864.95,66898.0,66076.0,66076.01,1521.34921,32.274756640567844,-548.7928068080073,-648.0406165651916,66900.8885,67796.42655232003,66005.35044767997
2026-06-03 16:00:00,66076.01,66373.18,65555.0,66061.83,1633.14277,32.15997755107105,-573.9523645170411,-633.2229661555615,66824.59150000001,67733.63764464275,65915.54535535727
2026-06-03 17:00:00,66061.83,66189.8,65704.8,65964.08,810.29365,31.332752707794768,-594.9212218159373,-625.5626172876367,66744.495,67660.74627620168,65828.24372379831
2026-06-03 18:00:00,65964.08,66161.24,65744.01,66036.57,600.59221,32.714957454906,-598.7874066305521,-620.2075751562198,66727.0635,67684.43827347123,65769.68872652878
2026-06-03 19:00:00,66036.56,66054.0,65251.0,65462.0,1198.70968,27.918087578164005,-640.8273245721502,-624.331525039406,66662.122,67773.64898991687,65550.59501008314
2026-06-03 20:00:00,65461.99,65614.74,64766.0,65007.27,1892.05101,24.816732315168437,-702.7364645597554,-640.0125129434758,66565.58499999999,67891.0141293344,65240.155870665585
2026-06-03 21:00:00,65007.27,65860.0,64960.87,65768.88,1254.10382,37.36651351380985,-682.4771700821293,-648.5054443712065,66508.029,67868.1757639307,65147.88223606928
2026-06-03 22:00:00,65768.89,65841.23,64778.15,64912.98,974.52056,31.086484621855377,-727.1039089377591,-664.225137284517,66422.67749999999,67956.39951483787,64888.95548516211
2026-06-03 23:00:00,64912.97,64979.99,64092.49,64142.75,1820.23083,26.73238071721758,-815.2246426971396,-694.4250383670416,66337.31999999999,68166.77016611498,64507.869833885
2026-06-04 00:00:00,64142.75,64428.0,63000.0,63344.97,3512.79677,23.12022381045641,-938.6153641018172,-743.2631035139967,66181.26950000001,68445.32675842648,63917.21224157354
2026-06-04 01:00:00,63344.98,63500.0,62100.01,62178.1,4759.0413,19.062882416298436,-1117.6761815658683,-818.1457191243711,65923.674,68741.92056225114,63105.42743774886
2026-06-04 02:00:00,62178.1,63622.7,61383.56,63231.99,6283.29826,30.863724300699303,-1161.1579481651643,-886.7481649325298,65736.11,68749.96411575521,62722.25588424479
2026-06-04 03:00:00,63232.0,64540.3,63218.48,64363.49,2402.09774,40.837424063353545,-1091.7301818464766,-927.7445683153193,65593.283,68581.67563456135,62604.89036543864
2026-06-04 04:00:00,64363.49,64764.32,64265.73,64399.99,1421.62502,41.132442607238964,-1021.9821577295952,-946.5920861981746,65461.88249999999,68415.56150984451,62508.20349015548
2026-06-04 05:00:00,64399.99,64400.0,63648.01,63955.47,1272.84935,38.60746980057031,-991.1500344730157,-955.5036758531428,65305.8975,68230.20575650963,62381.589243490365
2026-06-04 06:00:00,63955.48,64481.22,63892.0,64027.99,802.33437,39.26252830247144,-949.9135842352625,-954.3856575295669,65142.570999999996,67962.23564671478,62322.906353285216
2026-06-04 07:00:00,64027.99,64062.81,63492.89,63603.15,1503.87893,36.78623445988575,-940.6709684166781,-951.6427197069892,64969.36,67715.83491711412,62222.88508288589
2026-06-04 08:00:00,63603.15,63904.63,63245.9,63629.99,1570.23316,37.05633022185848,-920.5686230497886,-945.4279003755491,64796.9235,67415.8693180828,62177.977681917204
2026-06-04 09:00:00,63629.99,63644.0,62703.33,63266.0,2329.3282,34.87976689926323,-923.3643510609254,-941.0151905126245,64614.922999999995,67120.1875179855,62109.6584820145
2026-06-04 10:00:00,63266.01,63276.0,62301.21,62420.0,3046.35677,30.40904842295018,-982.5192450746472,-949.3160014250291,64392.6755,66845.59429408093,61939.756705919055
2026-06-04 11:00:00,62420.01,62833.82,62205.0,62545.99,1649.57305,31.81079584829176,-1007.6183871643225,-960.9764785728878,64216.1745,66667.10045332271,61765.24854667729
2026-06-04 12:00:00,62546.0,63966.48,62392.0,63766.82,1740.31399,43.654330519415105,-918.4119784064969,-952.4635785396097,64101.42400000001,66398.58711696201,61804.26088303802
2026-06-04 13:00:00,63766.82,64244.0,63068.41,64230.0,2087.69891,47.38795139058272,-801.1058521329105,-922.1920332582699,64014.72000000001,66140.36516889834,61889.07483110167
2026-06-04 14:00:00,64230.0,64494.92,63785.33,63958.97,1314.7717,45.48851950346642,-721.6905583045082,-882.0917382675176,63910.840000000004,65811.62402805888,62010.05597194113
2026-06-04 15:00:00,63958.97,64404.0,63691.7,63896.17,1043.20477,45.038053146463625,-656.2558915351983,-836.9245689210538,63832.5485,65587.7321797052,62077.364820294795
2026-06-04 16:00:00,63896.16,63920.0,63456.0,63563.51,778.5809,42.629813958106574,-624.0476951599776,-794.3491941688386,63760.360499999995,65428.72687874366,62091.99412125633
2026-06-04 17:00:00,63563.51,63722.0,62944.91,63540.97,1048.08269,42.46413007915392,-593.4997613029336,-754.1793075956576,63648.965000000004,65024.47812809242,62273.451871907586
2026-06-04 18:00:00,63540.96,64110.28,63149.76,63819.62,1198.01807,45.29477530686512,-540.5741748188884,-711.4582810403039,63594.297000000006,64838.97325388703,62349.62074611298
2026-06-04 19:00:00,63819.62,64163.93,63544.0,63629.38,699.04403,43.713562116717014,-508.12371048160276,-670.7913669285637,63568.628500000006,64786.56833314693,62350.68866685308
2026-06-04 20:00:00,63629.38,63653.2,63182.84,63638.4,753.64631,43.813714669355676,-476.18942975601385,-631.8709794940537,63583.3,64796.957604180854,62369.64239581915
2026-06-04 21:00:00,63638.4,63876.0,63106.04,63286.21,982.36997,40.76379740222299,-473.83796275156783,-600.2643761455565,63638.705500000004,64669.68487550245,62607.72612449756
2026-06-04 22:00:00,63286.21,63772.0,63194.0,63735.43,816.54763,45.93358068319393,-430.76056879934913,-566.3636146763151,63663.8775,64677.48266393188,62650.27233606813
2026-06-04 23:00:00,63735.42,63918.0,63376.0,63885.99,561.48382,47.584699820619576,-380.0910371410646,-529.109099169265,63640.0025,64605.57887923615,62674.426120763856
2026-06-05 00:00:00,63885.99,63978.0,63396.57,63426.72,799.55012,43.246178877334486,-372.6980874128858,-497.8268968179892,63591.339,64491.5319599771,62691.1460400229
2026-06-05 01:00:00,63426.73,63566.0,63052.0,63374.67,974.10885,42.77023760567192,-366.81075543310726,-471.6236685410129,63562.299,64450.423887266275,62674.17411273372
2026-06-05 02:00:00,63374.67,63436.0,62588.77,62617.72,1167.70132,36.48216716486104,-418.4014696320519,-460.9792287592207,63491.78550000001,64445.73087294526,62537.84012705476
2026-06-05 03:00:00,62617.72,62888.0,62339.0,62730.0,1221.6378,37.9396709888869,-445.0966278263004,-457.8027085726367,63448.128000000004,64458.84441909686,62437.41158090315
2026-06-05 04:00:00,62730.0,63646.0,62487.24,63615.23,1133.49083,48.05921498622392,-390.3226733878764,-444.3067015356847,63447.39,64457.568710367814,62437.211289632185
2026-06-05 05:00:00,63615.22,63688.0,62278.0,62329.35,1503.31179,38.29176393347777,-445.5378068234422,-444.5529225932362,63400.557499999995,64526.37279064203,62274.74220935796
2026-06-05 06:00:00,62329.36,62634.53,61126.01,61946.57,5277.47749,35.94952494137007,-514.2553295228281,-458.4934039791546,63376.886,64604.7909480752,62148.9810519248
2026-06-05 07:00:00,61946.57,63116.0,61378.38,63115.99,2819.14343,46.680061445829864,-468.94631933548226,-460.58398705042015,63405.386,64577.27145579661,62233.50054420339
2026-06-05 08:00:00,63115.99,63120.98,62288.88,62454.64,1381.33567,42.35809830094617,-480.86095443843806,-464.63938052802376,63339.77699999999,64571.84341393959,62107.710586060384
2026-06-05 09:00:00,62454.64,63259.9,62442.0,62860.09,970.2531,45.67865416875816,-452.372295850284,-462.18596359247584,63271.2815,64445.944836990835,62096.61816300916
2026-06-05 10:00:00,62860.09,62931.81,62375.0,62536.87,753.84533,43.526035003190614,-450.68081352793524,-459.88493357956776,63200.1765,64371.72856504999,62028.62443495001
2026-06-05 11:00:00,62536.87,62644.48,61964.98,61964.99,1191.72996,39.939705969488756,-489.8396713833281,-465.87588114031985,63103.61750000001,64349.608424479295,61857.62657552072
2026-06-05 12:00:00,61964.99,62457.86,61620.47,61959.73,1931.26312,39.90713601847113,-515.3570708838961,-475.77211908903513,63023.4285,64348.706271093295,61698.15072890671
2026-06-05 13:00:00,61959.72,62326.0,60732.35,60732.36,3644.72891,33.120123727744044,-627.3861779469225,-506.09493086061264,62882.998,64532.843078595964,61233.152921404035
2026-06-05 14:00:00,60732.36,61227.98,60334.97,60868.97,4753.25938,34.45626063428057,-697.1109065239725,-544.2981259932847,62735.46549999999,64551.95013066022,60918.980869339764
2026-06-05 15:00:00,60868.98,61126.0,60000.0,60438.01,4471.76201,32.26626452317328,-778.1728345370502,-591.0730677020379,62575.897,64609.46552438947,60542.32847561053
2026-06-05 16:00:00,60438.0,61547.24,59786.0,61394.39,5595.70288,41.19817231818264,-756.5224039542882,-624.162934952488,62463.6965,64498.05513955744,60429.33786044256
2026-06-05 17:00:00,61394.38,61508.85,60660.0,60813.99,1735.74281,37.92931610628973,-777.2381930537813,-654.7779865727466,62340.0855,64462.53845503813,60217.632544961874
2026-06-05 18:00:00,60814.0,60950.0,59141.0,59395.99,3853.37743,31.378647882387696,-897.7279059601788,-703.3679704502331,62123.1135,64515.07398897663,59731.15301102337
2026-06-05 19:00:00,59396.0,60459.41,59130.91,60300.24,2562.76919,38.65459598729478,-909.7642575995487,-744.6472278800962,61943.826,64316.88799038701,59570.76400961299
2026-06-05 20:00:00,60300.24,61787.01,59940.01,61620.01,2519.32621,47.4178098577801,-803.5459660623092,-756.4269755165388,61853.4905,64124.21643928887,59582.764560711126
2026-06-05 21:00:00,61620.01,62000.0,61444.2,61670.38,1754.60125,47.724737486804024,-707.1511682361233,-746.5718140604557,61768.276,63923.62403870405,59612.92796129594
2026-06-05 22:00:00,61670.38,61966.0,61207.82,61584.49,1799.61028,47.21860317022889,-630.421099645966,-723.3416711775578,61716.61449999999,63835.456712190164,59597.772287809814
2026-06-05 23:00:00,61584.49,61776.0,60518.0,61056.47,1211.55891,44.12077168801267,-605.2419165665488,-699.7217202553561,61632.938,63715.137948787924,59550.73805121208
2026-06-06 00:00:00,61056.47,61530.05,61045.01,61273.29,769.28059,45.69623482813281,-561.3211102614005,-672.0415982565651,61515.84099999999,63380.72564096096,59650.956359039024
2026-06-06 01:00:00,61273.29,61380.0,60954.36,61058.95,701.07746,44.36460642590388,-537.6117479395689,-645.1556281931659,61452.32100000001,63286.83120993771,59617.810790062314
2026-06-06 02:00:00,61058.95,61176.0,60678.0,60951.64,778.33004,43.67834364659419,-521.4697489929604,-620.4184523531248,61402.5745,63234.610280433815,59570.53871956619
2026-06-06 03:00:00,60951.63,60966.86,60520.0,60687.04,696.39105,41.95500008353062,-523.9879008268908,-601.1323420478781,61281.127,62949.65258731068,59612.60141268932
2026-06-06 04:00:00,60687.05,60866.0,59500.0,60101.27,2161.93035,38.34781597300569,-566.7175308867882,-594.2493798156602,61163.45850000001,62815.37324420688,59511.54375579314
2026-06-06 05:00:00,60101.28,61062.0,59621.22,60942.38,2141.23088,45.58270518881725,-526.6397478181971,-580.7274534161676,61067.573,62514.77303376916,59620.37296623083
2026-06-06 06:00:00,60942.37,61276.95,60681.0,60786.96,2095.10137,44.54255199583807,-501.63635939900996,-564.9092346127361,60980.07749999999,62254.53453075763,59705.620469242356
2026-06-06 07:00:00,60786.96,61229.17,60733.14,61004.95,664.31126,46.39035016154848,-458.940640729852,-543.7155158361593,60932.0755,62119.69812338145,59744.45287661855
2026-06-06 08:00:00,61004.95,61500.0,60884.0,61264.0,724.69988,48.58282477364061,-399.594529057671,-514.8913184804617,60897.289000000004,61995.567432210584,59799.010567789424
2026-06-06 09:00:00,61264.0,61322.0,60875.55,60981.24,580.05282,46.35438213798106,-371.10085718849587,-486.1332262220686,60909.73300000001,62005.78071575637,59813.68528424364
2026-06-06 10:00:00,60981.24,60981.24,60198.0,60593.0,1404.76206,43.41011874718277,-375.5183979498106,-464.010260567617,60895.93450000001,62001.05397687926,59790.81502312076
2026-06-06 11:00:00,60593.0,60968.0,60552.95,60802.91,764.0429,45.42834800118881,-357.9550649514131,-442.79922144437626,60914.179500000006,61999.335238106905,59829.023761893106
2026-06-06 12:00:00,60802.9,61185.26,60641.2,61030.63,669.86406,47.61119326491844,-321.94966086490604,-418.62930932848224,60895.99149999999,61959.23050996756,59832.75249003242
2026-06-06 13:00:00,61030.63,61100.0,60701.41,60801.2,565.41708,45.63081658381128,-308.37346494681697,-396.5781404521492,60895.352,61958.814039187884,59831.889960812114
2026-06-06 14:00:00,60801.2,61016.0,60768.0,60791.05,409.85585,45.54056855881287,-295.0323033021923,-376.26897302215787,60965.104999999996,61764.77632021136,60165.433679788635
2026-06-06 15:00:00,60791.06,60929.2,60396.0,60784.0,646.3582,45.47329511669738,-281.7800279019648,-357.37118399811925,60989.29299999999,61731.48816693755,60247.09783306243
2026-06-06 16:00:00,60784.01,60971.24,60466.56,60774.0,524.00441,45.37091436846445,-268.983743438519,-339.69369588619924,60946.99249999999,61632.06881667466,60261.916183325324
2026-06-06 17:00:00,60774.0,60844.0,60501.0,60576.2,599.85374,43.29453856351507,-271.6717400162961,-326.0893047122186,60892.283500000005,61505.06860317623,60279.49839682378
2026-06-06 18:00:00,60576.19,60754.74,60393.96,60637.21,975.00187,44.143641740736555,-265.814851408948,-314.0344140515645,60844.9195,61373.01382960096,60316.825170399046
2026-06-06 19:00:00,60637.2,60786.0,60536.0,60600.01,348.13504,43.71382729520236,-261.16441331020906,-303.46041390329344,60822.0965,61351.1485742659,60293.0444257341
2026-06-06 20:00:00,60600.0,60756.0,60522.0,60711.69,328.01265,45.43162116793276,-245.63572917803685,-291.8954769582421,60794.016500000005,61280.10740657345,60307.92559342656
2026-06-06 21:00:00,60711.69,61000.0,60707.93,60751.21,311.33205,46.0589781186396,-227.51752104966,-279.0198857765257,60778.629499999995,61248.6257366128,60308.63326338719
2026-06-06 22:00:00,60751.22,60818.0,60429.09,60543.53,374.15284,43.245296434595154,-227.29661700549332,-268.6752320223192,60758.224,61232.01490429789,60284.433095702116
2026-06-06 23:00:00,60543.52,60942.75,60543.52,60884.62,562.39032,48.77959596325077,-197.32381050928961,-254.4049477197133,60768.103,61243.87971540298,60292.326284597024
2026-06-07 00:00:00,60884.62,60987.99,60746.0,60782.01,680.4546,47.285781180605625,-179.77755116885237,-239.47946840954114,60802.14,61159.788269216304,60444.491730783695
2026-06-07 01:00:00,60782.0,61664.13,60758.0,61479.75,1285.5692,56.94188967796922,-108.32156392299657,-213.24788751223224,60829.00850000001,61295.266409181764,60362.75059081826
2026-06-07 02:00:00,61479.75,61568.0,61184.0,61506.74,523.36778,57.267967945132305,-48.95004612156481,-180.38831923409876,60864.99750000001,61420.217859710225,60309.7771402898
2026-06-07 03:00:00,61506.73,61778.33,61416.1,61701.07,469.79753,59.638036060795834,13.626043849602866,-141.58544661735843,60899.803499999995,61567.79060947299,60231.816390527
2026-06-07 04:00:00,61701.06,61907.07,61482.46,61890.92,486.27163,61.86341763256702,77.64234176035097,-97.73988894181656,60931.1495,61719.15211676633,60143.14688323367
2026-06-07 05:00:00,61890.92,62159.0,61647.0,61748.1,1139.66042,59.21826354256165,115.5196994766302,-55.08797125812721,60969.49249999999,61838.24828755218,60100.736712447804
2026-06-07 06:00:00,61748.11,62272.0,61619.4,62101.0,1749.1221,63.38437454798068,172.03079512924887,-9.664217980651998,61044.892499999994,62030.03030574107,60059.75469425892
2026-06-07 07:00:00,62101.01,62416.26,61983.46,62404.73,1528.1498,66.5514814736622,238.57457895817788,39.983541407113975,61124.983499999995,62274.09478020585,59975.87221979414
2026-06-07 08:00:00,62404.72,62960.0,62259.37,62855.01,2005.84536,70.61006546781772,323.9109955881577,96.76903224332271,61216.2025,62599.550115972415,59832.85488402758
2026-06-07 09:00:00,62855.0,62900.0,62374.63,62530.0,1248.753,64.52424249164048,361.151994422602,149.64562467917858,61302.642499999994,62789.01850969462,59816.26649030537
2026-06-07 10:00:00,62530.0,62570.31,62298.39,62370.52,674.16526,61.71346282010644,373.49167163566017,194.4148340704749,61381.616,62920.456232829885,59842.77576717012
2026-06-07 11:00:00,62370.53,62754.45,62359.44,62621.96,794.29873,64.35023939330691,398.96108629961964,235.32408451630386,61473.514,63080.11502158412,59866.91297841589
2026-06-07 12:00:00,62621.97,62643.97,61577.12,61900.67,1957.0674,53.06103820476484,356.8303874032863,259.6253450937004,61529.84750000001,63111.99897653492,59947.696023465105
2026-06-07 13:00:00,61900.66,61907.64,61649.12,61700.13,1146.18923,50.41295872702937,303.75806903831835,268.451889882624,61586.043999999994,63104.11807718416,60067.96992281583
2026-06-07 14:00:00,61700.14,62312.67,61696.98,61905.49,923.54392,52.99971376512222,275.09755671205494,269.7810232485102,61649.458,63105.33106940788,60193.584930592115
2026-06-07 15:00:00,61905.49,62219.92,61674.51,62093.99,527.33835,55.30450221304399,264.544761508143,268.7337709004368,61724.15699999999,63104.66866371708,60343.645336282905
2026-06-07 16:00:00,62093.99,62332.0,61966.0,62083.64,482.9603,55.14460265768698,252.43650587536104,265.4743178954217,61792.7545,63095.59636671863,60489.912633281376
2026-06-07 17:00:00,62083.64,62330.0,62046.62,62160.01,573.97699,56.15200653247654,246.16540524140873,261.6125353646191,61863.194500000005,63078.31513085429,60648.07386914572
2026-06-07 18:00:00,62160.01,62296.0,62022.0,62030.14,373.61361,53.933708344650206,228.08684599553817,254.9073974908029,61937.525,62982.74642137318,60892.30357862682
2026-06-07 19:00:00,62030.15,62036.78,61184.0,61328.0,1046.65633,43.84804557514003,155.3122842388475,234.98837484041184,61959.693999999996,62926.773122539154,60992.61487746084
2026-06-07 20:00:00,61327.99,61962.47,61217.17,61878.01,569.10903,51.499164228266274,140.40067848373292,216.07083556907605,62014.49399999999,62809.48774521781,61219.50025478217
2026-06-07 21:00:00,61878.0,62017.71,61652.01,61778.41,374.19369,50.16612164433672,119.17248960455618,196.69116637617208,62029.42699999999,62792.715747279064,61266.13825272091
2026-06-07 22:00:00,61778.42,64234.68,61728.11,62865.87,4892.75492,61.794278550804194,187.93157250998775,194.9392476029352,62097.383499999996,62905.43112823661,61289.33587176338
2026-06-07 23:00:00,62865.87,63444.11,62803.42,63332.01,1159.24525,65.5094130769022,276.8459357833708,211.32058523902234,62178.9305,63134.3262069591,61223.534793040904
2026-06-08 00:00:00,63332.01,63863.06,63138.37,63631.42,1255.61981,67.68316309479404,367.23780517666455,242.50402922655078,62265.9555,63409.45136169701,61122.459638302986
2026-06-08 01:00:00,63631.43,63643.99,62720.86,63211.41,1129.10442,61.799200747669914,400.3675284314959,274.0767290675398,62339.12100000001,63529.403082183824,61148.83891781619
2026-06-08 02:00:00,63211.41,63260.0,62918.0,63129.93,502.88284,60.696820923489476,415.26144233848754,302.31367172172935,62390.567500000005,63625.61761478486,61155.51738521515
2026-06-08 03:00:00,63129.94,63458.0,62978.36,63130.12,427.85473,60.69858145534558,422.2132957717404,326.29359653173157,62426.837,63705.47398192858,61148.20001807142
2026-06-08 04:00:00,63130.12,63171.1,62657.07,62684.61,553.63898,54.53057494319808,387.3090977975444,338.49669678489414,62418.317,63687.174548181225,61149.45945181878
2026-06-08 05:00:00,62684.61,62825.27,62408.0,62764.0,674.10723,55.400318200897395,361.88183046393533,343.17372352070237,62430.01700000001,63707.49670320582,61152.537296794195
2026-06-08 06:00:00,62763.99,63144.0,62734.0,62988.03,629.53051,57.85045087333439,355.7075118354551,345.68048118365294,62460.8925,63761.949240349626,61159.83575965038
2026-06-08 07:00:00,62988.58,63350.0,62812.0,63283.99,976.9078,60.90593606631558,370.4257805813977,350.62954106320194,62493.994000000006,63845.03169993362,61142.95630006639
2026-06-08 08:00:00,63284.0,63284.0,62992.01,63132.83,490.75057,58.57056853580188,365.67746372330294,353.63912559522214,62555.602,63905.09358217298,61206.11041782702
2026-06-08 09:00:00,63132.84,63577.86,63128.47,63502.0,706.93226,62.36591302592033,387.2394665983229,360.3591937958423,62645.69550000001,63995.304084657895,61296.08691534212
2026-06-08 10:00:00,63501.99,63568.19,63096.88,63172.3,982.6729,57.315877827534436,373.41893361893744,362.97114176046136,62709.036,64030.998143287215,61387.073856712785
2026-06-08 11:00:00,63172.3,63873.08,63058.0,63479.61,1572.11873,60.52449049231271,382.850152126608,366.94694383369074,62778.317,64109.76094371732,61446.87305628268
2026-06-08 12:00:00,63479.62,63933.18,62718.3,63872.0,2589.09295,64.22264530211547,417.17808512120246,376.9931720911931,62867.735,64242.25378110685,61493.216218893154
2026-06-08 13:00:00,63872.0,63943.56,63362.1,63758.0,1304.57724,62.39382695042368,430.2250060130318,387.6395388755609,62947.6345,64334.657242633664,61560.611757366336
2026-06-08 14:00:00,63758.0,64077.57,63560.68,63964.08,1937.84618,64.36909014386379,451.983533708757,400.50833784220015,63044.33150000001,64431.68502163982,61656.97797836019
2026-06-08 15:00:00,63964.07,64200.0,63711.0,63774.48,2295.29096,61.18491210800272,448.7552174167067,410.1577137571015,63166.65550000001,64330.191066250954,62003.11993374906
2026-06-08 16:00:00,63774.48,64046.86,63472.0,63532.01,873.93622,57.282389222123946,421.7695540264467,412.48008181097055,63249.355500000005,64251.11313453651,62247.597865463504
2026-06-08 17:00:00,63532.01,63646.0,63268.01,63550.0,1044.76064,57.498989102448874,397.25554933007516,409.4351753147915,63337.93500000001,64068.686897875195,62607.18310212483
2026-06-08 18:00:00,63549.99,63690.0,63339.98,63466.83,414.77155,56.08318187555441,366.8876476525111,400.92566978233543,63367.98299999999,64065.67890840878,62670.287091591206
2026-06-08 19:00:00,63466.83,63596.0,63356.0,63372.01,379.67287,54.437448010497796,331.35008767547697,387.01055336096374,63369.98299999999,64067.474017546265,62672.49198245372
2026-06-08 20:00:00,63372.01,63485.49,63160.31,63485.49,793.95609,56.09786313051037,308.7837362669743,371.3651899421659,63362.686499999996,64051.663308369,62673.70969163099
2026-06-08 21:00:00,63485.49,63850.0,63483.41,63728.96,413.19539,59.50739799092064,307.0067517017087,358.49350229407446,63388.56399999999,64092.3360547479,62684.79194525208
2026-06-08 22:00:00,63728.96,63728.96,63210.0,63440.01,571.04903,54.13408427759577,279.0657324360218,342.6079483224639,63404.06799999999,64097.43498168006,62710.70101831992
2026-06-08 23:00:00,63440.0,63594.0,62978.66,63085.99,533.11634,48.37110536578124,225.75347252774372,319.23705316351993,63401.8615,64099.168824549546,62704.55417545045
2026-06-09 00:00:00,63086.0,63184.0,62423.07,62562.0,1868.43384,41.35378387335673,139.6121467018529,283.31207187118656,63395.73099999999,64121.17737619076,62670.284623809224
2026-06-09 01:00:00,62562.0,62879.1,62546.62,62764.01,752.22836,44.68543426514931,86.64624018069298,243.97890553308787,63395.731499999994,64121.1760429034,62670.28695709659
2026-06-09 02:00:00,62764.0,62874.0,62544.11,62868.0,357.79841,46.374302520136766,52.456812106502184,205.67448684777074,63389.729999999996,64131.185345694415,62648.27465430558
2026-06-09 03:00:00,62867.99,62979.94,62702.0,62875.17,780.82683,46.495601740715436,25.644390542889596,169.66846758679452,63369.289000000004,64144.77872605217,62593.799273947836
2026-06-09 04:00:00,62875.18,63424.0,62748.0,63242.36,1115.32376,52.42997439163468,33.63677375608677,142.46212882065296,63374.7655,64144.751660993104,62604.7793390069
2026-06-09 05:00:00,63242.36,63526.01,63120.24,63338.68,946.88593,53.87518222189992,47.19893412248348,123.40948988101907,63366.59950000001,64134.36504024948,62598.83395975054
2026-06-09 06:00:00,63338.69,63506.0,63230.0,63300.0,975.96129,53.17651325541854,54.201094704447314,109.56781084570473,63372.984500000006,64136.05605986072,62609.91294013929
2026-06-09 07:00:00,63300.0,63443.6,63012.0,63198.44,669.83742,51.29553750683366,50.967789237845864,97.84780652413296,63358.926,64124.08376601734,62593.76823398266
2026-06-09 08:00:00,63198.44,63208.86,62769.52,62849.75,844.01531,45.362684722148416,20.03801670147368,82.2858485596011,63307.813500000004,64065.1955490602,62550.43145093981
2026-06-09 09:00:00,62849.75,62944.43,62590.0,62715.37,709.2584,43.28490143983085,-15.14283661563968,62.80011152455295,63255.68199999999,64026.01323418269,62485.3507658173
2026-06-09 10:00:00,62715.37,62835.37,62596.0,62786.01,503.06926,44.7183536013388,-36.89851557787915,42.860386104066535,63196.77849999999,63917.60698739372,62475.95001260626
2026-06-09 11:00:00,62786.0,62818.0,62498.75,62711.12,472.29218,43.46413460835119,-59.49719834796997,22.388869213659234,63143.610499999995,63841.52597447364,62445.69502552635
2026-06-09 12:00:00,62711.12,62895.18,62421.24,62645.15,693.6037,42.33765911981964,-81.78725238894549,1.553644893138291,63099.267499999994,63805.9187890723,62392.61621092769
2026-06-09 13:00:00,62645.14,62738.0,62140.0,62273.61,1172.01624,36.586500379305924,-127.9574400006677,-24.34857208562291,63035.448,63798.962472312436,62271.93352768756
2026-06-09 14:00:00,62273.62,62395.01,61148.07,61541.95,2741.42922,28.403847843679344,-221.03849935457401,-63.68655753941314,62939.204000000005,63926.301910693546,61952.106089306464
2026-06-09 15:00:00,61541.95,61706.86,61037.0,61131.84,1576.3984,25.025312412685594,-324.1616256363559,-115.78157115880168,62827.19550000001,64080.111792290874,61574.27920770914
2026-06-09 16:00:00,61131.85,61484.67,60780.0,61390.51,2117.17514,30.63002355425195,-380.6273043398978,-168.75071779502093,62722.446500000005,64088.79490942652,61356.09809057349
2026-06-09 17:00:00,61390.51,61889.0,61390.51,61692.01,925.52892,36.58094569550981,-396.47788105248037,-214.29615044651283,62620.59900000001,63974.66380257351,61266.53419742651
2026-06-09 18:00:00,61692.01,61964.0,61602.0,61792.01,528.51144,38.466426962390436,-396.40094963296724,-250.71711028380372,62538.19900000001,63882.85037093512,61193.547629064895
2026-06-09 19:00:00,61792.0,62103.39,61722.0,62098.09,436.3094,43.95844866972012,-367.4066478127497,-274.0550177895929,62488.804000000004,63821.25234805773,61156.35565194228
2026-06-09 20:00:00,62098.09,62272.0,61954.39,62160.0,406.81988,45.027204431457136,-335.5646546736825,-286.35694516641087,62468.704000000005,63808.610718445896,61128.797281554114
2026-06-09 21:00:00,62159.99,62176.86,61698.0,61761.2,425.20913,39.76627730660146,-338.6062309359695,-296.8068023203226,62418.563500000004,63786.69610735574,61050.43089264427
2026-06-09 22:00:00,61761.21,61976.0,61666.66,61717.5,276.69194,39.225440669381065,-340.61651170059486,-305.56874419637705,62361.0385,63746.24620243628,60975.83079756372
2026-06-09 23:00:00,61717.5,61878.0,61556.0,61730.0,340.59519,39.47899472394317,-337.3126973515027,-311.9175348274022,62303.77999999999,63694.16877353486,60913.39122646512
2026-06-10 00:00:00,61730.0,61930.0,61440.0,61923.16,538.2675,43.408110303456404,-315.4714445440768,-312.6283167707372,62237.82000000001,63564.43295735579,60911.20704264422
2026-06-10 01:00:00,61923.16,61974.7,61590.0,61714.0,336.41204,40.35310643978733,-311.4493639166758,-312.39252619992493,62156.585999999996,63395.43517786793,60917.736822132065
2026-06-10 02:00:00,61714.0,61837.67,61235.29,61302.36,512.06602,35.11517992104227,-337.58625956282776,-317.43127287250553,62056.70399999999,63227.65303582233,60885.75496417765
2026-06-10 03:00:00,61302.37,61594.0,61286.0,61549.64,334.76343,40.14165185917283,-334.49070760966424,-320.8431598199373,61974.264,63033.60376913547,60914.92423086453
2026-06-10 04:00:00,61549.64,61560.0,61182.65,61295.99,306.03442,36.97729232445015,-348.4877457362818,-326.3720770032062,61896.576,62912.58728482554,60880.56471517446
2026-06-10 05:00:00,61296.0,61400.01,61080.0,61361.17,464.90737,38.32277945817872,-350.2831716675428,-331.15429593607354,61828.866,62794.362110285736,60863.36988971427
2026-06-10 06:00:00,61361.17,61521.99,61145.5,61472.89,511.66925,40.66119941650885,-338.78587663742655,-332.6806120763442,61763.21000000001,62627.988411442326,60898.43158855769
2026-06-10 07:00:00,61472.89,61813.34,61440.0,61687.56,937.80783,44.977974316457626,-308.79254433020833,-327.902998527117,61712.03199999999,62452.87844051015,60971.18555948984
2026-06-10 08:00:00,61687.56,61736.0,61168.0,61261.55,739.92297,38.926042669799656,-315.7581951512693,-325.4740378519475,61642.852,62265.84330050153,61019.860699498466
2026-06-10 09:00:00,61261.56,61421.46,60755.0,61334.94,906.84186,40.413497526597816,-311.7627569609249,-322.731781673743,61595.91849999999,62157.20655609808,61034.63044390191
2026-06-10 10:00:00,61334.95,61456.0,61151.4,61386.09,340.43647,41.483196940415475,-300.9992340828976,-318.38527215557394,61588.1255,62156.84726576344,61019.40373423656
2026-06-10 11:00:00,61386.09,61430.0,60867.19,61034.04,826.04256,36.61155429139075,-317.219844545034,-318.152186633466,61583.235499999995,62169.875740217576,60996.595259782414
2026-06-10 12:00:00,61034.04,61950.0,60960.0,61564.01,1340.16125,46.74966777156253,-284.03644995501963,-311.3290392977767,61591.9105,62171.64157256312,61012.17942743687
2026-06-10 13:00:00,61564.0,62446.0,61444.87,62146.42,1199.64944,55.224805205631526,-208.34112427959917,-290.73145629414125,61614.630999999994,62244.343550402315,60984.91844959767
2026-06-10 14:00:00,62146.43,62258.01,61814.79,62195.99,902.47236,55.868599198092085,-142.70710986974154,-261.1265870092613,61634.829999999994,62312.58325301324,60957.07674698675
2026-06-10 15:00:00,62195.99,62857.99,61852.0,62639.23,1341.51604,61.23576882724063,-54.29998051877919,-219.7612657111649,61661.887,62451.487551815255,60872.28644818475
2026-06-10 16:00:00,62639.23,62646.0,61930.0,62219.33,748.11357,54.47651802453732,-17.912628685189702,-179.39153830596987,61664.853500000005,62462.73596520176,60866.97103479825
2026-06-10 17:00:00,62219.33,62360.0,61654.54,61969.99,885.28682,50.88472284181765,-9.090257548494264,-145.33128215447476,61675.293000000005,62483.875125722254,60866.71087427776
2026-06-10 18:00:00,61969.99,62162.9,61588.8,61882.0,641.1773,49.64087377159336,-9.093696030591673,-118.08376492969815,61683.518000000004,62497.23815714422,60869.79784285579
2026-06-10 19:00:00,61881.99,62062.98,61673.79,61942.44,400.79146,50.53531405370576,-4.171333633028553,-95.30127867036424,61694.14,62515.921227803476,60872.35877219652
2026-06-10 20:00:00,61942.45,61949.21,61688.0,61805.51,307.34434,48.436357377678505,-11.190436214616057,-78.47911017921462,61688.25749999999,62504.80374075506,60871.71125924493
2026-06-10 21:00:00,61805.5,61805.51,61179.19,61356.18,571.34637,42.2369204967442,-52.40619537438761,-73.26452721824921,61670.36649999999,62500.1112810163,60840.621718983675
2026-06-10 22:00:00,61356.18,61574.0,61104.24,61381.46,578.03926,42.68142126727645,-82.08388479729183,-75.02839873405775,61674.321500000005,62497.40789297313,60851.23510702688
2026-06-10 23:00:00,61381.46,61604.0,61166.0,61510.99,327.64659,45.01614420833677,-94.06732939019275,-78.83618486528475,61672.389,62496.888243271576,60847.88975672843
2026-06-11 00:00:00,61510.99,61974.7,61510.99,61812.0,597.44488,50.1025768449148,-78.37188194144255,-78.74332428051632,61698.1895,62505.20439823246,60891.17460176754
2026-06-11 01:00:00,61812.0,62378.0,61812.0,62206.01,839.43174,55.85874867535467,-33.75075494380144,-69.74481041317334,61740.431500000006,62561.49098933956,60919.37201066045
2026-06-11 02:00:00,62206.01,62304.0,61944.19,62148.0,429.18601,54.855392193376694,-3.0341368693625554,-56.40267570441119,61774.187,62604.393531853675,60943.98046814632
2026-06-11 03:00:00,62148.01,62848.0,62012.0,62689.48,986.08995,61.76009648923672,64.26115235556063,-32.26991009241683,61824.28300000001,62748.11581247548,60900.45018752454
2026-06-11 04:00:00,62689.47,62854.0,62546.34,62726.86,589.32674,62.19001609635976,119.23494132260385,-1.9689398094126935,61897.5485,62864.86586505669,60930.23113494331
2026-06-11 05:00:00,62726.85,62726.86,62556.84,62610.0,295.46093,59.92188979723941,151.62460571191332,28.74976929485251,61961.3015,62940.49113465412,60982.11186534588
2026-06-11 06:00:00,62610.0,62997.53,62544.89,62772.0,1198.75098,61.99137596895423,188.19628458430816,60.63907235274364,62030.596999999994,63034.24142012022,61026.95257987977
2026-06-11 07:00:00,62772.01,62842.92,62612.01,62719.39,399.47563,60.891733256206095,210.50781322126568,90.61282052644805,62114.8645,63046.63980509845,61183.08919490156
2026-06-11 08:00:00,62719.39,63050.0,62719.38,62957.99,546.92925,64.00983963110073,244.62302439584892,121.41486130032823,62184.563500000004,63150.753598732306,61218.3734012677
2026-06-11 09:00:00,62958.0,62989.97,62790.0,62927.49,401.22464,63.314907458442036,266.13069099250424,150.35802723876344,62223.617000000006,63244.88731818068,61202.346681819334
2026-06-11 10:00:00,62927.49,63214.97,62789.62,63148.0,666.36315,66.17418966624655,297.5391398532156,179.79424976165387,62271.217500000006,63372.66359021535,61169.77140978466
2026-06-11 11:00:00,63148.0,63257.21,63040.01,63108.0,563.58106,65.18173719107216,315.56525631271506,206.94845107186612,62294.656,63447.812406276265,61141.49959372374
2026-06-11 12:00:00,63108.01,63190.0,62500.0,63010.01,1835.01045,62.70088325258274,318.2752306748516,229.21380699246322,62334.19,63529.902045802475,61138.47795419753
2026-06-11 13:00:00,63010.0,63239.43,62677.84,63077.57,1087.23984,63.725976933286994,322.16076351499214,247.80319829696901,62389.568999999996,63616.44695213765,61162.69104786234
2026-06-11 14:00:00,63077.71,63100.0,62732.6,62734.02,782.87001,55.38958515887369,294.12793866307766,257.06814637019073,62432.17,63643.916322893456,61220.42367710654
2026-06-11 15:00:00,62734.02,62887.88,62518.1,62749.44,633.18968,55.66989572688084,270.04309937838116,259.6631369718288,62472.520000000004,63669.25466236194,61275.785337638066
2026-06-11 16:00:00,62749.44,62842.0,62548.79,62582.45,564.46406,51.868870313620924,234.77465721084445,254.68544101963195,62511.367000000006,63666.65928692534,61356.07471307467
2026-06-11 17:00:00,62582.45,63655.83,62348.0,63644.19,1821.97042,67.20222412867574,289.16440015980334,261.58123284766623,62625.7675,63752.18779460308,61499.34720539692
2026-06-11 18:00:00,63644.18,63788.0,63324.35,63461.12,793.20489,63.44887703805191,313.8782511863683,272.0406365154067,62729.7505,63751.63432173794,61707.866678262064
2026-06-11 19:00:00,63461.12,63933.02,63390.0,63605.68,946.18552,65.10617028104843,341.1958467064833,285.871678553622,62834.485,63754.74355773742,61914.22644226258
2026-06-11 20:00:00,63605.69,63663.4,63270.0,63393.67,556.54606,60.755304116702575,341.7977708694598,297.0568970167896,62913.568499999994,63729.82289813158,62097.31410186841
2026-06-11 21:00:00,63393.67,63599.99,63393.66,63519.99,269.29173,62.36892196447724,348.451041699489,307.33572595332953,62979.267499999994,63766.74438145839,62191.7906185416
2026-06-11 22:00:00,63519.99,63670.0,63462.0,63500.01,226.24918,61.93514654281649,348.0989200797194,315.4883647786075,63046.867999999995,63762.753874055816,62330.982125944174
2026-06-11 23:00:00,63500.0,63700.0,63362.0,63625.99,351.45962,63.651753888707226,353.90578866731084,323.17184955634815,63093.693499999994,63833.27280239615,62354.114197603834
2026-06-12 00:00:00,63626.0,63810.01,63520.86,63648.8,1229.6005,63.96859126724532,356.2418163223483,329.7858429095482,63139.7905,63897.796343328584,62381.78465667142
2026-06-12 01:00:00,63648.8,63648.8,63301.53,63426.2,745.50942,58.60028553368434,336.2550366637952,331.0796816603976,63180.6005,63905.67971654655,62455.521283453454
2026-06-12 02:00:00,63426.21,63779.11,63426.2,63624.07,398.45121,61.67885139995051,332.5484140063636,331.3734281295908,63223.204000000005,63947.32583452312,62499.08216547689
2026-06-12 03:00:00,63624.07,63649.99,63357.7,63524.82,280.54894,59.29697675939298,317.937260482664,328.68619460020545,63263.4755,63958.62892327361,62568.32207672639
2026-06-12 04:00:00,63524.81,63863.98,63426.48,63700.0,742.01132,62.0804346982867,316.84103181898536,326.31716204396145,63300.576,64006.205266811325,62594.94673318868
2026-06-12 05:00:00,63700.0,63721.31,63310.0,63358.2,603.70673,54.28076557965989,285.10534233241924,318.074798101653,63322.1115,64005.74528194585,62638.47771805415
2026-06-12 06:00:00,63358.2,63411.5,62829.81,62980.45,1027.41759,47.21982012882386,226.85823128359334,299.83148473804107,63313.734,64010.33493055809,62617.1330694419
2026-06-12 07:00:00,62980.46,63211.74,62956.0,63100.8,852.55681,49.47484259094979,188.2383211310007,277.512852016633,63313.373999999996,64010.42989683867,62616.31810316132
2026-06-12 08:00:00,63100.8,63615.84,63100.8,63470.81,600.81984,55.7363548125622,185.35185795012512,259.08065320333145,63336.414000000004,64021.61123343509,62651.21676656492
2026-06-12 09:00:00,63470.81,63953.84,63438.0,63752.93,524.52211,59.824599398433186,203.48341120784607,247.9612048042344,63370.18200000001,64068.11613002407,62672.247869975945
2026-06-12 10:00:00,63752.93,63852.0,63588.34,63702.01,872.53513,58.76952978946742,211.30815052704565,240.63059394879667,63418.58150000001,64062.96447473912,62774.198525260894
2026-06-12 11:00:00,63702.01,63884.49,63684.44,63766.01,380.80932,59.73081101378591,220.13598730959347,236.53167262095604,63469.409999999996,64048.63365891639,62890.1863410836
2026-06-12 12:00:00,63766.01,63775.0,63378.0,63465.51,515.59574,53.431685889468504,200.5722014576313,229.3397783882911,63513.563,63915.650354662066,63111.47564533794
2026-06-12 13:00:00,63465.52,63532.59,63045.29,63229.1,851.49099,49.049206710911996,164.0998085370593,216.29178441804476,63492.8085,63909.10632950384,63076.51067049616
2026-06-12 14:00:00,63229.1,64000.0,63190.0,63999.99,1065.08825,60.44274025900602,195.14998720570293,212.0634249755764,63519.75199999999,63993.23924489038,63046.26475510961
2026-06-12 15:00:00,63999.99,64394.44,63551.9,63593.02,1669.96199,53.625153114419426,184.78827548221307,206.60839507690375,63519.11899999999,63992.15619169703,63046.08180830295
2026-06-12 16:00:00,63593.02,63996.0,63510.16,63982.48,776.01025,58.45457260268626,205.63231016629288,206.41317809478159,63548.559499999996,64060.42111398243,63036.69788601756
2026-06-12 17:00:00,63982.48,64111.1,63745.99,63865.44,456.29271,56.54871130584296,210.2831942046323,207.18718131675175,63565.83200000001,64096.59931569574,63035.06468430428
2026-06-12 18:00:00,63865.45,63934.34,63686.0,63694.0,561.84193,53.78255474166687,197.85453418675752,205.3206518907529,63575.531500000005,64108.32041361484,63042.74258638517
2026-06-12 19:00:00,63694.01,63830.93,63589.27,63589.27,462.65176,52.105746887085445,177.5076976008204,199.75806103276642,63573.69550000001,64106.00514355972,63041.3858564403
2026-06-12 20:00:00,63589.28,63696.41,63400.0,63449.0,328.72463,49.86340326793591,148.35393449102412,189.47723572441797,63563.705500000004,64097.57748816049,63029.83351183952
2026-06-12 21:00:00,63449.01,63624.62,63440.01,63472.0,330.50626,50.241524727844606,125.65678180396935,176.71314494032825,63565.995500000005,64097.7728431916,63034.21815680841
2026-06-12 22:00:00,63471.99,63658.0,63471.99,63502.0,711.15075,50.76313361511768,108.83528859554644,163.13757367137188,63559.89200000001,64091.664933378524,63028.11906662149
2026-06-12 23:00:00,63502.0,63580.01,63426.83,63580.01,409.24822,52.167293557853085,100.63878777874925,150.63781649284738,63562.65149999999,64094.23088301799,63031.072116981995
2026-06-13 00:00:00,63580.0,63652.11,63507.39,63600.01,578.94188,52.54098170772172,94.6655887025845,139.4433709347948,63557.65199999999,64085.66120829318,63029.64279170679
2026-06-13 01:00:00,63600.01,63840.0,63600.01,63837.89,509.63359,56.8581208559468,107.88310408504185,133.13131756484424,63581.6365,64115.04999631392,63048.22300368608
2026-06-13 02:00:00,63837.88,63837.89,63558.0,63646.01,450.79285,52.694252344823205,101.70260355465871,126.84557476280713,63614.9145,64067.29708954287,63162.531910457124
2026-06-13 03:00:00,63646.01,63720.88,63418.66,63532.0,268.55023,50.33552871240548,86.60651221541775,118.79776225332927,63636.4745,64021.825183206725,63251.12381679327
2026-06-13 04:00:00,63532.0,63663.91,63484.0,63512.01,144.15296,49.91364994144792,72.19747755116259,109.47770531289594,63638.534499999994,64020.582656561586,63256.4863434384
2026-06-13 05:00:00,63512.01,63596.0,63493.16,63584.03,658.62782,51.49111354979211,65.83076973669813,100.74831819765637,63630.0895,64008.944234215305,63251.2347657847
2026-06-13 06:00:00,63584.03,63740.0,63550.51,63735.74,299.54013,54.725830133819905,72.19462236369873,95.03757903086485,63631.776,64012.275506870814,63251.27649312918
2026-06-13 07:00:00,63736.0,63883.47,63674.98,63846.0,436.97737,56.97156726976349,85.15348556304525,93.06076033730093,63635.7755,64023.82260521913,63247.728394780876
2026-06-13 08:00:00,63845.99,63910.0,63766.18,63806.0,227.43934,55.88849478117654,91.14514777833392,92.67763782550753,63652.8,64039.2676763995,63266.33232360051
2026-06-13 09:00:00,63806.0,63867.65,63742.57,63743.12,301.95833,54.14587764638109,89.78471050794178,92.09905236199438,63678.501000000004,64010.9155137952,63346.08648620481
2026-06-13 10:00:00,63743.13,63908.48,63726.57,63843.01,188.76787,56.46798604950336,95.66408631594823,92.81205915278515,63670.652,63977.53723162592,63363.76676837408
2026-06-13 11:00:00,63843.01,63984.53,63843.01,63971.28,479.05156,59.31706292952066,109.41261053799826,96.13216942982778,63689.565,64021.87573796205,63357.25426203795
2026-06-13 12:00:00,63971.28,64214.0,63921.33,64133.12,878.04841,62.639477400604505,131.8476923582566,103.27527401551356,63697.09700000001,64062.53883683038,63331.655163169635
2026-06-13 13:00:00,64133.12,64245.88,64060.0,64102.69,499.73169,61.62049320811151,145.49503347260907,111.71922590693266,63708.9595,64110.981673878756,63306.93732612124
2026-06-13 14:00:00,64102.61,64233.73,64090.09,64220.97,206.46033,64.06731868407691,163.96477328046603,122.16833538163934,63735.308,64197.73859924338,63272.87740075662
2026-06-13 15:00:00,64220.96,64350.0,64186.97,64296.15,584.92205,65.56983234934324,182.56408767943503,134.24748584119848,63770.65199999999,64290.56747199708,63250.7365280029
2026-06-13 16:00:00,64296.15,64307.52,63920.05,64029.17,720.7481,56.52984737716441,173.75814781903318,142.14961823676543,63799.6605,64308.63762726598,63290.68337273401
2026-06-13 17:00:00,64029.17,64120.0,63944.0,63971.19,301.75645,54.76404018492379,160.2535721697859,145.77040902336952,63824.619999999995,64314.5449318835,63334.69506811649
2026-06-13 18:00:00,63971.2,64282.19,63971.19,64161.46,278.72154,59.261313494062726,163.0250462660115,149.22133647189793,63857.59299999999,64344.85359844927,63370.33240155072
2026-06-13 19:00:00,64161.46,64333.62,64152.0,64296.59,308.7181,62.140109967126314,174.1181949594611,154.20070816941058,63893.422000000006,64399.7504622718,63387.093537728215
2026-06-13 20:00:00,64296.59,64296.6,64226.83,64278.31,179.3189,61.50691568121,179.36692177102668,159.2339508897338,63927.337000000014,64441.71839790104,63412.95560209899
2026-06-13 21:00:00,64278.31,64762.77,64226.38,64471.04,552.39519,65.4986272951655,196.80957757186843,166.74907622616072,63958.99449999999,64525.49108282646,63392.497917173525
2026-06-13 22:00:00,64471.04,64556.0,64383.61,64456.47,316.2712,64.95028415373886,207.07035260020348,174.81333150096927,63999.5175,64587.295224271664,63411.73977572834
2026-06-13 23:00:00,64456.46,64596.99,64382.42,64458.01,589.21574,64.9836526711751,212.87249425943446,182.42516405266232,64045.81799999999,64624.34801308815,63467.28798691183
2026-06-14 00:00:00,64458.01,64579.03,64380.7,64565.0,595.05205,67.31200071592369,223.5272491860742,190.6455810793447,64098.46749999999,64663.961267933206,63532.97373206678
2026-06-14 01:00:00,64565.01,64710.0,64507.25,64563.0,821.19702,67.22201779339787,229.16812841138017,198.3500905457518,64147.41599999999,64694.59933241953,63600.23266758045
2026-06-14 02:00:00,64563.0,64636.0,64476.01,64490.01,260.23317,63.86650574765476,225.1534539763743,203.7107632318763,64185.129499999995,64716.59083290744,63653.66816709255
2026-06-14 03:00:00,64490.01,64545.4,64466.0,64545.3,155.67419,65.28031538856554,223.85280074124603,207.73917073375026,64220.09449999999,64749.623764950484,63690.5652350495
2026-06-14 04:00:00,64545.3,64563.48,64325.61,64339.07,253.74802,56.41374186956221,203.8313453491428,206.95760565682878,64246.748,64741.005259885584,63752.490740114416
2026-06-14 05:00:00,64339.07,64411.2,64293.41,64338.0,429.46847,56.37096139120097,185.73679943967727,202.7134444133985,64276.492000000006,64711.14135399542,63841.84264600459
2026-06-14 06:00:00,64338.0,64487.8,64232.12,64286.1,839.75348,54.22306629684189,165.30333128337224,195.23142178739326,64298.64650000001,64682.461016975765,63914.831983024254
2026-06-14 07:00:00,64286.1,64445.95,64214.0,64429.39,256.82492,58.88138608539962,158.84094647391612,187.95332672469783,64321.552,64676.71580808138,63966.388191918624
2026-06-14 08:00:00,64429.39,64513.82,64392.0,64456.33,192.66954,59.71148576098643,154.11673106509988,181.18600759277825,64337.7125,64686.12440857249,63989.30059142751
2026-06-14 09:00:00,64456.33,64617.99,64321.18,64616.0,237.3813,64.3102927302846,161.3963146500464,177.22806900423188,64363.378000000004,64714.50867743241,64012.2473225676
2026-06-14 10:00:00,64616.0,64664.0,64498.01,64521.13,184.13016,59.93286272722038,157.69244065363455,173.32094333411243,64378.386,64729.54691041673,64027.22508958327
2026-06-14 11:00:00,64521.13,64641.9,64460.0,64546.0,228.11339,60.68828926172036,154.97741184558254,169.65223703640646,64390.878500000006,64747.456348869986,64034.30065113003
2026-06-14 12:00:00,64546.01,64560.66,64295.06,64327.53,334.09454,51.50220452117642,133.65632190371252,162.45305400986769,64405.7965,64721.2513695548,64090.3416304452
2026-06-14 13:00:00,64327.54,64398.14,64244.0,64317.99,308.61157,51.138195455274136,114.66758964835753,152.89596113756568,64423.1365,64668.297924607046,64177.975075392955
2026-06-14 14:00:00,64318.0,64341.43,63866.66,63983.55,781.47067,40.36693201828909,71.80465025001467,136.6776989600555,64414.241,64707.560904926104,64120.9210950739
2026-06-14 15:00:00,63983.56,64153.75,63980.35,64025.07,366.74561,42.000251611859056,40.71642536242871,117.48544424053014,64400.665,64738.646577010426,64062.683422989576
2026-06-14 16:00:00,64025.06,64208.92,63936.0,63942.63,256.58722,39.67653542850513,9.319138907907472,95.85218317400562,64383.880999999994,64776.38741495862,63991.37458504137
2026-06-14 17:00:00,63942.63,64019.38,63694.11,63732.64,617.57994,34.44841326657355,-32.13741474059498,70.2542635910855,64346.96100000001,64832.76961041361,63861.15238958641
2026-06-14 18:00:00,63732.65,63813.3,63678.83,63813.3,258.88821,37.836775303459525,-57.816966291524295,44.64001761456355,64314.80249999999,64852.47114921701,63777.13385078297
2026-06-14 19:00:00,63813.3,63861.86,63734.71,63802.0,107.594,37.543988220528995,-78.17881475688046,20.076251140274746,64282.002,64861.31312404687,63702.69087595313
2026-06-14 20:00:00,63801.99,64092.4,63794.09,64008.64,243.2036,45.803092278488535,-76.75680070828821,0.7096407705621539,64254.18400000001,64829.69633745445,63678.67166254557
2026-06-14 21:00:00,64008.64,65666.0,64007.24,65311.59,2955.01268,71.444644173797,29.17106557716761,6.401925731883246,64291.6135,65026.88851732649,63556.338482673505
2026-06-14 22:00:00,65311.59,65580.0,64946.12,65426.78,1554.15469,72.67546351823049,121.01949568028067,29.325439721562734,64338.452000000005,65229.73780419549,63447.16619580452
2026-06-14 23:00:00,65426.78,65800.0,65256.21,65746.45,964.84531,75.79368655584145,217.1021176051654,66.88077529828327,64398.5095,65488.2596919815,63308.7593080185
2026-06-15 00:00:00,65746.45,65923.0,65480.69,65625.99,1043.52596,72.43899607568798,280.29708216049767,109.56403667072615,64462.85549999999,65682.10943096186,63243.60156903812
2026-06-15 01:00:00,65626.0,65734.87,65354.0,65525.0,855.38843,69.6554727455497,318.55835544846195,151.3629004262733,64522.2055,65828.33431582735,63216.07668417265
2026-06-15 02:00:00,65525.01,65775.15,65415.02,65472.01,587.73145,68.17517547626815,340.6777193584203,189.22586421270273,64581.50099999999,65948.74432347012,63214.25767652986
2026-06-15 03:00:00,65472.01,65995.0,65422.83,65927.1,767.65798,73.40293362280013,390.4288139390628,229.46645415797477,64656.3865,66147.04337405186,63165.729625948145
2026-06-15 04:00:00,65927.11,65927.11,65633.28,65644.01,564.25779,66.12622297096951,402.37558246875415,264.04827982013063,64715.7705,66266.29662375973,63165.24437624027
2026-06-15 05:00:00,65644.0,65872.0,65611.01,65858.01,477.26671,68.655826399316,424.2213346504868,296.0828907862019,64777.871,66408.9669162398,63146.7750837602
2026-06-15 06:00:00,65858.0,65967.27,65775.45,65812.01,365.24859,67.48914708417931,432.83300562306977,323.4329137535755,64842.415,66531.8533955933,63152.97660440671
2026-06-15 07:00:00,65812.01,66000.0,65628.45,65674.76,574.31747,63.994861417878944,423.69875347198104,343.4860816972566,64898.853,66621.68367740694,63176.02232259306
2026-06-15 08:00:00,65674.76,65800.0,65620.0,65662.01,363.0048,63.66509352933959,410.69671827130514,356.92820901206636,64965.577000000005,66698.57854111266,63232.57545888735
2026-06-15 09:00:00,65662.0,65779.5,65512.0,65596.86,344.30264,61.90955698070427,390.63248307679896,363.6690638250129,65029.5205,66756.27724096939,63302.76375903061
2026-06-15 10:00:00,65596.86,65973.15,65584.37,65917.37,544.78922,66.7648747755992,396.02873774689215,370.14099860938876,65126.2115,66822.66361575318,63429.75938424681
2026-06-15 11:00:00,65917.37,66385.12,65832.78,66233.9,1293.72734,70.7326174488706,420.9936810041181,380.31153508833467,65236.65299999999,66918.80551649237,63554.50048350762
2026-06-15 12:00:00,66233.89,66600.91,66106.0,66563.49,987.26981,74.18810898575994,462.0475404677127,396.65873616421027,65367.695999999996,67033.66066220084,63701.73133779916
2026-06-15 13:00:00,66563.48,66949.22,66412.0,66447.05,1919.26303,70.99884768341768,479.6580851703329,413.2586059654348,65503.41649999999,67046.24558739694,63960.58741260305
2026-06-15 14:00:00,66447.06,66675.83,66251.58,66591.55,940.8464,72.57450102040693,499.51639700093074,430.510164172534,65642.329,67037.66971624763,64246.98828375236
2026-06-15 15:00:00,66591.54,67292.15,66580.42,67292.14,1466.9579,78.63522508123008,565.2699302357214,457.46211738517155,65816.836,67112.50865927697,64521.163340723026
2026-06-15 16:00:00,67292.15,67292.15,67088.83,67157.99,1096.95936,75.20797877521996,599.6429841349454,485.89829073512635,65974.3035,67098.8944006967,64849.71259930328
2026-06-15 17:00:00,67158.0,67158.0,66585.26,66851.79,1340.24388,67.93032988664251,595.3136903621344,507.781370660528,66051.3135,67195.59262207392,64907.03437792609
2026-06-15 18:00:00,66851.8,66933.86,66715.61,66766.12,590.69175,66.00583063458592,578.3035178579303,521.8858001000085,66118.28050000001,67265.42748978389,64971.133510216125
2026-06-15 19:00:00,66766.13,66889.85,66348.0,66614.35,780.39583,62.62115579740893,546.2790976012766,526.7644596002622,66161.6755,67315.24287620936,65008.10812379064
2026-06-15 20:00:00,66615.98,66681.3,66489.86,66519.98,339.47285,60.54229117415198,507.43524586057174,522.8986168523242,66206.375,67341.68124555804,65071.06875444196
2026-06-15 21:00:00,66519.99,66567.38,66314.34,66368.15,347.81382,57.24934972979879,459.10749596844835,510.14039267554904,66248.5325,67339.03942722916,65158.02557277084
2026-06-15 22:00:00,66368.15,66476.64,66076.56,66206.34,520.15584,53.88555150555569,403.1039597741328,488.73310609526584,66285.249,67313.33423491572,65257.163765084275
2026-06-15 23:00:00,66206.34,66368.0,66116.59,66328.74,448.51217,55.99200421042834,364.396870621611,463.8658590005349,66305.331,67319.55732843136,65291.104671568646
2026-06-16 00:00:00,66328.74,66463.26,66242.0,66250.0,457.62239,54.2744563356993,323.6368791702407,435.8200630344761,66335.6305,67301.736773506,65369.524226494
2026-06-16 01:00:00,66250.0,66418.01,66248.93,66346.52,456.63949,56.05400050044107,295.7138445098244,407.7988193295458,66360.056,67299.65630290561,65420.455697094374
2026-06-16 02:00:00,66346.51,66367.69,65678.14,65741.99,964.73227,44.399084751248004,222.24224932561629,370.6875053287599,66356.55500000001,67305.23136165417,65407.87863834585
2026-06-16 03:00:00,65742.0,66166.61,65650.0,66165.21,802.10485,51.9339271698329,195.90749812060676,335.7315038871293,66381.0775,67279.57670632502,65482.578293674975
2026-06-16 04:00:00,66165.21,66301.83,65802.0,65840.09,694.50218,46.69844332296978,147.10679563097074,298.0065622358976,66389.9815,67261.60463128069,65518.3583687193
2026-06-16 05:00:00,65840.1,66150.22,65840.09,66045.0,739.41945,50.11199106386986,123.5422931603971,263.11370842079754,66412.3885,67218.7620248855,65606.0149751145
2026-06-16 06:00:00,66044.99,66572.99,66044.99,66446.0,556.56171,56.044582017835005,135.66079073290166,237.62312488321837,66438.81999999999,67210.79568498897,65666.84431501101
2026-06-16 07:00:00,66446.01,66527.23,66300.1,66372.0,385.79165,54.750655575422954,137.70621429274615,217.63974276512394,66445.725,67212.43565042649,65679.01434957352
2026-06-16 08:00:00,66372.0,66992.0,66345.06,66899.61,688.96018,61.564263547332985,179.82799954000802,210.07739412010076,66462.531,67254.43197298214,65670.63002701786
2026-06-16 09:00:00,66899.61,66923.99,66474.74,66510.0,600.75927,54.98048549720327,179.70007630593318,204.00193055726726,66465.67850000001,67257.82076217968,65673.53623782034
2026-06-16 10:00:00,66510.01,66778.0,66486.38,66514.0,387.22813,55.03365329559964,177.87107575152186,198.77575959611818,66461.801,67252.10608559374,65671.49591440627
2026-06-16 11:00:00,66514.01,66643.23,66368.36,66481.73,467.239,54.47471165218608,171.8368322886381,193.38797413462217,66421.28050000001,67108.74130480997,65733.81969519005
2026-06-16 12:00:00,66481.73,66818.0,66368.0,66429.83,562.31913,53.53301100025688,161.01072322469554,186.91252395263686,66384.87250000001,66978.82138287796,65790.92361712207
2026-06-16 13:00:00,66429.84,66463.13,65928.16,66052.0,1347.85119,47.14368275206222,120.55356400679739,173.64073196346897,66344.883,66913.6288975188,65776.1371024812
2026-06-16 14:00:00,66052.01,66265.8,65360.92,65654.9,1491.76291,41.53300853070374,55.80503682460403,150.07359293569598,66289.322,66900.34132804912,65678.30267195088
2026-06-16 15:00:00,65654.9,65999.78,65614.3,65859.76,788.81576,45.15909475261781,20.78228718813625,124.21533178618404,66251.5925,66871.23534264407,65631.94965735593
2026-06-16 16:00:00,65859.76,65953.97,65706.0,65758.07,338.72091,43.70994456401162,-15.00604699642281,96.37105602966267,66213.497,66856.89328690822,65570.10071309179
2026-06-16 17:00:00,65758.07,66011.47,65710.34,65978.79,383.38742,47.63762066533422,-25.26703763109981,72.04343729751018,66194.02900000001,66841.27319527302,65546.784804727
2026-06-16 18:00:00,65978.78,66248.69,65802.0,65847.99,522.72648,45.60674289024893,-43.45251989323879,48.94424585936039,66176.11150000001,66841.50646338549,65510.71653661453
2026-06-16 19:00:00,65848.0,65848.0,65560.0,65675.88,617.37667,43.00854898485308,-70.93479209413636,24.968438268661046,66143.4685,66840.63410862256,65446.302891377454
2026-06-16 20:00:00,65675.89,65865.92,65592.0,65854.0,261.11445,46.41112920889176,-77.44911029035575,4.484928556857688,66123.6685,66830.5209315239,65416.81606847609
2026-06-16 21:00:00,65854.0,65938.0,65654.9,65776.97,351.42219,45.155556821881774,-87.81515320431208,-13.975087795376268,66095.191,66810.08656226483,65380.29543773519
2026-06-16 22:00:00,65776.97,65882.0,65680.0,65780.0,228.62751,45.218336957147265,-94.69424490949314,-30.118919218199643,66097.09150000001,66808.2257445726,65385.95725542742
2026-06-16 23:00:00,65780.01,65834.19,65626.9,65675.01,206.37282,43.365963267875706,-107.37998063396662,-45.571131501353044,66072.5815,66807.23207231569,65337.93092768431
2026-06-17 00:00:00,65675.02,65848.0,65675.02,65700.0,332.30374,43.954478806371846,-114.10173961313558,-59.277253123709556,66065.577,66812.13582375954,65319.01817624047
2026-06-17 01:00:00,65700.0,65956.56,65477.5,65940.0,549.42502,49.393450647355294,-98.9224711254501,-67.20629672405767,66060.327,66808.96896872284,65311.685031277164
2026-06-17 02:00:00,65940.0,66200.0,65788.0,65904.0,974.93815,48.63108071168134,-88.77435511800286,-71.51990840284671,66033.227,66762.0637162934,65304.3902837066
2026-06-17 03:00:00,65903.99,65904.0,65703.45,65851.99,563.57309,47.49063810120361,-83.96082428460068,-74.00809157919751,66007.2265,66722.14618484757,65292.306815152435
2026-06-17 04:00:00,65852.0,66048.19,65788.31,65892.0,473.33682,48.491343217863495,-76.04104002157692,-74.4146812676734,65956.84599999999,66536.12653009364,65377.56546990635
2026-06-17 05:00:00,65892.01,65978.0,65746.51,65836.3,536.04504,47.14433507341146,-73.4128211257921,-74.21430923929715,65923.161,66442.22829824116,65404.09370175884
2026-06-17 06:00:00,65836.3,65896.45,65582.63,65624.0,378.80773,42.31906572425583,-87.45267445672653,-76.86198228278303,65878.661,66333.01957981403,65424.30242018596
2026-06-17 07:00:00,65624.01,65710.0,65251.0,65539.5,697.28548,40.54048969599356,-104.19668861108948,-82.32892354844432,65831.5495,66212.00525495017,65451.09374504981
2026-06-17 08:00:00,65539.51,65574.0,64833.07,64926.02,992.25057,30.51373974721443,-165.06636706694553,-98.87641225214458,65756.359,66223.49318671477,65289.22481328522
2026-06-17 09:00:00,64926.02,65076.76,64842.01,64909.44,859.97592,30.295657468344857,-212.19780896748125,-121.54069159521192,65699.231,66279.81404250092,65118.64795749907
2026-06-17 10:00:00,64909.44,64993.97,64768.0,64798.0,597.7384,28.805469157273365,-255.59574425745814,-148.35170212766118,65656.386,66363.44103041808,64949.33096958191
2026-06-17 11:00:00,64798.0,64868.21,64565.0,64810.01,641.24645,29.209599748150012,-285.72614091760624,-175.8265898856502,65603.8985,66397.89504945056,64809.90195054944
2026-06-17 12:00:00,64810.01,65108.0,64590.53,65040.88,557.73466,36.65359742227268,-287.65945863234083,-198.19316363498834,65568.039,66396.74094980961,64739.3370501904
2026-06-17 13:00:00,65040.88,65369.53,64850.0,65278.0,961.56723,43.25375570840176,-266.9804402192967,-211.95061895185003,65532.99950000001,66347.71918495484,64718.279815045185
2026-06-17 14:00:00,65278.0,65461.38,64772.72,65101.45,799.61288,39.91877150647897,-261.82017861113854,-221.92453088370775,65495.6725,66317.99893553848,64673.34606446152
2026-06-17 15:00:00,65101.45,65855.66,64987.74,65752.0,1172.17515,53.99466068181792,-202.8978063698596,-218.11918598093814,65499.478500000005,66326.01063046226,64672.94636953774
2026-06-17 16:00:00,65751.99,66445.93,65722.0,65864.12,1421.90632,55.91176962531798,-145.477283316206,-203.59080544799173,65499.9845,66327.44234203004,64672.52665796996
2026-06-17 17:00:00,65864.13,66191.98,65800.0,66104.08,377.59846,59.775198425499546,-79.68972498851508,-178.81058935609641,65516.340000000004,66379.0311553122,64653.64884468781
2026-06-17 18:00:00,66107.99,66107.99,64800.0,65516.0,2242.57142,48.54731907299024,-74.15098584302177,-157.8786686534815,65503.14,66356.87727746161,64649.4027225384
2026-06-17 19:00:00,65516.0,65666.0,63998.35,64301.85,2173.5643,34.2452779089943,-165.8217630271174,-159.4672875282087,65434.482,66437.78179859357,64431.18220140643
2026-06-17 20:00:00,64301.85,64488.96,64181.33,64434.36,504.85432,36.4458601815662,-225.18329201149754,-172.61048842486647,65371.2,66459.99960786413,64282.40039213586
2026-06-17 21:00:00,64434.36,64452.0,64142.0,64257.77,458.08471,34.775587877461405,-283.21237264585216,-194.73086526906363,65287.0885,66448.37180286238,64125.80519713761
2026-06-17 22:00:00,64257.77,64434.84,63915.77,64300.01,492.23769,35.53660553215215,-322.0796879844929,-220.2006298121495,65206.889,66409.59251515436,64004.18548484564
2026-06-17 23:00:00,64300.01,64529.2,64248.0,64509.4,289.82054,39.3164362235904,-332.15738874286035,-242.59198159829168,65139.7595,66340.7295465169,63938.7894534831
2026-06-18 00:00:00,64509.4,64702.0,64457.67,64468.01,396.7915,38.831739377714214,-339.56952023454505,-261.98748932554236,65068.56,66250.44584762707,63886.674152372936
2026-06-18 01:00:00,64468.01,64806.0,64466.3,64548.74,382.95414,40.37572540718051,-335.0670076398892,-276.60339298841177,65004.18199999999,66149.6954295447,63858.66857045528
2026-06-18 02:00:00,64548.75,64776.66,64488.0,64689.5,323.93999,43.07382649160083,-316.49225267097063,-284.58116492492354,64957.456999999995,66072.34578156844,63842.56821843155
2026-06-18 03:00:00,64689.5,64689.5,64267.86,64282.82,548.57792,37.75766165274332,-330.77434205235477,-293.8198003504098,64894.623,66013.03724623092,63776.20875376908
2026-06-18 04:00:00,64282.82,64347.09,63826.93,63883.41,831.20199,33.397969261840615,-370.05627143032325,-309.06709456639254,64842.49249999999,66048.50844678054,63636.47655321944
2026-06-18 05:00:00,63883.26,64020.0,63696.29,63994.0,597.91477,35.61473032021752,-387.79355203779414,-324.8123860606729,64796.720499999996,66060.15856118086,63533.28243881914
2026-06-18 06:00:00,63994.0,64134.33,63850.0,64083.41,767.55142,37.4280161068946,-390.1385604677125,-337.87762094208085,64760.991,66064.07140124174,63457.91059875825
2026-06-18 07:00:00,64084.0,64510.5,64015.42,64510.44,524.85633,45.34510908096784,-353.4647230784176,-340.9950413693482,64746.0125,66053.59957947694,63438.42542052305
2026-06-18 08:00:00,64510.45,64646.75,64378.25,64399.92,714.20438,43.80045369706473,-329.5199818409019,-338.70002946365895,64713.96449999999,66022.54070894184,63405.38829105812
2026-06-18 09:00:00,64399.93,64478.0,64196.14,64199.53,300.31875,41.068756499061806,-322.99017053697025,-335.55805767832123,64660.04099999999,65959.60509549108,63360.476904508905
2026-06-18 10:00:00,64199.53,64223.79,63910.0,64078.61,445.57306,39.46913110327776,-323.8394617314698,-333.21433848895094,64608.899,65915.80595525731,63301.99204474268
2026-06-18 11:00:00,64078.61,64196.0,63878.14,63906.0,326.91489,37.23935437982619,-334.58384130856575,-333.48823905287395,64516.599,65741.77600625137,63291.42199374863
