symbol,n_bars,last_close,med_dollar_vol,pass
MU,32,932.97,33564545894.75,True
SPY,32,765.91,33086275826.939995,True
NVDA,32,213.05,25218637008.89,True
QQQ,32,710.72,24109668338.91,True
SNDK,32,1480.77,22502971774.35,True
AAPL,32,309.9,14514868110.4,True
AMD,32,479.18,12491300230.689999,True
TSLA,32,350.25,11879832789.419998,True
MSFT,32,491.71,11626500256.310001,True
INTC,32,87.48,10325935288.04,True
SPCX,32,137.95,10175772947.369999,True
GOOGL,32,346.96,9175352066.985,True
AMZN,32,261.06,8973740928.07,True
META,32,570.05,8866106415.564999,True
SOXL,32,115.67,8775782195.970001,True
AVGO,32,356.74,7048398481.61,True
GOOG,32,343.34,5837564464.6,True
IWM,32,299.23,5593562185.215,True
SKHY,32,159.53,5025937264.635,True
PLTR,32,172.73,4826758971.51,True
TSM,32,417.41,4768190533.875,True
MRVL,32,240.38,4749425461.5,True
NBIS,32,221.97,4673809497.15,True
SMH,32,555.82,4568633777.295,True
SOXX,32,514.06,4491212868.155001,True
TQQQ,32,70.27,4294431747.71,True
STX,32,821.67,4243959219.04,True
WDC,32,450.75,4083906573.855,True
AMAT,32,480.04,3993621135.089999,True
ORCL,32,144.76,3869803707.13,True
VOO,32,704.02,3764324763.2250004,True
LITE,32,885.565,3535268103.615,True
EWY,32,180.15,3346457990.34,True
DRAM,32,56.24,3315408842.075,True
IVV,32,769.62,3237652479.9750004,True
GLD,32,428.07,3153903275.04,True
LQD,32,106.86,3046445913.21,True
BE,32,217.45,3039566163.295,True
LLY,32,1233.66,3008031408.43,True
LRCX,32,314.66,2939149200.745,True
SOXS,32,48.42,2914580246.16,True
V,32,384.14,2546304374.5299997,True
NFLX,32,82.23,2545070005.08,True
ASML,32,1744.16,2523089338.26,True
WMT,32,105.38,2454305221.055,True
CAT,32,811.29,2400020168.88,True
JPM,32,356.69,2361913931.55,True
DELL,32,451.5,2357236462.9799995,True
GEV,32,926.73,2352655129.4849997,True
HYG,32,79.92,2314916691.675,True
TLT,32,83.47,2249558781.5600004,True
APP,32,310.54,2207719060.91,True
CRM,32,205.69,2204740287.855,True
NOW,32,127.0,2194700848.77,True
XOM,32,160.64,2189144449.4,True
CSCO,32,111.11,2181750094.4399996,True
KLAC,32,183.34,2033062377.73,True
HOOD,32,112.09,1995007715.92,True
TXN,32,260.05,1994458955.3100002,True
SQQQ,32,39.46,1978235805.7800002,True
PANW,32,339.9,1968744352.675,True
CRWV,32,88.04,1944416104.37,True
SGOV,32,100.64,1893383704.205,True
GS,32,1058.88,1891899868.98,True
UNH,32,396.59,1890083735.69,True
JNJ,32,273.14,1829999922.06,True
BAC,32,62.43,1779270661.175,True
IBM,32,234.19,1750109637.925,True
COST,32,960.01,1747668174.265,True
XLF,32,58.31,1737555651.27,True
DIA,32,535.24,1703939374.5750003,True
IREN,32,42.21,1691099774.715,True
MA,32,599.37,1688346452.8899999,True
QCOM,32,160.56,1676735164.28,True
GLW,32,147.16,1638668856.06,True
COHR,32,288.14,1627169187.54,True
XLE,32,62.06,1611928557.6399999,True
GDX,32,105.52,1568965985.73,True
CRWD,32,185.38,1536815019.71,True
MSTR,32,126.83,1525595174.865,True
RSP,32,221.77,1452840614.6149998,True
SNXX,32,12.88,1425838575.6999998,True
CVX,32,199.89,1413341225.5700002,True
C,32,133.25,1378776697.97,True
ADI,32,373.66,1353386287.58,True
EEM,32,67.25,1348356173.25,True
XLK,32,181.74,1342537728.87,True
UBER,32,80.35,1326775747.1100001,True
XLV,32,175.29,1319651893.96,True
GE,32,349.54,1313858273.8899999,True
IBIT,32,44.72,1309091562.3,True
SMCI,32,38.46,1300473623.53,True
ANET,32,190.94,1284746861.98,True
HD,32,337.88,1283546870.1200001,True
SNOW,32,317.02,1282995558.5,True
KO,32,91.64,1268713371.555,True
ABBV,32,265.79,1265776648.775,True
ARM,32,241.56,1262911655.895,True
ISRG,32,371.84,1248143659.485,True
RKLB,32,66.91,1232455177.7,True
ALAB,32,282.65,1231425919.575,True
AAOI,32,113.15,1221393820.31,True
MUU,32,29.26,1209971022.7849998,True
T,32,25.77,1208401232.0700002,True
XBI,32,169.1,1194938996.63,True
BA,32,211.08,1185539391.1399999,True
INTU,32,357.46,1175549074.6750002,True
ADBE,32,273.92,1173667710.3000002,True
SOFI,32,19.0,1163544012.635,True
BITO,32,10.66,1159736091.738,True
MCD,32,268.1,1153237988.27,True
VRT,32,255.75,1152648023.14,True
BABA,32,119.44,1145349523.245,True
WFC,32,84.79,1143881556.06,True
MRK,32,156.45,1136157489.26,True
PG,32,145.4,1135239373.69,True
VTI,32,378.15,1094421640.08,True
COIN,32,187.16,1094279401.705,True
TMO,32,628.15,1092711164.22,True
NU,32,15.14,1087098163.2350001,True
CRDO,32,226.51,1085700493.97,True
CBRS,32,183.915,1083964444.9,True
XLI,32,178.4,1063852319.79,True
TER,32,366.43,1055634040.12,True
AMGN,32,442.24,1046195282.5300001,True
EFA,32,108.81,1033621364.1899999,True
MPWR,32,1304.15,1032961344.14,True
DDOG,32,222.99,1027881101.24,True
PATH,32,16.66,1027004446.3,True
ACN,32,186.93,1025365461.69,True
BKNG,32,213.78,1025187240.1200001,True
ABT,32,116.13,1023570550.125,True
IGV,32,101.85,1011487565.77,True
SHOP,32,153.88,1007650028.6300001,True
LIN,32,487.2,1005414565.44,True
MS,32,216.77,1005171605.545,True
PEP,32,142.27,1002199044.605,True
PFE,32,28.57,992090818.88,True
VZ,32,50.25,981998949.095,True
APH,32,158.78,947671553.78,True
DIS,32,111.25,943919598.525,True
QQQM,32,292.66,942568465.6400001,True
AAL,32,13.95,938713047.74,True
NOK,32,10.35,933205711.375,True
RTX,32,210.28,919474695.885,True
PM,32,193.92,904461971.3100001,True
NEE,32,84.22,896112103.635,True
KRE,32,74.33,893161979.915,True
NXPI,32,224.75,885463104.9549999,True
AXP,32,335.95,882750839.1700001,True
NET,32,277.58,882442158.54,True
BSX,32,49.86,873939354.2249999,True
DHR,32,215.97,862221937.0049999,True
NKE,32,39.48,852695133.4849999,True
FCX,32,79.91,849433800.8500001,True
GILD,32,148.77,838378725.1600001,True
XLP,32,86.52,835633903.685,True
COF,32,216.24,824744128.64,True
SPOT,32,552.57,818279525.54,True
IEMG,32,81.89,809532474.5999999,True
CRCL,32,92.02,808774770.8299999,True
XLU,32,43.31,797873897.925,True
UNP,32,309.59,795981444.955,True
MCHP,32,73.5,795585558.0699999,True
TMUS,32,181.61,787384961.925,True
HPE,32,53.44,786751849.8399999,True
CLS,32,306.86,786233294.11,True
SLV,32,62.32,779874429.18,True
NEM,32,135.14,779225379.255,True
COP,32,131.84,774449048.86,True
MCK,32,905.09,772534547.715,True
MELI,32,1997.0,771190808.28,True
VLO,32,340.41,770828642.5999999,True
ETN,32,409.2,770053398.3,True
SCHD,32,35.11,768910510.5000001,True
TJX,32,139.48,766269833.635,True
XLY,32,117.95,763025573.355,True
SCHW,32,112.27,762539663.5150001,True
ASTS,32,62.01,753003958.35,True
SPYM,32,90.15,751826375.05,True
CVS,32,92.9,747332544.735,True
SYK,32,330.59,739852888.49,True
IONQ,32,42.05,737451167.035,True
DASH,32,233.5,735118328.48,True
RDDT,32,162.45,732982998.19,True
TSLL,32,9.09,730792268.6700001,True
CIEN,32,387.66,730538332.515,True
MPC,32,354.88,728713503.55,True
ON,32,72.51,726118595.1949999,True
IEFA,32,101.41,712411826.775,True
CEG,32,278.42,709469703.1200001,True
SPGI,32,432.99,709174430.01,True
FTNT,32,153.66,706957247.215,True
BLK,32,1176.64,705454448.0,True
ONDS,32,8.24,701141836.56,True
BIL,32,91.62,697479030.6700001,True
FXI,32,35.56,695930205.175,True
FIX,32,1561.96,692689271.1949999,True
HON,32,215.68,690922322.54,True
CDNS,32,331.9,685974143.76,True
EWZ,32,35.88,685868421.11,True
USO,32,126.15,684433513.755,True
CMCSA,32,27.1,684165236.3,True
VCIT,32,81.58,679101485.0699999,True
TRV,32,369.66,675588091.44,True
F,32,13.95,670500821.06,True
WELL,32,241.15,669183119.87,True
AGG,32,98.01,668626041.25,True
ABNB,32,190.5,668447625.625,True
MO,32,68.07,657410623.03,True
VEA,32,73.79,655155087.04,True
HLT,32,329.31,654635779.97,True
WDAY,32,194.42,652549980.335,True
PYPL,32,62.27,651169448.72,True
SBUX,32,105.76,650411801.505,True
ADP,32,282.78,641303585.845,True
VST,32,139.03,639520855.97,True
PWR,32,603.78,637874904.84,True
HL,32,20.92,634178167.76,True
SNDQ,32,17.1,631747908.56,True
LOW,32,214.6,628686206.85,True
BMY,32,67.92,626927291.925,True
LMT,32,556.52,624035905.11,True
SHW,32,350.45,614770443.84,True
CVNA,32,75.77,614068079.905,True
CB,32,343.11,610041935.745,True
HONA,32,160.36,604866513.78,True
DE,32,630.66,603193491.25,True
CIFR,32,16.31,602435495.5050001,True
CDE,32,21.59,601310602.95,True
SNPS,32,408.79,598250749.185,True
AXTI,32,67.45,594777286.4850001,True
WBD,32,28.9,594274869.725,True
BX,32,143.41,593528530.145,True
CMG,32,37.43,592647015.45,True
MDT,32,91.14,587966082.565,True
VUG,32,87.4,583713195.325,True
TGT,32,163.47,583191653.94,True
VRTX,32,552.85,581597896.275,True
VTV,32,226.79,576670394.69,True
EQIX,32,1073.44,575221054.665,True
KORU,32,20.83,570978365.665,True
CSX,32,51.51,569797475.13,True
WULF,32,16.32,568280184.7049999,True
PSX,32,236.9,564569159.015,True
BMNR,32,24.82,564243654.8399999,True
XLC,32,113.18,563497343.7750001,True
REGN,32,833.56,562759668.0699999,True
PH,32,1016.31,562505518.485,True
HWM,32,264.04,561715624.06,True
SAP,32,216.93,560820240.9200001,True
XOP,32,182.73,552789625.2,True
STM,32,49.46,548386292.73,True
XLB,32,53.58,546882584.71,True
ICE,32,161.78,546221713.77,True
SLB,32,53.29,544865747.86,True
ROST,32,241.19,544307885.685,True
RCL,32,292.29,542839011.35,True
PGR,32,222.09,539282763.355,True
MDB,32,404.92,533676022.64500004,True
MAR,32,357.77,531960403.85,True
CMI,32,572.67,528284842.84999996,True
AZN,32,169.66,527699230.905,True
SHEL,32,92.22,525569238.56,True
CME,32,277.32,520057708.91999996,True
PDD,32,87.75,519935393.95,True
HCA,32,428.76,519240750.76,True
MARA,32,11.83,517803678.92499995,True
ORLY,32,90.32,516971596.80999994,True
KWEB,32,26.41,515304079.075,True
TEAM,32,166.49,513645329.695,True
GDXJ,32,135.9,509666660.1,True
IYR,32,105.46,508332673.98,True
URI,32,1053.14,505551018.005,True
PLD,32,143.33,500467362.57500005,True
AZO,32,3027.34,498737260.23,True
APLD,32,28.85,498418244.34000003,True
MMM,32,179.37,496875742.025,True
APO,32,133.18,495887114.895,True
BND,32,72.67,490284175.23,True
NVO,32,48.66,487176692.71500003,True
SE,32,123.18,485672976.71000004,True
IEF,32,93.51,483953093.84000003,True
TEL,32,201.41,482666062.95,True
HUM,32,389.71,479823761.96500003,True
MDLZ,32,62.99,475506991.375,True
TDG,32,1192.6,475433773.115,True
FDX,32,333.71,474083025.81,True
EWT,32,105.4,473161238.49,True
MNST,32,48.73,472528055.8,True
DAL,32,83.62,469136254.625,True
DUK,32,121.59,468316196.535,True
UPS,32,105.14,467904367.53499997,True
CI,32,279.32,466127637.90999997,True
AEP,32,122.77,461675722.75500005,True
OXY,32,58.41,459931310.605,True
UAL,32,117.41,456679158.26,True
TTWO,32,232.93,456017574.0,True
JCI,32,141.82,453175089.365,True
WMB,32,71.08,453096875.6,True
CCL,32,26.14,451231940.265,True
CTAS,32,204.76,450503861.95,True
EBAY,32,106.0,448553608.91999996,True
SO,32,89.97,446625140.66499996,True
IWF,32,121.83,441486595.075,True
DVN,32,46.91,437931571.31999993,True
MUB,32,105.58,437515418.805,True
ADSK,32,251.21,436396657.0,True
GM,32,85.81,435792705.8249999,True
DLR,32,192.32,433915862.86,True
EMB,32,95.38,433804778.13,True
AXON,32,613.26,433104403.19,True
BNY,32,163.65,430332393.6,True
EXPE,32,337.97,428335986.745,True
USB,32,62.41,426752051.98,True
CAH,32,237.92,425896905.65,True
ETHA,32,18.6,425842246.375,True
KKR,32,107.58,425004978.3,True
SPXL,32,286.61,424202605.03999996,True
HUT,32,85.5,423072812.40500003,True
BKR,32,61.82,420905701.52,True
FIG,32,27.27,420305163.33,True
IJH,32,76.14,420245170.86,True
TT,32,455.25,419947421.1,True
NTAP,32,187.43,417868920.94,True
VGT,32,117.51,417256590.46,True
AEM,32,224.11,417140721.18,True
FSLR,32,206.82,416663145.25,True
CRH,32,96.2,415597092.85,True
AMT,32,178.57,415430203.65,True
EMR,32,154.96,414728802.63,True
MTUM,32,302.4,414307837.745,True
ECHO,32,86.52,411669553.875,True
FLEX,32,109.25,409648840.09000003,True
WM,32,222.13,409306317.53,True
LNG,32,278.8,408358945.8,True
MTZ,32,246.85,407451613.78999996,True
YUM,32,156.27,406822972.03,True
HBAN,32,16.95,406067686.925,True
CTSH,32,63.06,405096919.57,True
IBKR,32,98.19,403106724.935,True
PCAR,32,129.22,402913722.545,True
NOC,32,542.52,400296550.275,True
ZTS,32,77.29,398575132.2900001,True
NVDL,32,32.69,394575521.065,True
EOG,32,146.83,393294767.15,True
RBLX,32,39.12,391799534.95,True
ALL,32,257.62,391641424.59000003,True
NSC,32,351.24,390169920.885,True
ELV,32,398.87,389322408.27,True
MCO,32,513.11,388271860.92,True
U,32,44.99,387934121.53,True
VXUS,32,88.12,386897944.125,True
VWO,32,60.64,384148430.8,True
MDY,32,694.0,382965422.11,True
MRSH,32,193.4,382405550.28499997,True
FN,32,431.54,381999077.755,True
AON,32,354.83,381920162.48,True
PNC,32,244.11,381780519.085,True
MSCI,32,563.99,381159077.615,True
KDP,32,31.84,381011948.425,True
VT,32,160.99,380758858.91999996,True
TSEM,32,212.71,380290916.245,True
XEL,32,77.19,379974012.075,True
IAU,32,87.76,379287470.54,True
MSI,32,485.39,379002475.71000004,True
IJR,32,146.7,378890209.65500003,True
DXCM,32,89.16,377891271.57000005,True
MTSI,32,266.27,377748715.54999995,True
RKT,32,14.3,376324890.17999995,True
COR,32,328.06,376265857.5,True
ALNY,32,240.08,375749075.75,True
TWLO,32,223.97,374827043.765,True
LHX,32,262.17,374266602.93499994,True
IWD,32,258.27,373863478.46000004,True
MKSI,32,270.48,373665837.39,True
KVUE,32,19.33,372253320.81000006,True
ARKK,32,86.37,372133617.91,True
KEYS,32,320.12,371698124.83500004,True
HIMS,32,31.75,371217193.44,True
PCG,32,18.36,371019996.84000003,True
OKTA,32,130.61,370980003.27,True
FAST,32,50.31,368877187.03,True
CL,32,91.33,367546917.44500005,True
XRT,32,87.89,367266513.06,True
RIOT,32,21.3,364886301.88,True
RIVN,32,16.74,363005932.62,True
OKLO,32,44.27,361920949.74,True
FANG,32,199.89,360074978.685,True
GD,32,376.58,358667347.17,True
CARR,32,58.52,358596794.55999994,True
B,32,48.87,358324102.89,True
STRL,32,486.39,357369716.78,True
QLD,32,88.8,356590295.16499996,True
AKAM,32,105.74,354694738.03000003,True
MET,32,95.87,350840313.95500004,True
HUBS,32,237.69,348311403.2,True
AJG,32,268.51,347898327.37,True
ACWI,32,161.08,346996733.31,True
GWW,32,1301.68,346928350.895,True
ZS,32,168.42,346457263.53,True
XYZ,32,82.72,345871647.32,True
JEPQ,32,59.75,345555147.755,True
ROKU,32,159.76,344219301.365,True
EQT,32,54.0,344163762.43499994,True
FICO,32,1137.14,343570888.93000007,True
FERG,32,232.67,342422621.58000004,True
KR,32,58.45,342246543.29999995,True
VTEB,32,49.58,342081063.61,True
IR,32,78.57,341206335.84000003,True
RVMD,32,211.38,339713285.45000005,True
CRS,32,486.09,339594773.01,True
NUE,32,247.55,337329296.24,True
VEEV,32,246.78,336665006.51,True
HPQ,32,29.52,336365071.86,True
NTRA,32,336.71,336238107.63,True
KHC,32,25.32,335404432.09000003,True
ITW,32,281.65,334580080.68,True
TSCO,32,35.38,333813433.61,True
ECL,32,289.54,333459863.28499997,True
EW,32,90.87,333191510.05999994,True
ONTO,32,291.62,332338635.825,True
TPR,32,130.12,330629971.2,True
BP,32,42.86,330347323.86,True
ILMN,32,224.99,329842088.495,True
JBL,32,308.68,329127190.275,True
ODFL,32,198.34,327433249.05,True
SWKS,32,65.7,327369399.6,True
TFC,32,50.3,327235394.07000005,True
SPDN,32,8.52,326615071.04,True
DHI,32,150.8,325841315.15999997,True
HAL,32,33.8,323934498.08000004,True
CTVA,32,83.05,323593461.605,True
RGTI,32,16.94,323255075.0725,True
ENTG,32,138.87,322760018.185,True
GIS,32,39.78,322315743.33000004,True
PAYX,32,124.99,321822066.81,True
NVD,32,4.36,319284868.35,True
FISV,32,52.44,318806789.96000004,True
NRG,32,113.61,317406511.605,True
CNQ,32,49.59,316817164.825,True
GH,32,164.92,315822054.625,True
PSA,32,322.67,315250013.16499996,True
TRGP,32,286.91,315045541.33000004,True
KMB,32,111.02,314853702.30499995,True
STT,32,192.95,313976132.105,True
MP,32,60.17,313787291.13,True
OKE,32,91.7,310561170.84000003,True
VALE,32,15.33,310447774.98,True
CHTR,32,155.14,309936032.13,True
DOCN,32,112.57,309572145.44,True
EWJ,32,95.63,309312642.46500003,True
RY,32,207.09,308633710.485,True
KMI,32,30.94,308204907.65,True
ROK,32,429.4,308014457.875,True
NDAQ,32,98.73,302842135.125,True
FITB,32,54.89,302677996.835,True
WAT,32,414.44,302545702.1,True
USHY,32,36.95,301754180.315,True
CPRT,32,33.33,301728417.70750004,True
O,32,62.83,301384943.755,True
CCJ,32,106.96,301305865.7,True
EXC,32,44.31,300713731.07,True
MRNA,32,158.83,300711388.37,True
FOXA,32,70.33,299964882.23,True
LULU,32,118.33,299939203.615,True
APD,32,303.85,298602014.16499996,True
ASX,32,37.08,296670249.76,True
LYV,32,186.77,296587146.495,True
RSG,32,220.96,295303233.94000006,True
QBTS,32,19.35,294445684.43,True
BDX,32,189.78,293191910.56500006,True
ATI,32,215.23,293009879.9,True
IDXX,32,550.01,292952953.38,True
TTMI,32,112.3,292897894.53999996,True
GLDM,32,92.35,292678055.29999995,True
SPMO,32,147.41,291006666.645,True
SPG,32,218.99,290569948.59000003,True
QQQI,32,54.12,289876968.285,True
EME,32,739.87,289700575.155,True
ROP,32,413.37,289300740.58000004,True
ZM,32,100.92,288603203.895,True
UMC,32,19.6,287760711.945,True
CLSK,32,12.75,287036052.42999995,True
EXE,32,94.66,286464929.37,True
VNQ,32,99.25,286017907.59000003,True
SMR,32,9.81,285991941.755,True
ADM,32,79.16,285701743.95000005,True
SMTC,32,127.52,285287424.41999996,True
TD,32,119.07,284770746.90999997,True
FTAI,32,200.47,282398645.71000004,True
SRE,32,84.03,282226229.9,True
DPZ,32,349.91,282007972.795,True
TOST,32,36.8,279859520.53499997,True
CMS,32,68.74,279789255.155,True
NVT,32,151.48,279319314.21500003,True
MLM,32,531.74,278589879.89,True
RMD,32,236.59,278094343.845,True
STLD,32,231.08,277387446.02,True
DLTR,32,134.48,276564820.21999997,True
JPST,32,50.55,276352289.47,True
IQV,32,259.42,276214972.72,True
WAB,32,296.94,276155812.7,True
UPRO,32,149.94,275992628.75,True
IBB,32,216.4,275930713.505,True
DOW,32,30.16,275834221.235,True
ARES,32,142.76,275544201.3,True
AME,32,241.77,275437652.1,True
VRSK,32,188.49,275211569.23,True
VTR,32,93.83,274843891.52,True
CPNG,32,16.69,273245692.95000005,True
MTB,32,240.41,273103085.74,True
ALB,32,133.18,272724125.82,True
CF,32,127.26,272580058.2,True
DKS,32,124.31,271758297.645,True
CELH,32,35.34,271439760.385,True
CBOE,32,308.82,271283769.58500004,True
SNDU,32,19.92,270962514.99,True
ULTA,32,537.22,270649606.40999997,True
TTD,32,13.25,268076063.16,True
CHRW,32,143.66,267377834.97,True
JBHT,32,262.18,265377604.13,True
AWK,32,137.6,265362613.05499998,True
CCI,32,76.29,263883170.69500002,True
TLN,32,307.67,262248744.89,True
TNA,32,72.55,261710118.845,True
VCSH,32,78.77,261298629.255,True
BOXX,32,117.95,261130236.115,True
VCLT,32,72.69,260719933.18,True
PBR,32,17.85,260705694.98000002,True
SPXU,32,34.71,260541021.42000002,True
SPXS,32,24.76,259844289.01999998,True
SYF,32,80.77,259176768.62,True
GPN,32,93.82,258223044.14,True
BBY,32,85.29,257859238.195,True
LYB,32,62.55,257543303.82,True
JOBY,32,7.22,256843525.31,True
SIMO,32,241.83,256261216.7,True
CNP,32,38.93,256225980.40499997,True
CFG,32,69.83,255021560.48000002,True
QXO,32,13.85,254805936.10500002,True
A,32,154.77,254804947.885,True
QID,32,14.46,254670071.10000002,True
RWM,32,13.43,253408329.45,True
MOD,32,188.01,253133139.87,True
SHV,32,110.34,253052309.775,True
NXT,32,84.81,252011559.68,True
RF,32,30.63,251746713.42,True
DKNG,32,25.79,251736838.52499998,True
FPS,32,32.19,251485113.23999998,True
PLTD,32,5.29,250844698.26999998,True
W,32,104.53,249747899.625,True
JEPI,32,58.14,247995724.64999998,True
AMP,32,560.26,247555729.485,True
INDA,32,50.23,247060680.10750002,True
DG,32,122.58,246809664.97000003,True
RIO,32,106.81,246757709.45999998,True
NCLH,32,17.26,246668310.67000002,True
DT,32,50.07,246297332.25,True
OTIS,32,71.46,245770110.3,True
SITM,32,594.1,245612330.4,True
INFY,32,12.03,245523465.825,True
PPL,32,34.99,244650103.94,True
BURL,32,315.27,244565058.32,True
RBRK,32,92.65,244484114.675,True
CDW,32,142.09,244356419.89000002,True
ED,32,107.09,243986858.635,True
JD,32,29.36,243383194.97000003,True
DRI,32,220.41,243152887.11,True
SN,32,183.8,243111689.25,True
SSPC,32,11.12,241573484.45999998,True
DINO,32,93.24,241342536.05,True
NVS,32,159.98,241195435.6,True
SHY,32,82.08,241186767.965,True
GEHC,32,73.91,240909100.71,True
CNC,32,65.0,238522566.65,True
ARGX,32,1019.49,238108360.39,True
AA,32,51.28,237714268.26,True
JAAA,32,50.67,237632015.485,True
STZ,32,135.01,237358117.78499997,True
INSM,32,123.89,237348331.96499997,True
AEHR,32,95.59,237164583.81,True
SCHG,32,35.32,236589104.38500002,True
BTI,32,56.47,236562339.485,True
HSY,32,187.18,236390433.4,True
FLUT,32,102.06,235801295.505,True
AMKR,32,48.7,235773297.485,True
LUV,32,40.82,234411234.39,True
TEM,32,68.73,232476938.14499998,True
NI,32,40.65,232333113.495,True
CASY,32,824.92,232252323.375,True
RMBS,32,89.86,232110000.245,True
AFL,32,116.18,231187142.45499998,True
THC,32,271.88,230545474.96,True
SCHX,32,30.21,230529866.51999998,True
ETR,32,106.24,230250751.17000002,True
RIG,32,5.75,229787541.715,True
BIDU,32,93.43,229477650.26,True
KNX,32,68.5,229281079.59,True
UTHR,32,518.53,229269032.66,True
FTI,32,75.2,229173866.285,True
SU,32,65.36,228962885.7,True
CRL,32,297.64,228912891.785,True
SYY,32,83.46,228384454.85000002,True
AIG,32,76.38,228001953.16,True
AFRM,32,77.945,227830952.39999998,True
CLX,32,104.93,227664649.97,True
GRMN,32,288.45,227525485.52,True
SH,32,32.46,227152805.66000003,True
SPYG,32,120.15,226861243.055,True
EFX,32,191.89,226819407.005,True
IT,32,195.79,226677133.885,True
COPX,32,96.32,226440155.47500002,True
D,32,66.93,225594402.315,True
HUBB,32,464.19,224651902.0,True
VMC,32,274.09,224525248.94,True
UL,32,65.15,224510851.83499998,True
VIG,32,244.29,224176240.725,True
KEY,32,21.89,223825714.17000002,True
TYL,32,350.06,223256088.47,True
PINS,32,23.66,223233086.73,True
WPM,32,163.72,222980367.76999998,True
LII,32,389.06,222349676.25,True
CAVA,32,69.29,221592157.27499998,True
FFIV,32,382.75,221396033.565,True
MDLN,32,35.64,221381842.05,True
HST,32,23.0,221295158.55,True
Q,32,126.62,221029375.425,True
MAGS,32,67.61,221007101.57,True
ZBRA,32,360.52,220635951.44,True
USFD,32,108.89,220361027.46,True
TECH,32,72.33,220310192.81500003,True
WEC,32,106.67,220223698.5,True
DECK,32,88.74,219820228.815,True
VIK,32,92.23,218656872.0,True
FIS,32,40.47,218557054.02499998,True
ETSY,32,84.43,218406845.42,True
PODD,32,143.05,218051497.125,True
ZBH,32,100.24,217315352.135,True
FIVE,32,259.41,214433926.26,True
SOUN,32,7.05,213863389.115,True
BHP,32,98.69,213604976.54999998,True
MTD,32,1402.25,213588381.51999998,True
EAT,32,248.7,213464865.11,True
LH,32,337.68,213151291.16000003,True
JNK,32,96.2,212871392.37,True
SPCH,32,8.68,212404842.995,True
CP,32,94.34,212356232.935,True
GFS,32,45.92,212043789.39,True
MSTU,32,30.5,211965202.46,True
LVS,32,47.27,211420908.945,True
CBRE,32,151.74,211040632.92000002,True
RL,32,362.6,210512060.915,True
CPAY,32,412.37,210493377.165,True
HIG,32,138.22,210462328.2,True
USFR,32,50.5,209767018.26,True
NVR,32,6433.74,209254978.89999998,True
ROL,32,36.36,209200380.915,True
XLRE,32,45.36,208945198.18,True
APA,32,41.35,208752875.385,True
MXL,32,66.36,207641167.76999998,True
PRU,32,120.15,206758801.3,True
OMC,32,88.2,206375099.745,True
FDS,32,296.08,205375941.465,True
CORZ,32,18.03,205356390.54000002,True
VICI,32,26.29,204531196.82999998,True
XHB,32,106.38,204453573.4,True
OVV,32,64.4,204246425.025,True
TECK,32,71.62,203994928.60999998,True
SW,32,49.43,203956545.865,True
TDY,32,626.9,203488720.91000003,True
SCCO,32,219.7,203406700.89,True
XME,32,120.94,203387770.76999998,True
LPLA,32,361.88,203224395.69,True
VEU,32,86.08,202867776.19,True
PEG,32,73.28,202631781.12,True
DGX,32,244.51,202373632.60500002,True
WCN,32,166.15,201880424.195,True
PSQ,32,26.02,201856011.875,True
PBF,32,66.51,201084637.56,True
RRX,32,162.18,200914060.54500002,True
VICR,32,194.62,200762014.09499997,True
EIX,32,74.78,200613954.365,True
VRSN,32,293.75,200596741.05,True
IRM,32,120.9,199980697.65,True
VMRK,32,67.62,199039064.03500003,True
FWONK,32,104.5,198840262.675,True
ITOT,32,167.9,198768515.94,True
BR,32,184.82,197831158.67000002,True
CLF,32,11.52,197804743.145,True
WCC,32,338.95,197742962.45999998,True
SCHF,32,28.59,197420480.32999998,True
P,32,102.81,197234725.98000002,True
PHM,32,130.86,197019794.02999997,True
EL,32,104.85,196491143.57999998,True
WST,32,348.48,196196080.64999998,True
CRNX,32,84.86,196171469.82000002,True
TKO,32,193.41,194675937.25,True
XYL,32,112.81,194036233.04500002,True
KGC,32,33.48,193997036.95499998,True
RAM,32,12.4,193793491.03000003,True
BROS,32,51.08,193554287.10000002,True
NTRS,32,186.82,193010587.11,True
GSK,32,52.07,191586003.58499998,True
CSGP,32,32.81,191543679.76,True
NVMI,32,368.26,190355379.965,True
TE,32,4.65,190013547.02,True
CAG,32,16.27,189901372.785,True
NBIX,32,153.37,189733711.755,True
DOV,32,202.06,189669196.85500002,True
WWD,32,339.66,189498056.60000002,True
IOT,32,39.14,189119949.365,True
USMV,32,101.5,189116345.02499998,True
WSM,32,234.74,189091352.775,True
ET,32,21.02,189068547.445,True
SOXQ,32,91.19,188990652.70999998,True
LSCC,32,116.1,188891201.88,True
GNRC,32,201.78,188884826.09,True
CVE,32,30.76,187996204.69,True
AU,32,123.39,187831005.12,True
TROW,32,112.87,187150893.70999998,True
RJF,32,174.71,186627848.66,True
FE,32,46.62,185891077.04,True
CCEP,32,109.85,185535610.685,True
AVAV,32,147.42,184388595.48,True
VG,32,14.07,184331570.85500002,True
AGNC,32,10.91,184252182.06,True
PNR,32,62.46,183726530.8,True
VO,32,82.79,183623634.87,True
SSO,32,70.15,183369087.70999998,True
ENB,32,49.74,183089893.14000002,True
XPO,32,191.93,183035013.61,True
GWRE,32,188.34,182924799.60500002,True
BIIB,32,220.77,182761127.085,True
SCHB,32,29.6,182146763.685,True
SEI,32,52.89,182087467.26,True
LEN,32,87.68,182058228.48000002,True
FCEL,32,19.29,181674097.875,True
HDB,32,23.63,181402844.27,True
CNI,32,127.12,180801739.115,True
PR,32,23.3,180673619.5,True
USAR,32,19.41,179236759.57999998,True
CAKE,32,113.485,178989870.87,True
QUAL,32,224.07,178624100.07,True
DD,32,136.04,178449623.64,True
AUR,32,5.77,178364560.215,True
SPIB,32,33.22,177970228.015,True
KTOS,32,52.64,177691672.195,True
ALLE,32,160.37,177648484.57,True
BBIO,32,80.4,177215388.03,True
TIP,32,107.64,177062602.68,True
EFV,32,82.59,177032444.89,True
VBIL,32,75.67,176831847.71499997,True
ATO,32,167.56,176712874.6,True
PAAS,32,54.21,176286171.79000002,True
EMXC,32,98.35,176039418.645,True
CW,32,609.71,174514703.01,True
PTC,32,151.14,174258667.2975,True
CGDV,32,50.13,174118159.48000002,True
DTE,32,136.14,173916277.935,True
FROG,32,89.48,173428223.34999996,True
ROIV,32,36.47,172867891.72,True
VIAV,32,37.71,172623311.01,True
IVW,32,138.8,172544888.95999998,True
CHYM,32,33.1,172258956.265,True
IP,32,40.99,172231223.91,True
QSR,32,81.56,172139281.82999998,True
SAIA,32,343.92,171726064.3,True
BNS,32,93.1,171674091.95,True
GPC,32,137.95,171624635.675,True
AG,32,21.24,171589964.12,True
IWB,32,419.62,171281555.55,True
BNDX,32,47.91,170756723.83499998,True
ONON,32,28.83,169769210.37,True
ACGL,32,100.56,169670766.42,True
SKUU,31,22.11,169481816.52,True
LDOS,32,134.54,169347379.11,True
RDW,32,11.48,169128041.465,True
CART,32,51.51,169118357.7,True
FNV,32,271.77,168890825.81,True
INCY,32,129.72,168549540.98000002,True
TRI,32,104.38,168099630.49,True
LYFT,32,17.65,168048433.54,True
MBB,32,93.77,167841205.4,True
AMDL,32,50.46,167810165.74,True
GDDY,32,99.79,167105994.875,True
SGI,32,64.09,166999011.83999997,True
DAVE,32,349.47,166719738.66,True
VYM,32,164.84,166271435.95499998,True
BN,32,42.12,166033479.85500002,True
VGSH,32,58.2,165610470.06,True
BTSG,32,57.23,165364893.905,True
SAN,32,14.63,165336632.91000003,True
AEIS,32,275.43,165102598.32,True
VGK,32,93.19,164995135.18,True
SNAP,32,5.92,164655111.54999998,True
JHX,32,30.34,164523509.155,True
NVTS,32,12.44,164366791.51,True
VSH,32,31.31,164253727.065,True
SOLS,32,55.54,163989822.04000002,True
ITB,32,98.16,163986678.29,True
ACHR,32,5.96,163740512.115,True
SWK,32,98.46,163699470.74,True
BWXT,32,149.73,163303888.22,True
RGLD,32,267.76,163111701.245,True
EXPD,32,189.05,163079650.70999998,True
TEVA,32,38.1,162351825.625,True
SPLV,32,75.64,162284125.56,True
AMCR,32,47.27,161967922.79500002,True
PCOR,32,60.61,161934694.5,True
ELF,32,105.77,160992277.74,True
PFGC,32,104.94,160706047.55,True
PPG,32,113.65,159645915.8,True
ZETA,32,27.88,159625177.125,True
CG,32,48.92,159515623.19,True
RGEN,32,181.69,159406563.22500002,True
ITT,32,205.98,158744094.275,True
FBTC,32,68.72,158726180.15,True
NTR,32,72.84,158319501.26999998,True
CHD,32,102.56,158205092.97500002,True
ESI,32,35.5,157960887.435,True
AEE,32,106.83,157575316.26999998,True
MOS,32,24.27,157538268.485,True
WTW,32,346.82,156902840.74,True
BAX,32,26.29,156754138.505,True
AGX,32,450.46,156679900.04500002,True
OPEN,32,3.6,156623782.07999998,True
LNT,32,68.34,156610455.89499998,True
EVRG,32,81.41,156379573.92000002,True
FDXF,32,128.75,156194592.675,True
TZA,32,38.52,155948756.745,True
STE,32,236.44,155799194.45999998,True
DOCU,32,60.54,155652676.06,True
CHWY,32,24.69,155596941.675,True
OWL,32,11.79,155543292.53,True
JKHY,32,173.62,155253686.54500002,True
MULL,32,20.38,155089034.34,True
CSL,32,363.27,154660863.70499998,True
CNH,32,11.56,154617106.07500002,True
BRO,32,73.34,154544243.205,True
AR,32,37.95,153916397.83999997,True
AS,32,31.59,153904206.415,True
MKTX,32,162.5,153409906.525,True
CHKP,32,129.52,153304509.61,True
SUI,32,125.94,153072141.82999998,True
JAZZ,32,260.23,152760380.775,True
ITUB,32,7.66,152551360.56849998,True
VGIT,32,58.59,152540759.925,True
RACE,32,421.85,152405150.715,True
VTRS,32,16.72,152367021.35500002,True
DY,32,351.8,151490387.99,True
SNX,32,251.39,151194580.23000002,True
AXSM,32,205.48,151184500.24,True
HAS,32,96.74,151097084.5,True
TXRH,32,203.28,150953299.70499998,True
AMRZ,32,44.25,150713097.145,True
TSN,32,57.17,150684093.35,True
IONS,32,63.57,150623878.09500003,True
MAS,32,72.92,150087547.88,True
RPRX,32,62.07,149704958.2625,True
NLY,32,23.1,149228094.41,True
ENPH,32,37.35,149179328.33749998,True
VXX,32,18.67,148913478.09500003,True
GOVT,32,22.57,148812967.1,True
TSLG,32,4.52,148395698.76999998,True
AVUV,32,125.43,147442582.34,True
ARMK,32,59.08,147412997.86,True
MDGL,32,512.16,147194679.24,True
AGQ,32,89.3,147185757.13,True
MANH,32,213.1,146895466.92000002,True
MKC,32,54.48,146288052.995,True
UVXY,32,18.95,146219399.49,True
AVEM,32,94.73,146211160.01,True
JBLU,32,5.08,146192456.85000002,True
HALO,32,109.32,146101423.8,True
TRMB,32,59.43,146034726.805,True
HEI,32,351.05,145996615.73,True
EVR,32,289.54,145880804.51999998,True
WING,32,113.85,145830293.345,True
RVTY,32,124.84,145641827.375,True
MOH,32,199.63,145585545.52499998,True
IWO,32,385.6,145164099.10500002,True
NTNX,32,66.44,145120744.91,True
SPYI,32,53.53,144894544.54000002,True
GDXU,32,199.03,144794473.91,True
SBAC,32,187.62,144736099.24,True
MUSA,32,544.31,144202600.82,True
MEDP,32,614.06,143944971.83999997,True
ALGN,32,159.61,143907245.0525,True
APGE,32,134.85,143821274.225,True
SJM,32,125.45,143544317.39,True
IHI,32,55.71,143183824.63,True
IUSB,32,45.72,142927674.52499998,True
SFM,32,85.95,142702364.505,True
BSV,32,77.73,142699567.60999998,True
RBA,32,85.02,142412590.17000002,True
PAYC,32,231.7,142187952.095,True
ES,32,71.03,142025486.29500002,True
TRU,32,85.01,141863244.78,True
TRP,32,61.85,141530079.975,True
PFG,32,111.59,140864821.755,True
MSFU,32,36.9,140032098.68,True
APTV,32,46.63,139983429.20499998,True
PSLV,32,22.74,139747978.575,True
DUOL,32,146.04,139164018.64999998,True
IBN,32,30.39,139028335.7,True
FTV,32,59.5,138093065.79,True
LUNR,32,16.6,137777812.055,True
ITA,32,234.3,137513334.9,True
BJ,32,94.37,137448640.7,True
POWL,32,190.19,137294932.335,True
SUNB,32,75.69,137058305.915,True
SANM,32,191.11,137053751.135,True
BLDR,32,69.36,136552364.54,True
VLTO,32,98.77,136513155.545,True
AER,32,147.44,136459810.215,True
MUZ,32,9.75,136330451.84,True
IVZ,32,32.72,135685534.01999998,True
GRAB,32,3.58,135577112.455,True
CACI,32,612.1,135507427.935,True
SKDD,31,10.51,135346404.72,True
VTWO,32,120.94,135286781.065,True
SNA,32,394.56,135042620.675,True
BWA,32,65.1,135017730.58499998,True
WSO,32,302.29,134581653.44,True
EQX,32,13.98,134339130.843,True
TXG,32,64.72,134203318.09,True
ELAN,32,25.09,134042912.27000001,True
OSCR,32,30.93,133950767.88000001,True
ONC,32,376.37,133348125.16,True
KBWB,32,96.48,132857277.79000002,True
EXR,32,144.87,132694416.41999999,True
TWST,32,151.42,132663237.525,True
HII,32,291.15,132526792.46000001,True
WYNN,32,98.74,132315228.615,True
SCHH,32,24.21,131804448.345,True
GTLB,32,41.66,131729620.92000002,True
IVE,32,237.45,131721270.115,True
RBC,32,496.01,131501230.51,True
H,32,177.01,131494026.34,True
ALC,32,73.37,131249379.275,True
IFF,32,87.16,130683621.28,True
AAOX,32,12.62,130388016.015,True
EQNR,32,41.21,130303824.675,True
GGLL,32,103.24,129926613.92500001,True
SHAZ,32,60.97,129837067.85,True
IWR,32,112.94,129668715.61500001,True
CRBG,32,31.83,129586635.16,True
MINT,32,100.76,129444349.3,True
KRMN,32,49.2,129391477.17999999,True
VSAT,32,72.46,129259934.88999999,True
FND,32,54.31,129241846.09,True
IEI,32,116.86,129201119.29499999,True
AGI,32,39.02,129156021.765,True
CIBR,32,92.46,129113680.35999998,True
TMF,32,32.05,129102476.47,True
DAR,32,62.58,128900550.43,True
BAI,32,43.82,128852184.65,True
VSXY,32,87.36,128498124.82999998,True
CLH,32,308.48,128442682.67,True
COO,32,73.04,128304986.06,True
ALLY,32,42.6,128225004.145,True
TPL,32,372.79,128202779.94999999,True
RS,32,383.66,128163517.72,True
PL,32,21.55,128098494.98,True
POOL,32,186.36,127810669.88,True
S,32,20.31,127786476.3,True
DVA,32,177.8,127750045.545,True
IEX,32,230.27,127570014.12,True
SDS,32,54.59,127507091.72500001,True
CYTK,32,77.46,127426191.95000002,True
GLXY,32,24.79,127315614.5,True
GFI,32,48.87,127303146.655,True
CROX,32,122.89,127026892.32499999,True
VB,32,303.01,126976171.31,True
EXEL,32,56.72,126753882.715,True
AVY,32,179.95,126565494.275,True
FORM,32,107.72,126537850.285,True
PKG,32,246.54,126382745.39500001,True
FCNCA,32,2158.92,126211652.305,True
KMX,32,64.22,126121765.035,True
FSLY,32,23.0,126059056.57,True
BTDR,32,11.29,125952724.07,True
AHR,32,57.05,125304315.15,True
ASND,32,252.99,125187301.185,True
OUST,32,36.23,125078707.72,True
BAH,32,73.83,125004107.355,True
DTM,32,126.74,124876932.235,True
COMP,32,11.8,123676656.99000001,True
QS,32,5.82,123640519.94999999,True
BG,32,111.71,123616668.60000001,True
FUTU,32,125.63,123352255.44,True
BUD,32,78.75,123310316.0,True
PENG,32,50.38,123133918.87,True
HNGE,32,89.87,123075761.12,True
MAA,32,131.98,123064002.28999999,True
BEN,32,35.03,123032942.525,True
URA,32,48.14,122810992.57,True
SSNC,32,82.99,122755231.84,True
MCHI,32,55.12,122674544.75,True
ESTC,32,80.4,122634318.83,True
KEEL,32,3.51,122214970.99000001,True
HSBC,32,104.38,122159675.345,True
MUD,32,10.72,122097255.975,True
ALK,32,43.33,121987859.12,True
SNY,32,46.02,121967197.62,True
TPG,32,52.88,121933553.715,True
IXUS,32,98.42,121638677.1925,True
UHS,32,175.76,121245099.11,True
EPAM,32,111.85,121228349.46000001,True
WY,32,24.43,120817064.34,True
FLS,32,80.56,120809334.055,True
FHN,32,24.42,120663153.78,True
STLA,32,5.26,120658497.61000001,True
DYNF,32,69.06,120358989.1,True
HDV,32,29.81,120325871.97999999,True
QGEN,32,43.65,120273586.38,True
ESS,32,292.0,120165266.795,True
IGSB,32,52.23,120114054.92,True
ASHR,32,34.08,120105749.51499999,True
LNTH,32,100.87,119823560.31,True
ARWR,32,88.88,119790739.73999998,True
UCO,32,41.24,119694071.995,True
WOLF,32,25.29,119686205.43,True
TOL,32,150.83,119135214.58500001,True
RH,32,141.3,119047688.815,True
J,32,150.87,118763862.86,True
EG,32,375.39,118608889.935,True
UNM,32,89.69,118427112.625,True
CGGR,32,46.98,118200331.52,True
EQH,32,48.91,118156466.355,True
GEN,32,29.31,117629447.74000001,True
WRB,32,68.48,117483742.15,True
SCHP,32,26.09,117408490.44,True
TXT,32,81.8,117370014.79500002,True
TTE,32,88.8,117281663.99999999,True
CPB,32,23.47,117270328.71000001,True
TIGO,32,95.23,117190340.13999999,True
DBX,32,34.78,116914663.53,True
NYT,32,68.61,116846973.50999999,True
JLL,32,392.79,116682700.84,True
ERIC,32,10.38,116566621.07,True
DOC,32,21.66,116558633.73,True
GAP,32,20.15,116534839.77,True
TECL,32,189.43,116433578.92000002,True
CGNX,32,59.82,116432907.9,True
M,32,22.59,116372889.9,True
Z,32,36.09,116358415.52,True
PNW,32,97.67,116091110.71000001,True
TW,32,107.71,115979389.595,True
SPDW,32,52.3,115872738.25999999,True
GKOS,32,181.39,115798248.735,True
MNDY,32,93.23,115284431.885,True
BKLN,32,20.51,114689134.185,True
ABVX,32,117.93,114554540.005,True
SPHQ,32,86.08,114239070.58000001,True
LTH,32,44.55,113768487.58000001,True
EPD,32,38.27,112899753.84,True
NEU,32,930.72,112844963.44,True
ARW,32,202.56,112748419.035,True
STRC,32,97.15,112646112.11,True
NIO,32,4.45,112480944.23,True
OC,32,146.61,112244396.535,True
PLUG,32,2.27,112205062.49499999,False
FBND,32,45.19,111960986.97999999,True
LEU,32,193.39,111858946.06,True
SPTL,32,25.47,111789427.66,True
TAP,32,42.01,111557535.91499999,True
PULS,32,49.68,111154588.37,True
SM,32,35.68,110888655.84,True
BAM,32,52.5,110502892.765,True
BCS,32,27.23,110308478.525,True
GGG,32,78.7,110281638.46000001,True
AVTR,32,14.42,110179940.095,True
FRMI,32,6.01,110161969.84,True
CM,32,118.33,110160057.08000001,True
BALL,32,64.08,109863078.255,True
VONG,32,125.43,109641464.55,True
BMO,32,173.46,109521400.80000001,True
SPHY,32,23.37,109498479.725,True
FLR,32,51.26,109171015.34,True
SCHV,32,34.91,108987618.5,True
MTDR,32,55.55,108953330.53,True
TGTX,32,55.42,108846965.495,True
FRSH,32,12.86,108801508.14,True
BMRN,32,66.12,108529741.435,True
KRYS,32,356.19,108310926.94999999,True
CCK,32,120.43,108155590.985,True
UPST,32,30.58,108068490.07,True
TKR,32,122.33,108049465.435,True
ACM,32,62.78,107602458.215,True
HBM,32,30.79,107375592.14999999,True
ANF,32,108.9,107274784.02000001,True
FBIN,32,45.67,107199224.61,True
MTCH,32,42.18,107156408.6,True
MSTZ,32,5.69,107027535.345,True
BB,32,7.79,107011608.815,True
BILL,32,47.71,106894290.9,True
BRKR,32,56.85,106893758.95,True
BOOT,32,159.69,106860232.6,True
TENB,32,32.79,106612324.58500001,True
UDR,32,38.17,106288690.48,True
LFUS,32,405.39,106263751.85,True
SPYV,32,63.59,106250724.37,True
SPSB,32,29.98,105824767.91999999,True
NTES,32,128.8,105454979.125,True
VLUE,32,201.17,105408935.41499999,True
NVDX,32,18.46,105279553.575,True
IYW,32,246.04,105122555.83,True
TSLQ,32,20.83,104476250.44500001,True
IESC,32,313.23,104475784.53999999,True
ONB,32,25.66,104368456.51249999,True
GL,32,172.24,104143864.94,True
MHK,32,133.77,104034961.26,True
OSK,32,155.23,103924553.25999999,True
QLYS,32,175.94,103820603.60499999,True
HSIC,32,89.65,103428777.80499999,True
PNFP,32,100.77,103377369.35,True
RPM,32,106.79,103363168.16,True
REG,32,76.72,103353983.905,True
PRAX,32,368.02,103152932.47,True
PSKY,32,10.67,103059880.16499999,True
AVS,32,8.1944,102962605.8472,True
UGL,32,58.3,102773393.785,True
ACWX,32,78.22,102762292.91,True
VTIP,32,49.83,102230508.27000001,True
AMBA,32,70.78,102176034.11500001,True
INTW,32,17.64,101903066.46,True
INVH,32,30.21,101887303.28,True
RNG,32,65.61,101840004.27,True
LECO,32,280.15,101814175.75999999,True
VGLT,32,53.56,101800044.03,True
MGK,32,88.91,101779757.775,True
MKL,32,1808.9,101592094.935,True
GLPI,32,43.03,101551145.01499999,True
HLI,32,129.04,101333143.94,True
VFC,32,13.85,101283466.91,True
UDOW,32,74.06,100961959.88999999,True
BIV,32,75.9,100701985.47,True
OLLI,32,74.61,100533210.88499999,True
EHC,32,120.14,100462204.595,True
BAP,32,383.3,100460365.19,True
DGRO,32,79.84,100241779.43,True
MT,32,73.62,100104177.605,True
AVLV,32,94.44,100089638.89,True
KGS,32,58.93,99941964.80000001,True
CINF,32,171.42,99807237.885,True
ZION,32,67.57,99804507.9,True
GMED,32,82.96,99795607.695,True
TLH,32,97.98,99729836.75999999,True
IGIB,32,52.48,99596247.45,True
PRIM,32,74.8,99593953.27,True
AES,32,14.73,99539940.225,True
LQDA,32,70.49,99526750.16999999,True
LABU,32,335.54,99495361.89000002,True
MGM,32,43.34,99356549.435,True
IWN,32,224.64,99293426.66,True
SCHE,32,37.08,99199020.445,True
ARKG,32,50.06,99190413.35,True
BBWI,32,17.58,98684355.77,True
RRC,32,40.99,98610644.91499999,True
BBD,32,3.25,98448829.053,True
JEF,32,52.45,98363524.995,True
FLOT,32,51.015,98297411.065,True
SILJ,32,32.79,98199539.035,True
AIZ,32,285.15,98196810.22,True
UCTT,32,73.32,98192098.2,True
NDSN,32,333.58,97947564.44999999,True
WH,32,75.87,97944085.72,True
AVT,32,87.57,97743307.97,True
KNSL,32,387.95,97622389.455,True
FNGU,32,31.21,97438919.83500001,True
PEN,32,324.37,97420142.8,True
AMZD,32,8.4,97416197.19999999,True
CR,32,206.11,97363783.735,True
ICLR,32,168.91,97265391.43,True
SEDG,32,29.88,97207926.57000001,True
TCOM,32,45.98,96874168.03,True
IDEV,32,93.83,96585964.415,True
SONY,32,24.05,96416471.47,True
WEX,32,199.71,96320618.4,True
SIRI,32,28.73,96219896.13499999,True
VLY,32,14.1,95855083.80000001,True
APG,32,40.38,95747385.77000001,True
GVA,32,121.95,95744727.66,True
SCO,32,25.97,95713832.76,True
PHYS,32,35.45,95704740.555,True
AAPD,32,11.23,95659546.84,True
VOOG,32,83.43,95625016.03,True
CORT,32,123.57,95359254.85,True
SPHR,32,159.85,95343795.185,True
QRVO,32,94.34,95078739.76,True
LABD,32,5.9,94857578.885,True
CFR,32,163.38,94829872.16999999,True
AOS,32,62.15,94661796.11500001,True
INIO,32,21.96,94527497.36500001,True
EOSE,32,3.54,94123302.53,True
AAON,32,76.19,94056122.47,True
POET,32,8.08,94023862.625,True
SHAK,32,74.07,93888889.275,True
ALSN,32,131.62,93700072.54499999,True
ELS,32,65.35,93671272.33500001,True
PLNT,32,52.54,93549725.14,True
NBIL,32,24.65,93531984.385,True
CHRD,32,140.76,93468151.14,True
GRID,32,179.41,93452638.18,True
INFQ,32,13.83,93131826.215,True
CZR,32,29.66,93091947.08500001,True
TTAN,32,91.87,93041097.335,True
LOGI,32,98.65,93029579.69,True
METU,32,19.66,93009794.53999999,True
IWY,32,284.82,92787121.13,True
RAL,32,61.7,92728387.05,True
BIO,32,390.34,92712374.28999999,True
ICLN,32,17.65,92602194.825,True
CRUS,32,111.43,92047770.12,True
MYRG,32,296.14,92039064.6,True
HXL,32,93.63,91997851.455,True
DFAC,32,45.54,91807352.64,True
NWSA,32,30.92,91800167.9325,True
ACA,32,145.25,91734070.69,True
WTFC,32,151.09,91656804.855,True
SOLV,32,91.61,91162659.9,True
WIX,32,86.055,91079486.345,True
FRT,32,117.75,91021126.675,True
REXR,32,37.62,90773349.50999999,True
PYLD,32,26.32,90644556.22999999,True
WPC,32,71.78,90488497.16999999,True
RNR,32,329.2,90439010.91,True
DEO,32,94.75,90363418.725,True
OIH,32,405.69,90131696.89,True
MGY,32,26.44,90094417.91999999,True
UMAC,32,24.35,90074687.02000001,True
IAG,32,22.17,90035460.47999999,True
BSY,32,36.9,89954704.33,True
KIM,32,24.06,89845202.85,True
LAMR,32,151.85,89828361.925,True
BXP,32,72.13,89477819.535,True
EWBC,32,129.43,89431209.02,True
BTG,32,5.87,89025414.13499999,True
LYG,32,6.08,88830518.936,True
LAD,32,371.89,88828610.03999999,True
ALM,32,18.93,88727410.4025,True
XE,32,19.11,88697355.615,True
OHI,32,46.95,88634809.85499999,True
AIT,32,335.64,88361764.30000001,True
KLIC,32,84.53,88238830.71,True
ALGM,32,37.44,88227386.86,True
USIG,32,50.54,88224022.9975,True
FLNC,32,11.24,88124136.465,True
HLN,32,10.18,88021643.7245,True
GME,32,18.09,87943646.24000001,True
BNO,32,50.26,87929943.43,True
WMS,32,141.44,87789971.035,True
MBGL,32,20.26,87672523.605,True
LSTR,32,178.48,87586662.85000001,True
FIGR,32,41.14,87507195.72999999,True
VOYA,32,100.56,87422659.72,True
AMG,32,365.28,87268601.82,True
CPT,32,108.28,87178379.91999999,True
RUN,32,9.19,87104057.75,True
HRB,32,53.19,87083351.41,True
SYRE,32,107.36,86990158.66499999,True
UNG,32,10.23,86839679.42,True
SPMD,32,66.73,86697053.79499999,True
AYI,32,339.95,86675283.95,True
PVAL,32,54.48,86612663.88,True
SPXC,32,200.98,86590388.5,True
UUUU,32,15.97,86574177.035,True
IWP,32,141.93,86571472.57999998,True
EMBJ,32,74.63,86382383.53999999,True
AAP,32,43.64,86360111.915,True
IOVA,32,8.44,86349175.14,True
UBS,32,54.23,86016896.715,True
BITX,32,18.02,85999365.06,True
PCTY,32,152.24,85928390.495,True
CX,32,11.0,85732994.96000001,True
NUGT,32,218.64,85581325.4,True
TTEK,32,36.79,85564919.1,True
UVIX,32,42.08,85559955.33000001,True
VMI,32,472.9,85188870.76,True
SIL,32,102.8,85132772.385,True
MPLX,32,58.36,85115344.11000001,True
ENS,32,194.29,84967161.575,True
COLB,32,30.53,84856609.08000001,True
BOX,32,33.0,84822798.195,True
SSB,32,106.12,84769221.64500001,True
SSRM,32,39.21,84727882.24000001,True
AMZU,32,38.12,84654041.63,True
EGP,32,202.78,84607758.895,True
DNTH,32,112.11,84525441.66,True
AGCO,32,110.94,84509159.29499999,True
SCZ,32,87.35,84449722.52000001,True
ADC,32,74.32,84354225.565,True
IGLB,32,48.46,84248902.25999999,True
PDBC,32,18.17,84142962.105,True
CELC,32,92.27,84066922.66999999,True
SARO,32,24.96,83975142.315,True
EXP,32,198.87,83795047.38,True
SCI,32,84.45,83388226.92,True
BOIL,32,19.73,83368233.945,True
RHI,32,44.9,83147262.055,True
ARE,32,52.9,82870932.555,True
MLI,32,61.51,82612290.94,True
CUBE,32,40.62,82428404.10499999,True
XPEV,32,11.6,82394345.22,True
NEBX,32,25.26,82312185.69,True
CENX,32,44.2,82302720.77,True
HRL,32,23.78,82248201.22,True
CNK,32,37.4,82065656.345,True
SF,32,79.58,82016019.615,True
PTEN,32,11.52,81940900.96,True
MFC,32,43.17,81886006.28,True
FER,32,63.03,81750771.935,True
WFRD,32,88.2,81742387.275,True
AXTX,32,7.51,81706329.245,True
TREX,32,46.84,81656364.8,True
RGA,32,244.46,81635822.64,True
FNB,32,18.37,81525768.22,True
CHE,32,543.98,81497621.51499999,True
LNC,32,42.61,81469725.77000001,True
ACI,32,12.38,81462489.135,True
MTN,32,147.84,81461466.985,True
VFLO,32,55.15,81140562.43,True
LYTE,14,24.61,81077007.31,False
PAAA,32,51.47,80761415.88,True
LBRT,32,18.38,80699302.485,True
GPIQ,32,56.5,80650565.23500001,True
SDOW,32,22.61,80636779.91999999,True
SGOL,32,44.43,80619092.51500002,True
DAMD,32,1.6,80509617.535,False
IUSG,32,189.67,80496501.69,True
CTRE,32,39.9,80487082.58000001,True
RDVY,32,82.38,80442735.0,True
ORA,32,106.24,80440736.47999999,True
EWW,32,77.85,80297905.03999999,True
ROAD,32,109.69,80132518.82749999,True
LITX,32,30.04,80116113.63999999,True
RELX,32,35.88,79904241.43,True
PAVE,32,55.63,79885180.125,True
AVDE,32,94.73,79613977.75,True
MVLL,32,31.39,79589319.885,True
OEF,32,378.15,79214825.265,True
ARCC,32,19.93,79184626.17,True
KBE,32,68.44,78882035.62,True
L,32,110.81,78806373.815,True
VYMI,32,105.91,78789801.50999999,True
FRO,32,43.46,78783697.8,True
EDV,32,61.22,78775859.035,True
SPEM,32,52.59,78377485.85,True
SEZL,32,124.08,78356482.56,True
VDE,32,175.13,78243360.75,True
FCFS,32,229.51,78222232.05,True
LPX,32,72.32,78054713.66499999,True
WHR,32,40.72,77991945.85,True
VAL,32,85.72,77990609.63,True
DK,32,67.59,77982129.48,True
SNEX,32,69.66,77847580.38,True
SVXY,32,62.07,77776430.11,True
CONL,32,6.28,77755831.015,True
VSEC,32,217.65,77724169.28999999,True
TDC,32,27.37,77710573.97,True
MSM,32,118.33,77689480.37,True
UMBF,32,143.57,77294159.465,True
QNT,32,53.89,77237358.495,True
CAI,32,28.01,77211129.31,True
CALM,32,84.14,77207080.24,True
LGND,32,281.72,77166493.545,True
DFTX,32,44.81,77130406.62,True
ETHU,32,26.42,77033357.235,True
KVYO,32,17.6,76974877.435,True
VISN,32,11.04,76940602.95500001,True
GBTC,32,61.07,76671685.62,True
R,32,246.18,76368840.61500001,True
CMC,32,66.85,76360996.115,True
CNM,32,44.08,76347787.34,True
FTEC,32,280.41,76245250.83,True
TVTX,32,67.01,76232849.805,True
EGO,32,48.14,76210944.05,True
BYD,32,81.11,76196812.57999998,True
ALKS,32,49.21,76190069.66499999,True
MGA,32,66.13,76064624.80000001,True
UEC,32,13.27,76041117.67,True
REET,32,28.23,76009329.15,True
CVLT,32,131.16,75949191.79500002,True
WTRG,32,40.76,75896830.095,True
PARR,32,73.82,75855652.27499999,True
LGN,32,57.26,75845202.665,True
IAUM,32,46.51,75687652.065,True
AVDV,32,112.66,75610855.59,True
NOWL,32,6.64,75471061.58,True
RYAAY,32,57.28,75399385.935,True
VUSB,32,49.76,75319625.11500001,True
JETS,32,30.09,75300485.7,True
IRE,32,10.71,75234060.165,True
APPF,32,223.05,75183313.85,True
BINC,32,52.14,75050891.935,True
TME,32,8.74,74995763.85,True
AWI,32,179.81,74900131.2,True
BIRK,32,35.29,74802794.74000001,True
RHP,32,132.95,74733185.43,True
EWC,32,62.64,74706456.435,True
ITGR,32,125.39,74636889.33,True
BNTX,32,114.05,74624425.975,True
ENVA,32,243.39,74563576.07,True
BBJP,32,77.23,74466521.4,True
AIQ,32,63.08,74364004.5,True
PTGX,32,150.59,74291106.49000001,True
BPOP,32,169.55,74183328.245,True
FNDX,32,32.53,74102150.30000001,True
JCPB,32,46.4435,74078252.44,True
COKE,32,196.53,73997717.85,True
DNN,32,3.72,73995332.275,True
CHDN,32,88.67,73953083.01,True
IBP,32,246.98,73889569.49000001,True
BCE,32,23.59,73716481.905,True
INDV,32,35.97,73667525.46000001,True
LKQ,32,25.37,73602944.775,True
BLLN,32,100.075,73597245.75,True
AIRR,32,111.2,73555697.53,True
PFF,32,30.68,73538962.13,True
TBIL,32,50.0,73457253.64,True
TSDD,32,8.74,73440359.24000001,True
AAPU,32,38.99,73391702.35,True
DOCS,32,24.74,73354652.41,True
PAG,32,219.76,73294505.095,True
TEX,32,65.22,73188282.15,True
VV,32,352.72,72998082.19999999,True
GOOGN,32,48.79,72973881.10499999,True
STIP,32,100.99,72894249.26,True
AMC,32,2.65,72822564.645,False
YOU,32,44.29,72633786.025,True
KIE,32,63.85,72623794.41999999,True
URTH,32,209.33,72520337.36,True
LRN,32,85.59,72501300.16,True
SPSM,32,57.03,72459436.705,True
ORKA,32,101.82,72314957.575,True
PLTU,32,49.6,72314378.595,True
VXF,32,243.95,72247086.69,True
FNF,32,47.38,72228321.65,True
VIRT,32,65.2,72227360.545,True
G,32,37.25,72138644.35000001,True
NVST,32,27.47,71967255.25999999,True
TFX,32,140.18,71925826.57999998,True
DFAI,32,43.55,71849121.565,True
MSGS,32,406.94,71663523.15,True
IQMM,32,100.07,71574009.91999999,True
POST,32,81.06,71542248.835,True
URBN,32,75.78,71500881.06,True
FNDF,32,55.94,71484590.64,True
ILF,32,35.21,71375986.025,True
PTCT,32,73.47,71303959.88,True
MTRN,32,232.5,71244451.55,True
INOD,32,57.17,71201817.065,True
SKM,32,39.66,71153281.53,True
ABEV,32,2.93,71035364.60499999,False
FBRX,32,76.97,70862594.87,True
AEO,32,16.73,70852857.465,True
HR,32,19.39,70703373.9,True
DDS,32,637.3,70639530.22,True
SEIC,32,110.98,70584928.52000001,True
JXN,32,131.63,70500136.84,True
VVV,32,32.91,70345037.935,True
PRMB,32,23.35,70223929.25,True
AN,32,196.8,70139271.97,True
PEGA,32,34.0,70110150.99000001,True
CACC,32,604.26,70092420.305,True
SLS,32,14.09,70054720.72,True
GFL,32,40.72,70041801.93,True
ALHC,32,13.59,70015655.245,True
BULL,32,8.94,69969846.89,True
CAMT,32,146.66,69873988.85,True
CRSP,32,60.9,69655356.21,True
DFIC,32,39.6,69625629.94,True
ALV,32,123.97,69608942.39,True
YUMC,32,48.57,69590599.52,True
FOUR,32,48.0,69579516.94,True
AMH,32,34.56,69408984.23500001,True
FLY,32,22.26,69349743.86,True
KEX,32,137.64,69280339.86000001,True
YETI,32,42.58,69137033.93,True
SKHX,31,13.235,69105042.14999999,True
GSAT,32,82.03,69037988.63,True
NBIZ,32,6.52,68896720.945,True
ACMR,32,79.77,68506424.4625,True
EXK,32,11.09,68279350.07,True
ECG,32,118.07,68240009.12,True
LUMN,32,5.89,68234126.49000001,True
FDN,32,287.55,68185007.81,True
TAK,32,18.35,68181328.87,True
NAVN,32,29.29,68057237.66,True
KRG,32,26.44,68028953.985,True
LEA,32,123.65,67967958.535,True
CE,32,44.52,67948772.31,True
PJT,32,174.61,67823013.975,True
LW,32,55.36,67702503.88,True
PVH,32,74.52,67700938.345,True
WLK,32,74.8,67557964.02000001,True
QUBT,32,8.46,67520223.74,True
TM,32,192.95,67457737.85000001,True
SYNA,32,94.87,67328802.47,True
ATAI,32,7.44,67274505.39,True
BTCZ,32,3.465,67226603.06,True
EXLS,32,37.45,67201963.815,True
FRPT,32,75.4,67110117.28,True
BSP,32,42.47,67091716.80500001,True
MUFG,32,22.23,67005879.025000006,True
HQY,32,105.385,66984779.565,True
LAZ,32,43.79,66951723.135,True
RELY,32,26.22,66890371.125,True
SITE,32,95.11,66833753.419999994,True
LCID,32,5.26,66779513.63,True
VONV,32,113.27,66753280.06,True
DFAR,32,26.68,66719346.86,True
RCAT,32,9.1,66715338.815,True
IQLT,32,52.34,66640724.035,True
EMN,32,72.02,66617771.400000006,True
DX,32,13.01,66554996.32,True
ICSH,32,50.55,66460303.83,True
SCHA,32,34.6,66438608.25,True
BTE,32,4.61,66288145.125,True
MMSI,32,91.09,66017385.155,True
BKD,32,12.2,65769388.599999994,True
FR,32,63.49,65757516.46,True
WAL,32,79.63,65541758.82,True
PB,32,72.53,65425925.28000001,True
IMAX,32,53.9,65356950.045,True
QYLD,32,18.13,65302728.99,True
CRGY,32,13.45,65208680.42,True
VHT,32,329.01,65208107.59,True
RSI,32,26.05,65180451.79000001,True
IRTC,32,123.09,65079396.43,True
DFIV,32,58.4,65006521.730000004,True
LASR,32,43.3,64967736.125,True
JBS,32,14.05,64868368.7,True
SQM,32,79.21,64485253.349999994,True
GXO,32,47.42,64481572.089999996,True
MOAT,32,114.07,64454633.332499996,True
MIDD,32,113.97,64324135.644999996,True
JBTM,32,117.93,64284424.605000004,True
ING,32,35.3,64238205.875,True
BH,32,379.7,64231641.09,True
TS,32,54.6,64186635.69,True
GTX,32,26.27,64186099.980000004,True
STWD,32,16.12,64170279.95,True
MRCY,32,87.74,64133138.8,True
XP,32,17.8,64069421.46,True
RYAN,32,43.93,64001410.69,True
FRVO,32,16.45,63880543.225,True
HAE,32,108.32,63763826.75,True
FIVN,32,32.285,63737324.400000006,True
IDA,32,137.66,63691932.86500001,True
NOBL,32,58.65,63574176.38,True
THG,32,227.12,63561501.324999996,True
TU,32,9.83,63278338.739999995,True
DOX,32,62.31,63228756.855000004,True
MANE,32,102.35,63209435.42,True
QTEC,32,311.88,63161185.474999994,True
BBAI,32,3.09,63051226.34,True
XRAY,32,10.97,62998360.75,True
ACHC,32,29.87,62969708.58,True
NOV,32,19.94,62878110.34,True
PLXS,32,240.94,62877351.940000005,True
EFG,32,126.21,62850635.47500001,True
GMAB,32,34.36,62838125.78,True
JULV,1,30.665,62758498.36,False
VRNS,32,40.82,62744946.32,True
IMO,32,131.49,62725267.78,True
CGON,32,78.95,62711421.765,True
HTHT,32,49.47,62598551.730000004,True
BRX,32,29.5,62506968.785,True
COCO,32,63.57,62502642.505,True
AXS,32,99.41,62478533.275000006,True
WTS,32,371.54,62346674.64,True
IDCC,32,345.54,62226717.72,True
TMDX,32,93.6,62146857.56,True
VNOM,32,44.07,62137969.004999995,True
LMND,32,54.42,62025921.06,True
MORN,32,215.01,61809877.35000001,True
STAG,32,37.1,61477068.28,True
WRBY,32,26.0,61415127.099999994,True
MAIR,32,27.99,61404894.495,True
SCHO,32,24.12,61266019.425,True
ICHR,32,57.11,61206568.28,True
INGR,32,105.03,61083917.205,True
CBSH,32,58.23,61035082.239999995,True
NGG,32,81.17,60969130.215,True
WU,32,7.34,60856572.550000004,True
IRDM,32,47.1,60598614.855,True
ENSG,32,179.02,60572510.79,True
ESLT,32,722.25,60491092.260000005,True
PAA,32,24.7,60399815.879999995,True
KYMR,32,126.64,60389121.28,True
COGT,32,36.8,60365115.894999996,True
BCO,32,111.0,60326294.235,True
CWB,32,103.68,60317911.94,True
FAS,32,184.98,60304782.14,True
IBRX,32,8.19,60050192.94,True
HWC,32,74.66,60036091.53,True
PI,32,166.22,60016693.769999996,True
AMLP,32,54.61,59986125.345,True
ERAS,32,17.76,59815971.91500001,True
JPIE,32,45.96,59789127.465,True
RYTM,32,113.35,59705297.94,True
KLAR,32,14.27,59698278.435,True
SON,32,57.88,59671687.015,True
VIST,32,68.39,59617084.77000001,True
KSS,32,17.68,59508676.7,True
NWG,32,18.87,59487754.515,True
NPO,32,303.32,59486094.735,True
CCC,32,7.46,59477061.05,True
YMM,32,8.76,59393720.325,True
OGE,32,45.94,59374810.78,True
ST,32,42.17,59360088.91500001,True
IWS,32,171.66,59293319.144999996,True
CHH,32,110.25,59267008.715,True
DB,32,39.04,59256867.79000001,True
ESE,32,276.82,59248446.085,True
MAT,32,15.26,59103778.545,True
SMG,32,62.61,58893751.625,True
VBK,32,356.19,58878856.49000001,True
SYM,32,40.41,58789435.0,True
USD,32,82.04,58682203.93000001,True
WAY,32,24.21,58669934.94,True
NNN,32,46.12,58566889.05500001,True
TFLO,32,50.62,58514442.64,True
ARR,32,16.4,58479459.480000004,True
XMTR,32,87.78,58464748.605000004,True
HOG,32,27.49,58291226.37,True
ERIE,32,257.98,58236665.325,True
SLM,32,26.47,58218809.91499999,True
COWZ,32,72.08,58208683.5,True
DCI,32,93.26,58180607.295,True
GPIX,32,56.1,58172855.315,True
EWH,32,23.2,58172505.18000001,True
CPRI,32,13.3,57982644.025000006,True
VOD,32,16.13,57947969.625,True
NOG,32,26.42,57943450.849999994,True
JMKE,19,22.21,57804809.79,True
VKTX,32,34.17,57760822.754999995,True
PK,32,16.17,57741062.19,True
VSNT,32,39.87,57720917.38,True
MIRM,32,98.08,57655151.08,True
ZSL,32,21.68,57549033.230000004,True
OLN,32,17.37,57539088.96,True
SLAB,32,218.37,57514651.49,True
SHLD,32,65.65,57467973.84,True
HLNE,32,106.83,57459067.230000004,True
BWET,32,448.78,57341708.05,True
TNL,32,73.67,57316135.92,True
ATR,32,134.72,57222695.655,True
CHEF,32,111.78,57202846.120000005,True
MSTX,32,14.04,57176647.035,True
IUSV,32,115.0,57151059.99,True
OMF,32,63.23,57078064.30499999,True
MAN,32,62.09,57042254.760000005,True
NXST,32,189.39,56891878.18,True
VFH,32,142.41,56856575.235,True
BRZE,32,30.8,56830468.79,True
TNGX,32,24.77,56727317.45,True
AMPX,32,10.18,56716683.685,True
FCN,32,151.68,56631796.974999994,True
MAC,32,24.26,56577145.41500001,True
ADPT,32,26.25,56572723.06,True
VBR,32,248.25,56371501.165,True
NOVT,32,139.65,56338145.66,True
RYN,32,21.25,56318877.105,True
ULS,32,73.99,56169292.855000004,True
GOOGM,32,49.22,56167465.559999995,True
NE,32,45.86,56087742.67,True
SNK,32,18.29,56021198.095,True
KOLD,32,29.69,56000238.72,True
TTC,32,99.56,55991810.935,True
GIL,32,54.59,55719804.20999999,True
SIG,32,84.6,55704085.505,True
PURR,32,11.87,55676830.980000004,True
XMMO,32,155.57,55660791.275000006,True
BEPC,32,33.39,55639238.72,True
NICE,32,100.43,55573034.285,True
OLED,32,89.38,55517001.24,True
ESAB,32,80.46,55516892.800000004,True
BEX,32,24.18,55487287.76,True
SIVR,32,65.47,55467919.295,True
SMCX,32,12.84,55358521.129999995,True
CVCO,32,587.76,55272587.379999995,True
MUR,32,34.62,55270135.745000005,True
SMMT,32,13.36,55150986.379999995,True
WSC,32,21.27,54902530.28,True
FOX,32,62.69,54897950.75,True
GDS,32,32.99,54871513.75,True
VCTR,32,115.34,54840468.105000004,True
VERA,32,35.28,54788363.07,True
VOT,32,303.6,54699668.51,True
NTSK,32,13.5,54665838.775000006,True
GGB,32,4.36,54638872.32,True
CWST,32,93.43,54590463.135,True
GLOB,32,40.08,54562163.92999999,True
VOYG,32,34.51,54551923.08500001,True
MATX,32,222.82,54446371.795,True
ASTX,32,11.33,54303771.120000005,True
JGRO,32,93.77,54293284.690000005,True
GT,32,6.2,54186682.46,True
ICVT,32,115.84,54163789.78,True
CECO,32,70.27,54160830.775,True
EQPT,32,18.47,54118616.08499999,True
BFAM,32,73.89,54114248.385,True
VMBS,32,46.45,54060836.925,True
ASO,32,43.475,54038573.125,True
IWV,32,436.36,53948519.265,True
BC,32,80.33,53840144.44,True
FMX,32,123.71,53793127.775000006,True
AROC,32,30.71,53757651.065,True
HRI,32,156.09,53751619.599999994,True
DVY,32,164.11,53699758.405,True
ITRI,32,98.73,53656768.84,True
VNO,32,39.94,53390309.83499999,True
WYFI,32,20.4,53390223.41,True
GPI,32,264.81,53310781.71,True
BELFB,32,250.09,53289015.815,True
AXTA,32,36.4,53154421.08,True
BKH,32,73.02,53151040.955,True
XLG,32,62.1,53134946.085,True
BDC,32,116.96,53129830.260000005,True
HCC,32,105.29,53101488.145,True
DHT,32,19.17,53076348.29,True
MTH,32,73.44,53039381.625,True
STEP,32,49.77,53032614.39,True
OZK,32,49.2,53003038.82000001,True
BZ,32,16.29,52989625.295,True
GBCI,32,47.35,52970967.269999996,True
AIR,32,135.36,52928375.61,True
SKY,32,91.74,52926404.415,True
FLG,32,13.44,52859797.5,True
PSN,32,48.04,52857458.535,True
COLD,32,15.49,52852245.300000004,True
ADT,32,7.43,52734788.364999995,True
GLNG,32,52.04,52728666.42,True
MIR,32,14.71,52619638.885,True
EUFN,32,42.62,52552066.455,True
CLBK,32,11.655,52397113.995,True
ORCX,32,21.16,52367031.53,True
PENN,32,17.75,52354305.160000004,True
QTUM,32,148.79,52220763.9,True
PRI,32,297.72,52081478.015,True
GNTX,32,23.65,52081267.985,True
SPLB,32,21.63,51990715.39,True
XAR,32,264.85,51969752.19,True
ABG,32,215.59,51968990.84,True
SHYG,32,42.35,51961177.004999995,True
KBH,32,57.11,51938474.085,True
RXRX,32,3.56,51892261.05,True
COHU,32,50.61,51814236.68000001,True
NESR,32,33.48,51811239.66499999,True
BEKE,32,18.01,51759244.44499999,True
KD,32,13.02,51698235.11,True
BMI,32,136.36,51661229.99,True
IOND,21,70.0,51628830.0,True
MIAX,32,44.34,51582432.18,True
WEN,32,9.12,51463028.345,True
SXT,32,136.84,51456646.895,True
FHB,32,25.78,51340671.475,True
KTB,32,80.01,51302052.13,True
AAAU,32,46.0,51159245.0,True
BAND,32,46.655,51004881.0,True
STNG,32,77.2,50962911.980000004,True
QTWO,32,63.89,50919584.78,True
DGRW,32,99.42,50919122.425,True
PSI,32,135.96,50907044.85000001,True
HIVE,32,3.02,50741469.44,True
PII,32,63.56,50711626.964999996,True
BUG,32,39.31,50710477.89,True
SLG,32,59.83,50693508.175,True
KNTK,32,54.23,50658114.8,True
ACIW,32,52.4,50598067.375,True
SRRK,32,58.25,50578862.125,True
GPK,32,11.42,50383462.225,True
CLMT,32,47.03,50341358.76,True
RITM,32,10.17,50281609.1,True
REMX,32,79.12,50212068.955,True
BFH,32,107.63,50202044.9,True
VCYT,32,44.04,50128320.0,True
NSIT,32,150.63,50122503.235,True
MC,32,68.01,50028468.005,True
CNX,32,36.0,49983421.29,True
CGBL,32,38.34,49938262.665,True
POR,32,49.81,49864203.495000005,True
WMG,32,28.06,49835129.010000005,True
TSMX,32,76.7303,49795248.395,True
FSM,32,12.45,49787215.89,True
RKLX,32,16.62,49660761.84,True
GBIL,32,100.14,49609776.87,True
BANC,32,18.59,49596151.019999996,True
JMST,32,50.96,49573994.5625,True
YPF,32,50.01,49525989.22,True
PCVX,32,61.09,49444751.93,True
SAIL,32,17.87,49434662.91,True
DBRG,32,15.97,49384915.05,True
LEVI,32,21.1,49343492.31,True
NFG,32,82.14,49337323.9,True
RARE,32,26.46,49269742.519999996,True
DYN,32,26.34,49225207.6,True
SSD,32,186.58,49145435.095,True
FSS,32,120.65,49105772.53,True
HGV,32,44.91,49100022.49,True
SCHR,32,24.51,49096204.355000004,True
GLL,32,19.82,48924063.15,True
LEGN,32,21.3,48887362.644999996,True
MWH,32,28.19,48873113.825,True
UI,32,575.79,48866484.72,True
TARS,32,71.45,48615051.6,True
GEO,32,32.16,48612933.19,True
EBC,32,22.36,48490260.795,True
MGNI,32,23.89,48486457.125,True
SLGN,32,42.66,48476366.34,True
ACLS,32,125.4,48450731.849999994,True
OPCH,32,23.64,48441837.644999996,True
UGI,32,38.35,48408345.7,True
MTG,32,31.24,48316858.185,True
BTU,32,27.46,48279978.925000004,True
VOE,32,208.78,48202638.730000004,True
ORI,32,42.11,48102769.870000005,True
RLI,32,64.9,48089790.675,True
WGS,32,87.405,47996061.37,True
BFLY,32,9.04,47993028.48,True
AFG,32,143.66,47941654.285,True
PSNL,32,17.25,47866095.53,True
ALGT,32,82.32,47864105.379999995,True
QURE,32,51.05,47854771.20999999,True
TRNO,32,68.38,47853345.7,True
SBRA,32,20.82,47806489.215,True
AMX,32,23.75,47796381.879999995,True
FDVV,32,63.3,47740875.42,True
CSTM,32,27.08,47701751.5,True
SAIC,32,127.28,47695689.56,True
CBZ,32,54.75,47625072.150000006,True
KBR,32,37.69,47562202.58,True
ICUI,32,182.24,47439475.339999996,True
EWA,32,30.43,47304517.425,True
FENI,32,41.89,47296527.2,True
AM,32,21.91,47263613.16,True
IGM,32,157.99,47260009.69,True
ARCB,32,135.56,47209251.94,True
UAA,32,5.12,47203757.05,True
VPG,32,64.45,47120419.96,True
SRPT,32,18.92,47116310.495000005,True
SEB,32,4136.0,47069168.87,True
REPL,32,15.8,47003207.4,True
SVIX,32,27.49,46951195.2,True
FEZ,32,71.81,46950172.2,True
PTIR,32,18.48,46872514.29000001,True
LIVN,32,79.41,46845448.8,True
SHC,32,19.51,46763152.245000005,True
AUGO,32,90.47,46603069.14,True
BHF,32,51.87,46565037.42,True
BLV,32,66.83,46561109.38,True
SNDG,32,7.97,46533862.17,True
EZU,32,71.57,46528031.81999999,True
SNN,32,29.22,46505970.33499999,True
WK,32,74.3,46496513.964999996,True
DLB,32,66.12,46429719.845,True
CGGO,32,40.62,46321808.045,True
GTES,32,25.96,46203719.3,True
JMUB,32,49.75,46164166.44,True
NKTR,32,74.96,46155139.56,True
GPOR,32,172.48,46138574.0,True
NXE,32,11.21,46112549.41500001,True
VIXY,32,18.01,46110875.22,True
TDW,32,92.32,45749209.275,True
PRM,32,31.3,45727679.010000005,True
FAF,32,73.28,45680420.949999996,True
WHD,32,67.17,45672866.215,True
NBIG,32,16.94,45670558.86,True
TAL,32,11.59,45667242.86,True
DIOD,32,92.95,45633745.885000005,True
SJNK,32,24.92,45548697.254999995,True
SBSW,32,12.53,45545058.66,True
BEAM,32,31.03,45527800.28,True
REZI,32,19.93,45465395.42,True
AMR,32,215.63,45441882.44,True
MBLY,32,8.68,45437056.93,True
KSPI,32,108.75,45415482.3,True
NAIL,32,40.56,45400830.33,True
SBET,32,8.35,45217301.129999995,True
BOND,32,91.12,45192617.905,True
HMY,32,22.95,45064816.915,True
SUB,32,106.365,45063968.485,True
ASB,32,30.82,45043884.879999995,True
KMT,32,29.27,45033919.400000006,True
RXO,32,21.59,44958499.644999996,True
HOMB,32,29.9,44913540.47,True
THO,32,79.48,44816679.435,True
ESGU,32,167.78,44786904.045,True
VAC,32,117.02,44776718.235,True
UNF,32,288.06,44688221.6,True
SLF,32,79.98,44643558.224999994,True
UFPT,32,304.21,44606985.91,True
PTON,32,5.38,44606464.28,True
AXGN,32,49.93,44525194.55500001,True
TXNM,32,57.31,44520005.205,True
CGUS,32,45.13,44470035.29,True
SRLN,32,40.67,44412275.02,True
OUT,32,30.66,44407413.8,True
TGB,32,9.51,44343335.019999996,True
TCBI,32,98.59,44136170.405,True
EEFT,32,71.21,43949467.97,True
MEOH,32,57.08,43915264.94500001,True
EWTX,32,44.21,43790869.89,True
CAR,32,145.13,43705815.385000005,True
PPC,32,32.43,43648108.79000001,True
NLR,32,124.02,43629635.29,True
DJT,32,9.4,43569667.485,True
RCI,32,36.59,43439593.37,True
AMTM,32,20.26,43302619.43,True
SHLS,32,6.89,43278525.54,True
VNT,32,33.39,43204644.78,True
AEG,32,9.21,43189262.05,True
GLBE,32,39.43,43185494.55,True
FTCS,32,101.96,43163022.905,True
AI,32,9.79,43129955.91,True
SPYD,32,50.44,43076709.8,True
KRC,32,37.2,43070463.28999999,True
UBSI,32,47.41,42964633.665,True
UUP,32,27.94,42934191.599999994,True
FTXL,32,222.8,42922944.14,True
BUFR,32,37.31,42913745.91,True
FTS,32,55.07,42749829.35,True
PGY,32,22.26,42745119.57,True
ATKR,32,93.62,42678047.099999994,True
TPC,32,87.33,42607678.68000001,True
WT,32,24.13,42584322.2,True
CVSA,32,136.38,42552988.765,True
APLE,32,16.74,42482014.43,True
DPC,32,44.25,42457562.68,True
EPR,32,60.33,42423795.05,True
DFCF,32,41.75,42372611.89,True
DFUS,32,83.62,42353727.025000006,True
PATK,32,85.28,42299506.285,True
AESI,32,12.02,42197784.84,True
DOG,32,21.27,42194078.989999995,True
SAM,32,189.41,42118225.269999996,True
INSW,32,99.05,42080089.3,True
IXN,32,138.33,42072708.644999996,True
EFAV,32,94.94,41917668.120000005,True
VVX,32,76.41,41913845.56,True
PSMT,32,177.21,41783180.315,True
CNR,32,96.98,41754169.16,True
CUZ,32,30.2,41734606.025000006,True
PDI,32,15.46,41721337.67999999,True
VC,32,103.58,41622801.59,True
AAXJ,32,116.69,41617371.905,True
LOPE,32,149.08,41565728.2,True
XENE,32,60.42,41502015.92,True
ATEN,32,25.13,41485690.099999994,True
CBRL,32,58.27,41476604.105000004,True
PBA,32,48.1,41468411.845,True
EXTR,32,22.63,41457775.135000005,True
CQQQ,32,48.14,41457463.92,True
RDNT,32,76.86,41374305.42999999,True
WTM,32,2141.2,41359652.39,True
DCO,32,181.36,41352299.545,True
ZWS,32,48.82,41333012.58,True
STUB,32,6.81,41224276.75,True
BLZE,32,15.28,41215258.26,True
VECO,32,47.59,41039167.379999995,True
OII,32,49.91,41023029.875,True
POWI,32,54.63,40972440.839999996,True
MSA,32,187.69,40894392.38,True
DBMF,32,31.01,40833472.325,True
VOX,32,189.03,40827771.58,True
LOAR,32,73.11,40751850.095,True
ZROZ,32,59.83,40657636.7,True
CSW,32,322.7,40629919.03,True
NTLA,32,13.51,40605861.435,True
IYT,32,87.295,40593236.79000001,True
SPAB,32,25.26,40481573.735,True
STNE,32,9.78,40466228.1725,True
KALU,32,153.8,40455953.11,True
MRX,32,70.85,40439337.58,True
EPRT,32,30.8,40246282.68,True
DUST,32,29.08,40199529.37,True
HESM,32,39.08,40144884.2,True
KNF,32,65.8,40074491.760000005,True
BILI,32,16.57,40038272.53,True
VPU,32,187.32,40014571.915,True
ZG,32,37.09,40010178.32,True
BRBR,32,10.76,39966084.72,True
SPSC,32,80.56,39880854.67,True
RLAY,32,20.57,39832129.36,True
FESM,32,47.77,39829598.55,True
CRC,32,51.67,39747673.019999996,True
SPTI,32,28.21,39712871.35,True
CCXI,32,14.45,39541222.599999994,True
FDL,32,53.33,39536714.95,True
HTZ,32,2.23,39513845.595,False
CBRG,32,3.09,39423945.1775,True
JBND,32,52.98,39396741.20999999,True
CTRI,32,20.79,39389808.675,True
ATRO,32,74.5,39381862.31,True
ASH,32,73.76,39262774.20999999,True
CHPY,32,67.25,39190399.055,True
IAGG,32,49.98,39147130.925,True
UTI,32,22.51,39069861.65,True
DFEM,32,40.2,39054601.12,True
OPLN,32,34.31,38970558.77,True
WDCX,32,17.56,38966216.83,True
DXJ,32,178.5,38954906.394999996,True
ELVN,32,61.01,38945619.265,True
CDNA,32,50.8,38940394.980000004,True
WERN,32,37.64,38873996.955,True
COLM,32,58.94,38850785.480000004,True
RRR,32,59.72,38791660.10250001,True
IRT,32,16.69,38786397.585,True
BTC,32,34.92,38618712.22,True
SMFG,32,25.18,38601310.5,True
EYE,32,18.69,38593835.41499999,True
SHOO,32,45.5,38587622.2125,True
CALX,32,39.85,38556174.925,True
IEUR,32,78.77,38513616.59,True
ACAD,32,30.57,38397085.870000005,True
BMNU,32,20.11,38388683.46,True
PICK,32,66.94,38381683.11,True
LXP,32,61.02,38374088.475,True
EDU,32,57.07,38368237.1,True
MFP,32,51.47,38345969.65,True
FULT,32,23.66,38335044.08,True
PIPR,32,74.74,38312843.24,True
IYZ,32,43.16,38301778.239999995,True
SDVY,32,43.85,38300090.599999994,True
GRAL,32,82.54,38289356.22,True
PFSI,32,74.16,38201520.465,True
GENI,32,7.95,38155920.31999999,True
WKC,32,35.38,38070531.23,True
NVDU,32,130.17,38058446.9,True
PTRN,32,21.4,38050804.64,True
IYE,32,65.73,38049215.325,True
NWL,32,5.93,38015742.735,True
PEB,32,18.35,38001271.394999996,True
NCNO,32,20.81,37897985.175,True
EWU,32,49.39,37876313.105,True
BBVA,32,28.95,37869610.925,True
ESTA,32,72.15,37809791.81,True
PPLI,32,39.52,37795019.8,True
FTDR,32,83.53,37780937.8,True
BTBT,32,1.58,37763057.76,False
FIBK,32,37.06,37730788.34,True
NN,32,15.67,37679980.91,True
VCRB,32,76.41,37654325.56,True
SXI,32,304.73,37570367.45,True
AZZ,32,138.51,37513257.39,True
HIW,32,31.91,37513049.935,True
OBDC,32,11.36,37504883.489999995,True
IMVT,32,43.5,37435757.92,True
GGAL,32,44.2,37429068.8,True
ASAN,32,9.44,37394594.879999995,True
SCHI,32,22.33,37392932.2,True
ARQT,32,24.86,37390521.025,True
KAI,32,302.84,37373850.68000001,True
SPHB,32,148.0,37346492.27,True
OGS,32,80.41,37317269.575,True
IGF,32,65.86,37265490.28,True
FA,32,20.32,37239993.300000004,True
XSD,32,490.93,37194212.75,True
SIGI,32,91.91,37183541.1,True
DFAS,32,82.57,37137121.04000001,True
TMV,32,40.81,37099821.620000005,True
CPA,32,133.47,37098670.74,True
DAN,32,30.16,37078070.545,True
HP,32,42.08,37073144.900000006,True
SPHD,32,53.29,37047742.4,True
BNL,32,21.55,37037022.89,True
AMLX,32,37.46,36998115.185,True
CRML,32,8.1,36980170.79,True
HUBG,32,39.23,36936007.54,True
OSIS,32,204.07,36890436.379999995,True
ZTO,32,21.4,36886309.26,True
SG,32,6.9,36869849.489999995,True
SBLK,32,31.11,36849502.33,True
FUL,32,57.01,36824934.85,True
GGOV,32,50.26,36791447.325,True
RDN,32,36.83,36785877.455,True
BITB,32,42.84,36628359.57,True
JAN,32,31.35,36581140.025000006,True
UFPI,32,88.73,36552530.63,True
SWX,32,89.08,36496514.96,True
LI,32,12.27,36447799.095,True
FENY,32,34.47,36445474.175,True
AUB,32,40.52,36414454.900000006,True
SKT,32,38.45,36388425.59,True
AIPO,32,28.72,36320798.2,True
DFAE,32,39.69,36164529.120000005,True
ARTY,32,74.07,36094289.39,True
PAGP,32,27.16,36059726.224999994,True
CWEN,32,32.49,36019938.94,True
CNO,32,54.19,35996628.945,True
TFII,32,134.18,35962179.935,True
RSPT,32,63.49,35907091.599999994,True
HYD,32,50.42,35840673.510000005,True
TAN,32,48.85,35820999.455,True
HUN,32,9.53,35820393.37,True
BELFA,32,207.45,35814926.825,True
MBX,32,68.62,35807454.120000005,True
LINE,32,41.24,35788258.019999996,True
URGN,32,46.36,35770967.73,True
RING,32,93.17,35747544.775,True
LAUR,32,38.36,35703086.21,True
VRDN,32,24.18,35648649.915,True
WES,32,47.94,35635007.07,True
TNDM,32,21.58,35633036.725,True
SRTY,32,21.71,35610863.349999994,True
TRIP,32,10.095,35580048.855000004,True
FLO,32,7.11,35537294.91,True
NUVB,32,7.1,35493814.67,True
CRI,32,33.91,35444073.599999994,True
VGNT,32,47.22,35435134.760000005,True
BRUN,32,18.69,35384432.035,True
VPL,32,115.76,35379954.25,True
BIZD,32,13.39,35360433.44,True
HASI,32,39.64,35354580.125,True
SUN,32,74.6,35323804.839999996,True
UTZ,32,14.25,35270382.26,True
PACS,32,43.94,35216705.980000004,True
IPGP,32,71.73,35215944.114999995,True
PUMP,32,10.6,35204900.92,True
KOS,32,2.73,35140349.989999995,False
ABCL,32,12.5,35123152.015,True
BW,32,7.83,35111223.495000005,True
FBP,32,28.0,35029297.53,True
BXSL,32,24.83,35015168.035,True
MMYT,32,60.43,34992596.45,True
CHAT,32,87.22,34976928.230000004,True
MGV,32,168.51,34957431.01,True
BITU,32,13.99,34953940.328999996,True
SBS,32,4.8,34948976.715,True
OKLL,32,2.97,34947096.585,False
PECO,32,39.91,34932602.3,True
DIVO,32,48.81,34907360.465,True
GATX,32,179.25,34895694.129999995,True
CC,32,15.77,34782266.125,True
SCHZ,32,22.9,34724165.68,True
SKYW,32,103.51,34673309.05,True
BLBD,32,58.65,34613585.905,True
SOC,32,4.71,34598163.83,True
HYMC,32,26.08,34581902.31,True
RAMP,32,37.72,34525662.905,True
MMS,32,58.53,34454009.675,True
GRPN,32,19.59,34435280.629999995,True
ASST,32,21.39,34417473.0,True
MDA,32,29.46,34414815.480000004,True
PLPC,32,412.86,34408726.5,True
AMRX,32,17.92,34202200.07,True
DRS,32,38.16,34193449.0,True
LTM,32,54.7,34098291.99,True
FUN,32,16.59,34086949.55500001,True
INSP,32,61.07,34075805.5,True
IWX,32,112.96,34074876.57,True
DSGX,32,77.52,33990152.1,True
PAY,32,39.34,33966044.22,True
SR,32,83.21,33963654.78,True
AVUS,32,130.38,33948728.54,True
EC,32,16.79,33935461.775000006,True
FWD,32,128.78,33887670.9,True
SPTM,32,92.93,33826191.864999995,True
NJR,32,53.81,33809081.795,True
FTSM,32,59.91,33741876.975,True
IHG,32,163.75,33691461.89,True
ADIG,16,22.27,33680054.03,True
LFST,32,12.28,33574038.335,True
CLDX,32,41.22,33536499.305,True
FMDE,32,42.26,33512008.884999998,True
GRNY,32,27.82,33501759.325,True
RWR,32,115.28,33474854.01,True
CURB,32,30.08,33436229.119999997,True
NASA,32,23.69,33394458.215000004,True
JNUG,32,218.85,33390983.79,True
NNE,32,19.24,33390672.3,True
LVHI,32,43.22,33344917.02,True
VTEC,32,98.63,33307466.369999997,True
SKYY,32,158.6,33306488.04,True
BKU,32,46.32,33299718.0,True
LIF,32,44.55,33291349.59,True
ACYN,32,20.77,33267688.42,True
CAPR,32,8.29,33247335.435000002,True
CORD,32,3.255,33188910.72,True
TDOC,32,6.19,33132823.21,True
AGL,32,96.11,33101615.605,True
SFD,32,22.25,33080896.47,True
MLPX,32,73.89,33078982.04,True
BLSH,32,32.02,33077599.424999997,True
OTEX,32,24.36,33073424.22,True
FMC,32,11.17,33060874.235,True
RTO,32,23.8,33000764.23,True
SCHK,32,36.94,32959660.4,True
FLRN,32,30.81,32938298.595,True
KNSA,32,80.2,32925893.07,True
ARXS,32,52.98,32878345.799999997,True
FBCG,32,61.34,32826886.12,True
WSBC,32,40.51,32776508.37,True
SPCG,32,18.85,32731308.79,True
DUKU,7,50.33,32703127.380000003,False
TDS,32,33.82,32688341.35,True
FLKR,32,59.43,32634167.17,True
SCMB,32,25.31,32625970.564999998,True
BIPC,32,39.63,32592349.68,True
HYMB,32,24.845,32575199.945,True
HURN,32,159.2,32547231.605,True
DNOW,32,15.76,32483177.545,True
HAYW,32,14.47,32471852.585,True
AIA,32,138.45,32461025.590000004,True
AGIO,32,33.9,32460076.32,True
TX,32,55.2,32429127.0,True
CMPS,32,14.88,32395928.055,True
APAM,32,43.64,32327336.145,True
RPG,32,57.62,32310312.240000002,True
FIGS,32,14.68,32273277.96,True
PPLT,32,16.86,32261929.65,True
CXW,32,33.14,32252870.22,True
RUSHA,32,77.11,32236685.86,True
FNDE,32,41.95,32218579.655,True
PLMR,32,131.755,32203072.17,True
GOLF,32,86.21,32194491.71,True
ARKB,32,26.17,32185904.05,True
YSS,32,9.32,32173914.71,True
NWS,32,35.15,32147693.95,True
ATRC,32,48.68,32084877.020000003,True
ETH,32,23.52,32059482.244999997,True
ARRY,32,4.55,32039684.195,True
NVDQ,32,9.87,31905547.6125,True
DJCO,32,618.72,31896953.98,True
PZZA,32,24.11,31890047.03,True
ESNT,32,69.0,31784680.229999997,True
ERO,32,40.4,31731317.5,True
BJRI,32,65.34,31719660.700000003,True
UAMY,32,5.2,31641905.59,True
LPTH,32,13.79,31617430.490000002,True
OR,32,38.92,31581217.22,True
OGN,32,13.75,31486486.59,True
FLTW,32,101.09,31482377.075000003,True
LCII,32,104.78,31471971.395000003,True
EMLC,32,25.91,31460909.61,True
MFG,32,10.41,31364900.865,True
TRVI,32,17.95,31327036.195,True
MAIN,32,58.54,31286944.65,True
ATEX,32,92.37,31271709.97,True
WSFS,32,78.58,31242589.15,True
CVI,32,37.89,31152016.755000003,True
BOH,32,76.16,31143813.5,True
IALT,32,28.94,31132862.435000002,True
LAES,32,2.54,31105020.705,False
BOKF,32,138.62,31085981.97,True
LIFE,32,38.56,31060630.835,True
BWIN,32,30.91,30987988.075,True
IYF,32,137.63,30986648.325000003,True
CALY,32,15.47,30975164.495,True
MZTI,32,117.35,30920172.485,True
YINN,32,29.64,30841716.15,True
REAL,32,11.12,30833032.085,True
CRCG,32,16.52,30809450.86,True
FLYW,32,19.21,30765546.770000003,True
RWL,32,134.44,30708265.14,True
RCUS,32,31.57,30704795.145,True
DPST,32,134.85,30697023.545,True
ORCU,32,7.59,30665922.53,True
CARG,32,36.45,30665460.11,True
BL,32,31.63,30636179.96,True
SCHM,32,35.86,30569523.53,True
STN,32,73.49,30485441.755,True
PGX,32,10.64,30438580.81,True
CBT,32,83.64,30416359.7,True
SRAD,32,12.91,30400042.32,True
ABCB,32,85.54,30391297.205000002,True
ATMU,32,49.64,30346244.68,True
DNLI,32,24.93,30328432.46,True
MRP,32,30.96,30240550.1,True
EWS,32,34.24,30233737.15,True
AIS,32,68.04,30233525.33,True
JQUA,32,74.64,30178287.119999997,True
UCB,32,35.11,30149843.43,True
RDY,32,12.34,30114333.35,True
PGEN,32,7.28,30095634.93,True
FHI,32,65.39,30064022.03,True
XOVR,32,20.46,30010133.58,True
IVLU,32,44.63,29954048.0,True
MHO,32,154.21,29948557.96,True
PGNY,32,25.82,29945760.295,True
DXC,32,10.89,29939691.57,True
ORC,32,6.72,29896944.1955,True
DXYZ,32,34.65,29888025.950000003,True
WGMI,32,46.75,29887176.225,True
GUSH,32,42.14,29855480.29,True
TSLT,32,12.67,29699396.56,True
CVBF,32,22.39,29698327.325,True
BIP,32,38.94,29634371.25,True
CDNL,32,43.29,29616716.055,True
ECPG,32,102.36,29609291.020000003,True
CGMU,32,27.11,29565506.759999998,True
PZA,32,22.78,29549818.490000002,True
SBCF,32,34.0,29485884.42,True
SDY,32,158.25,29473597.589999996,True
GFF,32,101.38,29437341.27,True
HMC,32,31.8,29418208.695,True
BXMT,32,14.03,29401817.725,True
VERX,32,13.52,29296608.09,True
AVNT,32,44.62,29271225.53,True
AX,32,98.82,29256482.97,True
DUHP,32,42.47,29249378.255000003,True
SUNC,32,75.83,29245990.2,True
PRGO,32,14.48,29241360.805,True
UWMC,32,1.51,29174330.589999996,False
RXT,32,3.4,29084136.375,True
ECO,32,65.04,29067360.1,True
UPWK,32,8.74,28972733.805,True
DRH,32,12.87,28922758.31,True
IDV,32,45.17,28907007.07,True
SPB,32,88.95,28887314.235,True
DORM,32,130.46,28885177.244999997,True
NIC,32,171.12,28878828.060000002,True
AAMI,32,93.48,28873400.78,True
AGYS,32,114.5,28870206.575,True
VDC,32,233.53,28843209.42,True
WCLD,32,39.86,28806128.88,True
CRK,32,14.17,28781854.22,True
CEVA,32,27.08,28727125.230000004,True
JIVE,32,98.49,28718797.134999998,True
BETA,32,22.11,28707486.96,True
ETOR,32,30.91,28679445.145,True
CXT,32,50.15,28601042.29,True
CGXU,32,35.23,28577333.490000002,True
NHI,32,73.35,28540298.29,True
ZIM,32,28.08,28528491.4,True
LMAT,32,78.97,28482988.130000003,True
CSIQ,32,14.28,28421592.205,True
ROG,32,124.74,28326087.265,True
HCI,32,185.69,28307159.22,True
SPCQ,32,13.66,28301472.285,True
SKWD,32,57.4,28290533.28,True
URTY,32,84.44,28289453.43,True
IPAR,32,116.56,28255244.075000003,True
NAMS,32,27.34,28252999.75,True
CSHI,32,49.72,28226915.73,True
AKR,32,21.24,28192693.23,True
NG,32,9.77,28168511.520000003,True
NUAI,32,5.07,28166014.4525,True
PAC,32,209.72,28141288.060000002,True
KFY,32,84.4,28137698.73,True
PPA,32,170.62,28063562.46,True
BCRX,32,9.83,28056564.55,True
LLYVK,32,107.97,28048996.884999998,True
GSLC,32,146.31,28021573.58,True
HGER,32,34.8,28018890.775,True
BGC,32,11.8,28017707.44,True
TALO,32,16.5,27998531.115000002,True
INDB,32,83.19,27990080.485000003,True
MCY,32,104.48,27966304.645000003,True
EZPW,32,35.23,27914858.03,True
IYH,32,74.13,27905454.6935,True
FFBC,32,32.66,27905261.58,True
BVN,32,35.94,27887787.535000004,True
DFAU,32,53.01,27881101.29,True
BCPC,32,179.5,27869578.455,True
ZD,32,55.41,27853821.520000003,True
KB,32,120.75,27824003.655,True
PLTZ,32,9.93,27691620.439999998,True
WTTR,32,18.97,27653000.98,True
SGHC,32,13.95,27647951.63,True
CGCP,32,22.14,27590384.159999996,True
SUPN,32,45.36,27568755.865000002,True
NATL,32,46.4,27558701.595000003,True
FLTR,32,25.57,27555910.0,True
EXPO,32,70.12,27553713.449999996,True
REYN,32,24.56,27524847.405,True
SBIT,32,35.78,27513214.1,True
ATAT,32,35.65,27502151.68,True
CNXC,32,26.87,27473891.314999998,True
LAC,32,3.25,27420637.365000002,True
PCT,32,6.68,27381427.6625,True
IONZ,32,2.675,27380532.9,False
NEO,32,16.79,27378907.175,True
DLO,32,15.53,27350214.0,True
KN,32,33.64,27343446.27,True
NSP,32,52.34,27339164.58,True
GSY,32,50.13,27241782.72,True
AMBQ,32,60.12,27240926.299999997,True
AEVA,32,16.16,27222038.255000003,True
PLAB,32,29.32,27219188.555,True
PUK,32,28.43,27217060.159999996,True
GDXD,32,14.3,27216739.615000002,True
BHE,32,71.86,27208821.759999998,True
OMCL,32,33.22,27177092.79,True
NRIX,32,26.95,27146490.0,True
ADEA,32,27.13,27122949.97,True
ALOY,32,12.16,27090375.975,True
HTFL,32,49.89,27075940.15,True
HTGC,32,17.59,27069966.549999997,True
HRMY,32,38.95,27041964.125,True
GIB,32,74.5,27016658.154999997,True
LION,32,11.78,27002575.365000002,True
GPCR,32,49.92,26992889.365000002,True
BILS,32,99.38,26989452.57,True
CGAU,32,24.18,26958436.61,True
COUR,32,6.19,26955445.16,True
SFNC,32,22.7,26949559.695,True
OTF,32,11.18,26854523.064999998,True
SPCF,32,14.5,26852780.169999998,True
CDP,32,37.55,26719511.870000005,True
TRAX,32,45.11,26691521.52,True
SGVT,32,100.72,26662015.93,True
MNPR,32,110.82,26630666.465,True
GCT,32,52.22,26618859.25,True
MPT,32,4.11,26595575.23,True
CON,32,34.78,26567918.25,True
LINC,32,25.42,26554648.54,True
AGO,32,75.14,26508819.65,True
SHO,32,11.36,26464504.685000002,True
CRWG,32,19.7,26461570.22,True
IRON,32,82.41,26427466.97,True
IOO,32,143.76,26384158.5,True
CRWU,32,37.75,26283070.799999997,True
GSHD,32,72.33,26276539.375,True
ETHE,32,19.85,26253926.64,True
RKLZ,32,4.01,26244546.990000002,True
FSV,32,143.94,26240595.54,True
MDU,32,19.98,26197959.75,True
PBI,32,17.08,26197361.785,True
SDRL,32,47.09,26123997.009999998,True
CGCB,32,26.01,26092922.7,True
BHVN,32,14.38,26085579.415,True
KT,32,19.23,26080771.01,True
HYNX,31,22.19,25981773.159999996,True
HACK,32,108.09,25974335.200000003,True
HHH,32,67.0,25963675.160000004,True
FELC,32,43.44,25950848.295,True
PVLA,32,148.24,25946860.795,True
GHC,32,1178.62,25902556.785,True
BKSY,32,25.21,25875064.07,True
SMPL,32,10.95,25849192.564999998,True
CATY,32,61.89,25832194.08,True
BEP,32,32.81,25805811.32,True
TNK,32,90.03,25729368.830000002,True
OMDA,32,23.94,25721445.9,True
CMF,32,56.565,25710805.98,True
HYLB,32,36.45,25609048.005000003,True
FETH,32,24.535,25594495.72,True
GNW,32,9.86,25582415.365000002,True
DFSV,32,39.94,25565146.15,True
SNDR,32,34.71,25563821.23,True
CORO,32,37.31,25464794.485,True
MWA,32,24.94,25446375.759999998,True
NTST,32,20.61,25393528.1,True
FELE,32,101.82,25356753.82,True
ETON,32,63.05,25347707.54,True
PRVA,32,21.2,25305293.0,True
BOTZ,32,35.85,25270921.884999998,True
GARP,32,83.06,25255269.35,True
DGII,32,75.92,25222528.17,True
TPB,32,85.8,25203826.73,True
SVM,32,12.83,25195351.509999998,True
EWG,32,44.45,25185714.560000002,True
USRT,32,67.56,25173682.7,True
LPG,32,50.79,25153726.92,True
INTR,32,5.64,25150000.799999997,True
WDFC,32,214.15,25147647.85,True
IDYA,32,42.48,25113319.345,True
CRAI,32,171.88,25109470.939999998,True
MSGE,32,80.63,25083799.35,True
RPD,32,12.13,25075589.159999996,True
GRND,32,15.69,25074097.79,True
TBBB,32,50.91,25051216.095,True
SNDX,32,19.92,25046504.88,True
BCI,32,25.12,25017839.145,True
SONO,32,15.29,24997303.71,True
SKHU,31,17.43,24953177.419999998,True
VIPS,32,14.16,24942844.88,True
JMBS,32,44.71,24939851.96,True
SCYB,32,26.1,24916242.4,True
DFAX,32,38.39,24907975.575,True
INGM,32,29.02,24898571.645,True
TLTW,32,21.49,24874245.61,True
SCHY,32,33.78,24812095.11,True
SGRY,32,14.05,24764735.975,True
HTO,32,63.89,24759753.604999997,True
VNET,32,6.89,24758877.990000002,True
ENVX,32,3.38,24729750.6,True
BANR,32,70.31,24673615.66,True
DFLV,32,42.0,24669562.880000003,True
VWOB,32,66.31,24643887.82,True
PAYO,32,7.11,24563616.88,True
YELP,32,23.7,24557569.22,True
SMCIP,32,64.65,24538121.075000003,True
PRCT,32,21.6,24532466.335,True
CIB,32,103.26,24498811.725,True
JIRE,32,85.7,24476848.61,True
ESGE,32,54.105,24473436.47,True
IREZ,32,10.815,24449017.15,True
ONEQ,32,103.01,24417909.05,True
GO,32,12.12,24402587.705,True
FFIN,32,33.71,24387153.82,True
AVPT,32,13.07,24323330.895,True
PONY,32,7.54,24308890.980000004,True
DV,32,13.32,24297276.96,True
GTM,32,3.86,24199435.555,True
ARIS,32,21.18,24182036.630000003,True
TSLZ,32,13.2,24176827.905,True
CGMS,32,27.25,24137270.695,True
SION,32,6.25,24124286.85,True
ADUS,32,121.09,24121269.73,True
DLLL,32,24.5,24080591.99,True
TECS,32,66.35,24080255.105,True
LOFF,32,14.54,24064498.335,True
IONX,32,26.92,24000653.64,True
IMNM,32,29.385,23991835.799999997,True
ANIP,32,75.65,23947106.880000003,True
PBW,32,32.84,23922481.57,True
SPTS,32,29.0,23902439.615,True
BATRK,32,52.97,23901973.37,True
ERX,32,102.14,23888509.759999998,True
ACVA,32,7.28,23845627.48,True
THRO,32,43.55,23837355.535,True
FLJP,32,40.79,23802278.65,True
TBBK,32,66.98,23792069.45,True
NVAX,32,9.44,23789886.259999998,True
ENOV,32,25.58,23772090.405,True
IJS,32,137.79,23753667.825,True
HAPN,32,18.26,23724815.79,True
PBH,32,51.45,23704330.5,True
CERT,32,8.14,23682457.35,True
PDFS,32,44.28,23679386.28,True
SKHZ,31,11.48,23664676.32,True
DFSD,32,47.42,23656411.485,True
CALF,32,57.51,23649916.705,True
BLTE,32,161.68,23582759.06,True
RNST,32,41.01,23572863.8,True
PPTA,32,27.02,23558283.34,True
NVDY,32,12.39,23557923.86,True
IXC,32,57.06,23555818.695,True
ARI,32,6.86,23510569.32,True
NWE,32,70.88,23446214.18,True
CNMD,32,51.13,23438868.845,True
BUSE,32,29.99,23431915.955,True
IHF,32,57.0,23421860.17,True
CPK,32,135.0,23416735.424999997,True
TNET,32,69.62,23381968.95,True
SAH,32,77.01,23363664.97,True
NHC,32,224.73,23361679.02,True
HSAI,32,18.3,23346595.549999997,True
AVEX,32,17.45,23327939.975,True
ANAB,32,58.37,23275505.884999998,True
BCC,32,81.04,23270440.23,True
CWK,32,14.85,23249849.3,True
JAVA,32,83.31,23232780.42,True
OUNZ,32,44.84,23214247.604999997,True
PAGS,32,9.03,23199738.955,True
INTA,32,40.71,23193434.89,True
DBC,32,30.43,23176011.689999998,True
VSS,32,160.62,23101953.46,True
VIGI,32,99.15,23040298.189999998,True
PHG,32,27.43,23015760.23,True
KOD,32,39.46,22980386.905,True
BBT,32,31.4,22968296.259999998,True
ALMS,32,23.96,22937998.585,True
PRDO,32,33.41,22922332.96,True
AGM,32,219.11,22902955.36,True
ARX,32,19.67,22887550.205,True
FTRE,32,18.27,22871915.915,True
HLIO,32,74.27,22860693.64,True
BMA,32,77.77,22722688.365,True
VIS,32,341.9,22707522.53,True
SPUS,32,58.35,22698407.14,True
APPS,32,10.83,22686692.8525,True
COTY,32,2.67,22684466.85,False
KSTR,32,23.42,22647351.3,True
SATL,32,5.355,22642675.075,True
ALNT,32,93.1,22576426.695,True
BSOL,32,13.44,22575561.22,True
BITI,32,19.24,22540012.8,True
FSK,32,12.05,22531009.9,True
SUZ,32,9.03,22523770.020000003,True
XNCR,32,29.3,22500257.835,True
PRKS,32,43.72,22430351.25,True
INBX,32,122.72,22407584.59,True
ABSI,32,9.63,22396470.895000003,True
KWR,32,164.74,22395261.46,True
EVTR,32,50.41,22333936.115000002,True
UNFI,32,47.6,22323158.5,True
XYLD,32,41.36,22297758.534999996,True
IQQ,32,24.05,22273475.615000002,True
SPCE,32,2.97,22251602.13,False
ENR,32,21.94,22243984.009999998,True
CNA,32,49.14,22223838.64,True
OI,32,7.51,22167778.845,True
PLUS,32,86.36,22117770.634999998,True
ESGD,32,107.73,22093878.299999997,True
VONE,32,347.13,22018539.875,True
XSMO,32,85.36,22005858.65,True
FVD,32,50.96,21977034.31,True
IBOC,32,70.81,21968073.815,True
KMPR,32,27.78,21950101.58,True
CEF,32,47.63,21925914.78,True
AVA,32,37.75,21924705.04,True
NTCT,32,38.06,21869187.93,True
CGMM,32,33.1,21816955.2,True
ALRM,32,56.76,21773718.634999998,True
AMN,32,33.91,21743091.34,True
ANDE,32,65.92,21742877.75,True
STRA,32,86.03,21737203.38,True
ULCC,32,5.97,21693352.41,True
CRAK,32,59.19,21674153.380000003,True
USAS,32,5.62,21596764.919999998,True
BBUS,32,138.13,21586397.3625,True
BLKB,32,47.42,21567834.315,True
SPMB,32,22.12,21531805.36,True
LIND,32,31.74,21506097.880000003,True
TRN,32,29.59,21475900.82,True
DTCR,32,28.56,21453867.799999997,True
PHIN,32,70.92,21435752.77,True
AVGX,32,39.67,21421526.475,True
CLBT,32,11.29,21396573.43,True
AKRE,32,60.95,21394209.775,True
CLIP,32,100.3,21381672.955,True
ASM,32,7.49,21323343.525,True
VCEL,32,43.22,21298038.21,True
BULZ,32,35.5,21295420.599999998,True
EWL,32,64.7,21262455.904999997,True
ZBIO,32,33.77,21224982.160000004,True
CIGI,32,105.55,21197709.32,True
NVEC,32,106.84,21182849.325000003,True
AWR,32,90.24,21182203.78,True
FAZ,32,30.73,21146127.994999997,True
TENX,32,2.32,21126481.130000003,False
STAA,32,23.18,21101168.35,True
HE,32,11.37,21096335.395,True
APPN,32,39.58,21084948.03,True
PFS,32,23.46,21083405.655,True
DGP,32,172.61,21047001.84,True
IJJ,32,147.73,21044655.96,True
IJT,32,173.22,21038589.560000002,True
SFBS,32,43.13,21028019.22,True
LBTYA,32,10.79,21018214.684999995,True
TOWN,32,37.76,21014470.805,True
JTEK,32,98.5,20958399.060000002,True
ALKT,32,20.13,20943979.955,True
CUBI,32,78.3,20933193.450000003,True
EFOR,32,31.56,20922415.125,True
GNL,32,9.25,20915709.439999998,True
DXPE,32,188.44,20886093.740000002,True
ALG,32,162.08,20831541.625,True
HNI,32,49.94,20830554.825,True
ADMA,32,9.72,20828214.08,True
CWT,32,50.61,20787104.58,True
AAOZ,30,12.27,20772746.295,True
BBNX,32,19.34,20758107.29,True
TCAF,32,42.63,20737739.689999998,True
MLPI,32,53.78,20733746.02,True
WLY,32,53.89,20715282.63,True
EYPT,32,5.005,20682023.7975,True
CNS,32,83.01,20671436.195,True
CSQR,29,20.26,20668739.68,True
CRMG,32,6.6848,20638735.380000003,True
NEAR,32,50.61,20570162.8,True
GLWG,32,12.85,20546645.82,True
RDVI,32,29.34,20459308.9,True
URNM,32,61.13,20448050.310000002,True
BKV,32,24.04,20447700.02,True
DRIP,32,36.99,20408337.4,True
ADBG,32,5.04,20378165.39,True
LMBS,32,49.6,20376903.525,True
FEIM,32,59.81,20355182.195,True
VELO,32,12.86,20341643.5275,True
MMED,32,18.92,20340573.42,True
NWPX,32,110.59,20328822.384999998,True
CGDG,32,38.97,20304293.534999996,True
BLFS,32,37.22,20274816.585,True
ASTH,32,37.61,20148631.1,True
DBD,32,67.79,20123487.115000002,True
QDEL,32,15.05,20120588.759999998,True
UGP,32,6.7,20064303.5,True
OMAH,32,18.33,20056831.89,True
YANG,32,28.33,20042508.380000003,True
VTES,32,100.95,19976295.16,False
NCLD,14,23.72,19971161.7729,False
DBEF,32,56.09,19939667.915,False
COHX,32,23.9,19922999.46,False
GSOL,32,7.43,19922772.25,False
EMA,32,50.47,19921924.5,False
SERV,32,4.88,19920858.73,False
LWLG,32,5.94,19909732.665,False
SMA,32,34.04,19898436.97,False
EROC,32,12.95,19895807.75,False
MGC,32,280.35,19859746.35,False
NBR,32,87.72,19825146.449999996,False
LTC,32,40.69,19821652.695,False
IVT,32,32.68,19797651.225,False
AMSC,32,29.65,19773462.877499998,False
EWI,32,63.02,19773458.25,False
MRVU,32,127.93,19727293.015,False
SPYU,32,34.93,19712295.98,False
NUTX,32,188.1,19695950.155,False
DBA,32,28.28,19674828.12,False
RZLV,32,2.96,19661847.205,False
AADX,32,14.38,19657602.884999998,False
WAFD,32,36.21,19621271.71,False
DEI,32,12.16,19609259.634999998,False
RLJ,32,11.56,19571939.335,False
ZLAB,32,26.17,19489466.66,False
LITZ,32,8.5,19488566.315,False
IWMI,32,52.475,19464084.54,False
CRSR,32,11.84,19453032.45,False
OCTV,32,18.25,19451058.7,False
NMIH,32,45.31,19399784.695,False
FCG,32,30.54,19368540.705,False
CBC,32,32.66,19367631.38,False
TFI,32,44.865,19363687.25,False
EUV,32,24.17,19361453.48,False
NMRK,32,16.0,19346764.049999997,False
METC,32,12.92,19328733.11,False
AQN,32,5.75,19298711.025,False
OMER,32,19.28,19295064.240000002,False
AORT,32,26.38,19281905.935000002,False
PRG,32,39.83,19280475.099999998,False
CGNG,32,37.01,19266897.015,False
HROW,32,41.33,19230402.135,False
IVR,32,7.44,19216903.448,False
WBI,32,31.79,19206923.775000002,False
PRGS,32,43.28,19200628.1,False
SII,32,137.67,19182815.009999998,False
GPRE,32,14.65,19146825.689999998,False
LB,32,85.94,19076570.45,False
PRCH,32,17.45,19075975.14,False
BKE,32,43.73,19074718.555,False
RHLD,32,144.64,19049309.060000002,False
SBH,32,16.46,19044850.384999998,False
GLUE,32,14.56,19044702.009999998,False
RVLV,32,23.31,19031728.2,False
AZTA,32,33.21,19030423.14,False
INDI,32,3.96,19029598.08,False
UNIT,32,10.1,19014336.54,False
FBK,32,57.28,19013154.32,False
ARKX,32,32.49,18960067.975,False
AMPL,32,13.11,18948703.775,False
IJK,32,114.49,18869521.62,False
DFAT,32,71.25,18864080.95,False
OCUL,32,10.88,18845847.369999997,False
OSW,32,26.26,18774761.72,False
HEFA,32,47.51,18771526.4375,False
NIQ,32,19.24,18740556.235,False
ADTN,32,8.02,18700233.060000002,False
AVAH,32,13.59,18691776.384999998,False
BYND,32,14.19,18644068.400000002,False
LEG,32,9.32,18597458.972,False
DFIS,32,37.795,18588016.915,False
HODL,32,22.33,18582545.2025,False
AMDD,32,29.67,18573772.2174,False
MD,32,26.99,18539656.355,False
AMUU,32,178.82,18536547.060000002,False
TIC,32,9.75,18532969.63,False
MLTX,32,15.56,18527507.72,False
GBX,32,46.16,18508559.465,False
NEOG,32,11.64,18464754.575,False
ABM,32,46.59,18462656.659999996,False
IREX,32,15.33,18460437.125,False
IDMO,32,63.4,18437123.575,False
TSLR,32,15.68,18416244.724999998,False
SKHL,30,8.56,18414333.1,False
AOR,32,70.09,18363781.439999998,False
FUTY,32,55.93,18346708.32,False
BBCA,32,107.98,18325626.87,False
DFUV,32,57.32,18318384.88,False
FALN,32,27.1143,18305391.5,False
GEF,32,84.63,18286539.39,False
HELO,32,69.5,18244651.585,False
STOK,32,33.46,18231952.2,False
HWKN,32,118.41,18227656.630000003,False
BLCR,32,49.3,18212151.049999997,False
IIPR,32,57.63,18188504.89,False
SOBO,32,36.82,18187920.89,False
NVCR,32,17.62,18158879.45,False
DIHP,32,35.87,18146373.2925,False
WRLD,32,193.45,18143025.0,False
GHM,32,93.2,18141577.56,False
NFXL,32,19.92,18123055.119999997,False
IE,32,11.91,18111079.9,False
WLDN,32,85.45,18069990.802500002,False
BRSL,32,11.61,18024091.78,False
UPBD,32,19.36,18022960.09,False
ANGL,32,29.11,17925966.88,False
IAK,32,145.33,17923051.57,False
FBL,32,20.3286,17893490.115,False
BEZ,32,10.12,17859213.7,False
HIMX,32,13.67,17857218.67,False
VCR,32,396.14,17851070.29,False
JOYY,32,75.0,17816883.105,False
JJSF,32,89.35,17816247.675,False
TRIN,32,18.7,17811051.415,False
VOR,32,24.01,17751817.485,False
CPER,32,40.76,17749835.119999997,False
HOV,32,127.54,17744511.060000002,False
TSLS,32,58.99,17737607.1686,False
COAG,32,49.65,17630762.66,False
SGML,32,12.33,17598366.915,False
SMMD,32,91.6,17598294.799999997,False
ESQ,32,112.86,17558865.52,False
NEXT,32,7.47,17551349.049999997,False
VRTS,32,166.26,17546053.035,False
MLYS,32,26.34,17544944.72,False
GEEQ,4,50.006,17536862.0661,False
VZLA,32,4.04,17532226.56,False
SLDE,32,23.06,17510562.525,False
NAT,32,6.9,17507766.159999996,False
OTTR,32,91.33,17506871.775,False
AIP,32,23.23,17448277.335,False
CLOA,32,51.94,17432674.395000003,False
HCSG,32,22.94,17332722.745,False
FCF,32,20.73,17283663.549999997,False
NBTB,32,51.39,17264999.455,False
FRDM,32,69.14,17246455.955,False
RECS,32,45.16,17222868.740000002,False
E,32,54.05,17199316.52,False
MRAM,32,17.63,17187988.994999997,False
PPH,32,117.87,17184612.43,False
FG,32,23.04,17171656.685000002,False
LZ,32,5.87,17169618.78,False
TAC,32,12.25,17146808.58,False
IHE,32,107.41,17144570.240000002,False
MNKD,32,4.16,17137507.215,False
SA,32,35.03,17137334.28,False
QQQE,32,122.38,17109223.445,False
SENEA,32,190.63,17085102.41,False
GPGI,32,13.59,17084406.27,False
BABX,32,20.41,17084201.725,False
OCFC,32,18.86,17083298.215,False
UE,32,21.72,17080630.0,False
ABR,32,5.15,17071360.5485,False
BILZ,32,100.89,17060198.765,False
ATEC,32,9.33,17030867.990000002,False
CXM,32,7.47,17027400.185000002,False
HAWK,32,21.49,17019524.86,False
VITL,32,11.11,17019418.02,False
CLOV,32,4.13,17018290.655,False
IMCR,32,37.4,16998828.990000002,False
PALL,32,24.32,16991133.345,False
BORR,32,4.46,16954680.52,False
ICFI,32,88.38,16933530.96,False
DIVB,32,69.1,16932232.02,False
MSFL,32,24.52,16924220.560000002,False
RGTZ,32,3.01,16923374.37,False
HIMU,32,48.3,16921754.990000002,False
TLRY,32,4.88,16906028.259999998,False
TMC,32,4.96,16886077.54,False
ISTB,32,48.13,16875422.759999998,False
MPTI,32,79.67,16870877.835,False
ADNT,32,18.64,16870531.05,False
UWM,32,66.02,16841666.515,False
ROBN,32,33.97,16839897.09,False
SBIL,32,100.32,16836936.355,False
XMHQ,32,118.56,16829063.185,False
IFRA,32,59.56,16827923.2,False
TRS,32,39.75,16788805.455,False
UFO,32,44.59,16786384.38,False
MICC,32,20.29,16782253.37,False
TH,32,17.39,16780099.53,False
CGGE,32,35.5,16738352.1,False
NGVT,32,69.05,16724816.955000002,False
TMSL,32,43.35,16650381.27,False
SPAL,32,14.65,16626149.239999998,False
AOSL,32,26.62,16594805.36,False
CRDU,32,13.86,16577138.990000002,False
MUX,32,21.45,16576243.979999999,False
FRME,32,41.56,16575659.095,False
ESGV,32,135.85,16551951.735000001,False
VNLA,32,48.98,16513354.935,False
SPCU,32,11.595,16480355.560000002,False
SPAX,32,8.8,16464243.629999999,False
FCPT,32,25.35,16448277.899999999,False
VIA,32,27.89,16388121.27,False
ATHM,32,21.72,16385657.24,False
CASH,32,83.59,16370385.585,False
BSBR,32,5.8,16331457.964499999,False
MCRI,32,123.71,16312243.879999999,False
HLF,32,12.92,16287834.504999999,False
HLIT,32,12.31,16284426.27,False
EPC,32,28.95,16240852.605,False
ANDG,32,52.21,16217207.405,False
LMB,32,41.91,16204740.92,False
PWP,32,16.57,16187410.590000002,False
DCH,32,6.43,16152560.8,False
GOLD,32,46.85,16144122.925,False
USLM,32,119.07,16143120.725,False
MLAB,32,127.35,16121422.67,False
FRHC,32,171.02,16045226.785,False
VSTS,32,12.88,16008129.344999999,False
NBHC,32,41.29,15990966.375,False
BLMN,32,11.04,15990665.715,False
MQ,32,16.31,15986875.075,False
FEGE,32,53.45,15948106.48,False
VPLS,32,76.825,15877719.933600001,False
PRK,32,199.89,15870949.3,False
MGRC,32,114.73,15830847.920000002,False
TCBK,32,53.88,15788494.685,False
KOPN,32,4.83,15778749.649999999,False
LYNX,5,14.01,15777837.84,False
ARLO,32,13.32,15770778.58,False
AAUC,32,23.79,15760725.5,False
NOMD,32,11.89,15735183.515,False
DFNS,32,13.04,15730122.29,False
RPV,32,122.11,15719567.985,False
NP,32,34.43,15674645.805,False
LGIH,32,59.07,15660201.36,False
CWVX,32,16.4,15658581.704999998,False
IAUX,32,1.92,15639911.920000002,False
JBIO,32,21.84,15630785.4,False
TBLL,32,105.58,15613510.4,False
TOTL,32,38.96,15562732.86,False
ACT,32,49.57,15554223.434999999,False
TSPA,32,48.24,15520216.56,False
FPE,32,17.7,15517727.985,False
HELP,32,13.985,15504174.415000001,False
CAE,32,25.02,15491845.36,False
AMDY,32,43.61,15483838.57,False
DAC,32,152.58,15480517.010000002,False
ALH,32,23.85,15470131.315000001,False
FLXR,32,39.04,15451113.18,False
TDAY,32,6.49,15448336.485,False
TROX,32,5.51,15446934.982,False
PTF,32,100.32,15425214.751,False
COLL,32,27.47,15416507.084999999,False
SAFT,32,103.69,15404595.64,False
AIN,32,58.15,15394375.745000001,False
WWW,32,20.47,15381768.225000001,False
XPRO,32,17.62,15381311.48,False
TRMK,32,46.11,15380516.745,False
JDST,32,19.04,15377312.370000001,False
IGPT,32,91.28,15364271.535,False
IMMX,32,14.47,15353810.420000002,False
VCRM,32,74.93,15330845.33,False
FLMI,32,24.63,15323600.94,False
CHCO,32,144.47,15318950.955,False
USPH,32,77.32,15312978.16,False
AUPH,32,16.75,15310191.23,False
ATLC,32,93.95,15308199.76,False
BOBS,32,17.3,15302376.51,False
SNDA,32,40.97,15302089.55,False
FNDA,32,37.54,15252821.2,False
CCOI,32,9.88,15251112.57,False
BKLC,32,48.97,15244832.315,False
WCMI,32,19.955,15172751.370000001,False
MEC,32,20.5,15166552.705,False
CBU,32,62.93,15126732.559999999,False
ENLT,32,80.67,15113256.900000002,False
APEI,32,46.22,15113102.0,False
SDGR,32,19.99,15103748.115,False
PKX,32,59.42,15096833.690000001,False
ORIC,32,13.83,15096539.030000001,False
BHC,32,6.73,15094983.93,False
NNI,32,128.76,15064911.194999998,False
AYA,32,27.71,15043020.61,False
CCS,32,70.31,15039131.939999998,False
EEMV,32,75.53,15038284.035,False
GSIE,32,48.46,15023298.625,False
VOOV,32,229.32,14963671.7,False
MRVI,32,9.0,14949841.095,False
WFG,32,69.0,14921218.71,False
TNC,32,70.03,14900917.785,False
GRBK,32,73.55,14894577.915,False
MSOS,32,4.92,14882294.155,False
QDTE,32,28.87,14880951.73,False
WINA,32,347.14,14814845.64,False
CMPR,32,87.88,14802320.175,False
UA,32,5.0,14785203.719999999,False
RUM,32,10.23,14772594.97,False
JPLD,32,52.08,14768342.575,False
MUNI,32,51.77,14754458.115,False
TFIN,32,73.5,14748162.575,False
ARDX,32,3.78,14702573.440000001,False
TFPM,32,35.7,14699435.545,False
LZB,32,32.05,14699161.76,False
TFSL,32,17.79,14689238.36,False
PHVS,32,37.23,14686101.370000001,False
CSWC,32,25.21,14675723.790000001,False
PD,32,12.25,14659496.399999999,False
CLYM,32,17.84,14658429.14,False
SLYV,32,109.91,14654550.219999999,False
WGO,32,31.89,14636898.719999999,False
BXDC,32,20.68,14631555.42,False
MBC,32,9.05,14626469.195,False
VRRM,32,4.43,14598120.61,False
PNRG,32,207.11,14543852.925,False
VYX,32,8.13,14540740.05,False
EVER,32,26.85,14509040.715,False
VIV,32,11.65,14497918.245000001,False
SKE,32,35.06,14479673.02,False
EWP,32,63.15,14476220.739999998,False
SPNT,32,23.96,14465750.540000001,False
PCRX,32,25.53,14455621.344999999,False
ZCSH,1,63.1,14450341.700000001,False
GUNR,32,56.8,14448254.235,False
IMTM,32,54.13,14448226.325,False
BBEU,32,81.29,14425943.264999999,False
IDEF,32,33.34,14414196.27,False
LTPZ,32,48.52,14409360.870000001,False
HIFS,32,301.31,14408398.77,False
WLFC,32,54.62,14381331.91,False
FMS,32,23.51,14381287.015,False
JMTG,32,50.32,14365675.82,False
PLSE,32,49.0,14349704.114999998,False
SNPE,32,70.91,14332417.465,False
LIT,32,76.59,14331779.995000001,False
CAIE,32,27.06,14319983.965,False
QMCO,32,22.39,14313516.84,False
LLYVA,32,104.0,14310376.77,False
AVTX,32,19.74,14273806.254999999,False
TRFK,32,92.26,14270881.035,False
ANNX,32,5.15,14270030.5075,False
NWBI,32,15.3,14264468.98,False
ECVT,32,10.13,14245641.959999999,False
TSHA,32,6.2,14239203.004999999,False
ASR,32,263.97,14238523.175,False
MOO,32,84.95,14231645.95,False
THRM,32,40.09,14222758.18,False
EFC,32,13.58,14199285.100000001,False
QFIN,32,11.53,14174327.190000001,False
NB,32,4.47,14167730.3125,False
APLX,32,10.36,14165739.399999999,False
SHG,32,76.81,14160458.620000001,False
WVE,32,5.25,14157422.895,False
WTI,32,3.6,14156218.523,False
WTV,32,108.58,14108080.515,False
PFFA,32,20.97,14101016.15,False
ASPI,32,4.0,14069319.33,False
CGIC,32,37.29,14061355.27,False
PRF,32,56.16,14046503.82,False
GTY,32,33.53,14038642.22,False
FTHI,32,23.84,14035951.02,False
FTK,32,24.0,14035085.46,False
PRLB,32,77.6,14030735.225000001,False
BRC,32,93.62,13989359.58,False
AHCO,32,5.48,13971848.295,False
QBTX,32,8.19,13971573.225000001,False
KOF,32,116.9,13955778.375,False
EVC,32,8.15,13944883.365000002,False
MSTY,32,15.12,13935493.879999999,False
FHLC,32,85.01,13920844.58,False
DXD,32,16.48,13913780.535,False
TYRA,32,26.69,13904067.205,False
PLAY,32,10.07,13883863.850000001,False
VIR,32,10.71,13875608.510000002,False
GOF,32,9.63,13835600.61,False
ROOT,32,57.7,13823810.495,False
EVH,32,4.89,13813052.415,False
CBL,32,55.8,13786588.93,False
AMRC,32,22.07,13780353.11,False
WD,32,40.69,13779209.06,False
BSCQ,32,19.515,13693115.8,False
HZO,32,52.18,13691132.215,False
ETHT,32,17.05,13688232.57,False
PMMF,32,100.33,13667028.725,False
FUBO,32,10.95,13657457.58,False
SFL,32,12.22,13654968.955,False
FELG,32,43.72,13634207.66,False
TTI,32,6.77,13610814.18,False
ARKQ,32,122.74,13604464.754999999,False
PSIX,32,36.23,13601100.440000001,False
TILE,32,38.95,13595802.739999998,False
CWH,32,6.48,13592496.015,False
XNTK,32,355.27,13575971.565000001,False
NBN,32,127.57,13572456.48,False
FWONA,32,96.26,13546101.265,False
GIII,32,33.29,13495420.625,False
ECH,32,41.92,13493958.6,False
BOT,32,27.77,13491913.765,False
JOE,32,69.51,13486323.379999999,False
LINT,32,90.03,13469140.030000001,False
OGC,32,31.32,13468222.700000001,False
IART,32,16.79,13454834.21,False
PWB,32,155.42,13435110.97,False
BANF,32,111.09,13384923.18,False
HOPE,32,13.87,13382650.145,False
OFG,32,52.05,13358380.655000001,False
XERS,32,8.74,13356432.95,False
BZH,32,33.19,13349971.27,False
CRCA,32,24.38,13339829.04,False
CNOB,32,32.02,13333136.96,False
INVX,32,28.68,13331661.5,False
SCHC,32,51.8,13329787.8525,False
KSA,32,39.26,13328445.059999999,False
ARMG,32,16.03,13320239.58,False
VET,32,12.2,13309606.899999999,False
PAM,32,79.76,13284965.940000001,False
RDVT,32,69.385,13233970.672500001,False
AVL,32,37.66,13219889.022,False
IOSP,32,94.36,13215239.010000002,False
SCSC,32,56.19,13210335.84,False
CARE,32,31.4,13206600.32,False
MNRO,32,13.96,13199499.969999999,False
ZGN,32,13.65,13167902.879999999,False
TRMD,32,31.47,13153889.76,False
EFSC,32,63.38,13151089.3,False
BCAX,32,24.58,13131592.8,False
EPOL,32,44.69,13127401.100000001,False
MLKN,32,23.24,13106897.28,False
KURA,32,13.59,13083720.835,False
AVBP,32,31.35,13079936.435,False
DFEN,32,69.4,13067420.71,False
STC,32,69.3,13064808.774999999,False
BTCI,32,32.53,13050669.35,False
MTX,32,71.8,13045156.175,False
QNST,32,20.1,13041388.14,False
MSFD,32,10.465,13018008.30135,False
DGXX,32,4.05,13016311.209999999,False
INVA,32,21.17,13014604.879999999,False
BFC,32,152.99,13006788.375,False
NRGV,32,3.93,13002498.855,False
PAR,32,19.36,12998882.05,False
DRUG,32,79.49,12976591.774999999,False
JHMM,32,75.68,12973045.290000001,False
ALLW,32,30.4352,12961188.345,False
VSTM,32,7.08,12960238.23,False
LFTO,32,18.7,12954106.695,False
HG,32,35.04,12937524.57,False
ETHD,32,31.68,12917237.58,False
OPY,32,115.78,12872177.87,False
SVC,32,7.96,12870155.85,False
ROCK,32,46.01,12870018.649999999,False
BMNZ,32,6.22,12866860.2,False
FBNC,32,63.96,12823468.64,False
GSL,32,45.3,12822809.895,False
PTY,32,11.82,12821118.215,False
RIGL,32,46.75,12803087.100000001,False
GBDC,32,13.11,12797841.465,False
MFA,32,8.84,12771401.274999999,False
LNN,32,114.17,12760749.530000001,False
GRC,32,76.76,12748559.0,False
KFRC,32,57.62,12739246.635000002,False
PAX,32,11.78,12732596.6,False
QLTY,32,43.22,12731555.42,False
SCHL,32,40.99,12731390.425,False
PSUS,32,39.37,12715867.405000001,False
BALT,32,34.71,12686158.129999999,False
SLNH,32,1.23,12666626.765,False
CMBT,32,18.17,12664473.16,False
DSI,32,146.6,12652868.920000002,False
PMT,32,9.29,12644751.0,False
APPX,32,12.75,12604973.97,False
SYBT,32,80.14,12602534.114999998,False
BBAX,32,65.8,12593766.795000002,False
OSS,32,11.11,12592180.295,False
MGEE,32,79.01,12580276.985,False
VFMO,32,230.57,12570622.24,False
SCHQ,32,30.39,12513081.735,False
RYZ,32,24.59,12511809.469999999,False
LABX,32,10.34,12502125.870000001,False
EPI,32,43.48,12495193.344999999,False
IXJ,32,107.48,12487952.52,False
CADL,32,13.6,12485172.83,False
WDS,32,22.86,12463802.84,False
SATA,32,100.0,12454827.33,False
TBUX,32,49.96,12453817.704999998,False
PBLS,32,39.23,12449904.665,False
HMN,32,51.02,12448339.16,False
EPAC,32,37.3,12439252.705,False
IFS,32,54.57,12434403.465,False
FTGC,32,30.22,12365932.620000001,False
WOR,32,57.32,12344143.785,False
DQ,32,14.21,12342986.775,False
CGIE,32,38.27,12275617.54,False
SEPN,32,41.3,12264936.024999999,False
GLTR,32,210.2355,12238814.129999999,False
HLX,32,10.0,12237961.965,False
PFFD,32,18.5,12212178.515,False
RGNX,32,8.91,12211557.27,False
EAGG,32,46.93,12178282.125,False
KC,32,10.51,12175387.425,False
IYM,32,196.45,12172142.219999999,False
CGSD,32,25.75,12168862.965,False
FIZZ,32,33.36,12168460.629999999,False
JBBB,32,47.62,12163431.62,False
PAYP,32,16.17,12147680.27,False
LBRX,32,48.8,12143340.765,False
KEP,32,11.8,12119563.285,False
ERY,32,9.49,12119117.780000001,False
IYK,32,76.0,12116730.329999998,False
QGRW,32,66.9,12087499.84,False
HIMZ,32,33.5358,12086248.77675,False
IAI,32,196.78,12083652.915,False
SMBS,32,25.155,12069613.025,False
LAR,32,6.72,12065271.76,False
RSPA,32,54.53,12064660.08,False
EFXT,32,19.72,12055864.335,False
FEOE,32,56.95,12047361.094999999,False
SSL,32,11.45,12041207.68,False
XHR,32,19.68,12035486.4,False
DFGP,32,53.595,12035396.795000002,False
EIDO,32,12.79,12025172.41,False
SMST,32,28.2645,12019942.99045,False
GSG,32,32.82,12007216.71,False
RAPP,32,51.17,11978995.17,False
FNGD,32,28.19,11972163.0,False
SVV,32,10.72,11961007.684999999,False
GRRR,32,14.04,11930431.41,False
GNR,32,79.04,11849308.7,False
UVV,32,45.89,11845121.879999999,False
SXC,32,9.76,11800848.184999999,False
DISK,32,36.66,11792475.98,False
ULTY,32,26.81,11791406.285,False
ANRO,32,36.31,11788746.64,False
AGEN,32,8.36,11788074.690000001,False
USTB,32,50.53,11762305.57,False
SIDU,32,2.27,11757800.805,False
ROCY,32,55.01,11753491.1008,False
JACK,32,16.7,11740952.474999998,False
IBDR,32,24.23,11732074.91,False
GBTG,32,9.47,11722516.18,False
DCOM,32,40.39,11718875.4,False
STBA,32,49.99,11709401.93,False
UNHG,32,20.1335,11677578.42715,False
UCON,32,24.68,11675732.515,False
PFXF,32,18.0,11662742.865,False
MITK,32,18.02,11649213.615,False
CLSE,32,33.34,11640703.830000002,False
EPP,32,58.55,11626598.280000001,False
EE,32,39.65,11624191.83,False
CLM,32,6.74,11613993.845999999,False
ITM,32,45.99,11612543.6,False
DISV,32,44.74,11607249.22,False
WNC,32,12.41,11578060.285,False
FWRG,32,12.99,11576667.805,False
FET,32,76.55,11574150.69,False
IBDT,32,25.22,11573075.68,False
WEAT,32,25.63,11558777.165,False
WIT,32,1.88,11558571.52,False
QBTZ,32,3.15,11554769.765,False
HFWA,32,28.77,11544047.594999999,False
IBDS,32,24.2,11528567.505,False
ODC,32,91.69,11528030.594999999,False
XQQI,32,48.75,11512401.636599999,False
EVTC,32,29.92,11510471.155,False
DFGR,32,29.7,11509937.41,False
DHC,32,8.08,11500090.33,False
PLOW,32,41.68,11477605.165,False
PEBO,32,39.56,11449181.294999998,False
ALT,32,3.2,11436946.879999999,False
GERN,32,1.55,11418052.245000001,False
ROCQ,32,55.1225,11413552.32,False
WSE,32,13.07,11408835.385,False
DUSB,32,50.75,11392917.620000001,False
DOLE,32,13.54,11381207.100000001,False
CGEM,32,22.95,11373317.524999999,False
WRD,32,6.08,11366103.940000001,False
FXY,32,57.63,11363924.64,False
SK,31,22.09,11359136.75,False
FCOM,32,71.36,11328838.91,False
FSEC,32,43.64,11312658.05,False
NPK,32,156.8,11293709.675,False
ETHW,32,17.61,11288117.879999999,False
WMK,32,70.89,11269119.97,False
SLYG,32,115.64,11268684.822999999,False
LBTYK,32,10.51,11268092.8,False
MYE,32,32.68,11261270.850000001,False
TWM,32,20.97,11257190.86,False
TREE,32,30.56,11252480.16,False
IDT,32,69.38,11249417.675,False
ONDL,32,7.19,11207495.595,False
CRVS,32,14.56,11193146.760000002,False
PSO,32,16.59,11176291.649999999,False
GRDN,32,37.3,11159109.379999999,False
QCRH,32,99.98,11129339.275,False
INCM,32,29.66,11111699.044999998,False
SMLF,32,88.92,11106974.18,False
CNXN,32,79.38,11093540.370000001,False
CMP,32,24.57,11085904.86,False
CCO,32,2.38,11083413.75,False
DOO,32,61.57,11065839.57,False
SRCE,32,86.06,11063921.059999999,False
HNRG,32,16.36,11051127.33,False
TRNS,32,88.19,11030401.935,False
VSGX,32,83.92,11017580.245000001,False
BBW,32,39.37,10992995.175,False
FIXD,32,43.047,10974372.695,False
SPRY,32,5.72,10952079.93,False
GLDI,32,152.08,10934900.94,False
MPLT,32,12.54,10929873.89,False
ZYME,32,27.47,10928013.925,False
ROBO,32,80.93,10921886.509999998,False
GCOW,32,47.97,10917257.34,False
ARGT,32,95.49,10916249.110000001,False
TBLA,32,3.7,10908006.57,False
ZVRA,32,12.04,10894686.91,False
LADR,32,9.97,10882345.65,False
JANX,32,18.68,10876223.260000002,False
AMPG,32,3.62,10865185.3,False
ONT,32,16.0,10802472.925,False
BKGI,32,45.01,10795510.075,False
OTLK,32,0.64,10783619.54,False
OSBC,32,25.19,10782765.29,False
VRP,32,24.13,10777179.434999999,False
BKDV,32,34.88,10771896.335,False
IBDU,32,23.1,10761799.05,False
CWEB,32,21.6,10732938.37,False
DEC,32,14.67,10730062.21,False
BXC,32,83.5,10721522.735,False
CTS,32,56.69,10715056.379999999,False
PHAT,32,8.8,10714132.695,False
FXU,32,47.96,10706297.91,False
KRP,32,15.17,10687992.54,False
HBNC,32,19.55,10658863.43,False
PRN,32,201.509,10627830.022,False
UHAL,32,69.47,10625971.44,False
CENTA,32,38.24,10622028.085,False
IVES,32,38.13,10615318.295,False
ODD,32,14.2,10615090.645,False
XNDU,32,10.62,10609669.46,False
BEG,32,33.8,10608100.712499999,False
CDRE,32,31.39,10598650.44,False
MCB,32,90.78,10573410.56,False
CCB,32,47.17,10570516.274999999,False
MAX,32,12.85,10558594.59,False
AMTB,32,28.6,10556124.215,False
BCH,32,42.65,10497641.94,False
RAAX,32,41.73,10497465.29,False
SMCL,32,17.85,10486679.7,False
CSTL,32,35.0,10467906.735,False
IMKTA,32,84.7,10463790.799999999,False
BV,32,11.15,10456637.440000001,False
APMD,18,27.37,10449508.51,False
SLVM,32,36.89,10439214.725000001,False
EWQ,32,46.91,10433004.56,False
UROY,32,4.43,10427471.355,False
YMAG,32,11.22,10415458.165,False
IBDV,32,21.665,10407713.739999998,False
ITIC,32,303.48,10404959.330000002,False
CRVL,32,70.14,10382482.675,False
IAUI,32,52.99,10350005.145,False
TLK,32,15.2,10342978.52,False
JBSS,32,74.83,10337815.14,False
CTA,32,27.01,10322559.665000001,False
FTCB,32,20.62,10296649.635000002,False
MNTN,32,13.22,10270694.47,False
UTES,32,74.61,10265080.0,False
IEO,32,133.11,10265021.535,False
DMRA,32,30.62,10261782.254999999,False
KNG,32,51.77,10249473.0,False
VNQI,32,45.88,10243906.4607,False
BSCU,32,16.55,10230862.985,False
NWN,32,49.95,10195457.565,False
GLIBK,32,26.37,10190664.149999999,False
SGMT,32,10.29,10190025.510000002,False
HELE,32,28.9,10164608.445,False
AMBP,32,5.29,10151662.115000002,False
BRVE,14,27.64,10136106.7,False
BPRE,32,12.1,10131782.995000001,False
BLDP,32,2.31,10130648.265,False
ALLO,32,2.17,10116461.9,False
IBDW,32,20.69,10115369.682500001,False
QCLN,32,49.92,10106560.754999999,False
DMC,32,31.86,10062497.27,False
IGEB,32,44.45,10035485.165,False
TRUP,32,31.84,10021928.370000001,False
IRMD,32,87.87,9995653.02,False
MORT,32,9.88,9991692.355,False
HOOG,32,34.01,9987591.344999999,False
OXM,32,36.8,9976474.775,False
PRSU,32,48.93,9975348.55,False
SECZ,32,6.73,9974987.57,False
SPCM,32,14.95,9967268.785,False
BIOA,32,10.11,9952588.05,False
TBT,32,37.18,9947295.67,False
TIMB,32,18.26,9933809.53,False
SHM,32,47.78,9904978.399999999,False
GDYN,32,7.87,9895840.605,False
VNM,32,17.95,9880276.670000002,False
TDIV,32,114.2169,9875580.5209,False
ARHS,32,8.92,9869195.575,False
DCOR,32,84.495,9860585.45,False
NPKI,32,13.16,9857292.765,False
DLX,32,23.93,9843125.27,False
REAX,32,28.43,9827708.25,False
SPGP,32,127.99,9799822.815,False
ACWV,32,127.66,9799209.39,False
UTG,32,38.26,9796308.7,False
BSCR,32,19.61,9790202.11,False
NSSC,32,36.43,9783539.260000002,False
IMCG,32,97.92,9766185.57,False
DFNM,32,47.65,9762548.6,False
HYLN,32,3.24,9762259.49,False
SOLT,32,54.96,9751816.6,False
UVSP,32,41.51,9742776.195,False
OBK,32,52.9,9738019.299999999,False
EQWL,32,135.08,9732064.72,False
DLN,32,101.03,9721773.875,False
LPL,32,3.38,9719297.805,False
XHLF,32,50.285,9703194.68,False
CLOI,32,52.96,9685337.835,False
XIFR,32,11.66,9681461.21,False
DNUT,32,3.56,9656230.495000001,False
IDVO,32,43.56,9645596.38,False
FLDR,32,50.195,9642181.43,False
RAMZ,21,17.13,9628117.62,False
OLMA,32,10.91,9624332.01,False
NEA,32,11.27,9613424.6,False
BSAC,32,36.15,9604389.969999999,False
TMP,32,97.7,9582724.325,False
NTB,32,58.35,9570900.87,False
MAZE,32,30.42,9566590.295,False
JMIA,32,6.85,9562744.815000001,False
USOI,32,43.24,9554722.825,False
IHAK,32,61.52,9545350.305,False
HTLD,32,12.29,9541840.059999999,False
VSDM,32,76.26,9533341.657499999,False
BSCS,32,20.34,9522208.05,False
EVLV,32,5.28,9520524.76,False
MRTN,32,14.49,9519396.605,False
HPP,32,14.91,9505737.105,False
ALTO,32,3.99,9502665.065,False
CGHM,32,25.43,9501354.325,False
DFIN,32,47.75,9500953.395,False
DFEV,32,42.295,9491868.579999998,False
VCX,32,44.44,9476346.89,False
RDTL,32,15.32,9473903.39975,False
IWC,32,198.64,9460378.93,False
FBT,32,272.38,9458277.1569,False
DRVN,32,13.16,9448490.690000001,False
CTOS,32,9.65,9445139.0,False
LILAK,32,8.55,9433426.3575,False
TSAT,32,42.38,9421712.315000001,False
LKFN,32,59.57,9398861.625,False
JSCP,32,47.0,9398025.205,False
IBX,32,17.82,9387992.88,False
BLOK,32,64.5,9368238.045,False
ALIT,32,14.96,9361059.905000001,False
REM,32,21.93,9359052.599999998,False
SPIP,32,25.22,9358300.06,False
AOA,32,99.26,9346093.850000001,False
AQST,32,5.08,9342163.35,False
SMTI,32,34.67,9341787.15,False
ASTE,32,43.8,9339522.129999999,False
STGW,32,8.71,9328446.585,False
SOFX,32,10.55,9302855.495000001,False
JKS,32,15.5,9296401.66,False
BATL,32,1.31,9294426.895,False
EIG,32,48.8,9278670.28,False
SPT,32,10.69,9267536.075,False
FOXF,32,21.23,9261420.669999998,False
TIGR,32,5.465,9258811.875,False
XAGG,32,50.045,9251699.76,False
YMAX,32,7.67,9250070.326,False
ASC,32,17.99,9249809.805,False
ETD,32,23.76,9247101.59,False
TGLS,32,40.41,9198684.219999999,False
HLMN,32,8.12,9191496.705,False
PSEC,32,2.35,9187999.965,False
TOPT,32,33.32,9182050.395,False
FFSM,32,37.03,9179970.45,False
LIME,32,42.39,9151112.290000001,False
VAW,32,240.65,9138462.774999999,False
VGUS,32,75.645,9126243.985,False
VRIG,32,25.045,9119384.63,False
CCCC,32,4.2,9118529.275,False
UMH,32,16.56,9114741.239999998,False
HFXI,32,38.46,9112661.15,False
PACB,32,1.52,9100352.625,False
TAFI,32,25.1,9095712.780000001,False
SES,32,0.5453,9088042.3979,False
BCAT,32,15.88,9080197.155000001,False
IYC,32,103.2,9074715.620000001,False
SPBO,32,28.59,9072548.6,False
CCUP,32,28.89,9049011.25,False
ONDG,32,2.85,9044928.945,False
MCHB,32,16.09,8994788.055000002,False
GVI,32,105.61,8989594.83,False
BMNG,32,27.3025,8987309.5682,False
SKYQ,32,2.64,8985045.68,False
BBAR,32,14.8,8965530.17,False
IVOO,32,128.88,8963863.09,False
TETH,32,12.3,8955200.195,False
NBSD,32,50.715,8951012.024999999,False
IONL,32,14.74,8947721.37,False
CMCO,32,17.79,8946120.045,False
MLPA,32,56.26,8940794.64,False
VIOO,32,135.98,8937648.575,False
AAT,32,23.09,8926695.02,False
CLVT,32,2.16,8914629.68,False
PDS,32,87.16,8912131.215,False
VOLT,32,35.98,8903994.76,False
SMU,32,6.915,8885950.145,False
TSXU,32,52.66,8883695.02,False
DDM,32,68.21,8881985.965,False
CLOZ,32,26.245,8871624.065000001,False
XPEL,32,50.22,8866137.419999998,False
FWRD,32,17.41,8857240.59,False
PNTG,32,38.25,8847900.64,False
EMLP,32,43.89,8834207.66,False
BSCT,32,18.53,8830769.370000001,False
VFMF,32,186.79,8825819.5245,False
GSST,32,50.565,8824490.620000001,False
FBRT,32,8.48,8802286.515,False
RBCAA,32,94.44,8801475.33,False
ABTC,32,9.24,8798975.79,False
HTH,32,38.51,8797945.44,False
QNDX,32,24.08,8774799.64,False
SDIV,32,25.1,8748741.015,False
BY,32,38.11,8728072.620000001,False
OVL,32,57.42,8727738.86,False
PFBC,32,103.39,8710451.114999998,False
AB,32,36.62,8708718.96,False
CRF,32,6.48,8691960.497499999,False
BVS,32,14.08,8687718.745000001,False
CURE,32,146.59,8680577.7,False
FTH,32,34.52,8673144.075,False
CYRX,32,16.72,8669181.52,False
RR,32,1.97,8654541.705,False
COWG,32,39.4172,8643377.11645,False
FLOC,32,20.64,8635926.719999999,False
NVGS,32,22.18,8632569.530000001,False
LRGF,32,78.06,8623072.370000001,False
CGCV,32,33.35,8615177.51,False
IBTI,32,22.125,8615041.879999999,False
IAT,32,62.33,8602644.645,False
IBTH,32,22.375,8578915.66,False
SHOE,32,14.31,8575252.305,False
TSLY,32,22.07,8552414.9,False
QTTB,32,16.32,8552333.059999999,False
LOB,32,39.99,8545352.350000001,False
BLX,32,54.58,8542212.48,False
GNK,32,27.32,8529987.27,False
ORBS,32,0.8001,8526364.8048,False
FSUN,32,40.29,8516050.775,False
SSG,32,12.92,8510822.580000002,False
HRTG,32,34.2,8494741.325,False
PKE,32,32.52,8489808.0,False
RGTX,32,11.65,8476863.25,False
RSPG,32,110.96,8463838.245000001,False
SWMR,32,38.83,8461488.33,False
DIN,32,35.43,8456723.64,False
DAKT,32,19.11,8442584.895,False
WTAI,32,40.6,8440720.92,False
PGC,32,45.15,8440715.63,False
CTMX,32,3.37,8422971.08,False
MLCO,32,5.48,8414388.625,False
ACRS,32,6.535,8397727.65,False
USA,32,5.98,8395965.48,False
ARCO,32,8.13,8390817.25,False
DRN,32,11.26,8389340.73,False
DFH,32,15.31,8386654.26,False
IX,32,39.53,8375590.92,False
AVO,32,13.03,8373079.4,False
PRME,32,3.71,8363888.465,False
CTBI,32,76.37,8356992.425000001,False
BETR,32,12.3,8354264.335,False
DEA,32,25.1,8350017.765000001,False
FDT,32,96.3006,8345320.032,False
CTRN,32,69.71,8343401.860000001,False
BBUC,32,28.26,8332543.0,False
CRMD,32,8.56,8331895.154999999,False
UVE,32,43.29,8328511.754999999,False
SVRA,32,5.6,8325070.025,False
BBSI,32,33.8,8313440.909999999,False
RES,32,6.14,8312171.9075,False
BHRB,32,71.76,8290238.75,False
VTOL,32,45.9,8288789.58,False
AMSF,32,26.18,8288241.995,False
SLQD,32,50.24,8287973.36,False
XTL,32,211.61,8277452.165,False
SLDB,32,9.89,8269493.095000001,False
FTSL,32,44.77,8266459.0200000005,False
KRUS,32,47.02,8265592.92,False
AIRJ,32,4.84,8254341.96,False
PWV,32,82.42,8251070.225,False
MATW,32,21.5,8249808.65,False
DBO,32,20.87,8238617.25,False
ASTN,32,5.01,8215574.149999999,False
SMCZ,32,3.01,8212731.013049999,False
WEAV,32,7.29,8209012.675000001,False
CLPT,32,16.96,8187607.949999999,False
CIM,32,11.61,8182188.960000001,False
WLTH,32,9.43,8178302.449999999,False
WABC,32,57.92,8159777.220000001,False
SIBN,32,19.54,8145678.455,False
JMOM,32,82.72,8139927.925,False
EWN,32,69.43,8139173.4350000005,False
THEO,8,9.86,8134447.285,False
UFCS,32,53.51,8128395.47,False
BGS,32,3.52,8124273.0200000005,False
TCHP,32,50.47,8122311.885,False
MAMA,32,16.64,8121227.975,False
URG,32,1.48,8118135.220000001,False
NYF,32,52.851,8115222.35,False
TSLX,32,18.98,8105546.695,False
LXU,32,10.28,8090665.755000001,False
FLNG,32,31.93,8082430.815,False
ALMU,32,14.22,8078709.355,False
NABL,32,3.75,8066579.84,False
WPP,32,26.67,8060159.785,False
DEM,32,55.53,8055625.5600000005,False
PWZ,32,23.84,8043563.63,False
KARO,32,63.93,8040543.195,False
PLGO,32,24.16,8021203.42,False
AMPH,32,21.98,8016762.85,False
TKC,32,5.42,8000569.950000001,False
HAFN,32,8.19,7982444.91,False
ESRT,32,4.77,7981740.1049999995,False
IDEQ,32,36.14,7973159.220000001,False
FXN,32,22.98,7965742.66,False
ETHB,32,31.73,7956411.699999999,False
ACHV,32,8.17,7952188.945,False
BDYN,32,28.23,7934444.395,False
MEI,32,16.05,7931346.035,False
CIG,32,2.02,7914793.915,False
IBTG,32,22.885,7905317.09,False
NMM,32,90.86,7888172.375,False
GOVZ,32,34.32,7883382.699999999,False
LMUB,32,49.52,7864384.260000001,False
SECT,32,71.58,7864045.109999999,False
NXH,7,4.06,7862819.299999999,False
BUFD,32,30.2,7862640.4,False
IMSR,32,5.58,7853685.600000001,False
FRNM,32,13.99,7850807.57,False
SLN,32,13.67,7841801.640000001,False
GTO,32,46.28,7838194.5,False
LCLN,32,23.77,7823254.99,False
CABO,32,26.34,7818398.774999999,False
SPIR,32,13.73,7813742.4399999995,False
ARKW,32,155.62,7808670.2700000005,False
WS,32,34.01,7800691.625,False
MDYG,32,109.24,7790641.295,False
MSEX,32,58.67,7790352.984999999,False
OBE,32,11.01,7769521.98,False
BALI,32,34.7,7768625.4350000005,False
PDO,32,12.65,7763985.609999999,False
ABEO,32,6.21,7762067.159999999,False
TDAQ,32,26.62,7756681.59,False
SMTH,32,25.43,7751557.295,False
FMTM,32,38.5856,7741392.450000001,False
NBBK,32,22.43,7736751.79,False
STLN,32,6.3,7723051.484999999,False
NAVI,32,9.49,7699025.105,False
EMEQ,32,65.1347,7698927.50935,False
KOP,32,46.13,7695096.970000001,False
FTLS,32,76.3,7679264.484999999,False
JPIB,32,48.05,7673834.175,False
IRWD,32,4.39,7672840.800000001,False
CABA,32,3.22,7662342.899999999,False
SLVO,32,71.31,7653745.685,False
PHR,32,11.52,7644299.1899999995,False
SPPP,32,14.87,7642293.475,False
TDUP,32,2.76,7640961.35,False
RYLD,32,16.26,7640660.45,False
HFSI,32,35.12,7627197.255,False
KLRA,32,17.75,7619411.345000001,False
IWL,32,189.5822,7616368.005,False
RYAM,32,8.61,7611817.225,False
SANA,32,4.1,7602784.0649999995,False
XSW,32,200.43,7601096.325,False
RFIX,32,36.165,7600460.72,False
UYLD,32,51.155,7598422.050000001,False
PFIX,32,50.5,7594104.815,False
AVGE,32,101.54,7588580.3149999995,False
NHP,32,16.64,7579846.32,False
MBIN,32,53.49,7577775.54,False
AVSC,32,73.47,7575412.17,False
CVLG,32,35.07,7561374.46,False
SLVP,32,41.67,7547734.475,False
ATTO,15,19.31,7533260.8,False
IQ,32,1.03,7528995.74,False
DFGX,32,52.275,7528150.040000001,False
PDM,32,9.9,7515009.585,False
JGLO,32,73.8,7514546.015,False
OXLC,32,9.58,7491831.634500001,False
DNA,32,7.54,7477099.84,False
MCS,32,30.17,7471709.29,False
TEN,32,42.27,7455376.45,False
AAOG,32,2.81,7454146.2,False
EMGF,32,71.98,7442822.220000001,False
AGRO,32,11.03,7442084.285,False
CHT,32,43.17,7430425.7700000005,False
NTGR,32,21.39,7430041.265000001,False
ADAM,32,9.84,7429996.93,False
CWI,32,41.69,7427207.16,False
CLOU,32,27.48,7426852.005000001,False
ITRN,32,51.28,7426808.109999999,False
STVN,32,22.7,7422256.9,False
RNW,32,6.81,7419543.795,False
FLCB,32,21.18,7419423.9525,False
GENB,32,20.38,7415163.4399999995,False
INTF,32,43.38,7411057.635,False
WF,32,70.97,7406865.395,False
IBCP,32,36.71,7398659.355,False
TRLV,32,11.32,7398567.285,False
BKKT,32,8.63,7389419.62,False
ALX,32,270.69,7384856.229999999,False
PFLT,32,7.42,7382540.178,False
RWT,32,4.72,7376426.95,False
HAFC,32,30.96,7353570.48,False
ACDC,32,4.67,7350392.2299999995,False
MTUS,32,19.29,7345881.529999999,False
EZA,32,72.51,7329446.66,False
ICF,32,69.14,7315879.96,False
MNSO,32,11.26,7311133.715,False
MEAR,32,50.25,7303560.645,False
STDN,29,13.94,7278387.16,False
IXG,32,134.9337,7274256.359999999,False
FREL,32,30.13,7267514.03,False
ADX,32,25.9,7267113.209999999,False
DRTS,32,14.7,7241841.9350000005,False
FLIN,32,36.16,7237336.105,False
KMTS,32,26.92,7234972.824999999,False
JBGS,32,12.65,7229517.725,False
AMAL,32,48.42,7221281.375,False
TCMD,32,23.58,7219044.359999999,False
FDMT,32,15.72,7218626.050000001,False
ECAT,32,15.5,7213651.045,False
FXL,32,212.53,7212143.3149999995,False
QLTA,32,46.73,7209771.67,False
CARS,32,12.34,7204550.1,False
CBRZ,32,11.25,7203575.720000001,False
GSBD,32,10.1,7202801.96,False
SLDP,32,2.34,7179323.03,False
BHYP,32,46.02,7178862.275,False
WQTM,32,32.91,7175634.335,False
SCL,32,62.04,7174449.734999999,False
GSEW,32,98.15,7160943.035,False
AMDG,32,85.6692,7157613.77695,False
TBPH,32,17.03,7153551.255,False
TRTX,32,7.8,7151766.4,False
NEXA,32,15.82,7146418.78,False
ARLP,32,26.47,7141975.93,False
GSBC,32,78.67,7135132.42,False
QGRO,32,118.22,7123290.255000001,False
LLYX,32,28.31,7121348.91,False
IIIN,32,30.43,7114179.99,False
AMDW,32,80.63,7111743.715,False
AVIV,32,83.89,7097426.0649999995,False
XXI,32,6.51,7092071.460000001,False
ERII,32,7.85,7089646.095,False
CBOX,32,101.41,7081955.605,False
NMR,32,9.91,7074723.470000001,False
CTO,32,21.95,7074068.73,False
AVR,32,8.89,7067963.05,False
TSSI,32,8.52,7051377.28,False
FPX,32,181.52,7043458.915999999,False
IGOV,32,41.72,7041973.775,False
OOMA,32,20.59,7041251.775,False
ABAT,32,2.59,7030046.31,False
ADBT,1,6.26,7023939.1,False
TRST,32,56.91,7000122.109999999,False
CERS,32,2.72,6992341.199999999,False
CFFN,32,8.54,6990002.574,False
FDMO,32,94.52,6983011.09,False
DSGR,32,34.81,6973808.860000001,False
XRP,32,16.47,6973358.085000001,False
FEPI,32,41.62,6972793.045,False
EVSD,32,50.945,6971303.58,False
LSPD,32,10.64,6968742.44,False
BOW,32,33.6,6968291.0,False
SOLZ,32,9.78,6964915.001999999,False
THFF,32,79.24,6959746.5600000005,False
SFST,32,62.12,6956896.625,False
EGBN,32,27.68,6952934.83,False
BAR,32,45.96,6946311.225,False
IDU,32,110.05,6942260.699999999,False
CSR,32,53.9,6937509.6,False
CNNE,32,15.6,6933638.74,False
LQDT,32,43.12,6933634.42,False
STRT,32,79.07,6921444.91,False
STXL,32,30.11,6919572.18,False
IYG,32,98.07,6917891.745,False
CLB,32,12.06,6912682.800000001,False
BUR,32,4.47,6910194.109999999,False
INMD,32,15.03,6908451.9350000005,False
VTEI,32,99.29,6900370.654999999,False
CIFU,32,10.36,6898297.04,False
RRBI,32,100.75,6897526.765000001,False
JMEE,32,77.29,6883716.885,False
PWRD,32,107.334,6882269.097200001,False
XPH,32,73.57,6880970.074999999,False
ITRG,32,2.95,6873533.17,False
FSBC,32,44.905,6863213.49,False
FMB,32,50.25,6858003.720000001,False
SHNY,32,11.78,6854642.01,False
OMAB,32,104.22,6851784.205,False
REX,32,41.51,6851007.92,False
PUBM,32,16.55,6846570.005000001,False
MSBT,32,22.63,6831922.605,False
JCAP,32,21.86,6812756.68,False
HTB,32,46.61,6803237.925,False
SMIG,32,32.545,6787435.225,False
JBI,32,5.05,6777702.4399999995,False
ACIO,32,46.86,6770455.074999999,False
GABC,32,49.63,6762529.8100000005,False
ACYS,32,20.54,6761152.32,False
SSTK,32,5.54,6737765.38,False
BFST,32,31.16,6734114.8100000005,False
BLCO,32,17.25,6729213.87,False
JPC,32,7.54,6716299.759,False
DUOT,32,10.22,6700372.83,False
SMJF,32,11.15,6696133.09,False
AVES,32,66.13,6690269.574999999,False
VTHR,32,338.88,6688149.966,False
APOG,32,41.26,6676651.975,False
KREF,32,7.6,6672165.28,False
CBLL,32,23.95,6658195.5,False
HBCP,32,68.99,6654494.04,False
FMBH,32,50.14,6652330.975,False
MFSI,32,33.82,6650199.305,False
RQI,32,12.41,6646172.945,False
GROY,32,3.52,6618652.79,False
NAD,32,11.69,6618259.215,False
MBWM,32,60.32,6608344.98,False
JPRF,32,49.865,6604087.6225000005,False
SILC,32,43.29,6599890.9975,False
CRCD,32,2.435,6598897.495000001,False
COMT,32,34.0,6595959.750050001,False
VOGX,10,31.53,6595453.75,False
HYT,32,8.3,6588651.126,False
XCEM,32,50.99,6578969.84,False
GOOS,32,8.22,6575818.28,False
SMBC,32,74.01,6557424.48,False
HYS,32,93.15,6550135.525,False
AMCX,32,12.85,6544336.032500001,False
NVRI,32,21.62,6539403.04,False
OFRM,32,16.84,6526905.845000001,False
SFLR,32,38.89,6524779.5525,False
KODK,32,9.44,6522274.615,False
FVRR,32,9.58,6521367.68,False
IMOS,32,55.56,6513187.609999999,False
FYC,32,121.96,6510105.6850000005,False
BWX,32,22.04,6508199.430000001,False
RDWR,32,27.85,6505849.505,False
RVI,32,27.12,6500345.34,False
VTS,32,16.99,6499466.795,False
OMFL,32,70.91,6493406.4350000005,False
IBTA,32,38.74,6476090.535,False
METD,32,16.79,6475012.02,False
ABUS,32,5.2,6474274.4399999995,False
STTK,32,8.06,6471038.129999999,False
FELV,32,42.87,6470073.505,False
GHRS,32,28.92,6452978.34,False
MH,32,13.04,6434544.0,False
FDIS,32,102.91,6422131.6,False
KYTX,32,8.84,6409303.535,False
CARY,32,20.76,6400401.125,False
CODI,32,11.52,6383720.68,False
ALMR,32,33.02,6374896.555,False
FMNB,32,15.62,6373740.45,False
BWLP,32,24.8,6365795.395,False
ANGO,32,15.95,6357074.045,False
MOV,32,34.97,6355167.42,False
GCO,32,33.63,6353223.274999999,False
ALRS,32,33.07,6343905.115,False
PESI,32,17.71,6342908.6899999995,False
DRD,32,31.23,6338930.095000001,False
HYDB,32,46.72,6333237.199999999,False
SABR,32,2.26,6331728.529999999,False
PRAA,32,19.68,6327685.625,False
ROM,32,138.32,6326760.975,False
YEAR,32,50.34,6322268.585000001,False
FNCL,32,82.92,6317084.3025,False
XTEN,32,44.76,6316947.135,False
PAYS,32,14.14,6310754.79,False
BSCV,32,16.26,6296111.279999999,False
FXE,32,107.8,6294257.015,False
CQP,32,67.95,6287577.300000001,False
NMZ,32,10.07,6270062.91,False
FOTO,32,18.06,6264655.195,False
PBUS,32,76.77,6255752.5200000005,False
LXRX,32,2.34,6250638.75,False
NVG,32,12.27,6250503.12,False
BSJQ,32,22.895,6249419.504999999,False
QDVO,32,29.67,6248074.03,False
JPEF,32,81.14,6243232.21725,False
EGY,32,5.72,6242742.539,False
EUSA,32,118.14,6236614.835,False
UTF,32,27.33,6236001.460000001,False
QCML,32,14.23,6234666.515000001,False
NAK,32,1.79,6230842.775,False
FIDU,32,94.51,6215336.2775,False
EUAD,32,45.96,6209454.16,False
IPI,32,37.81,6205846.84,False
AKTS,32,26.69,6198215.03,False
RLMD,32,4.59,6193385.465,False
BMBL,32,2.84,6190000.755,False
CRNC,32,8.02,6173687.205,False
KMLM,32,28.82,6170619.775,False
ADUR,32,15.43,6168076.93,False
DDD,32,3.22,6167668.98,False
DSGN,32,15.68,6161036.605,False
CTGO,32,20.41,6153335.04,False
LAZR,32,43.44,6142319.0008000005,False
OILU,32,49.71,6136736.630000001,False
DCTH,32,16.92,6129327.03,False
WB,32,7.12,6128560.165,False
CPF,32,37.63,6128499.300000001,False
DC,32,6.39,6126606.5,False
SB,32,8.7,6119011.196,False
QQA,32,55.67,6115439.77,False
DAPP,32,20.27,6109532.58,False
NVTX,32,19.15,6108527.529999999,False
OPRA,32,19.41,6106357.865,False
NNBR,32,3.53,6097370.9399999995,False
FSTA,32,54.43,6096552.53,False
TMFC,32,78.68,6096166.550000001,False
PAHC,32,35.93,6091598.24,False
REPX,32,37.36,6085011.275,False
URNJ,32,27.96,6070015.32,False
MGTX,32,14.92,6069328.619999999,False
OCSL,32,13.15,6068030.44,False
CRTO,32,17.3,6063152.34,False
DON,32,58.04,6055886.125,False
SBGI,32,14.7,6049888.32,False
FPEI,32,19.1,6048807.140000001,False
TSL,32,13.1,6047927.7577,False
IPX,32,22.5,6042659.975,False
MSDL,32,15.38,6038893.475,False
CWBC,32,26.0,6037660.98,False
IREG,32,8.69,6037642.545,False
MDYV,32,94.93,6025903.609999999,False
SWBI,32,13.51,6020699.705,False
LYTS,32,20.65,6012987.470000001,False
EAGL,32,35.975,6012551.300000001,False
YSWY,32,24.91,6000247.415,False
GGLS,32,58.1124,5977110.6321,False
STRF,32,100.89,5972934.0,False
GREK,32,85.13,5966902.251499999,False
IIIV,32,17.0,5957439.720000001,False
RUSHB,32,77.89,5953838.119999999,False
NXG,32,55.1,5945407.0649999995,False
CORN,32,19.59,5934487.455,False
TK,32,13.36,5931002.174999999,False
SPGM,32,87.92,5929832.65,False
AGNT,32,4.56,5918190.449,False
TR,32,41.39,5912752.025,False
IGE,32,65.76,5894533.100000001,False
PEY,32,25.16,5889167.41,False
GILT,32,10.12,5887733.14,False
BTAL,32,12.0,5880805.225,False
INFL,32,56.01,5878151.609999999,False
OSPN,32,15.39,5876728.85,False
NXRT,32,24.44,5874350.15,False
SLVR,32,64.87,5870859.15,False
HEEM,32,42.3629,5870829.285500001,False
AVLN,32,38.2,5866638.625,False
CLFD,32,29.45,5852820.59,False
AMA,32,23.2127,5850420.6450000005,False
AVIG,32,40.955,5844962.385,False
BDN,32,3.28,5824268.805,False
SMWB,32,8.93,5823829.01,False
REF,19,13.32,5816790.0,False
CAL,32,13.05,5811453.0649999995,False
DFAW,32,85.37,5800725.035,False
SMDV,32,76.89,5799250.36,False
MSBI,32,32.71,5793625.625,False
IDR,32,32.95,5790604.29,False
NGNE,32,40.84,5789969.630000001,False
WULX,32,16.6,5785500.47,False
BRSP,32,4.87,5771673.540000001,False
IGLD,32,22.93,5770822.390000001,False
XBOX,32,100.82,5769454.94,False
INN,32,6.2,5756951.877,False
NRDS,32,10.12,5756117.33,False
AVLC,32,91.48,5753017.07,False
STRD,32,73.22,5746014.960000001,False
HYLS,32,40.65,5739028.49,False
IEP,32,6.64,5731916.625,False
EDC,32,80.1,5727222.171399999,False
GOGO,32,2.72,5723013.6899999995,False
FISI,32,40.62,5719091.925,False
UITB,32,46.3453,5708765.585200001,False
SMBK,32,50.85,5706364.86,False
LTBR,32,8.33,5701353.630000001,False
BNDW,32,67.8,5686117.605,False
STRO,32,21.44,5685781.3149999995,False
FNKO,32,6.73,5681915.6,False
XTERU,6,9.925,5676247.76,False
AGIX,32,44.69,5675904.125,False
IDHQ,32,46.3481,5662704.200000001,False
GDE,32,71.3,5662056.885,False
GAU,32,2.4,5652660.63,False
MMIT,32,24.01,5650043.775,False
IYJ,32,164.19,5649827.175000001,False
CONY,32,21.44,5647729.41,False
LKFT,32,29.7,5645511.46,False
CRWL,32,56.0493,5633851.426200001,False
POWR,32,25.68,5631291.0,False
NZF,32,12.3,5628547.23,False
BSCW,32,20.3,5627551.15,False
MUNY,32,101.805,5626695.74,False
CGSM,32,26.33,5621978.31,False
ARQQ,32,20.42,5621177.050000001,False
STCE,32,68.21,5620789.61,False
GCMG,32,13.52,5607965.17,False
EQBK,32,49.77,5596232.1,False
ABX,32,9.88,5590242.734999999,False
FLQL,32,78.6,5580250.3475,False
PTRB,32,41.17,5568806.74,False
HNST,32,5.505,5555343.1899999995,False
USAC,32,26.76,5550040.48,False
XT,32,82.55,5549342.115,False
BAB,32,26.51,5525862.49,False
FNDB,32,31.72,5522278.01,False
DNP,32,10.98,5510011.96,False
HIPO,32,33.6,5503949.27,False
ASYS,32,14.25,5503116.630000001,False
CONI,32,29.84,5501054.995,False
IEV,32,76.28,5498738.965,False
ICL,32,5.64,5498227.640000001,False
HTRB,32,33.44,5491230.7299999995,False
AOM,32,49.97,5486560.005000001,False
BTQ,32,3.41,5468082.324999999,False
SEIV,32,50.92,5457248.359999999,False
RIOX,32,28.35,5447669.0,False
PLTY,32,36.92,5428527.33,False
REGL,32,93.93,5424995.521400001,False
XES,32,116.97,5412904.585,False
TGS,32,28.41,5408157.550000001,False
CGBD,32,11.41,5405815.98,False
XRX,32,2.95,5405677.675000001,False
SCCR,32,25.27,5405095.84,False
ICOW,32,46.04,5392808.779999999,False
TATT,32,37.655,5386338.115,False
ILCG,32,114.33,5384993.16,False
JSMD,32,94.64,5371772.705,False
MANU,32,23.87,5368524.4399999995,False
CALI,32,50.4166,5358103.711650001,False
EVMN,32,13.79,5357912.205,False
QQQJ,32,45.8,5353500.76,False
AREC,32,2.72,5349352.4215,False
BBDC,32,9.45,5339030.1,False
PSTL,32,23.4,5338167.28,False
FDUS,32,19.75,5336704.175,False
DSL,32,10.66,5336265.71,False
CCNE,32,33.91,5335708.58,False
VTWV,32,198.32,5332762.402799999,False
IBDX,32,24.94,5326082.9,False
BUYW,32,14.65,5325411.975,False
OILK,32,52.12,5324959.859999999,False
GSM,32,4.01,5323145.885,False
LAND,32,8.78,5322045.0715,False
UTL,32,53.9,5321555.73,False
KRT,32,49.44,5315240.870000001,False
QQEW,32,164.0,5311950.24,False
PTLC,32,59.68,5299947.945,False
BTGO,32,7.1,5297312.289999999,False
BWMN,32,42.53,5294589.390000001,False
CMRE,32,15.77,5292591.045,False
GDXY,32,12.22,5291465.390000001,False
SHEN,32,12.28,5290625.9,False
ANGX,32,4.58,5285288.675000001,False
DKL,32,53.66,5278496.255000001,False
EXI,32,201.27,5269629.13125,False
MYGN,32,3.19,5269393.5,False
TYG,32,43.25,5265343.665,False
TAFM,32,25.15,5263183.54,False
BFLX,32,25.8299,5247976.145,False
SCHJ,32,24.56,5246493.79,False
LDUR,32,95.5718,5235727.1665,False
GMRS,32,12.7,5234011.93,False
CSV,32,34.8,5227233.845,False
GOOX,32,72.9,5226511.84,False
JSI,32,51.18,5219150.99,False
CRUX,32,29.635,5219020.345,False
PHO,32,71.77,5217597.36,False
NX,32,19.94,5217490.82,False
ARVN,32,9.6,5216867.2299999995,False
NBTX,32,41.51,5216583.15,False
DMLP,32,28.93,5213244.635,False
RDWU,32,7.35,5211824.025,False
GEMI,32,4.66,5211650.095000001,False
EWM,32,28.75,5209433.16,False
DIVI,32,44.73,5182265.859999999,False
KXI,32,69.46,5178270.359999999,False
WASH,32,39.56,5173485.05,False
OCGN,32,1.4,5171679.69,False
IBDY,32,25.455,5171379.4975000005,False
GEM,32,51.3,5170473.415,False
KBWD,32,12.52,5162382.255,False
COLO,32,50.13,5148298.47,False
NUKZ,32,66.45,5145784.01,False
SRTA,32,6.19,5143280.975000001,False
QDPL,32,46.38,5142522.845,False
JFLX,32,49.99,5132387.6,False
FXH,32,135.295,5128167.98,False
CAIQ,32,25.655,5121325.04555,False
TUSI,32,25.37,5111683.88,False
LUNL,32,4.94,5107693.725,False
INV,32,1.53,5106691.744999999,False
NMAX,32,10.91,5102597.52,False
CCSI,32,38.95,5099721.365,False
GEVO,32,1.69,5099370.93,False
IA,32,21.46,5095834.18,False
EOLS,32,8.975,5092253.445,False
CORP,32,95.5112,5091920.7,False
SFLO,32,39.5915,5089158.725,False
AD,32,35.86,5082077.790000001,False
CMPX,32,2.53,5076875.8549999995,False
MTBA,32,48.89,5075733.465,False
TECX,32,37.71,5073345.92,False
DGCB,32,53.5254,5068942.1641,False
MVST,32,0.7852,5067327.2626,False
POEL,32,9.89,5051570.515000001,False
KBDC,32,13.52,5045098.38,False
MNTS,32,4.23,5036178.46,False
IPAC,32,85.68,5036022.7299999995,False
LRMR,32,4.16,5031824.16,False
FTQI,32,21.95,5029907.15,False
PTLO,32,4.85,5028164.93,False
PXF,32,79.9,5027960.930000001,False
SFIX,32,3.17,5024689.465,False
IHDG,32,53.63,5021689.743,False
PSC,32,69.64,5005107.6884,False
GOOD,32,13.12,5001913.74,False
MAGN,32,12.74,4998175.155,False
XMAX,32,9.21,4997884.79,False
MDXG,32,4.34,4997612.7,False
EBS,32,5.64,4990108.38,False
VREX,32,18.5,4987290.67,False
CPS,32,26.65,4978659.59,False
KOID,32,36.53,4972988.76,False
STRZ,32,29.19,4969098.395,False
EWJV,32,47.36,4964925.215,False
EVGO,32,1.49,4960650.575,False
BLSM,13,18.42,4960104.100000001,False
SUSA,32,157.79,4953957.43,False
ENZL,32,49.0087,4949075.0926,False
FLHY,32,24.275,4934633.975,False
HSTM,32,28.87,4928149.6,False
MBUU,32,28.46,4927382.43,False
IBTJ,32,21.595,4925481.047499999,False
ORN,32,9.33,4913785.375,False
RZLT,32,5.01,4911515.2700000005,False
CAC,32,56.36,4910747.195,False
SCTX,23,31.205,4906772.64,False
NEXN,32,10.17,4900756.46,False
SPFI,32,43.71,4891637.555,False
KELYA,32,17.03,4889344.695,False
BLOX,32,14.06,4887431.995,False
FFAI,32,2.77,4882712.4,False
EVSM,32,50.23,4881099.5,False
USDU,32,26.25,4879869.025,False
MPB,32,36.99,4879281.46,False
SMMU,32,50.33,4876423.035,False
HQH,32,23.61,4874142.015000001,False
AIPI,32,36.39,4873225.1850000005,False
XDTE,32,38.89,4867336.49,False
ELVA,32,6.67,4866111.0,False
BSM,32,14.89,4858869.71,False
GTN,32,5.02,4847570.41,False
DVLT,32,0.3095,4847466.50545,False
HIBL,32,107.09,4844619.75,False
UTSL,32,38.78,4843681.949999999,False
PS,32,42.65,4842374.78,False
BUFQ,32,39.48,4833953.484999999,False
GSUS,32,105.885,4829605.47,False
BKAG,32,41.53,4824444.1525,False
KARD,32,20.92,4822645.76,False
KRNY,32,9.89,4816557.0795,False
FSMD,32,51.61,4808600.4399999995,False
VNDA,32,5.44,4801118.24,False
ELPC,32,11.42,4798128.0,False
CNEQ,32,39.58,4780323.27,False
FFLC,32,59.8875,4778393.35,False
NGS,32,34.37,4776079.15,False
SMP,32,37.53,4771991.875,False
IHS,32,8.34,4760967.765000001,False
ASPN,32,5.23,4755955.86,False
CHMG,32,82.6,4755223.3,False
PHYL,32,34.9,4754915.77,False
ESML,32,55.48,4752108.825,False
KE,32,23.51,4743234.8100000005,False
RLY,32,37.72,4738580.0430000005,False
CUE,32,26.76,4736803.335,False
RONB,32,23.9,4735759.390000001,False
AVGV,32,88.41,4735188.745,False
NVDS,32,20.1263,4727826.9,False
QTOP,32,36.69,4721630.51,False
EMBC,32,5.03,4714668.13,False
TAGG,32,42.15,4714195.46,False
EWD,32,54.35,4712536.59,False
MATV,32,12.35,4710957.075,False
ASIX,32,16.36,4703586.07,False
FULC,32,3.86,4699915.6,False
ORRF,32,41.815,4693944.425,False
HYGH,32,86.7713,4690350.99,False
PDYN,32,5.86,4686800.375,False
GDOT,32,13.41,4682760.515000001,False
TNXP,32,13.66,4677843.5649999995,False
NVOX,32,16.04,4677508.33,False
CTNM,32,17.05,4677466.26,False
IMXI,32,14.08,4667778.26,False
REI,32,1.44,4666970.025,False
USMC,32,76.1103,4663858.35935,False
SHBI,32,23.1,4660913.4,False
RCKT,32,3.78,4652351.58,False
CYD,32,39.37,4651676.89,False
NCI,32,13.55,4641310.1,False
HOOW,32,28.9,4639294.98,False
NXDR,32,2.39,4639178.245,False
ISTR,32,30.25,4637192.98,False
NAC,32,11.73,4636422.13,False
RWJ,32,61.21,4634234.74,False
AIOT,32,2.94,4621989.9350000005,False
HBT,32,35.68,4621698.395,False
OIS,32,8.38,4620673.23,False
ELE,32,22.79,4620474.05,False
GDRX,32,3.475,4620168.75,False
CNXT,32,48.81,4615060.32,False
PAUG,32,46.62,4602727.255000001,False
JEMA,32,62.39,4596295.7556,False
PLTK,32,2.45,4583104.51,False
BSTZ,32,30.24,4576389.28,False
CHA,32,10.81,4576040.7,False
MYCH,32,24.88,4561596.6,False
COHH,32,5.97,4556141.9799999995,False
FGD,32,35.8,4555164.67,False
PDEX,32,65.22,4553999.98,False
VIOV,32,118.3603,4547088.27,False
CHCT,32,15.02,4541212.005000001,False
LRCU,32,52.31,4539959.82,False
KYN,32,14.54,4537531.515000001,False
BDVL,32,26.75,4537418.6,False
FLGT,32,19.95,4530611.215,False
ARKO,32,4.67,4529830.903,False
OKLS,32,22.5,4521340.21,False
HSHP,32,16.7,4519908.615,False
UTHY,32,39.3547,4513887.791850001,False
INDY,32,44.09,4496264.25,False
MFIC,32,9.675,4484706.265000001,False
FMHI,32,47.42,4482278.4,False
CLSX,32,13.12,4479161.9399999995,False
SYSB,32,87.79,4466033.885,False
EDIT,32,3.28,4464477.49,False
UAN,32,126.13,4463617.145,False
CAAP,32,24.82,4457446.9,False
RXST,32,6.4,4452697.455,False
PALU,32,48.88,4447510.395,False
ARDT,32,11.3,4440319.75,False
JEDI,32,26.98,4435678.965,False
LMRI,32,12.07,4432808.965,False
SPXX,32,19.22,4427997.774999999,False
OPFI,32,7.3,4424305.0600000005,False
ZNTL,32,3.88,4417656.130000001,False
MRLN,32,3.35,4414953.865,False
LTGO,13,22.57,4411610.07,False
MINO,32,44.77,4410556.199999999,False
KIDS,32,24.5,4408055.375,False
GFLW,32,33.8613,4402524.0383,False
IBTK,32,19.45,4399342.005,False
NVDD,32,31.66,4392272.2,False
RPC,32,8.82,4388202.41,False
YEXT,32,6.58,4384973.28,False
STRK,32,73.38,4372908.285,False
NUV,32,8.99,4366568.155,False
MCHPP,32,64.155,4360557.525,False
NULG,32,114.3088,4353170.58,False
SPRX,32,44.9273,4336727.3224,False
TCBX,32,45.45,4334543.88,False
SUSC,32,22.805,4309457.78,False
EBND,32,21.32,4301569.16,False
CENT,32,44.24,4298183.985,False
TDTT,32,23.62,4294898.01,False
TIPX,32,18.69,4293984.27,False
FSIG,32,18.805,4292764.4425,False
SHYM,32,22.125,4288307.68,False
ICOP,32,60.89,4274421.4666,False
SD,32,13.9,4264544.48,False
CMCL,32,25.29,4257513.075,False
SAFE,32,15.49,4254875.32,False
SRZN,32,23.36,4250178.125,False
DRAL,32,10.47,4240856.575,False
PRTA,32,9.42,4239393.865,False
BDJ,32,9.8,4236583.093,False
FSCO,32,5.07,4219495.831,False
SLRC,32,12.6,4218909.33,False
SMIN,32,72.13,4216243.77,False
PXH,32,29.38,4216041.775,False
NVCT,32,25.89,4204274.234999999,False
VEON,32,62.34,4203357.76,False
AEBI,32,12.36,4201025.77,False
STXX,32,37.84,4199283.050000001,False
FATE,32,2.55,4194302.7249999996,False
AHRT,32,6.79,4193892.795,False
PCY,32,21.16,4191764.28,False
ARKF,32,46.63,4185747.32,False
FLRT,32,46.97,4184571.9050000003,False
CLDT,32,13.79,4177808.1850000005,False
LILA,32,8.65,4173151.05,False
SUPV,32,8.78,4172432.61,False
RMIX,32,17.29,4169465.225,False
PCN,32,11.76,4167583.9499999997,False
ZURA,32,6.32,4139218.2750000004,False
FIP,32,3.77,4135925.8225,False
KYIV,32,13.88,4135388.675,False
RVII,9,22.69,4129631.8,False
VRTL,32,27.02,4129403.744,False
BCSF,32,12.09,4128046.2399999998,False
TCAI,32,45.59,4126293.6000000006,False
AOK,32,41.49,4119596.3850000002,False
REZ,32,96.74,4117921.41,False
BWFG,32,65.75,4107458.96,False
SWIM,32,7.14,4104639.87,False
LNOK,32,35.8898,4095863.2199999997,False
USVM,32,109.8102,4094499.22595,False
JFR,32,7.59,4084792.499,False
BTX,32,8.86,4084023.751,False
GAB,32,5.71,4079887.0650000004,False
DBVT,32,14.97,4079390.6100000003,False
DFSU,32,48.29,4076589.27,False
GRNJ,32,29.485,4074329.2,False
UHT,32,42.14,4072956.4750000006,False
KOMP,32,68.37,4068475.075,False
TOUS,32,40.08,4066814.0599999996,False
IEZ,32,29.0,4055629.285,False
MSOX,32,2.95,4041289.0,False
BUXX,32,20.27,4041167.17,False
GIC,32,39.63,4039458.2649999997,False
FPI,32,10.27,4035317.67,False
DFIP,32,40.5,4034661.02,False
XONE,32,49.38,4033791.0199999996,False
ELMT,32,17.75,4032499.1800000006,False
ASGI,32,24.65,4028438.825,False
AEHG,32,9.05,4015963.665,False
FTXH,32,42.7605,4011949.5417,False
SHIP,32,17.98,4003849.3,False
IBHF,32,22.52,4003743.08,False
BMRC,32,26.84,4001815.425,False
CYH,32,2.97,3999809.95,False
UPB,32,7.18,3993677.64,False
RILY,32,7.22,3992403.1350000002,False
SMCY,32,5.43,3991131.0815,False
FV,32,73.82,3985401.3025,False
TSPY,32,25.605,3984697.995,False
AVNM,32,86.0226,3984078.845,False
SLGL,32,81.72,3983136.3200000003,False
KRNT,32,16.74,3982339.46,False
UNCY,32,5.47,3981181.8500000006,False
VTC,32,75.6088,3979603.3200000003,False
TASK,32,7.96,3979061.775,False
AOD,32,10.67,3977949.5300000003,False
MLR,32,57.2,3972333.0,False
RVT,32,18.71,3963845.5700000003,False
SBSI,32,31.91,3956978.05,False
UBND,32,21.485,3947493.2700000005,False
CBAN,32,21.18,3947351.52,False
VMD,32,9.1,3946578.96,False
DSTL,32,69.86,3946562.285,False
FCBC,32,49.34,3941364.4,False
SETM,32,35.8,3937493.2371000005,False
BUFF,32,53.64,3931546.45,False
MUC,32,10.63,3931107.7199999997,False
FOSL,32,5.46,3929016.91,False
SSYS,32,7.91,3927467.4349999996,False
SUJA,32,9.33,3924481.9299999997,False
DRSK,32,28.49,3922483.4450000003,False
TIPT,32,18.4,3919740.125,False
SAMT,32,43.18,3917449.7074999996,False
EVV,32,9.14,3910833.795,False
SARK,32,24.6766,3907629.4211,False
CASS,32,57.33,3906582.665,False
FBIZ,32,70.0,3893371.38,False
WOOF,32,2.76,3887188.3649999998,False
AVGG,32,23.1493,3883387.95,False
MQY,32,11.15,3881945.68,False
NCT,32,4.33,3873718.34,False
FYX,32,143.2218,3873619.3,False
CGNT,32,8.37,3865439.91,False
LENZ,32,4.67,3861085.81,False
NRIM,32,25.545,3858617.125,False
GCTS,32,1.84,3856396.605,False
RELL,32,16.87,3848905.3449999997,False
RGR,32,38.39,3846654.4050000003,False
XPOF,32,5.24,3846487.1799999997,False
MMI,32,32.4,3843763.5700000003,False
SLP,32,18.39,3840938.45,False
SLI,32,2.57,3837608.42,False
MTW,32,19.48,3836266.9400000004,False
NRP,32,108.75,3831674.755,False
PRFZ,32,55.6,3829588.755,False
FIW,32,110.51,3829556.9749999996,False
KDK,32,3.99,3828324.5524999998,False
VTWG,32,281.5446,3823791.81945,False
TTEQ,32,41.0867,3823115.3839000002,False
TWI,32,7.19,3814547.6399999997,False
ATS,32,19.65,3812808.585,False
CCBG,32,51.15,3811735.12,False
TSMU,32,66.51,3809684.1481,False
CHRN,32,21.44,3807339.5250000004,False
OAKM,32,31.6,3805945.785,False
BCAL,32,21.37,3803569.83,False
DES,32,40.57,3801019.795,False
INR,32,14.47,3796710.6050000004,False
FWDI,32,6.05,3795900.07,False
MNR,32,12.52,3792134.32,False
FLQM,32,61.76,3783960.65,False
SDCI,32,29.56,3779266.66,False
ACNB,32,64.7,3778812.58,False
VTEL,32,101.81,3772422.21,False
SVOL,32,16.48,3769850.12,False
LTRX,32,5.86,3767007.84,False
TMQ,32,3.84,3764540.2,False
YORW,32,34.29,3763617.675,False
LOMA,32,9.75,3763179.59,False
IYRI,32,49.7152,3760151.725,False
MCFT,32,24.73,3752306.67,False
CVEO,32,33.51,3750808.05,False
IBTL,32,20.06,3749632.2,False
EGGY,32,33.71,3749434.51,False
TOYO,32,4.67,3745051.4499999997,False
ASTL,32,3.99,3744426.42,False
TWFG,32,31.15,3741866.62,False
UGA,32,120.06,3738365.81105,False
KPTI,32,1.92,3732097.485,False
FTGS,32,39.56,3731885.6875,False
BMNP,32,94.77,3718678.27,False
CSQ,32,20.83,3709288.33,False
WEEK,32,100.03,3707609.56,False
APUE,32,47.3459,3698937.3112000003,False
GOOY,32,12.33,3698713.3899999997,False
XBIL,32,50.165,3692008.03,False
FNDC,32,51.5,3688748.05,False
HQ,32,19.38,3687871.3899999997,False
OGG,32,3.19,3687316.04,False
PREF,32,18.86,3678774.22,False
SPSK,32,18.0,3675422.6624999996,False
EEMA,32,116.1,3674223.66,False
MSLC,32,60.65,3672310.8499999996,False
DVYE,32,35.57,3665282.0549999997,False
FLXS,32,81.53,3663112.9749999996,False
OPK,32,1.49,3655923.0600000005,False
EFAA,32,57.17,3650513.67,False
VUSG,32,65.27,3642455.445,False
XSOE,32,47.73,3641665.3975,False
EIS,32,122.74,3640474.29,False
BST,32,49.55,3638534.3249999997,False
CBIO,32,17.0,3636670.86,False
AXTU,32,40.83,3631929.075,False
CLOX,32,25.53,3631404.5999999996,False
EZBC,32,45.62,3631310.82,False
NMFC,32,7.61,3629496.565,False
GOVI,32,26.61,3629432.985,False
XXRP,32,37.74,3627620.0599999996,False
AERO,32,15.1,3627617.7800000003,False
FDV,32,33.8,3624146.74,False
QQH,32,82.9913,3624112.0744000003,False
RBB,32,26.5,3622532.7199999997,False
TBN,32,37.72,3622123.635,False
RSKD,32,5.94,3620429.89,False
MSFX,32,24.43,3620208.165,False
PTL,32,282.52,3614409.9512,False
AKBA,32,0.9584,3613035.732,False
VCEB,32,61.79,3609529.2474999996,False
LXEO,32,5.13,3607869.09,False
ZUMZ,32,18.45,3605346.95,False
MRAL,32,43.181,3604826.8681499995,False
ARTV,32,11.77,3604613.5,False
AURA,32,7.82,3601371.195,False
PHK,32,4.56,3595819.87,False
BBAG,32,45.4,3593891.3922,False
MTA,32,11.35,3588137.91,False
APLZ,32,19.95,3585491.9,False
BWB,32,21.12,3584383.26,False
CIVB,32,27.38,3582346.07,False
USAU,32,16.24,3577673.91,False
BAK,32,1.63,3575654.88,False
RLX,32,1.79,3570727.0549999997,False
VLRS,32,7.13,3570387.99,False
CTKB,32,4.58,3565844.4450000003,False
IUS,32,69.9149,3558778.1050000004,False
ACB,32,4.01,3546553.1550000003,False
PKW,32,151.1656,3545749.3734,False
CBRX,32,9.15,3543806.5,False
GTE,32,9.62,3539735.48,False
BIT,32,12.02,3539594.135,False
EDIV,32,42.36,3537770.44,False
HLAL,32,72.04,3536830.4240500005,False
FIGG,32,27.53,3536509.4050000003,False
KORP,32,46.13,3528981.8,False
HIBS,32,18.75,3528106.62,False
KGLD,32,29.95,3521716.1,False
RERE,32,3.94,3519511.655,False
BGSI,32,85.51,3513183.3,False
BHB,32,39.39,3498391.37,False
DIV,32,19.91,3498255.2824999997,False
RETL,32,8.86,3490658.4899999998,False
XBCI,32,39.1855,3488935.955,False
ASMB,32,35.33,3487003.66,False
HCKT,32,11.19,3485486.475,False
BLND,32,1.48,3483124.2750000004,False
NGVC,32,28.23,3479411.265,False
BATRA,32,57.79,3473098.815,False
ANGI,32,4.93,3470647.465,False
LOCO,32,15.69,3469242.045,False
BUCK,32,23.465,3468380.385,False
RAVI,32,75.3655,3467173.8225,False
BBIN,32,81.69,3465672.0,False
BKIE,32,35.05,3464971.66,False
PALI,32,2.07,3456158.17,False
NULV,32,53.62,3455665.44,False
AVMV,32,82.25,3453476.865,False
VTEX,32,3.62,3444349.3499999996,False
SMHX,32,54.92,3443438.894,False
TRUT,32,31.194,3441228.5418,False
VTP,32,75.67,3440332.4799999995,False
CLMB,32,27.25,3437692.825,False
IBEX,32,37.19,3435614.34,False
PDP,32,135.22,3433287.38,False
ADV,32,33.69,3432751.1100000003,False
MGNR,32,55.8008,3432206.26,False
EROK,32,25.45,3431516.565,False
GRNT,32,5.05,3430274.115,False
AMZZ,32,35.4557,3430027.3052000003,False
HMH,32,19.08,3426379.42,False
BRIE,32,31.3562,3422192.09,False
FIVA,32,40.38,3422133.55,False
SDOT,32,16.35,3410698.12,False
NRGU,32,51.21,3404317.6733,False
BUFZ,32,28.42,3403571.13,False
AUTL,32,2.44,3400238.24,False
SECU,32,49.74,3398441.7424999997,False
ARMW,32,39.07,3393716.8449999997,False
PJUL,32,49.6082,3391512.1050000004,False
FBDT,4,1.43,3389292.7699999996,False
EXG,32,9.95,3387650.654,False
ISPY,32,48.38,3385430.4000000004,False
QUAD,32,10.2,3383767.9965,False
VTG,32,74.597,3381180.685,False
PFIS,32,69.87,3379756.925,False
GPRO,32,0.6084,3375891.9915,False
GORO,27,3.87,3372904.92,False
ETY,32,14.39,3371842.965,False
MISL,32,44.41,3371377.165,False
CLW,32,21.77,3369533.785,False
WEBL,32,28.56,3368636.7300000004,False
HDEF,32,34.53,3364851.765,False
VIOG,32,148.965,3363892.9096,False
PICS,32,10.85,3358972.8600000003,False
TTAM,32,15.37,3356220.165,False
EH,32,4.83,3355953.9699999997,False
TDVI,32,31.07,3352728.045,False
DBB,32,25.72,3352303.6950000003,False
OVID,32,2.91,3352285.82,False
TGRT,32,46.1599,3350867.48975,False
SCZM,32,9.77,3347120.3299999996,False
LODE,32,3.57,3346483.27,False
ESEA,32,77.0,3344106.125,False
TFLR,32,50.785,3332035.1725,False
UNTY,32,58.62,3327271.6849999996,False
COOK,32,57.26,3324889.125,False
ACEL,32,11.9,3322862.2,False
EVTL,32,0.7732,3322282.2079499997,False
PMBS,32,48.935,3318620.8275,False
OCS,32,12.96,3315083.6799999997,False
CSAN,32,2.83,3311933.6,False
LGLV,32,189.01,3309556.04,False
DBND,32,45.16,3308197.2,False
MQQQ,32,224.4818,3303208.0817,False
IMMR,32,7.66,3303052.825,False
TJGC,32,6.56,3301697.075,False
EDRY,32,53.69,3296948.67,False
VSDB,32,76.075,3293806.05,False
SEIM,32,54.14,3292153.59,False
ELDN,32,3.47,3282771.22,False
GPRK,32,9.74,3274723.16,False
SUSB,32,24.895,3270899.75,False
SDVD,32,23.21,3269774.24,False
EVLN,32,48.92,3265904.9000000004,False
GSWO,32,65.587,3263321.2206,False
PJP,32,130.9827,3254262.27255,False
IMTX,32,9.24,3250789.11,False
ARCT,32,15.44,3249264.2600000002,False
DHS,32,119.58,3248224.13,False
OSCV,32,42.08,3247322.94,False
BSVO,32,29.4431,3245636.32235,False
PLBC,32,61.54,3242449.455,False
SCJ,32,109.1081,3239637.4245499996,False
OFIX,32,9.64,3233179.62,False
BGIG,32,36.84,3231697.64,False
QUIK,32,11.37,3227571.75,False
EU,32,1.375,3221519.6550000003,False
RM,32,33.34,3219400.7,False
CRON,32,3.51,3214188.37,False
NEWP,32,7.07,3209402.065,False
TEMT,32,29.68,3207439.505,False
CRCT,32,5.87,3204338.2750000004,False
HY,32,34.82,3204199.3649999998,False
SGDJ,32,103.9,3202051.041,False
NRXP,32,3.67,3200250.4,False
DOMO,32,3.72,3192565.5,False
XTN,32,107.7866,3191095.9,False
ZENA,32,1.83,3172426.215,False
AROW,32,38.18,3170651.215,False
TWN,32,98.85,3163051.225,False
WNTR,32,20.01,3161940.09,False
GSIT,32,5.96,3156208.86,False
UTWO,32,48.055,3155080.16,False
FOR,32,28.95,3154783.495,False
MHD,32,11.47,3153953.875,False
HUMN,32,30.63,3149315.915,False
CERY,32,37.85,3148268.58,False
SNOU,32,61.34,3147973.92,False
TBCH,32,12.85,3146793.7199999997,False
BFS,32,34.13,3146766.59,False
VIXM,32,13.9,3134754.4400000004,False
CHPX,32,91.77,3134517.74755,False
CLNE,32,1.57,3128961.655,False
ROUS,32,68.2,3127540.625,False
EPU,32,94.97,3120121.5949999997,False
MSIF,32,12.71,3109978.95,False
FXF,32,109.9526,3107706.7800000003,False
IVA,32,4.69,3104812.05,False
GRFS,32,8.09,3103671.4749999996,False
PIZ,32,53.895,3102424.0823999997,False
EIKN,32,12.55,3097780.2250000006,False
LXFR,32,17.15,3094908.44,False
PINK,32,40.2,3093392.0051,False
AGGY,32,43.0,3090598.67415,False
SYFI,32,35.72,3088559.5100000002,False
COPJ,32,48.81,3088462.455,False
GPZ,32,25.14,3087978.115,False
CTEV,32,37.64,3087522.56,False
ITG,32,12.09,3086881.25,False
NFLU,32,21.0,3086379.7650000006,False
HYGV,32,40.3,3084559.61,False
SPUU,32,223.98,3084540.9749999996,False
WBTN,32,9.45,3082675.63,False
ARKY,5,20.25,3079540.2600000002,False
FLBL,32,23.145,3079043.3375,False
ZIP,32,4.35,3079011.02,False
INMU,32,23.77,3076479.735,False
ASMU,32,31.14,3073263.84,False
NVDG,32,18.618,3073111.45135,False
SPH,32,17.63,3072140.165,False
COPP,32,46.92,3070425.28,False
CATX,32,3.29,3069524.765,False
TUA,32,20.5,3068871.175,False
GLAD,32,19.84,3064632.785,False
MUA,32,9.99,3064204.375,False
EGHT,32,1.95,3061433.76,False
CRBP,32,11.31,3055604.4000000004,False
BSJR,32,22.365,3053853.33,False
AGOX,32,33.8051,3049817.74,False
HPK,32,7.87,3049673.02,False
QPUX,32,17.17,3048137.64,False
IRD,32,4.11,3045173.795,False
WEST,32,8.13,3044891.4299999997,False
TITN,32,19.13,3037699.64,False
FTXO,32,41.8958,3037694.6566000003,False
BSCX,32,20.81,3035274.7199999997,False
THQ,32,19.88,3034089.92,False
JHCP,32,24.95,3026686.62325,False
BRTR,32,49.7494,3023874.0188499996,False
ODTX,32,26.23,3023229.755,False
MESO,32,17.19,3014668.375,False
RSST,32,33.262,3014569.77,False
PKOH,32,45.08,3013397.4799999995,False
EDZ,32,14.49,3012669.4608,False
FRD,32,43.95,3011893.91,False
YYY,32,11.44,3010534.9699999997,False
LOVE,32,15.92,3010297.83,False
VERI,32,0.87,3004592.955,False
PBT,32,34.61,3003800.58,False
AMAU,32,14.06,3002126.26,False
KMEM,32,18.5316,3002099.735,False
NPB,32,16.95,3001765.46,False
NGL,32,17.51,3000255.5599999996,False
GQGU,32,26.04,2999384.7750000004,False
GLAS,32,10.13,2998279.755,False
GLP,32,49.74,2997874.825,False
EPHE,32,25.0,2991131.0949999997,False
STK,32,52.0,2989670.175,False
ENFR,32,39.26,2986613.8049999997,False
NBXG,32,15.13,2985874.82,False
TVAL,32,43.23,2979300.965,False
OEC,32,5.97,2978975.86,False
SCUS,32,25.19,2978304.6799999997,False
BSJS,32,21.7446,2976865.16,False
BKCH,32,72.73,2970944.0250000004,False
PXED,32,28.74,2957160.045,False
CION,32,7.51,2956496.0779999997,False
ISHG,32,76.36,2954871.3837,False
RFIL,32,10.73,2952465.95,False
RMR,32,19.67,2950345.71,False
XRN,32,37.67,2949419.2800000003,False
RWAY,32,6.56,2947175.1155000003,False
CAOS,32,90.44,2945854.2234500004,False
USXF,32,67.9319,2944413.4384000003,False
PSK,32,29.88,2940825.92,False
VIVK,32,0.8648,2938808.215,False
GVAL,32,38.85,2934424.325,False
TSMG,32,37.0331,2932815.97805,False
IYY,32,186.686,2925111.16195,False
AVBH,32,31.8,2914150.085,False
FDHY,32,49.3,2911969.324,False
GAIN,32,16.49,2908573.8,False
STIM,32,2.98,2908515.835,False
BZAI,32,0.4723,2907422.3515,False
LWAY,32,26.16,2892882.2800000003,False
GSSC,32,90.95,2892751.94,False
TDTF,32,23.435,2891603.41,False
PATN,32,35.8147,2890910.015,False
KBWY,32,18.399,2890773.0599999996,False
AIBZ,32,6.19,2890627.0,False
SENS,32,9.52,2890251.14,False
AMZY,32,10.85,2884340.76,False
VFVA,32,162.02,2881181.1096,False
CSRE,32,29.3,2879137.44,False
HRZN,32,4.77,2870266.5870000003,False
ATOM,32,4.57,2865443.9450000003,False
AWF,32,10.18,2865204.175,False
IPAY,32,52.77,2861906.15,False
FDLO,32,73.0005,2861046.96,False
PLTW,32,23.84,2858349.23,False
IMRX,32,5.23,2852625.285,False
SVCO,32,6.81,2851977.44,False
MYI,32,10.78,2849825.91,False
OCC,32,13.36,2849552.925,False
RNGR,32,16.01,2846111.415,False
MX,32,3.27,2840216.4699999997,False
TBCVU,9,9.92,2839046.5300000003,False
ILPT,32,8.39,2838558.83,False
TTDU,32,12.3817,2827992.3,False
ELIL,32,31.92,2827430.3049,False
DPRO,32,4.33,2827237.385,False
WINN,32,33.43,2827205.2800000003,False
FVR,32,19.95,2824798.88,False
SAR,32,18.42,2822290.235,False
ECC,32,3.83,2821475.0250000004,False
RDIV,32,63.77,2818178.3,False
RSPH,32,38.02,2814740.535,False
NEWT,32,12.45,2812810.675,False
CEPL,32,6.36,2809163.0700000003,False
SEIE,32,37.37,2808205.8756,False
HDSN,32,5.47,2807116.055,False
GEL,32,16.1,2804905.04,False
SRV,32,45.13,2794810.5,False
ELVR,32,65.39,2792643.675,False
CMDY,32,61.96,2792558.1,False
AVXC,32,82.245,2782832.2925000004,False
HOOY,32,28.62,2782620.8499999996,False
EPS,32,80.67,2781873.7350000003,False
XPER,32,6.3,2781817.4250000003,False
LILAP,32,20.7,2778548.8049999997,False
CDZI,32,4.14,2778002.495,False
COFS,32,33.24,2768279.3,False
FVAL,32,82.46,2767169.1049999995,False
DDWM,32,47.715,2764196.8499999996,False
ACCO,32,4.21,2759862.1485,False
INTG,32,34.42,2759562.755,False
GEVX,32,16.85,2757802.745,False
UAE,32,19.4,2757134.44,False
BKTI,32,76.76,2756802.3200000003,False
LGOV,32,21.04,2755508.625,False
WTPI,32,33.4,2753880.23,False
CIFG,32,4.22,2751792.28245,False
AVBC,32,21.93,2747304.16,False
BTCO,32,78.52,2744388.6100000003,False
SBAR,32,25.86,2742441.15,False
HVT,32,27.24,2742149.8600000003,False
AVRE,32,48.565,2741389.1849999996,False
CATH,32,91.05,2740316.9188,False
MASS,32,11.0,2739946.7249999996,False
XCCC,32,35.775,2739737.3425000003,False
HQL,32,21.67,2739313.785,False
FJUL,32,61.13,2738913.4032,False
ELMD,32,39.34,2735843.98,False
EBF,32,21.45,2734902.375,False
FFLX,12,9.65,2732730.9965000004,False
HUMA,32,0.7012,2729695.0722000003,False
FSSL,32,11.61,2729444.86,False
FEM,32,32.9947,2725970.8704000004,False
AGGH,32,19.98,2724186.26,False
ZAP,32,31.845,2724032.2700000005,False
TRT,32,10.33,2723457.49,False
CAGE,32,28.76,2722142.3378999997,False
SCIO,32,20.56,2717871.305,False
MOMO,32,5.77,2716671.79,False
PANL,32,8.39,2713853.165,False
DSP,32,12.305,2713815.435,False
GPUS,32,0.4,2707325.1289999997,False
MLN,32,17.37,2704302.675,False
RODM,32,42.41,2702080.5625,False
LITU,32,18.79,2695471.1399999997,False
MG,32,18.99,2692077.1550000003,False
AIRO,32,8.14,2688107.91,False
SIF,32,21.49,2687945.365,False
BNED,32,12.61,2684260.9650000003,False
LEGH,32,28.93,2681280.71,False
NFJ,32,15.64,2681110.8,False
VGHY,32,74.82,2678927.1508,False
MVIS,32,1.81,2676368.6125,False
XLSR,32,66.0074,2675279.3841000004,False
NUS,32,4.85,2672614.7750000004,False
TEO,32,13.52,2669734.62,False
WDI,32,12.83,2664393.585,False
BTZ,32,10.1,2660516.44,False
CGIB,32,25.46,2657138.2199999997,False
RSPN,32,62.58,2652120.765,False
ALOT,32,28.99,2649870.345,False
DSU,32,9.42,2649021.583,False
KULR,32,2.72,2647528.0300000003,False
TBF,32,25.05,2647411.7249999996,False
PLTG,32,17.6276,2640792.165,False
PERI,32,9.8,2638917.74,False
HYBL,32,28.08,2630117.4800000004,False
MGPI,32,17.91,2622673.6799999997,False
JAKK,32,26.15,2622053.67,False
AFLG,32,44.81,2620401.315,False
LQDH,32,92.7299,2619674.895,False
FOXY,32,27.64,2607306.91,False
PBDC,32,28.32,2606765.6999999997,False
DMBS,32,48.535,2603787.1475,False
PYPG,32,10.08,2603026.9825,False
FSTR,32,38.11,2601946.7700000005,False
XRPZ,32,16.01,2601910.7775,False
GMUB,32,50.805,2601773.15,False
NEOV,32,3.39,2601434.79,False
FRST,32,16.06,2598838.46,False
JQC,32,4.77,2598330.1705,False
KRO,32,8.91,2598295.9299999997,False
IMCB,32,99.78,2595757.8,False
SYLD,32,86.295,2595100.2306,False
PRE,32,23.25,2593474.74,False
HMOP,32,38.7,2593231.205,False
GDMN,32,109.68,2590760.37,False
USPX,32,66.92,2590740.83,False
USNA,32,13.78,2583485.12,False
IGRO,32,93.33,2581215.645,False
DLY,32,13.93,2580637.07,False
NRK,32,10.2,2578387.51,False
ENGS,32,2.92,2572003.5324999997,False
BSRR,32,39.46,2571777.38,False
QQQX,32,30.48,2567956.615,False
DJD,32,66.68,2567096.7,False
BWEN,32,4.38,2563285.22,False
DRNZ,32,21.45,2561558.245,False
WHK,32,26.69,2560387.06,False
CEPU,32,13.51,2559778.8049999997,False
SID,32,1.02,2559581.17335,False
AMPY,32,4.67,2558170.525,False
HUTG,32,13.41,2553193.5163000003,False
GOSS,32,0.2045,2552002.937,False
NFRA,32,66.31,2546945.2575000003,False
BBRE,32,109.2566,2546385.6799999997,False
PAXS,32,14.11,2545727.58,False
FXZ,32,87.47,2545512.4113,False
AAPB,32,38.0511,2544565.5103,False
CGC,32,1.07,2544152.7918,False
XSPI,32,50.039,2540435.2199999997,False
QMLS,29,6.27,2540181.08,False
PDBA,32,37.735,2523083.2448,False
IMUX,32,16.42,2522242.15,False
LFMD,32,3.25,2521561.92,False
FIGB,32,42.525,2521361.795,False
PINE,32,19.71,2520216.455,False
OPRT,32,7.51,2519222.745,False
JHMD,32,46.635,2516778.815,False
AXTQ,6,45.625,2516414.6456,False
ACIC,32,9.4,2515252.1500000004,False
AGPU,32,10.35,2515042.035,False
EMHY,32,40.432,2511059.8200000003,False
OUSM,32,49.79,2509234.58,False
PML,32,7.33,2507761.181,False
RDTE,32,28.48,2506877.42,False
FJET,32,3.86,2506714.08,False
ASA,32,64.6,2503714.55,False
PFN,32,6.99,2498578.5865,False
GDV,32,30.59,2484262.175,False
CWCO,32,30.13,2479272.985,False
MCBS,32,35.13,2479172.99,False
DUSA,32,57.07,2476786.76,False
OPTX,32,7.84,2476748.53,False
GCOR,32,40.77,2473541.8271500003,False
IBHG,32,22.0,2472614.935,False
CXDO,32,6.31,2471865.665,False
MFSV,32,29.79,2470035.81,False
YLD,32,19.02,2465755.72,False
NNDM,32,1.54,2463588.7199999997,False
LE,32,11.97,2459631.765,False
ALVO,32,5.05,2458271.3125,False
GGN,32,5.7,2457583.234,False
MBI,32,4.9,2456176.46,False
PTNQ,32,85.7203,2452769.94605,False
EVT,32,29.05,2451402.87,False
PBYI,32,9.32,2451062.83,False
BSJT,32,21.145,2444873.54,False
IGIC,32,27.12,2444809.2249999996,False
AUSF,32,52.17,2441649.56,False
XEMD,32,44.6,2440544.67,False
RWK,32,148.11,2439551.9790000003,False
JVAL,32,59.48,2437324.676,False
SSMR,32,18.6,2434615.9699999997,False
INO,32,1.29,2431725.9638,False
ZALT,32,34.46,2431518.1866,False
ORR,32,39.11,2431432.875,False
NVII,32,23.55,2430762.12,False
ESP,32,62.09,2428492.6149999998,False
WRN,32,2.62,2428342.345,False
INNV,32,10.92,2428101.24,False
VGZ,32,2.37,2425168.7199999997,False
SPRB,32,63.4,2424761.045,False
DFCA,32,49.525,2422829.9699999997,False
MRNY,32,36.97,2422511.0,False
PRPO,32,30.85,2422194.5599999996,False
DRV,32,17.54,2421999.735,False
SOPH,32,8.65,2421884.885,False
IDGT,32,117.22,2416503.5451499997,False
ICLO,32,25.58,2415943.925,False
GEME,32,42.59,2411168.97,False
CHPS,32,82.13,2409907.1478,False
XHS,32,136.7,2409227.8875,False
QLC,32,92.73,2408331.13125,False
ONIT,32,35.16,2408156.0649999995,False
NPCE,32,14.16,2406300.3049999997,False
LX,32,1.3,2406226.0250000004,False
BRCB,32,9.15,2403387.525,False
SBIO,32,70.33,2395846.745,False
SBR,32,74.46,2388879.495,False
PYXS,32,3.06,2388506.755,False
DGS,32,64.17,2388183.74,False
ADAMK,7,25.1,2384721.81,False
LEMB,32,43.45,2382928.20335,False
OPTU,32,1.0,2377090.50955,False
FDD,32,20.59,2375461.675,False
HLLY,32,2.89,2371859.5949999997,False
ETW,32,9.85,2370438.84,False
ELA,32,14.07,2370193.23,False
FTA,32,103.8947,2369400.0512500005,False
IETC,32,107.39,2367195.5752,False
NATR,32,14.19,2359375.07,False
HOOZ,32,7.94,2355704.6125,False
RWO,32,50.8,2354876.175,False
MAGX,32,55.3,2352060.3600000003,False
URSP,32,52.7403,2350381.3918000003,False
APC,32,18.84,2343271.08,False
ASMG,32,47.3797,2342938.5464,False
SITC,32,2.98,2340993.76,False
VTVT,32,33.91,2338625.19,False
LRGC,32,86.4088,2338335.7746,False
WWJD,32,41.26,2337442.6835,False
HEDJ,32,57.57,2336655.7300000004,False
BHK,32,9.09,2336279.9850000003,False
TRDA,32,7.62,2333911.835,False
CRESY,32,11.3,2332850.125,False
WW,32,17.65,2328942.15,False
NSLR,32,10.29,2327032.005,False
GMOI,32,41.7,2325071.985,False
CCAP,32,10.695,2323310.375,False
BYRN,32,3.82,2323039.2750000004,False
DXUV,32,69.59,2319047.5,False
EOS,32,21.44,2318956.7750000004,False
DBI,32,5.52,2318178.155,False
YYAI,32,1.03,2316702.148,False
FTRB,32,24.9,2313719.13,False
FFLG,32,32.96,2312590.55,False
SEMY,32,13.244,2309686.3600000003,False
SGDM,32,88.25,2309209.88,False
IQMX,32,10.7,2307049.71,False
SPYX,32,62.82,2306107.705,False
VUZI,32,2.74,2304174.34,False
CAM,32,24.9,2300575.505,False
FUTG,32,5.34,2299879.7,False
XRPT,32,40.31,2297271.4699999997,False
USOY,32,6.82,2296374.554,False
EMOP,32,50.7661,2293030.99,False
QUS,32,195.35,2292781.2606,False
SXTC,32,3.58,2291816.3600000003,False
UFOX,32,81.7167,2291320.884,False
GMTL,32,13.04,2288093.82,False
AVNW,32,21.15,2285653.5999999996,False
IBDZ,32,25.685,2283493.5,False
FXO,32,66.22,2281463.16275,False
ASCE,32,34.99,2277893.055,False
PACK,32,5.06,2275318.07,False
ISBA,32,39.2,2275168.835,False
EVMO,32,49.93,2274103.9399999995,False
CHY,32,12.96,2272868.9450000003,False
AVGU,32,29.5723,2267503.5764499996,False
PHI,32,19.54,2266340.7199999997,False
WATT,32,11.27,2265050.08,False
AVXL,32,3.56,2263858.535,False
XFOR,32,4.16,2261333.9000000004,False
ACP,32,5.07,2261324.6119999997,False
TSME,32,48.27,2255689.21,False
KLC,32,2.54,2254923.015,False
CHPT,32,5.84,2251398.4699999997,False
JUSA,32,69.033,2249097.2700000005,False
SPTX,32,24.83,2248370.0650000004,False
BBOT,32,9.37,2248345.6,False
NATH,32,97.85,2242542.5300000003,False
KLAG,32,24.9243,2238550.4162500002,False
MGNX,32,4.17,2234943.67,False
XZO,32,17.13,2227631.04,False
PBPH,32,29.785,2226607.13,False
KZIA,32,13.79,2223759.365,False
IVOG,32,142.565,2222822.95,False
VGMS,32,51.115,2222608.1695,False
FMAO,32,33.68,2222025.085,False
FLBR,32,22.003,2221680.265,False
PSFE,32,6.82,2217297.98,False
EYLD,32,48.44,2216798.32,False
OXSQ,32,1.37,2214855.5595,False
NRC,32,22.02,2214413.0999999996,False
NFGC,32,2.04,2212796.895,False
MUST,32,20.27,2209482.2524,False
MFSB,32,24.78,2206663.59,False
GLNK,32,10.15,2205216.495,False
ENTA,32,14.08,2202356.66,False
GLRE,32,15.48,2199283.5,False
UBRL,32,17.92,2198819.748,False
FAD,32,187.6405,2197245.5419,False
THD,32,73.23,2195812.51,False
RCKY,32,45.05,2193355.9349999996,False
PRTH,32,5.62,2192830.5,False
UIS,32,2.69,2192002.375,False
CHAU,32,21.3,2183885.155,False
VIVO,32,4.17,2182833.2924999995,False
IBHH,32,23.4911,2180640.62,False
EVEX,32,2.46,2175873.465,False
XHLD,32,8.51,2170300.16,False
PTA,32,18.5,2169514.67,False
NUCL,32,7.2,2166023.875,False
VOXR,32,5.79,2163436.135,False
FMAT,32,61.55,2159357.07,False
GFUZ,32,7.14,2157640.16,False
FDTX,32,53.8,2154066.0698499996,False
IVOL,32,17.49,2152210.615,False
EFSI,32,42.15,2151363.9299999997,False
IMCV,32,98.15,2148749.0940500004,False
CORB,32,29.2307,2145959.313,False
SUSL,32,137.6678,2141555.1178,False
XPAY,32,52.9108,2139296.6950000003,False
GOU,32,25.9825,2133794.2369,False
TRC,32,16.18,2131203.0549999997,False
ETV,32,15.1,2124205.84,False
AIV,32,2.58,2119502.58,False
TDVG,32,50.23,2119361.91,False
CII,32,24.35,2114313.1,False
QSI,32,0.8473,2111913.06375,False
SLX,32,108.9144,2111120.17425,False
STAK,32,1.34,2109981.5,False
SNDC,32,6.79,2109553.71,False
QQQA,32,70.0116,2107809.3134000003,False
FQAL,32,84.64,2107612.4299999997,False
EDD,32,5.99,2105989.4,False
MMIN,32,23.625,2104595.02,False
ANL,32,13.74,2103561.925,False
FTMH,32,11.535,2103370.3899999997,False
RISR,32,36.72,2103127.2453,False
CANE,32,11.11,2101975.175,False
TV,32,2.76,2099672.735,False
TCPC,32,4.18,2097884.39,False
PTH,32,63.5546,2097458.1953999996,False
SNOY,32,11.11,2096711.321,False
KIO,32,11.1,2090342.335,False
RVNL,32,27.1741,2089717.355,False
FDEM,32,36.2699,2089689.6400000001,False
BBHY,32,45.94,2088793.4749999999,False
IBTM,32,22.53,2087577.095,False
CBK,32,34.24,2086737.08,False
QDF,32,92.4376,2083339.935,False
KINS,32,19.91,2078459.07,False
INTT,32,11.36,2073212.915,False
DGICA,32,19.13,2069487.9100000001,False
FINV,32,4.37,2069266.8399999999,False
BMOP,32,24.65,2068257.1124999998,False
GMEU,32,5.145,2065676.205,False
NAGE,32,3.27,2064925.01,False
FTSD,32,90.284,2062495.32,False
TWIN,32,23.49,2059909.6099999999,False
DTIL,32,8.55,2052011.9349999998,False
KSLV,32,28.36,2051506.8399999999,False
DFSI,32,47.7663,2047979.33,False
TAYD,32,59.66,2046997.2999999998,False
AVXX,32,4.77,2046133.2312,False
RSPU,32,76.92,2045817.5425,False
CDX,32,20.81,2045692.67,False
SRXH,32,1.8,2044276.875,False
ALAI,32,44.62,2042861.2129000002,False
NUSC,32,51.79,2034395.0043,False
NIHI,32,53.035,2033630.9449999998,False
LASE,32,1.395,2031406.1625,False
HSLV,32,5.56,2029920.7999999998,False
BEDY,32,30.2,2029295.4449999998,False
ENIC,32,4.57,2027752.805,False
SI,32,22.32,2027426.525,False
JIG,32,85.42,2027242.1999999997,False
AXTL,32,2.93,2022905.78,False
TLS,32,4.37,2022567.3425,False
PSCT,32,77.95,2022252.0,False
FRAF,32,62.1,2020354.01,False
KDEF,32,42.81,2020006.7349999999,False
AII,32,26.34,2019555.9,False
FRBT,32,18.51,2018232.39,False
COPY,32,15.98,2017355.245,False
SKOR,32,48.17,2015623.76,False
FLSP,32,28.46,2014842.275,False
UTMD,32,70.96,2014248.88,False
IHRT,32,2.68,2012326.77,False
LALT,32,24.365,2010522.855,False
GCLO,4,50.06,2010159.04,False
IVVD,32,0.9387,2009735.529,False
BRKU,32,22.9303,2006103.74505,False
BME,32,46.19,2005807.015,False
FNRN,32,17.44,2005115.48,False
OPPJ,32,57.7069,2003876.6376,False
PEPG,32,3.425,2003252.0550000002,False
OBT,32,37.82,2000074.3900000001,False
QQQU,32,55.66,2000021.5099999998,False
MTRX,32,10.77,1994074.58,False
FMUB,32,50.55,1987457.115,False
VMET,32,10.73,1985920.4649999999,False
IQQQ,32,47.9437,1984067.85,False
SHMD,32,3.42,1979757.2850000001,False
PGF,32,13.5,1978590.66,False
KROS,32,11.68,1977970.365,False
STOT,32,46.91,1977771.525,False
RNP,32,20.46,1976291.6,False
KCE,32,170.95,1975558.113,False
QCMU,32,17.6915,1974794.1949999998,False
GIGB,32,45.19,1973932.74,False
JHML,32,90.97,1973201.1303,False
FEX,32,139.475,1972693.5264499998,False
LYEL,32,15.49,1970541.9,False
FYEE,32,30.11,1970344.365,False
OLP,32,24.57,1969443.1400000001,False
FEMB,32,29.83,1969111.9249999998,False
PAPI,32,28.19,1968976.4900000002,False
PAL,32,5.41,1968940.965,False
BMEZ,32,17.01,1967737.4849999999,False
AIRS,32,2.67,1964280.73,False
TUR,32,40.31,1962937.915,False
FRPH,32,22.8,1961374.135,False
INSG,32,4.53,1961004.015,False
REXC,32,19.34,1960751.2479999997,False
STPZ,32,52.74,1958864.28465,False
FIIG,32,20.49,1958566.725,False
ACH,32,1.16,1958507.055,False
LONZ,32,49.313,1958417.2675,False
STXF,32,49.53,1952244.8250000002,False
ROKT,32,111.45,1947727.9838999999,False
ETG,32,24.25,1943116.56,False
PJAN,32,50.46,1943110.5899999999,False
DFSB,32,51.0514,1942583.71,False
BSIN,32,1.48,1941707.04,False
USLV,32,18.37,1939773.52,False
SFY,32,151.39,1939268.9500000002,False
TCAL,32,23.33,1938191.6,False
SNDL,32,1.37,1937029.75,False
CGUI,32,25.36,1936000.45,False
RSPD,32,57.74,1935781.56,False
EVIM,32,52.4702,1935534.415,False
BKMI,32,25.97,1935380.4249999998,False
ULST,32,40.39,1934862.805,False
IGR,32,4.7,1933955.2395000001,False
IBMP,32,25.395,1931191.83,False
GMMF,32,100.325,1928020.6,False
AGBK,32,6.23,1924364.36,False
TOPW,32,33.04,1924296.4700000002,False
TRX,32,1.23,1920815.70495,False
KBWP,32,135.2219,1917065.3439000002,False
BRZU,32,94.56,1916041.76,False
NXP,32,14.23,1908709.5150000001,False
ATNI,32,30.71,1904483.7850000001,False
CBNK,32,36.35,1904319.845,False
SCEC,32,24.69,1904273.6600000001,False
FAAA,32,50.4335,1903813.0950000002,False
CHI,32,12.9,1903043.0,False
LSGR,32,44.98,1901840.9060000002,False
PDX,32,21.67,1901226.13,False
ASLE,32,5.61,1899873.2,False
VLGEA,32,44.11,1899510.66,False
PEJ,32,68.78,1898313.625,False
WCBR,32,38.105,1894803.8647999996,False
FSMB,32,19.89,1892874.605,False
ANIK,32,21.4,1892166.28,False
SGP,32,26.6,1891727.73,False
WIW,32,8.36,1891705.153,False
NANR,32,90.59,1891300.595,False
PSNY,32,12.54,1885829.425,False
SPWO,32,33.77,1883910.665,False
THM,32,2.82,1883557.92,False
ILCV,32,108.5888,1882700.6198999998,False
FAX,32,14.6,1878422.39,False
DFDV,32,4.58,1873184.495,False
QINT,32,73.68,1870181.23,False
GLSI,32,18.59,1866629.22,False
GWX,32,46.91,1864146.9930000002,False
SDOG,32,73.88,1862992.2359999998,False
QUBX,32,7.34,1856125.2399999998,False
NCDL,32,12.36,1855135.13,False
RC,32,1.99,1852459.355,False
VEL,32,18.13,1852157.685,False
AIIO,32,2.67,1852064.6749999998,False
RA,32,12.6,1850818.45,False
BSVN,32,51.92,1845266.2,False
VBNK,32,19.61,1844912.95,False
WELD,32,55.09,1844359.03,False
COSO,32,27.54,1843695.67,False
TBI,32,10.74,1843216.2149999999,False
VCHY,32,75.265,1842017.4,False
ILTB,32,47.74,1839326.98,False
OILD,32,30.6764,1837604.07,False
NMCO,32,10.4,1836712.5550000002,False
EMO,32,54.04,1836366.79,False
APIE,32,39.8255,1834846.076,False
LBGJ,32,2.95,1833820.5,False
LDI,32,0.9238,1832619.735,False
HYEM,32,20.12,1827471.87,False
NXTC,32,5.91,1826995.3699999999,False
VTMX,32,35.16,1826169.8849999998,False
GXPC,32,29.88,1825760.75,False
EXFY,32,2.62,1825548.315,False
ROBT,32,59.0138,1823915.7911999999,False
FHEQ,32,33.93,1823762.02045,False
SEG,32,27.41,1823747.38,False
ACES,32,30.73,1823472.1,False
CEFS,32,25.315,1820512.88,False
NKX,32,12.15,1820409.535,False
XLEI,32,27.5,1817886.005,False
CRBU,32,1.76,1817825.2400000002,False
EAF,32,6.7,1817042.3199999998,False
MF,32,17.86,1813121.5750000002,False
IBCA,32,25.185,1809202.67,False
CZNC,32,25.78,1808560.9,False
PNNT,32,3.81,1807631.545,False
CVLC,32,96.02,1807584.6406,False
IXP,32,118.05,1806735.857,False
AMIX,32,7.19,1802938.76,False
CMRC,32,2.33,1802592.4899999998,False
MAAS,32,15.005,1802547.785,False
ESOA,32,11.52,1799129.47,False
FISR,32,25.37,1798783.4000000001,False
IBHI,32,23.3753,1793239.725,False
SIGA,32,3.04,1790755.8450000002,False
IBTO,32,23.9179,1790397.32,False
QQQY,32,22.3634,1788244.08,False
SPTE,32,46.58,1785871.23,False
TBB,32,19.7,1785067.085,False
TSMY,32,15.18,1784730.8499999999,False
KHPI,32,25.97,1784409.7650000001,False
SPOK,32,10.575,1784264.275,False
FTXN,32,39.2577,1783586.1239,False
GBFH,32,20.53,1782815.56,False
VFF,32,2.88,1780977.5150000001,False
THNQ,32,89.9028,1780132.01905,False
GRVY,32,73.07,1779070.135,False
USGG,32,8.09,1777191.1400000001,False
CPAI,32,52.0053,1775662.8654999998,False
HAUZ,32,23.045,1772572.8051,False
GPTY,32,41.85,1771914.815,False
THRY,32,1.93,1770783.07,False
HEWJ,32,64.6166,1770046.153,False
HYHG,32,64.84,1769463.6,False
OSG,32,4.51,1767926.98,False
CYCU,32,0.6503,1767456.6257,False
BNDS,32,50.445,1766919.435,False
CZFS,32,80.72,1764733.7000000002,False
TAXF,32,49.86,1760959.44,False
PICB,32,23.4219,1760563.19,False
FTXR,32,44.3466,1760005.8967499998,False
OVBC,32,45.21,1759769.955,False
XSVM,32,69.75,1758572.148,False
IBD,32,23.69,1753211.7000000002,False
FLTB,32,50.15,1752234.95,False
BCX,32,13.21,1751903.25,False
JOUT,32,45.69,1750973.775,False
AVK,32,12.54,1750315.275,False
BUZZ,32,36.85,1748762.645,False
VMO,32,9.77,1747405.1179999998,False
VEXC,32,96.4829,1746069.76,False
QTEX,32,0.8623,1745824.65,False
NTSX,32,60.0586,1745748.2179999999,False
FBIO,32,2.83,1743396.2850000001,False
QTRX,32,2.79,1739948.1,False
BIBL,32,55.76,1737636.2349999999,False
RXI,32,200.64,1736800.6134000001,False
FSOL,32,11.63,1735869.3900000001,False
RMNI,32,5.2,1735709.38,False
MDST,32,29.3,1735385.8175,False
FTC,32,179.7028,1735080.95645,False
THW,32,14.22,1734905.41,False
ACU,32,62.02,1734181.23,False
SSP,32,3.29,1728029.4300000002,False
XMVM,32,74.1991,1726536.7135,False
PPIH,32,26.63,1722288.885,False
TXO,32,13.99,1722208.9,False
SMRT,32,1.44,1719521.635,False
VVR,32,2.94,1718998.9594999999,False
BWAY,32,14.43,1718759.27,False
FRBA,32,17.97,1718147.3399999999,False
MYFW,32,31.06,1712024.925,False
FLIA,32,20.4,1710823.9425000001,False
UTEN,32,42.715,1710769.4508500001,False
CFBK,32,34.66,1708834.31,False
RCEL,32,10.5,1708778.25,False
XSVN,32,46.755,1708484.98,False
FENC,32,11.71,1705428.05,False
RGP,32,4.26,1703879.685,False
AMKL,32,6.11,1702264.6,False
BUI,32,26.88,1699564.455,False
POCT,32,47.32,1699253.46305,False
AVSF,32,46.415,1698835.4899999998,False
FPF,32,17.75,1698773.23,False
PLTM,32,17.85,1698769.4980000001,False
SRVR,32,32.04,1697543.69,False
BBCQ,32,10.25,1697494.18,False
AVMC,32,80.94,1692751.59,False
PCEF,32,20.29,1691463.5749999997,False
DFJ,32,113.6796,1688744.8050000002,False
HBB,32,32.61,1686940.7799999998,False
IPKW,32,61.0941,1684433.4378499999,False
EQL,32,52.36,1684256.9100000001,False
CEMB,32,45.4001,1682386.05,False
CARL,32,16.07,1681172.1600000001,False
DGRS,32,59.85,1680078.17,False
CSEX,32,11.68,1679361.345,False
IGBH,32,24.54,1678169.085,False
WYFL,32,5.54,1677110.4725000001,False
BTO,32,39.7,1676451.78,False
RRGB,32,9.67,1675709.015,False
SPYT,32,17.405,1673843.58,False
MYN,32,9.77,1672037.828,False
CHW,32,8.54,1671035.08,False
GOOW,32,61.8,1670441.2200000002,False
VOTE,32,90.3574,1669993.8249999997,False
CCD,32,25.04,1669394.5999999999,False
BDSX,32,28.075,1668904.52,False
BITQ,32,26.03,1668524.1800000002,False
VFMV,32,146.2307,1665634.6520000002,False
DTD,32,97.533,1663963.7950000002,False
FVCB,32,18.41,1662814.1099999999,False
INFH,32,9.55,1662151.165,False
QEFA,32,102.32,1656287.8900000001,False
VEEE,32,10.07,1655464.04,False
RMT,32,14.2,1649529.395,False
MRBK,32,19.55,1648540.2149999999,False
BBN,32,15.91,1647518.105,False
KF,32,64.41,1644894.104,False
REFI,32,10.8,1642001.67,False
LVHD,32,44.46,1641420.4437,False
ACRE,32,4.73,1636844.0899999999,False
AIO,32,25.89,1636040.15,False
NSCI,32,25.23,1633012.1149999998,False
MARO,32,4.45,1632231.5265000002,False
ALLT,32,7.615,1630636.77,False
CDXS,32,1.68,1626598.7200000002,False
ZSQR,32,4.1,1625598.73,False
AWP,32,11.76,1625308.26,False
VYGR,32,3.48,1623643.12,False
HEGD,32,27.08,1623122.06,False
TYGO,32,1.05,1620887.815,False
SFTY,32,31.6949,1620806.5625,False
WTBA,32,28.49,1620253.2349999999,False
EFIV,32,75.11,1617836.8900000001,False
ZAUG,32,27.89,1613261.16,False
OSUR,32,3.78,1612251.5899999999,False
EMD,32,10.57,1609868.13,False
WAGN,32,15.91,1609382.58,False
INYY,32,35.24,1608654.3649999998,False
TPYP,32,42.6064,1608388.21605,False
VWAV,32,1.09,1605267.0,False
DMXF,32,87.38,1605204.7132,False
FIDI,32,29.6325,1604281.0358,False
XRPC,32,15.63,1604108.295,False
BCML,32,29.97,1603565.115,False
ILOW,32,47.83,1603121.685,False
MAGY,32,41.41,1602452.65,False
GHY,32,11.64,1601164.08,False
DIG,32,65.98,1598464.74,False
KSCP,32,1.4,1596601.2999999998,False
CVRX,32,3.37,1595695.68,False
SPCL,32,24.1556,1592119.56,False
ILDR,32,38.705,1590527.7131999999,False
HOVR,32,1.88,1589692.835,False
RSSB,32,31.2947,1588866.995,False
SKYH,32,10.66,1587519.5,False
GII,32,74.94,1587114.0225,False
IBMQ,32,25.54,1584495.935,False
RJET,32,19.16,1581592.7400000002,False
FAC,32,5.21,1580195.87,False
JLHL,32,6.56,1579979.7999999998,False
FC,32,20.42,1579465.255,False
FISN,32,6.93,1578057.28,False
FAB,32,107.4723,1577843.11435,False
GLND,32,1.49,1575964.5,False
EVCM,32,8.96,1575935.98,False
PBAM,19,88.46,1573561.8,False
FIRY,32,9.38,1573369.54,False
PNQI,32,52.6203,1571380.2999999998,False
ORCS,32,29.8071,1571228.62675,False
JCPI,32,47.615,1570361.52,False
MODL,32,53.047,1569777.755,False
EQAL,32,61.64,1569546.3775,False
GVIP,32,172.91,1569413.2811500002,False
FLUD,32,25.01,1569073.79,False
ZECP,32,38.268,1569069.04,False
IGD,32,6.61,1568902.993,False
MIST,32,1.16,1565443.5,False
ADVB,32,9.18,1562082.1400000001,False
KKRT,32,23.38,1561120.78,False
JRI,32,12.48,1561009.2149999999,False
THYP,32,47.5,1559918.35,False
SMHC,32,45.7864,1558245.75,False
CET,32,55.29,1558107.325,False
CAN,32,0.417,1556300.38565,False
MEGI,32,15.13,1554856.63,False
TMCI,32,4.81,1553687.2,False
FCCO,32,34.02,1553388.45,False
MED,32,12.16,1552049.395,False
TDI,32,47.4645,1551778.9456,False
AFIF,32,9.435,1551461.9275,False
SOYB,32,26.28,1551296.2319,False
BERZ,32,21.66,1550979.3900000001,False
VKQ,32,9.7,1547607.9745,False
RDCM,32,10.2,1547568.0,False
QVCG,12,15.75,1547352.1,False
RMOP,32,25.04,1547287.1576,False
IBND,32,31.4402,1543127.6533000001,False
EPRX,32,7.42,1542957.2999999998,False
CPSL,32,28.26,1542317.21055,False
EDGF,32,24.71,1542263.4975,False
BNAI,32,13.42,1540627.615,False
FRA,32,10.94,1540052.32,False
XFIV,32,48.32,1539686.02,False
JAJL,32,30.2199,1538858.78,False
SCM,32,8.66,1538424.041,False
IFRX,32,2.46,1537437.2999999998,False
TTGT,32,3.89,1536405.9849999999,False
RPAY,32,3.84,1536365.02,False
ISD,32,12.39,1536128.0,False
FLGV,32,20.065,1533962.1975,False
GFR,32,6.22,1532758.3399999999,False
DCBO,32,24.69,1532548.54,False
CMDT,32,33.97,1532541.8625,False
BDL,32,50.57,1531753.9300000002,False
DDFG,17,19.4,1530136.96,False
FFOG,32,49.11,1528938.76,False
SRFM,32,0.6658,1528225.506,False
IRS,32,15.15,1527178.33,False
LGDS,32,49.0115,1526617.6,False
KTF,32,8.78,1526307.3265,False
FNGS,32,78.8522,1524383.415,False
CDLR,32,26.04,1520696.0,False
IQI,32,10.09,1517656.17,False
PIT,32,76.86,1516660.44,False
JELD,32,2.4,1516470.6949999998,False
EWZS,32,12.8,1516298.1500000001,False
QFLR,32,34.9618,1511491.6853999998,False
LCTU,32,82.6009,1511255.3199999998,False
IBMO,32,25.64,1507940.3,False
NJUL,32,76.62,1506010.8849999998,False
CSD,32,131.9673,1505978.2708,False
NYM,32,24.87,1505376.955,False
CNTN,32,2.31,1505291.205,False
EIPI,32,22.49,1504737.5,False
EARN,32,4.43,1503214.8900000001,False
NKSH,32,40.94,1499763.35,False
RBKB,32,12.78,1498546.27,False
RSPS,32,31.71,1497323.165,False
BLW,32,12.8,1496699.28,False
FNX,32,145.3389,1495850.5099499999,False
JHCR,32,25.07,1495618.8199999998,False
FCOR,32,46.51,1494853.7975,False
BSCY,32,20.38,1494685.705,False
ISMD,32,49.23,1494518.925,False
PKBK,32,34.0,1493636.92,False
ASIC,32,26.9,1491749.225,False
OSPR,3,9.87,1490577.2699999998,False
DBJP,32,115.5532,1490303.2551,False
ORGO,32,1.74,1490246.605,False
SHYD,32,22.71,1489976.29,False
HYDR,32,43.66,1489929.7674000002,False
XGN,32,7.6,1489602.75,False
DCRE,32,51.6551,1488863.995,False
KVHI,32,7.53,1487934.6600000001,False
AMZA,32,49.61,1486030.295,False
FEMS,32,46.6715,1484328.2962,False
OBIL,32,50.15,1483603.9175,False
KRRO,32,13.73,1483309.7650000001,False
QLDY,32,40.7286,1482797.355,False
RUNN,32,35.0446,1482526.9780499998,False
AVDS,32,81.06,1482341.6383,False
FEMR,32,41.17,1481864.54105,False
VLN,32,1.81,1480688.84,False
ALDX,32,1.55,1480547.52,False
BSJU,32,25.74,1477224.0299999998,False
AGZ,32,108.9409,1476488.67,False
AAPX,32,35.2,1474728.5699999998,False
EWX,32,72.84,1471486.4230499999,False
WHWK,32,5.08,1470965.415,False
NVDW,32,35.61,1470152.69,False
OTLY,32,15.44,1467758.655,False
OPRX,32,7.86,1467010.73,False
XMAG,32,26.2,1461833.5,False
LEO,32,6.2,1460679.02,False
FYLD,32,40.6019,1460058.48,False
MSTW,32,4.31,1458654.0150000001,False
MGRT,32,92.95,1457771.1,False
PKB,32,99.1746,1457456.09185,False
WETO,32,28.31,1456927.55,False
NKLR,32,5.87,1451263.9,False
EAD,32,6.39,1450025.385,False
SPXT,32,112.61,1449075.8175,False
TERG,32,38.6166,1448978.6876500002,False
EDN,32,23.79,1448919.89,False
GDXW,32,49.9292,1447562.6199999999,False
FXC,32,70.6332,1446338.6549999998,False
AMTX,32,1.91,1446236.415,False
HNDL,32,22.65,1440105.75,False
BTT,32,22.56,1439999.745,False
GUG,32,15.21,1437084.33,False
IFN,32,11.56,1437043.12,False
PIE,32,33.32,1435473.099,False
NKTX,32,2.71,1435421.1099999999,False
RAIL,32,7.25,1432923.16,False
BBCP,32,9.48,1431911.185,False
HYZD,32,22.68,1431761.2349999999,False
HCMT,32,40.7447,1431112.0950000002,False
EIM,32,9.67,1428488.9805,False
RNA,32,14.0,1427476.79,False
YALA,32,5.62,1427240.085,False
CVGI,32,3.09,1426685.26,False
NMAD,32,4.2,1426601.8,False
PRLD,32,6.59,1426158.53,False
CNXU,32,7.55,1423659.5,False
WIP,32,40.11,1423625.6869,False
UMMA,32,37.82,1422447.6075,False
INGN,32,5.54,1420995.515,False
VGM,32,10.27,1420892.25,False
WYY,32,9.46,1418856.5050000001,False
APCB,32,29.0916,1415253.69,False
GJUL,32,44.415,1414749.63335,False
SNTH,32,30.13,1413623.58,False
SFTX,32,31.7504,1412955.8896,False
DJP,32,49.81,1412879.585,False
TRFM,32,59.54,1410453.8564,False
SJB,32,15.11,1409788.9300000002,False
RBBN,32,2.06,1408573.015,False
KTUP,32,6.47,1407893.555,False
PEO,32,28.25,1407536.135,False
OSEA,32,30.91,1406390.68,False
TARA,32,3.97,1405448.85,False
FFC,32,16.06,1404161.2799999998,False
JDVL,32,32.6542,1403547.9749999999,False
FF,32,5.38,1401439.53,False
XHE,32,96.0291,1399789.7000000002,False
TSBK,32,46.04,1397492.7000000002,False
RTH,32,266.2357,1396269.0010499998,False
PDT,32,12.62,1395246.63,False
ATII,32,10.65,1395160.085,False
DFAL,32,51.6475,1393882.83105,False
FINX,32,27.8953,1391677.63865,False
DFMC,32,60.71,1389419.2039,False
TNYA,32,0.7014,1388238.4215,False
CCU,32,12.56,1386303.065,False
AFYA,32,14.35,1385249.625,False
SEEM,32,39.23,1383757.4582500001,False
OPHC,32,8.96,1381688.85,False
MAKO,32,11.07,1380456.71,False
PSFF,32,34.9344,1380141.1944499998,False
PROK,32,1.73,1380037.05,False
CRDL,32,2.0,1375381.46,False
ZTG,32,1.02,1375284.9,False
FPAG,32,42.97,1374915.7774999999,False
GETY,32,0.2662,1374884.6198999998,False
ESPO,32,98.4505,1373420.148,False
FXR,32,88.435,1372409.4100000001,False
BOC,32,14.06,1371955.075,False
FSCC,32,35.85,1364445.885,False
FHTX,32,6.85,1363665.925,False
PWRL,32,11.11,1361514.9849999999,False
BGR,32,17.0,1361221.77,False
NDMO,32,9.95,1360614.99,False
IBMS,32,25.78,1357387.7374999998,False
BRKRP,32,423.01,1356227.825,False
LEND,32,24.9349,1356127.02,False
SIND,32,17.92,1355092.48,False
FJUN,32,61.0396,1353649.155,False
LZM,32,4.61,1349870.5,False
ONFO,32,1.42,1348662.8399999999,False
SOJD,32,18.59,1348365.7799999998,False
CNDT,32,1.63,1347528.075,False
NBCM,32,30.18,1346778.684,False
FTCA,32,7.2591,1346319.5584999998,False
SOXY,32,88.7871,1344941.325,False
VLU,32,248.5824,1341123.30865,False
GGT,32,4.09,1337095.8195,False
FCVT,32,49.85,1335642.3792,False
FAI,32,53.4067,1335049.8025500001,False
LQDW,32,23.44,1332873.44,False
UYG,32,100.0,1331256.08,False
BGB,32,11.21,1330813.92,False
BGT,32,10.95,1330098.7650000001,False
DSX,32,2.75,1329746.6940000001,False
NML,32,10.39,1328195.6800000002,False
ENHA,32,1.63,1327683.16,False
IVVW,32,45.47,1327169.7200000002,False
LESL,32,0.6063,1326839.9700000002,False
LCUT,32,9.42,1325876.5835000002,False
REA,32,14.87,1324102.48,False
ANEL,32,24.8622,1323170.3484999998,False
SPEU,32,57.6108,1322142.03,False
EUSB,32,43.06,1320680.9100000001,False
QQQH,32,54.7682,1317276.3900000001,False
GBUG,32,54.92,1314219.22,False
CGVV,32,32.27,1313412.31,False
SEIQ,32,42.2875,1312442.325,False
EMBX,32,51.51,1311694.9,False
HTD,32,25.34,1311087.285,False
BAER,32,1.215,1310765.27,False
PLX,32,2.4,1310669.8900000001,False
MPAA,32,11.73,1310643.305,False
URAA,32,29.59,1310141.59,False
TDAX,32,23.64,1305954.07,False
SABS,32,3.81,1304227.38,False
NLOP,32,11.61,1304041.9,False
FLGB,32,38.005,1301567.69,False
PEBK,32,43.84,1301261.8800000001,False
RACK,32,47.8495,1300390.3900000001,False
LQTI,32,18.8394,1300245.8625,False
INFU,32,12.02,1299643.12,False
SND,32,4.69,1299060.628,False
STEW,32,18.53,1298443.935,False
SPWR,32,0.2942,1296041.2819,False
IBMR,32,25.31,1295433.0675,False
ELCV,32,31.634,1295282.8199999998,False
GXPT,32,32.84,1292995.8650000002,False
SLSR,32,8.95,1291736.6800000002,False
NCMI,32,2.72,1291414.9699999997,False
VSTL,32,20.7409,1290363.79895,False
ZCMD,32,0.7275,1290213.51375,False
HAP,32,77.3464,1288079.0487000002,False
PPLC,32,46.95,1287808.3800000001,False
PLG,32,1.59,1287453.49,False
JDVI,32,41.7752,1287053.0428,False
HGTY,32,13.43,1284207.12,False
MFM,32,5.37,1283561.126,False
DTH,32,59.1132,1283002.2755999998,False
NIE,32,25.9,1277318.1400000001,False
XFLT,32,19.46,1277237.315,False
MFSG,32,30.0546,1277078.725,False
GIAX,32,15.97,1277016.06,False
EOI,32,19.97,1276012.895,False
PTHS,32,27.2,1275213.025,False
PDLB,32,20.2,1273190.185,False
DAX,32,47.556,1272088.5333,False
KEN,32,66.66,1272072.18,False
GXC,32,90.69,1271516.56,False
BIYA,32,2.32,1268444.8,False
LDP,32,20.66,1268293.2999999998,False
FLYT,32,5.35,1268123.905,False
AIB,32,1.3,1267266.21,False
PSH,32,49.98,1266965.8599999999,False
HODU,32,13.98,1265874.0854000002,False
EOSU,32,6.73,1265186.605,False
NFLT,32,22.82,1264561.87,False
BRW,32,6.52,1263435.5125000002,False
SMC,32,33.54,1263377.365,False
ZJUL,32,30.2383,1263343.335,False
CMDB,32,20.6,1259010.2349999999,False
IQDF,32,36.1711,1258556.8199999998,False
LGH,32,65.9,1256516.6360999998,False
CSCL,32,53.62,1252830.92,False
SEIS,32,32.9774,1252708.5477,False
XV,32,24.95,1251884.93,False
FNY,32,104.5378,1251118.17215,False
IMPP,32,5.1,1250341.56,False
PHOS,12,17.85,1249771.8000000003,False
HCAT,32,1.58,1247719.56,False
APLY,32,11.5,1246944.52,False
PCMM,32,49.94,1246822.7625,False
NEHI,32,31.88,1245498.72,False
XTWY,32,35.937,1243877.3046,False
QAI,32,36.5625,1241501.7495999997,False
CGW,32,65.61,1241058.5050000001,False
MVBF,32,30.12,1240392.675,False
MXI,32,118.49,1239855.3599999999,False
BITW,32,51.6004,1237358.77,False
DGT,32,192.257,1236083.548,False
ONEY,32,135.8605,1235250.835,False
OBX,16,19.0,1235096.4,False
NFTY,32,54.7692,1234230.9224999999,False
HIX,32,3.92,1234117.0425,False
AZ,32,6.91,1229306.895,False
FLCG,32,34.69,1228260.885,False
SCD,32,15.52,1226779.2349999999,False
BWMX,32,16.28,1225211.76,False
COIW,32,9.62,1224408.9545,False
SPRE,32,21.4,1221827.54,False
GBAB,32,13.82,1221689.075,False
SGHT,32,8.32,1221056.025,False
ORBX,32,42.96,1221021.96,False
SEIX,32,23.22,1217580.885,False
HYPG,32,28.97,1216549.03,False
QJUN,32,33.245,1216339.73205,False
BCYC,32,4.39,1215806.185,False
FLCA,32,55.92,1215613.21,False
BCD,32,37.89,1215157.1,False
UUUG,32,5.72,1214744.03165,False
CIEG,32,5.26,1211566.97,False
MITT,32,6.72,1210930.92,False
ANTW,9,24.18,1209310.1439999999,False
SBND,32,18.71,1208706.9,False
HNVR,32,26.95,1208393.2149999999,False
BCBP,32,8.66,1206676.9700000002,False
AFK,32,29.85,1205514.4376,False
GUT,32,6.4,1203118.915,False
PFL,32,7.6,1202881.3360000001,False
TBG,32,39.35,1202583.43,False
WSBF,32,21.03,1201213.84,False
QNC,32,2.04,1200163.24,False
YBTC,32,18.269,1199445.705,False
NVA,32,5.56,1199271.7000000002,False
CEPI,32,31.85,1197283.5193,False
ZONE,32,0.1498,1194060.7289,False
DLS,32,89.64,1193915.4765,False
RBLU,32,3.76,1193911.1324999998,False
XBB,32,40.8115,1193032.23,False
HOOX,32,38.43,1192296.4688000001,False
PRQR,32,2.38,1191558.46,False
IMFL,32,35.37,1191336.3699999999,False
IKT,32,2.5,1191272.99,False
DERM,32,7.53,1191089.9300000002,False
VEGI,32,46.27,1190764.315,False
ISCG,32,64.6425,1190301.5182000003,False
CSMD,32,34.81,1189788.78095,False
SOMN,32,48.37,1188944.7799999998,False
DUG,32,15.515,1188570.565,False
PJFV,32,100.85,1188071.4819,False
BNDI,32,46.5479,1187924.7063,False
ALXO,32,2.0,1184902.2,False
CISS,32,2.67,1183683.7480000001,False
AVIR,32,5.43,1183428.56,False
MOBI,32,10.63,1181467.3199999998,False
ANTX,32,5.66,1181391.675,False
RICK,32,30.33,1181335.52,False
HIO,32,3.49,1181071.71,False
CMTV,32,40.76,1179822.8050000002,False
KUST,32,0.9055,1179636.9649999999,False
CRBN,32,259.77,1176369.3779000002,False
CVIE,32,86.2502,1175710.2338999999,False
BUUU,32,29.2,1173528.36,False
JAB,15,9.955,1172680.03,False
TSLW,32,17.66,1171984.75,False
PROP,32,0.54,1169506.5435,False
MMT,32,4.42,1169290.8705000002,False
OFLX,32,26.97,1169091.8325,False
EFR,32,10.62,1168929.7,False
ASG,32,5.23,1168928.75,False
YCS,32,54.82,1167278.625,False
CMBS,32,48.53,1166559.83,False
KQQQ,32,28.75,1165764.4971999999,False
MPG,32,6.1715,1165378.78795,False
QMOM,32,74.1763,1164870.3790499999,False
BLUX,32,32.64,1164758.8376500001,False
EUM,32,15.67,1164280.065,False
VATE,32,7.72,1164139.585,False
DBGI,32,7.87,1162887.955,False
FORR,32,12.03,1159308.57,False
PID,32,23.1191,1159174.9664,False
WRTH,32,25.815,1156171.3199999998,False
GALT,32,3.99,1155053.195,False
ASTY,32,6.14,1155023.1295,False
FMAY,32,57.3001,1151889.5950000002,False
ENGN,32,1.87,1151326.37,False
HYBI,32,49.075,1151324.0271,False
BDTX,32,2.24,1150510.98,False
DJIA,32,22.93,1148975.995,False
BINV,32,45.777,1146308.952,False
NUDM,32,41.51,1145775.6,False
CMTG,32,1.71,1144011.65,False
IQDG,32,44.9458,1143296.7055000002,False
ORCZ,30,17.23,1141595.7204999998,False
QYLG,32,29.3729,1140778.4,False
OUSA,32,62.69,1139798.5750000002,False
ITWO,32,46.32,1139238.06,False
GAM,32,67.95,1139186.2799999998,False
FTNY,32,7.76,1138213.4640000002,False
FTHY,32,13.42,1137860.5150000001,False
BUFP,32,32.7133,1137351.9806,False
SEPI,32,28.74,1136592.6099999999,False
PSEP,32,46.79,1135441.94065,False
SOJF,32,25.105,1132242.7650000001,False
HYTR,32,21.33,1131633.92,False
SGRT,32,31.47,1131169.7987499998,False
RFI,32,11.47,1130009.45,False
AMWL,32,11.66,1128804.0499999998,False
COM,32,34.62,1128175.4649999999,False
PBEU,32,35.8966,1128126.8619,False
AIAI,32,4.29,1128104.08,False
BABU,32,11.0322,1128068.835,False
JILL,32,19.76,1126700.115,False
XNET,32,5.06,1126508.535,False
CJMB,32,2.14,1126364.71,False
IPSC,32,2.17,1125075.1099999999,False
POWW,32,2.21,1124784.5699999998,False
GBND,32,49.99,1121460.457,False
CPSH,32,4.02,1121287.33,False
DBEU,32,55.2677,1120995.9576,False
NWFL,32,33.94,1120942.9,False
RCAX,32,3.654,1120868.92,False
HEQT,32,34.3082,1119959.92,False
CTGG,32,16.38,1119585.23,False
PFFV,32,22.09,1118381.67,False
EPM,32,3.48,1118057.0,False
NMAI,32,14.3,1117844.675,False
IGHG,32,77.86,1117213.32,False
SUPX,32,10.5,1116905.5499999998,False
ONEW,32,12.03,1115638.96,False
DEHP,32,41.35,1114876.4553999999,False
TG,32,7.93,1114737.6,False
OABI,32,4.66,1114628.98,False
PCB,32,27.57,1114208.12,False
IVOV,32,114.21,1113965.625,False
WRAP,32,1.53,1113419.325,False
GLXU,32,6.16,1113394.665,False
BGH,32,14.16,1112487.9849999999,False
RCON,32,2.04,1112404.59,False
TXUE,32,36.7081,1111487.88,False
SEVN,32,7.73,1110671.66,False
BOE,32,12.48,1106971.6,False
EWO,32,43.96,1106259.3,False
GOAU,32,51.2531,1105425.5799999998,False
BSMS,32,23.3948,1104968.5,False
FRWD,32,31.97,1103392.0993,False
RCMT,32,42.0,1101616.08,False
QVAL,32,62.3441,1101476.7423999999,False
SPRO,32,1.23,1101228.51,False
USDE,32,6.06,1101176.0,False
IMC,20,10.5,1100937.32,False
ARDC,32,12.31,1100900.5350000001,False
BNTC,32,13.02,1099766.95,False
BOAT,32,49.76,1099022.6338,False
FOIL,10,22.19,1097785.54,False
JXI,32,82.5619,1096926.90065,False
PSDM,32,51.0,1094944.2000000002,False
XTWO,32,48.925,1094331.6807499998,False
PCQ,32,8.7,1094001.2280000001,False
NETG,32,16.1585,1093492.8885499998,False
PIEQ,32,37.55,1091136.20195,False
EZM,32,76.5263,1090202.8735500001,False
FDRR,32,69.5001,1090181.5,False
VFQY,32,177.7234,1089431.85,False
BGRN,32,47.11,1089328.8599999999,False
ELPW,32,4.1,1088297.05,False
DHY,32,1.73,1088203.2145,False
EVI,32,14.43,1087689.75,False
DFSE,32,48.9639,1087483.88215,False
GLIBA,32,26.85,1083932.8599999999,False
DMAC,32,6.74,1083894.19,False
CIK,32,2.44,1083162.3599999999,False
WEEI,32,24.7162,1083073.536,False
BYLD,32,22.42,1079919.5279,False
IIM,32,12.53,1079704.0699999998,False
MEME,32,7.932,1079433.65,False
BRR,32,2.25,1077064.665,False
WLDS,32,2.5,1074699.47,False
HECA,32,28.015,1074602.175,False
RBIL,32,49.955,1072575.8050000002,False
AGD,32,12.34,1072548.94,False
OPI,32,18.0,1072199.245,False
KIDZ,32,4.74,1071312.0499999998,False
PBOG,32,34.8167,1071297.1310999999,False
JSML,32,90.1154,1071219.0413000002,False
JFB,32,3.97,1069198.075,False
EMQQ,32,34.44,1068335.8718,False
BGY,32,5.88,1067797.5929999999,False
FDIG,32,45.5599,1067531.4708,False
TLX,32,11.69,1066912.76,False
HYFI,32,37.27,1065600.2375,False
BTSGU,31,196.47,1065117.68,False
ALEC,32,2.36,1064226.135,False
XELLL,32,22.61,1063165.085,False
RSPF,32,85.58,1062528.775,False
HSBH,32,113.3005,1061438.0161,False
FBLA,32,15.93,1060560.8275000001,False
IDNA,32,41.48,1060504.48,False
CEGX,32,14.22,1059729.75,False
UDN,32,18.34,1058804.36,False
LAB,32,0.65,1056350.12825,False
LUCD,32,1.01,1055387.5699,False
JPHY,32,50.235,1053208.3325,False
MMU,32,10.13,1052051.07,False
BCAR,32,5.48,1049003.32,False
STXS,32,1.41,1048865.25,False
LCAP,32,33.56,1047885.7788000001,False
SHOC,32,102.968,1047650.00025,False
IDOG,32,44.939,1047119.9034999999,False
SKYX,32,1.26,1046834.1,False
GDLC,32,36.066,1045665.54,False
DEXC,32,79.1,1045550.9199999999,False
RCBC,14,49.5,1043052.69,False
QNBC,4,44.99,1041514.465,False
BBH,32,243.7264,1040863.62215,False
EQ,32,2.18,1040446.555,False
HIDE,32,24.7222,1040381.1778499999,False
BGGG,32,36.2636,1040041.28085,False
HUYA,32,2.15,1039816.915,False
BSMR,32,23.625,1039758.9099999999,False
FTF,32,5.79,1039755.5165000001,False
BUFC,32,43.22,1038875.6600000001,False
ACYQ,32,20.95,1038374.7759499999,False
FFUT,32,61.34,1038004.29,False
IBMT,32,25.59,1037598.1000000001,False
FOA,32,19.67,1037047.8599999999,False
PSBD,32,10.34,1036131.1799999999,False
NPCT,32,9.69,1034440.368,False
INVZ,32,0.3396,1034162.2416000001,False
IBTP,32,25.1284,1032674.31305,False
PJUN,32,43.93,1031993.07035,False
NMRA,32,1.5,1031962.68,False
OPEX,32,9.21,1031947.3049999999,False
NECB,32,26.41,1028574.6,False
TCX,32,9.01,1027279.3400000001,False
ANVS,32,1.82,1026860.85,False
FNLC,32,34.61,1026708.3200000001,False
ESN,32,20.605,1026331.6333999999,False
RZV,32,149.93,1023127.3418,False
USDX,32,25.51,1022455.51,False
ARTNA,32,35.8,1022321.895,False
FMF,32,50.57,1022224.7,False
PPHC,32,10.96,1020767.26,False
IFLO,32,37.7585,1019918.0236000001,False
NPWR,32,1.95,1017594.9750000001,False
SPTB,32,29.775,1017552.615,False
FLCH,32,21.78,1017086.1075,False
ATFV,32,39.4459,1015687.96,False
AGNCP,32,25.42,1015110.3019999999,False
SHPU,32,18.8,1014038.3610999999,False
VSECU,32,55.36,1014032.47,False
GTIP,32,47.89,1013048.105,False
PSQO,32,20.82,1010933.9525000001,False
ISCF,32,46.27,1010363.3017500001,False
API,32,4.12,1010153.9400000002,False
ACII,32,25.62,1009977.6399999999,False
SETH,32,33.2778,1008367.9850999999,False
GUTS,32,0.7838,1008308.0025000002,False
EVSB,32,50.94,1007452.865,False
NEGG,32,17.59,1006663.885,False
TBLD,32,22.28,1006073.3399999999,False
ACOG,32,9.75,1006011.895,False
RNAC,32,10.38,1005440.25,False
CRPT,32,14.69,1004382.9099999999,False
BKUI,32,49.72,1003066.05,False
EMPD,32,2.93,1001569.0,False
SNSC,10,1.67,1001143.45,False
DRIV,32,34.4892,999958.3388,False
PUSA,32,3.78,998155.74,False
FXNC,32,31.1,996483.3500000001,False
GNE,32,15.42,996089.1799999999,False
SIXD,32,31.395,995375.135,False
DWAS,32,113.6281,995254.2054000001,False
JMSI,32,49.5301,994155.3,False
ATLO,32,31.81,993686.885,False
USAX,32,13.46,993320.81,False
TAIL,32,10.38,993282.9375,False
DXIV,32,75.292,992165.7122,False
CAML,32,40.35,991470.9850000001,False
NCTY,32,4.37,991400.8999999999,False
OUSL,31,13.3141,991204.6199999999,False
AFMC,32,41.05,990823.2368999999,False
PILL,32,23.42,990577.135,False
ENTX,32,3.47,990527.3999999999,False
IJUL,32,37.04,989544.1799999999,False
BSCZ,32,20.12,988921.035,False
ASTI,32,3.03,988681.5650000001,False
IBTQ,32,24.78,988296.2625,False
CYPH,32,1.64,987992.9879999999,False
GCC,32,26.075,987250.84375,False
FAN,32,24.0098,986800.47,False
POW,32,25.831,986356.895,False
FSYD,32,48.625,985439.0425,False
GQI,32,60.203,985290.92,False
SPUC,32,49.99,983730.89,False
PLBL,32,6.09,983581.135,False
FPXI,32,71.55,982281.78,False
DJUL,32,51.1275,979865.0197000001,False
JPME,32,127.69,978469.179,False
ACTG,32,4.5,977403.77,False
AARD,32,7.25,977307.04,False
JMHI,32,49.64,976539.9216,False
LCTX,32,1.13,976511.02,False
XTRE,32,48.89,976171.7177,False
ISUL,32,13.8696,975269.79,False
BRBS,32,3.92,975067.72,False
FCBM,32,12.56,974947.75,False
DBAW,32,48.595,974838.9982,False
DFNL,32,51.9,973374.09525,False
USCB,32,22.42,972799.385,False
JHPI,32,22.5851,972164.6355000001,False
CZWI,32,20.85,970808.36,False
FNGG,32,255.9714,970779.23355,False
NCV,32,16.64,970670.8200000001,False
HBMX,32,23.18,970654.53,False
IBAT,32,40.4348,968940.4299999999,False
ILCB,32,106.2073,967512.3576,False
VFS,32,3.13,967055.44,False
LST,32,48.05,966276.2549999999,False
RPT,32,13.17,965880.9,False
IBCB,32,24.71,965208.29,False
PRH,32,21.56,964553.11,False
NXTG,32,151.9565,963944.0196,False
BITA,32,60.45,963277.35715,False
BXBL,32,4.27,962682.6799999999,False
LGHL,32,0.549,962520.4315,False
USSE,32,40.4511,962412.1608,False
ZBAO,32,0.1852,961419.07455,False
CRNT,32,2.07,960679.975,False
PSCE,32,61.1541,960444.6486,False
XOMX,32,47.5403,957408.2613000001,False
MSFO,32,12.26,956597.76,False
WCPB,32,25.26,955134.7825,False
BPRN,32,42.33,953921.15,False
DGNX,32,1.34,953052.27,False
FRMM,32,5.885,952646.64,False
BBLU,32,17.425,952452.87425,False
CAST,32,1.575,952236.3,False
FCLD,32,42.79,951737.5304999999,False
ABFL,32,82.28,951315.3602,False
AMPU,32,2.46,951171.84,False
AVUQ,32,66.6145,951109.24715,False
PMTS,32,28.95,951023.2350000001,False
PBFR,32,31.0949,950335.7463,False
VBCB,32,75.585,949365.935,False
HGRO,32,30.5809,948803.75,False
WOOD,32,72.6185,948041.27825,False
MUJ,32,12.27,948026.8699999999,False
FDG,32,131.79,946773.30675,False
JRVR,32,4.13,946640.88,False
BOTJ,32,26.8025,946477.1699999999,False
FBYD,32,11.26,946037.4750000001,False
MDWD,32,12.97,944348.2949999999,False
FXB,32,131.37,942973.98,False
ADCT,32,1.04,942909.405,False
LDRT,32,25.01,942204.4600000001,False
SREA,32,20.7,941773.49,False
USCI,32,103.819,940390.3075000001,False
NHS,32,6.0,940035.717,False
IPO,32,54.21,939788.16,False
EEMS,32,75.74,938503.63,False
AUDC,32,9.81,936460.091,False
BSMT,32,22.9358,934991.505,False
GCBC,32,35.34,934801.175,False
VCV,32,10.53,934629.1499999999,False
BKT,32,10.47,933820.98,False
RIV,32,11.09,931875.315,False
BBBS,32,50.86,930238.085,False
SRI,32,7.2,930226.95,False
SHYL,32,44.155,930058.5800000001,False
LAW,32,4.17,928614.1799999999,False
HFRO,32,7.09,928589.2505000001,False
ELFY,32,41.16,927233.77495,False
BOOM,32,6.85,925952.6699999999,False
BINT,32,33.19,925427.415,False
TKNO,32,7.46,924936.47,False
AP,32,8.82,923813.31,False
NAUG,32,32.58,922518.6181000001,False
INBK,32,28.505,922496.21,False
LU,32,1.34,921201.6300000001,False
VENU,32,2.0,920982.55,False
VAIE,32,24.63,920724.315,False
PAPR,32,42.91,920550.575,False
XCSH,6,100.2401,920536.395,False
BSJV,32,25.9852,920039.955,False
PUSH,32,50.435,919990.7,False
CGHY,32,25.33,916915.03,False
XMLV,32,67.99,915536.38745,False
CEPO,32,10.78,913928.505,False
FXHO,32,9.35,912766.8,False
JUCY,32,22.09,912495.33,False
SMHI,32,9.7,912099.4500000001,False
RGTU,32,12.6848,911926.875,False
JOF,32,12.44,911684.785,False
GTEK,32,56.7537,910914.06265,False
DFP,32,20.63,910843.08,False
ALTG,32,6.19,910232.54,False
GNOM,32,67.8526,910118.3543,False
ECHX,32,7.5256,909871.7004,False
TPIF,32,39.15,909329.64,False
CNYA,32,35.47,909202.0,False
DUKB,32,22.43,908344.72,False
AGMB,32,14.02,905803.6,False
DUSL,32,91.2,905536.1399999999,False
CRVO,32,2.65,905310.085,False
CORZW,32,11.34,905199.49,False
NUBD,32,21.89,905141.5819999999,False
TPVG,32,5.34,904700.4199999999,False
MRDN,32,13.8,903918.9450000001,False
MBOT,32,1.5,903574.105,False
NUEM,32,42.6247,903078.6037999999,False
LUNG,32,2.5,903057.22,False
BENJ,32,53.09,902828.085,False
KEEX,32,29.4352,901910.1469,False
KURE,32,19.0677,897765.285,False
CHGG,32,0.7914,896310.73755,False
NXDT,32,5.61,896055.24,False
CSPF,32,26.0,896036.875,False
TAXE,32,50.5563,895880.9645,False
FTW,32,11.3,895014.05,False
FGDL,32,62.0589,894988.3634,False
CRDF,32,1.02,893216.837,False
VGSR,32,11.605,892666.3761999999,False
MXCT,32,1.35,892442.635,False
IMTB,32,43.25,892071.965,False
BRRR,32,22.26,890904.8568,False
FTMS,32,9.91,890737.7959999999,False
RLGT,32,8.61,889848.76,False
EVUS,32,37.24,889714.9650000001,False
BWZ,32,27.4053,889655.1675,False
GNMA,32,43.86,888771.06,False
DDI,32,12.8,888693.4149999999,False
DDFL,32,21.55,887408.785,False
BIB,32,125.1901,886254.96,False
ROE,32,43.703,885550.28115,False
IQST,32,0.9448,883954.4550000001,False
PBP,32,23.2,883774.8400000001,False
CNTX,32,0.4354,883727.0138,False
PSP,32,64.15,883172.5908000001,False
TCPB,32,50.33,881348.645,False
SDSI,32,51.255,881012.635,False
IDUB,32,28.4563,880614.395,False
EUHY,32,53.5083,880418.71585,False
BBMC,32,127.8754,878190.1483499999,False
BUFB,32,40.1,877332.4209,False
NPFD,32,18.71,877248.3899999999,False
FCAP,32,62.04,877074.76,False
BUFY,32,24.09,876979.785,False
CHRS,32,1.37,875949.3049999999,False
PANG,32,29.9294,874840.81,False
APXT,32,10.115,874315.875,False
PFLD,32,19.59,873924.545,False
OVLY,32,34.07,873520.6900000001,False
RAA,32,30.4636,872598.77625,False
MDIV,32,16.806,871645.82925,False
EMHC,32,25.07,870697.6925,False
VUSV,32,72.3,869862.99425,False
XTIA,32,1.42,869666.935,False
SMB,32,17.24,869598.405,False
BBHM,32,12.052,869571.8200000001,False
CURI,32,2.72,868413.875,False
BRCC,32,8.55,867600.45,False
GMF,32,155.8826,866334.4808499999,False
OWLT,32,5.2,865913.5,False
ETJ,32,8.44,865555.1,False
FTMA,32,8.93,864128.3245000001,False
LOFD,14,7.9147,862818.062,False
JUNW,32,34.86,862579.7,False
EFT,32,10.65,861956.63,False
CAPL,32,23.0,861912.91,False
COSM,32,0.2054,861847.33295,False
REVS,32,34.0925,861556.8103,False
BRNY,32,59.5374,860685.9515,False
CPZ,32,13.28,860492.25,False
WARP,32,20.45,859654.4525,False
QQQD,32,12.575,856896.8800000001,False
AEF,32,9.65,855439.52,False
ELME,32,1.69,854308.65,False
AOMR,32,8.44,853651.6555000001,False
HFGM,32,31.2594,853612.105,False
BTCW,32,83.4,852968.4363,False
IDN,32,2.86,852891.8125,False
TTEC,32,1.4,852659.55,False
TPSC,32,48.11,852653.2485,False
RSSL,32,117.13,852392.29,False
BIVI,32,2.09,851395.5825,False
STKH,32,3.18,848801.0399999999,False
RFV,32,148.345,847117.54495,False
KYLD,32,20.748,846281.34,False
SAFX,32,0.3539,845692.0160999999,False
DDTG,17,19.4298,844438.5378,False
TAXX,32,50.57,843136.755,False
HSCZ,32,44.24,842288.85685,False
EVN,32,10.8,842135.38,False
UMI,32,60.17,841601.37,False
EIC,32,10.04,841469.08,False
RTB,32,12.67,841311.385,False
BAFE,32,30.1797,840779.20585,False
TONX,32,3.1,839679.1950000001,False
CDC,32,77.2359,839522.1521000001,False
LOHA,32,26.97,837943.36,False
REKR,32,0.5836,837762.7226499999,False
SPCB,32,10.76,837046.4199999999,False
GGUS,32,66.4668,836911.9175,False
NNOX,32,0.863,836094.99675,False
NBH,32,10.21,835887.03,False
FAUG,32,57.53,835443.44,False
LCNB,32,19.63,835257.6475,False
IBID,32,25.785,834661.74,False
AGCC,32,14.32,834345.4875,False
HEDG,32,30.66,832677.655,False
PSCH,32,55.7,832316.7927,False
APLU,32,24.31,831818.025,False
FLJH,32,45.9391,831672.80175,False
NANC,32,51.2653,831488.35,False
WEYS,32,45.58,831454.24,False
VBF,32,14.73,831275.2349999999,False
BSMU,32,21.715,831054.94,False
TUYA,32,1.79,830553.345,False
FPH,32,5.11,829536.46,False
MSTP,32,21.53,828748.2226,False
FSBW,32,42.73,828667.38,False
FBY,32,8.29,828474.2974999999,False
LOUP,32,89.43,827916.03,False
EBMT,32,22.75,827444.475,False
ELTX,32,3.01,825380.875,False
NAN,32,11.01,824907.42,False
FDLS,32,43.18,824192.4099999999,False
CNL,32,16.47,824096.435,False
PNOV,32,45.29,823956.03,False
QNCX,32,30.93,822011.025,False
UJUL,32,41.3388,821913.66,False
CNTB,32,2.45,821706.45,False
OPTT,32,0.1862,819679.6325000001,False
III,32,5.08,817515.415,False
JGH,32,12.5,817377.3400000001,False
INMB,32,2.43,816769.875,False
TSII,32,13.15,816358.29,False
NATO,32,40.952,815462.81145,False
TY,32,35.61,814940.8599999999,False
DIVZ,32,38.7681,814413.135,False
GEVG,32,21.41,814095.1692,False
TLSI,32,5.03,813692.3700000001,False
MAYW,32,35.33,813100.0450000002,False
NGEN,32,2.08,812773.0349999999,False
FIAT,32,16.56,812754.605,False
NOAH,32,8.77,812554.39,False
AIVC,32,109.7332,811473.2,False
STXU,32,11.42,811365.5050000001,False
DEFT,32,0.604,810805.8637999999,False
RDYY,32,16.3349,810801.5800000001,False
FUNC,32,43.17,810746.565,False
RGLO,32,33.67,809626.5633999999,False
SOJE,32,16.145,809110.25,False
GRML,32,9.71,808314.6900000001,False
JHSC,32,48.79,808232.13,False
SEUS,31,26.1294,807090.7459999999,False
DESK,32,42.32,807058.3589999999,False
WEBS,32,14.78,806549.73,False
DAO,32,16.32,806521.61,False
SMOT,32,41.02,806390.6050000001,False
ONEZ,32,28.0626,806317.9058000001,False
HYBB,32,46.68,806007.2478,False
OAIM,32,48.305,805713.78625,False
SCOP,32,12.11,805422.69,False
GASS,32,9.36,804606.6799999999,False
AVEE,32,69.0715,804405.6712500001,False
IBOT,32,65.8376,804365.8835,False
HRTX,32,0.3231,803831.0995499999,False
CBNA,32,45.97,803727.96,False
AVSD,32,83.68,802585.5936,False
MARS,32,25.48,801934.645,False
RIET,32,9.54,801358.182,False
NBOS,32,28.59,799017.1046500001,False
HDUS,32,73.87,798979.45,False
USSG,32,72.17,798945.8,False
MNSB,32,24.79,798932.8800000001,False
NDLS,32,15.51,798434.6950000001,False
GJUN,32,41.8451,798383.42545,False
ESCA,32,20.17,797319.065,False
HCRB,32,34.75,797098.0800000001,False
WTMF,32,41.86,796438.3700000001,False
QCJL,32,25.5496,795706.71,False
ASUR,32,8.62,795653.8799999999,False
QQMG,32,49.5024,794051.531,False
GYGY,19,1.3,793991.52,False
HITI,32,2.57,793982.51,False
UPXI,32,1.09,793848.09225,False
LFGY,32,20.65,793443.245,False
CMSD,32,21.26,793393.645,False
QUCY,32,1.36,793302.3300000001,False
YRAM,1,51.0804,793227.5316,False
BLUC,32,31.8086,791535.99,False
FEP,32,60.955,789478.96,False
UMAL,32,13.115,789081.5984,False
XSHQ,32,48.57,788829.8925,False
IFV,32,26.3553,788555.122,False
OACP,32,22.52,788344.49,False
FITE,32,108.89,787768.4146,False
ETO,32,31.72,786653.9450000001,False
TMB,32,25.345,786483.84125,False
MBSF,32,25.715,786417.8575,False
VSLU,32,48.971,786340.0800000001,False
IBIO,32,1.47,785859.8049999999,False
FITZ,32,25.08,785751.84865,False
ABOS,32,3.1,784562.525,False
BDBT,32,24.9798,782805.613,False
HEZU,32,49.8327,782705.315,False
JOET,32,46.04,781928.73,False
BUSA,32,42.54,780975.8364,False
EIPX,32,33.035,779282.93875,False
OPBK,32,15.24,779047.19,False
EELV,32,28.98,778734.7249999999,False
BIRD,32,2.37,778083.1100000001,False
BBP,32,108.9825,777157.1504500001,False
ZTR,32,6.79,775789.855,False
GNT,32,9.27,775571.855,False
PRS,32,20.64,775418.47,False
FLCO,32,21.1042,775088.4382,False
EDGU,32,32.0,774607.0075000001,False
INSE,32,6.01,774531.2,False
DSCO,32,24.75,773924.8275,False
CTHH,32,17.03,773355.51,False
UXRP,32,18.29,772145.3350000001,False
SMZ,32,16.34,771695.12,False
NAUT,32,0.8813,771642.38,False
DFVX,32,85.82,771560.8379500001,False
NCZ,32,15.57,770496.97,False
PN,32,2.65,770436.48,False
MPIM,10,24.83,770079.41,False
SIZE,32,184.5321,770005.3049999999,False
OVF,32,32.5,769656.0,False
DPG,32,14.57,768894.79,False
SDHY,32,16.17,767964.3,False
DMRC,32,5.81,767889.89,False
RZC,32,25.52,766955.24,False
LVWR,32,1.23,766886.7750000001,False
KJUL,32,34.1228,766017.6625999999,False
BRUNW,32,6.68,765638.665,False
PMAY,32,42.05,765495.9199999999,False
PAYR,32,56.43,765394.265,False
INLF,32,4.23,765394.1000000001,False
ISCV,32,80.8931,765191.8853,False
APOS,32,25.64,764508.7750000001,False
LIDR,32,1.23,763494.4875,False
NREF,32,17.35,762845.76,False
BOEU,32,31.0789,762821.13435,False
GRPM,32,144.1566,762553.7882000001,False
FGNX,32,7.865,762345.31,False
ADAG,32,3.82,761445.965,False
FRI,32,32.2616,760868.1333999999,False
AUNA,32,5.28,760819.605,False
PFEB,32,43.845,760394.015,False
IIF,32,23.4,760340.975,False
KSPY,32,29.85,759469.723,False
CTAP,32,27.9,758810.815,False
SMIZ,32,42.261,758809.8528,False
BCHP,32,38.5606,758686.5342999999,False
AVSE,32,79.1823,757044.16555,False
GMAY,32,43.7948,756721.586,False
FVN,32,9.43,755583.925,False
AVGW,32,34.0,755012.615,False
SSUS,32,56.1483,754324.4713999999,False
RSBT,32,18.845,753962.94,False
YARW,32,39.25,753806.9725,False
UFI,32,7.48,753621.92,False
DDL,32,2.31,752154.365,False
PY,32,58.105,751260.3030000001,False
QHY,32,45.99,750596.3,False
HBANP,32,16.54,750477.165,False
PSQA,32,20.7,750356.775,False
FLWS,32,3.92,750042.85,False
GCAL,32,50.522,750011.889,False
CANC,32,45.2357,749610.585,False
ECX,32,1.09,748302.7100000001,False
RJDI,32,29.509,747262.575,False
BKHY,32,47.4462,746951.1954000001,False
TPLC,32,50.95,746348.74,False
OBIO,32,5.36,746267.8999999999,False
EES,32,68.3196,746116.1393500001,False
OPPE,32,60.38,745884.55,False
AMRN,32,14.15,745756.595,False
BOTT,32,43.2408,745704.4365000001,False
DUBS,32,42.9537,745525.6329000001,False
CRMX,32,6.92,745056.81,False
UPSX,32,16.0,744524.97,False
UAUG,32,42.94,743915.8800000001,False
INCO,32,62.99,743125.2571,False
TGEN,32,3.18,742490.145,False
BHR,32,2.05,741520.145,False
AMCI,32,4.9,741162.725,False
CRBD,32,22.02,741027.42,False
BFRZ,32,27.03,740375.31,False
LUXE,32,7.8,740332.545,False
FTMU,32,7.75,739821.085,False
DNL,32,46.77,739313.8204,False
QABA,32,67.6374,738923.73785,False
JHEM,32,40.0978,738844.2585,False
WTIU,32,21.77,738422.685,False
DBE,32,31.45,738160.6980000001,False
MUYY,32,19.6238,738135.5875,False
LMNR,32,13.8,738106.5,False
PYPD,32,5.1,738031.805,False
THTA,32,15.65,736929.8200000001,False
RLTY,32,15.8,735557.875,False
FSEP,32,56.5,735355.00025,False
JPSE,32,59.98,735056.5485999999,False
MXF,32,22.0,734157.17,False
HDGE,32,14.03,734151.9483,False
COTG,32,13.0997,733173.1269,False
FBCV,32,43.18,732437.2162,False
FTNJ,32,8.67,732190.08,False
BUFG,32,29.83,731588.38,False
GANX,32,1.905,731138.295,False
FIZY,16,25.645,731109.7431999999,False
CODA,32,10.04,730966.2,False
JPEM,32,66.66,730870.8187500001,False
CRMT,32,2.35,729969.64,False
BKMS,32,25.47,729840.185,False
OALC,32,41.7852,729819.5304,False
FCPI,32,57.04,729801.48975,False
XVV,32,58.6568,729485.7278499999,False
TEI,32,6.78,728976.75,False
FAAR,32,31.0334,728588.7528,False
XLUI,32,23.47,728059.3,False
USMF,32,53.295,727835.8665499999,False
TEUP,32,28.4255,727650.675,False
MIAC,2,9.84,727464.565,False
NBB,32,15.38,727243.35,False
LRGE,32,87.6159,726916.65115,False
FIXT,32,37.43,726201.23,False
DJUN,32,50.0096,725712.89,False
MOVE,32,9.29,724634.5875,False
ANGU,14,25.305,724202.689,False
DTK,32,23.17,723677.8699999999,False
WANT,32,42.17,723583.71,False
BTCS,32,1.5,722568.04,False
IBIE,32,25.805,722115.93575,False
ISOU,32,12.2,721412.0049999999,False
NPV,32,10.59,720781.965,False
QVOL,32,99.7118,719679.1818,False
HPEL,32,16.78,719568.5900000001,False
PAYM,32,25.6,719474.36,False
NOA,32,13.34,718770.8999999999,False
DGAC,28,9.99,718724.7000000001,False
ACET,32,9.0,717978.1499999999,False
NUMV,32,45.1638,717308.215,False
SPBU,32,30.6779,715601.9754,False
SEPQ,32,27.51,715463.8264,False
MIDU,32,70.43,715192.98,False
CVV,32,7.57,714459.1900000001,False
SRET,32,22.3769,713135.955,False
DHF,32,2.38,712982.129,False
FUMB,32,20.045,712184.2250000001,False
XAIX,32,55.4326,711531.8876,False
HIYY,32,13.21,709192.8200000001,False
EGAN,32,7.2,707678.99,False
XMPT,32,21.5282,706646.8500000001,False
VTAK,32,0.2101,705375.96,False
BSMQ,32,23.49,704934.145,False
AVMU,32,45.17,703741.9112,False
JPUS,32,144.9956,703569.0098,False
FDM,32,92.59,703440.3768,False
STEM,32,5.61,703372.45,False
JMSB,32,22.89,702575.995,False
HAWX,32,46.3056,702335.9133,False
BBC,32,55.76,702057.3668,False
NBCR,32,34.47,701850.3472,False
TPHD,32,43.28,699738.675,False
FFTY,32,36.89,699686.005,False
EJUL,32,31.3669,699122.9626,False
NORW,32,37.25,698910.47,False
AVAL,32,5.54,698284.667,False
VBND,32,43.06,698192.55,False
MSB,32,23.37,698080.77,False
DOL,32,77.5855,697603.4953000001,False
PZG,32,1.55,696901.615,False
CVSB,32,50.79,696729.0154,False
ORMP,32,5.21,696620.875,False
PEW,32,2.36,695699.09,False
BVAL,32,32.27,695505.48,False
NCIQ,32,19.94,694853.1950000001,False
ISVL,32,54.6431,694721.9249999999,False
TILT,32,283.7285,693496.49635,False
BTCL,32,18.3,693469.615,False
JTNY,32,49.295,693017.2999999999,False
GOOL,32,12.92,692791.686,False
CING,32,5.87,692644.4099999999,False
SNAL,32,2.99,692638.375,False
ELOX,32,19.29,691042.8500000001,False
TVRD,32,1.82,691002.97,False
NTRSO,32,18.9,690331.8500000001,False
EPSN,32,5.79,690294.36,False
GLDG,32,1.18,689538.5069,False
METV,32,20.14,689437.23,False
CTM,32,0.605,689095.74965,False
BNT,32,42.23,688707.585,False
PLU,32,8.47,688173.0075000001,False
PBD,32,18.0621,687807.02,False
NRO,32,2.98,687371.9149999999,False
JMMF,32,100.16,687339.985,False
HPS,32,14.01,686795.21,False
SGVA,32,100.745,686746.265,False
FRNW,32,22.49,686023.4400000001,False
FDEC,32,55.6098,685438.4760499999,False
PFM,32,57.6362,684884.82375,False
VTIX,32,1.21,684704.77,False
SLJY,32,33.34,681072.3049999999,False
ALCO,32,41.03,681050.34,False
WDEF,32,31.3945,680333.5160999999,False
IBHJ,32,26.48,680157.48,False
PTMC,32,41.2502,679977.71505,False
DSM,32,5.83,679936.7855,False
ENOR,32,36.615,679923.685,False
MRNX,32,103.09,679215.288,False
SPVM,32,77.6562,679051.10525,False
ARBE,32,0.6997,679039.6324499999,False
PYPY,32,30.6705,678412.135,False
ETHV,32,35.99,677757.1099999999,False
MUSI,32,43.3859,676044.27,False
SOUX,32,12.0263,675719.9117,False
STI,32,7.35,675391.99,False
HTAB,32,18.89,675195.885,False
DHX,32,4.38,675141.3,False
PXJ,32,45.5004,675015.87465,False
PLBY,32,1.23,674767.395,False
ACNT,32,15.08,674308.575,False
BNDD,32,96.7532,674015.6106,False
PDEC,32,46.81,671714.165,False
EETH,32,29.94,671712.0700000001,False
OESX,32,25.02,671029.37,False
COYA,32,5.04,670998.495,False
ONCY,32,0.8614,670936.0754,False
BMEA,32,1.73,670660.265,False
COMB,32,27.13,669340.62775,False
KBA,32,32.76,668654.585,False
XLVI,32,27.3328,667574.4983,False
MAXJ,32,29.4222,667405.1599999999,False
ESUM,32,30.9245,667394.69,False
COIG,32,6.1426,667259.53975,False
ADAMO,32,25.17,667099.7949999999,False
OIA,32,6.04,664966.9535000001,False
WNEB,32,13.78,664229.1699999999,False
SOFA,32,15.7332,663416.1601,False
SNWV,32,4.67,663016.065,False
ETB,32,15.68,662490.7,False
HOFT,32,13.82,662297.265,False
THEOU,15,10.12,662252.7999999999,False
BALY,32,9.49,661706.8200000001,False
MSSM,32,60.4913,661502.3025,False
AGNCZ,32,25.64,660352.08,False
MMD,32,15.0,660243.645,False
AMJB,32,37.71,660059.024,False
ULH,32,19.29,659710.48,False
EMF,32,22.44,659041.06,False
FJAN,32,56.3047,658835.95,False
CPHI,32,0.874,658091.2949999999,False
BMM,32,5.84,657825.99,False
ACV,32,26.56,657211.675,False
LAKE,32,11.52,656256.935,False
GNLX,32,2.72,655497.89,False
ACGLN,32,16.07,655394.491,False
DDLS,32,46.34,655051.1425000001,False
THIR,32,34.25,654969.02,False
PMN,32,15.36,654622.36,False
PROF,32,6.81,654287.595,False
HBTA,32,32.1198,653570.05505,False
TXNU,32,38.9112,653484.6856,False
DIEM,32,43.0,653402.7549,False
NERV,32,5.0,653255.085,False
NXXT,32,0.2276,652928.5512,False
YNOT,32,32.3899,652873.2403,False
IDVZ,32,34.96,652464.8999999999,False
TII,32,2.93,651725.625,False
ATLX,32,3.44,651175.9650000001,False
BCPL,32,24.66,650812.525,False
MJ,32,26.7,648879.1699999999,False
CCLD,32,2.41,648572.1599999999,False
PSCI,32,175.1161,648505.8011,False
BSMW,32,24.72,647633.355,False
PSIL,32,26.8,647473.965,False
AESR,32,20.04,647181.4486499999,False
CPIX,32,8.7,646010.8955,False
BUFM,32,41.14,645586.895,False
RXL,32,63.6731,645408.3051499999,False
EDOW,32,46.3768,644734.0688,False
BSET,32,18.92,644114.95,False
AOUT,32,10.61,643611.24,False
AEFC,32,18.13,643317.84,False
TUSB,32,50.6059,643304.2275,False
FDEV,32,38.14,642175.67,False
EDGH,32,35.71,642013.7424,False
FFEB,32,62.29,641918.02565,False
LULG,32,6.2366,641904.7265,False
TRON,32,2.11,641504.3275,False
FXA,32,70.96,640734.5412000001,False
BSMV,32,20.77,640622.4358,False
MFIN,32,11.98,639820.355,False
ONDU,32,4.58,639688.72,False
ADBU,32,28.4922,638890.565,False
INTL,32,31.555,638516.9523,False
GWRS,32,9.37,638469.808,False
IWMY,32,18.84,638411.3400000001,False
MOBX,32,1.21,638112.725,False
KGEI,32,5.8,637207.7,False
TTRX,32,9.73,635987.8200000001,False
JOBX,32,10.7291,635418.265,False
AFB,32,10.94,634860.16,False
PGHY,32,19.6455,634697.0,False
RCS,32,5.25,633573.0619999999,False
UGLD,32,25.52,633351.6156,False
SGLY,32,2.15,633338.44,False
OPP,32,7.47,632732.415,False
BHFAO,32,14.64,632643.1000000001,False
FLLA,32,27.4749,631975.2803,False
IWLG,32,56.12,631430.8558,False
IPWR,32,4.7,631215.1,False
JPRE,32,53.7956,630960.24,False
SEER,32,2.04,630686.8999999999,False
ANY,32,2.51,629710.01,False
NIXX,32,0.7057,629593.0730000001,False
GRNB,32,23.91,629519.3049999999,False
MST,32,12.34,628953.2764999999,False
PCYO,32,11.69,628715.605,False
DOGG,32,22.64,628479.03,False
NAKA,32,7.16,628020.5700000001,False
AVSU,32,89.3424,627644.0762,False
IPW,32,2.15,627385.685,False
BUFS,32,25.38,627341.26,False
IDRV,32,36.98,627220.9812,False
AMZE,32,0.1907,626633.16515,False
ICAP,32,29.2594,625858.2,False
DBL,32,14.14,624078.795,False
SDHC,32,12.42,623218.7050000001,False
DWM,32,77.1814,622586.59305,False
TSI,32,4.4,621783.245,False
RSIT,32,21.24,619986.345,False
KRMD,32,3.21,619220.6599999999,False
AISP,32,2.25,618995.025,False
RJCA,17,71.5668,618729.3774,False
KPDD,32,5.86,618446.3544,False
GTOP,32,48.015,617355.67305,False
FYT,32,72.1183,617351.7149499999,False
BIDD,32,31.0533,616111.74,False
ANIX,32,3.66,615623.1000000001,False
FTMN,32,8.695,615520.855,False
XJH,32,51.5197,614546.9501,False
QTUP,32,17.45,614332.22265,False
DWLD,32,48.1281,614190.0874999999,False
AVNV,32,87.5868,612840.8753,False
IMDX,32,4.44,612789.865,False
OCLTU,13,10.0,612702.14,False
HPI,32,15.96,612417.6199999999,False
EURL,32,52.6691,612395.5146000001,False
BNDY,32,24.887,612006.2063,False
FCAL,32,48.5,611893.4450000001,False
INCE,32,69.2508,611507.875,False
VXZ,32,48.74,611273.2375,False
VKI,32,8.93,611091.3160000001,False
NHIC,32,10.63,610634.7375,False
GEOS,32,5.59,609496.535,False
MBCE,32,37.91,609469.7014,False
BAUG,32,55.2,609357.05,False
GLOF,32,61.2,608482.0412,False
STEX,32,0.7569,608048.7,False
TNGY,32,10.94,608018.23,False
NYAX,32,51.89,606578.8474999999,False
FFEM,32,42.55,605285.03775,False
TRUD,32,26.2653,605073.8274000001,False
SIXA,32,58.3524,602699.5678,False
CMT,32,25.34,602499.1799999999,False
MPRO,32,32.7998,601894.5786,False
DWSN,32,3.31,601489.56,False
EQIN,32,54.5314,600326.3657,False
TSMZ,32,7.9375,600223.7228,False
IVVM,32,37.74,599332.4199999999,False
BTAI,32,0.7422,599277.33615,False
CFFI,32,89.44,598395.475,False
HYPD,32,3.41,597552.72,False
CMTL,32,1.77,597411.5349999999,False
DIAL,32,18.035,597202.935,False
CXAI,32,3.89,596988.6325000001,False
BLGR,32,32.22,596876.25595,False
MIY,32,12.64,596551.885,False
FOCT,32,53.5458,596409.24455,False
GSID,32,78.72,595522.635,False
WLKP,32,21.62,595213.89,False
MAYT,32,39.77,594668.6531,False
ZVIA,32,1.41,594590.5549999999,False
EMNT,32,99.156,594542.7406,False
WLDR,32,47.45,593935.78375,False
EINC,32,118.9826,593918.39665,False
DOUG,32,1.95,593374.29,False
NBIE,32,27.8,592693.0700000001,False
PSF,32,19.4,591208.1799999999,False
SOJC,32,20.05,591021.425,False
NFE,32,0.2868,590997.9222,False
DBP,32,107.4698,590727.12465,False
FTCI,32,1.99,589918.3500000001,False
FAPR,32,47.625,589033.6361,False
HFGO,32,29.1592,588709.8500000001,False
USIO,32,2.94,588515.685,False
FDRS,32,24.4,588512.8500000001,False
TSEC,32,25.68,588420.715,False
QBUF,32,30.675,588215.9861000001,False
RACC,32,22.0,588085.0499999999,False
BATT,32,16.07,587677.86,False
TCI,32,39.21,587669.4550000001,False
RFMZ,32,13.17,587633.585,False
BGX,32,10.75,587426.16,False
PHOE,32,20.7101,587115.1,False
HOLA,32,57.1736,585053.8314,False
PXE,32,40.0,584937.55,False
SAMG,32,10.03,584412.3400000001,False
EMAT,32,3.94,583918.6200000001,False
UAVS,32,1.08,583243.35835,False
NUWE,32,0.9592,583025.325,False
PRCS,32,29.3406,582885.3238,False
BBGI,32,20.52,581222.4075,False
ONL,32,2.94,580192.225,False
XOVL,32,20.34,580122.05,False
GSIB,32,64.5941,580037.22695,False
CRCO,32,15.66,579339.76,False
XDIV,32,31.27,579078.1660499999,False
IGA,32,10.54,578864.6305,False
NC,32,41.45,578790.95,False
RANI,32,0.891,578525.6412,False
TSYY,32,20.32,578478.75,False
PMO,32,10.27,577587.87,False
TECB,32,74.8259,576446.79,False
MNA,32,36.86,575956.3406,False
HYI,32,10.41,575393.215,False
DMB,32,10.51,575046.6699999999,False
NUW,32,13.97,574158.24,False
KWY,32,10.52,574107.6000000001,False
CNRG,32,89.64,570769.4047,False
IBBQ,32,36.8,570187.1359999999,False
BBLS,4,24.3992,569854.6558,False
TPOR,32,41.98,569380.6799999999,False
JCAL,32,49.33,568251.6582,False
VACI,32,10.24,567216.47,False
WATR,32,2.57,565800.125,False
PWCM,32,1.17,565686.1849999999,False
SLON,32,30.45,565549.2503500001,False
AMZG,32,16.24,563579.79,False
VIVS,32,0.2916,563240.8173,False
GLRY,32,39.64,563083.7589,False
TMGN,30,24.0969,562707.635,False
CURV,32,2.1,562442.9299999999,False
UCYB,32,78.9521,559914.73615,False
EDGI,32,32.1084,559742.74,False
CHSCM,32,24.27,559694.475,False
XRPI,32,8.03,559003.1059999999,False
CPLB,32,20.8029,558955.57,False
CHSCL,32,25.4,558949.1799999999,False
SCEP,32,25.0,558944.355,False
AFOS,32,45.8378,558580.84825,False
GLO,32,5.75,558560.2575,False
CAMP,32,4.45,558454.75,False
LMTL,32,35.2585,558049.26815,False
CV,32,5.85,557323.65,False
INDO,32,2.83,557303.215,False
JHMB,32,21.785,557218.135,False
RMM,32,14.25,557093.845,False
CPAC,32,12.15,556968.84,False
TEQI,32,52.5743,556425.8453500001,False
ANNA,32,2.7,556231.865,False
FJP,32,77.0577,556038.448,False
OM,32,4.305,556032.3075,False
COAL,32,26.9753,555299.62495,False
LFCR,32,4.64,554940.525,False
PBE,32,98.7315,554700.9650000001,False
JULW,32,41.4044,554686.3696,False
EBI,32,67.3509,554448.0336,False
HAWG,8,29.8906,553893.9399,False
BLNK,32,0.5929,553855.57815,False
FMUN,32,49.55,553827.49,False
HERO,32,27.56,553774.4550000001,False
HQWWW,32,10.75,553725.085,False
RMBI,32,15.96,552979.515,False
IBIG,32,25.7415,552736.55,False
NRGD,32,15.5981,552399.96,False
LGI,32,18.65,552048.73,False
NIKL,32,15.32,551712.91,False
FXD,32,70.07,550488.55435,False
YLDE,32,57.832,550132.9524999999,False
SJT,32,2.93,550076.25,False
TZOO,32,6.82,549193.915,False
TCPA,32,21.96,548039.1000000001,False
BBBI,32,50.7838,548028.16,False
TLSA,32,1.11,547637.1422,False
ELM,32,29.7951,547404.172,False
CDL,32,80.5976,546293.6500499999,False
SSTI,32,6.15,546133.8400000001,False
TDF,32,10.86,545478.15,False
EHI,32,5.74,545426.28,False
BKMC,32,41.1597,544606.9612,False
BZFD,32,1.11,544159.275,False
AAPW,32,38.6443,543954.89,False
BJUL,32,55.345,543600.1233000001,False
KAMO,32,24.7056,542925.72,False
FNOV,32,59.7035,542874.2441,False
FOF,32,13.5,542535.795,False
TILL,32,19.92,541387.0125,False
BHFAN,32,11.71,541263.0,False
BSMY,32,24.0003,540410.2549999999,False
MFUS,32,66.5372,540368.2860000001,False
INHD,32,6.59,539767.9500000001,False
DAVA,32,3.25,539626.78,False
HIPS,32,11.85,539580.1799999999,False
OVS,32,41.6974,539439.4126500001,False
CGEN,32,2.87,539400.96,False
FLYX,32,1.3,539323.78,False
QDTY,32,38.96,539245.12,False
UBT,32,15.32,538833.5900000001,False
PLRZ,32,10.9,538716.75,False
HCM,32,12.26,538641.27,False
CXSE,32,38.0731,538395.5922000001,False
FCUS,32,36.8787,536967.0757,False
INDL,32,46.22,534981.1425,False
ITDC,32,37.262,534655.764,False
HWBK,32,38.99,534239.155,False
BANX,32,20.565,533663.8,False
EOD,32,6.67,533221.6799999999,False
SGLC,32,45.58,531679.2592499999,False
FFA,32,23.04,530687.39,False
IBIF,32,25.81,530187.35,False
GOLY,32,28.5189,530032.14825,False
RITR,32,0.093,529522.4406,False
GENC,32,19.29,529518.835,False
ARMP,32,5.56,527640.705,False
STOX,32,31.9623,527592.383,False
WAR,32,31.5053,527148.76,False
FGN,32,24.4925,527101.83,False
GRSD,32,2.02,526907.3575,False
SKHN,21,15.61,526739.2548,False
CHMI,32,2.93,526191.07,False
ACRV,32,2.18,525918.52,False
HYPR,32,0.8698,525007.33925,False
FOCL,32,4.39,524839.12,False
CIA,32,3.89,524730.98,False
PFRL,32,49.875,524714.9349999999,False
PFH,32,15.39,524649.3699999999,False
JYNT,32,8.45,524525.365,False
GROZ,32,32.6973,524448.21,False
YCL,32,17.93,523882.94700000004,False
VUSE,32,73.4624,523521.309,False
SOHU,32,14.35,522442.12,False
MGRX,32,0.3876,522361.9055,False
CIRC,32,0.725,522163.65995,False
NMG,32,1.48,520482.32,False
XNDX,32,8.84,520412.33999999997,False
ZJUN,32,27.675,519553.2777,False
ITDD,32,39.241,519186.6179,False
CGGG,32,28.474,518558.48,False
AGNCO,32,25.65,518193.43999999994,False
RGTIW,32,7.03,517790.66500000004,False
FBOT,32,39.6882,517062.62169999996,False
QUIZ,32,29.91,515502.1818,False
AEXA,32,11.49,515000.1,False
PPI,32,21.5438,514954.4023,False
CEE,32,20.28,514837.25,False
BRNX,32,5.56,514778.0,False
DIVN,32,30.8324,514000.60225,False
QVMT,32,65.7576,513922.88465,False
MRSK,32,39.54,513908.367,False
AOHY,32,11.0852,513836.82499999995,False
BILT,32,28.06,513685.75,False
BZUN,32,2.83,513152.44499999995,False
FLCV,32,37.8741,512657.69245,False
NINE,32,10.56,512021.09500000003,False
TMAT,32,28.59,511938.0,False
LPRE,32,30.18,511916.72,False
PALD,32,11.5044,511911.102,False
CD,32,3.315,511079.855,False
IG,32,20.3101,511066.72750000004,False
DWX,32,48.4223,509373.30079999997,False
PFFR,32,17.525,509324.53500000003,False
EDBL,32,1.46,509160.63,False
NTSI,32,48.6814,509096.431,False
AVMA,32,74.0535,508819.332,False
SGC,32,12.58,508712.595,False
SCNM,32,24.7649,508214.24285,False
ZETX,32,33.785,505769.08475000004,False
ALP,32,0.1677,505656.47415,False
ASTC,32,7.1,505498.05,False
OCCI,32,2.61,505239.82500000007,False
ADAMH,32,25.52,505004.45499999996,False
HAO,32,3.49,504367.275,False
BBHL,32,17.37,503724.269,False
TMUSL,32,23.04,502914.63,False
GXRP,32,28.55,502906.05500000005,False
HGLB,32,7.52,502796.592,False
XOMO,32,11.1,502742.095,False
AJUL,32,30.355,502739.77499999997,False
AQLT,32,32.0558,502349.8739,False
HYGW,32,28.9997,502282.5,False
PLCE,32,2.69,502160.08499999996,False
JCE,32,17.12,502117.16500000004,False
CONX,32,7.6204,502056.55000000005,False
MPDY,10,24.3351,501965.4253,False
THYF,32,51.5311,501180.85,False
PBTP,32,25.775,501008.3,False
GAL,32,53.9832,500723.4959,False
PMAR,32,48.6149,500237.39305,False
GSC,32,65.95,500094.65365,False
JIII,32,49.78,500075.225,False
SUNS,32,7.6,499811.76,False
MFDX,32,42.9953,499407.33735000005,False
TLTP,32,20.25,498127.0,False
ELAB,32,5.69,498110.44999999995,False
ATHS,32,24.705,497935.775,False
IMOM,32,41.754,496927.50729999994,False
MSS,32,1.48,496842.6,False
SVAL,32,43.3527,495819.501,False
ITDB,32,35.5101,495800.1352,False
MMKT,32,100.235,495152.015,False
FGRU,32,16.8137,494779.8628,False
IDLV,32,36.39,494762.11699999997,False
EFNL,32,55.4267,494198.03560000006,False
MKOR,32,60.9988,493824.95910000004,False
MADE,32,36.09,493691.735,False
KLIP,32,23.74,493500.58995,False
SBMT,32,9.15,493362.14,False
GSUN,32,0.2947,492807.58139999997,False
EALT,32,36.5766,492471.55999999994,False
FMAG,32,36.1835,492353.10925,False
TROO,32,1.83,491758.92000000004,False
QQQT,32,17.8996,491611.98,False
PMM,32,6.25,490214.156,False
RNIN,32,37.8884,490192.158,False
ACEI,32,23.4156,490135.705,False
TUSK,32,3.17,489293.94,False
NCLO,32,25.0608,489001.6803,False
IROC,32,50.29,487973.45999999996,False
BUFT,32,26.285,487842.0795,False
VBCD,32,75.22,487101.65,False
EHGO,32,1.23,486626.38,False
MAIA,32,1.41,486319.615,False
DRMY,29,47.8004,486210.24000000005,False
TC,32,1.95,486067.635,False
AEYE,32,7.37,485491.53500000003,False
PGJ,32,24.1957,485232.3672,False
JSPR,32,0.7202,484285.5254,False
SLQT,32,0.5483,484215.82655,False
KMLI,32,11.0734,483913.47479999997,False
ACGLO,32,19.07,483773.42999999993,False
SURG,32,0.185,483512.6152,False
FMAR,32,53.2597,483466.28,False
NRXS,32,6.04,482575.5,False
GDEC,32,40.55,481706.2125,False
JEM,32,6.795,481600.625,False
SBFG,32,27.06,481598.42999999993,False
ENLV,32,1.52,481249.12,False
EFAX,32,56.245,480907.1466,False
ULTI,32,7.12,480359.69,False
VERU,32,2.71,480209.25,False
VBCC,32,75.3853,479774.55,False
ADME,32,56.21,479318.55500000005,False
AMZW,32,37.5637,479083.55,False
MYO,32,1.48,478995.45,False
TAXI,32,50.7,478182.645,False
IBUY,32,74.4744,478009.8696,False
FINS,32,12.68,477620.31999999995,False
YYGH,32,1.15,477404.26,False
PRFD,32,50.74,477299.295,False
HARD,32,31.531,477288.05,False
NUMG,32,47.8339,477228.19000000006,False
COIA,32,9.55,475868.05500000005,False
EDF,32,5.18,475680.33999999997,False
DJTU,32,12.74,475610.97,False
AVD,32,2.24,475365.625,False
EZET,32,18.68,475268.25,False
FXG,32,66.4304,474782.1628,False
ECOR,32,9.47,474142.81,False
USL,32,50.8329,473729.10120000003,False
STRW,32,13.95,472841.485,False
MPL,32,16.5063,472234.42939999996,False
EDEN,32,120.05,470910.1852,False
ONEV,32,151.3,470772.43165,False
VDG,32,82.7437,470159.7827,False
ACLC,32,86.2072,470028.55000000005,False
ATCL,32,24.55,469720.72,False
TRAK,32,8.09,469526.81000000006,False
QSU,32,6.75,468475.89,False
CLRO,32,6.17,468440.1,False
RSSY,32,25.5399,467889.34,False
IBIH,32,25.755,467653.21499999997,False
NBP,32,1.93,467224.22,False
ZNB,32,1.75,467110.54000000004,False
BFRI,32,1.51,465296.265,False
GCTK,32,0.3402,465201.13049999997,False
MOB,32,5.76,464668.17499999993,False
CATG,32,10.46,464416.81055,False
CSB,32,66.9155,464328.32000000007,False
IFLR,32,54.7175,464016.44519999996,False
TRSY,32,30.205,463523.6625,False
LIEN,32,10.19,463315.815,False
EMXF,32,57.1832,462046.7067999999,False
AEHL,32,6.14,461798.8,False
JRS,32,8.55,461696.245,False
ECOW,32,27.9347,461463.9918,False
EMMF,32,38.2498,461164.43485,False
AUGW,32,34.645,461162.25,False
INVE,32,2.87,461059.275,False
TDV,32,102.13,461027.24970000004,False
QETH,32,24.52,460897.26,False
OSTX,32,1.65,460782.29500000004,False
WDTE,32,29.4441,460742.98,False
ZH,32,3.16,460040.45,False
GXPS,32,27.04,460014.885,False
GLOO,32,3.33,459609.945,False
ELOL,19,21.2271,459499.43340000004,False
SCMC,32,24.97,459232.49,False
FABC,32,2.715,459205.43000000005,False
DRLL,32,40.13,458950.6376,False
CQTM,32,25.22,458556.25,False
GOTU,32,1.72,458125.83,False
ALGS,32,7.47,457421.365,False
FLRG,32,42.5638,457403.56235,False
ILS,32,20.15,457084.70019999996,False
RSJN,32,38.255,456195.4392,False
TARK,32,52.8083,455800.0603,False
JANW,32,39.335,455501.58999999997,False
OZEM,32,34.2647,455345.36565,False
DTI,32,2.505,454947.93,False
BRSV,22,44.3925,454597.7824,False
EUO,32,29.57,453946.7935,False
MGRE,32,22.48,453685.475,False
HBANL,32,25.39,453117.125,False
AIYY,32,7.45,452777.60399999993,False
BSL,32,12.94,452683.91500000004,False
UP,32,5.0,451692.975,False
TRVG,32,5.52,451133.005,False
LANDP,32,20.75,450930.875,False
LEUX,32,14.76,450845.095,False
NAMM,32,1.5,450152.96,False
QDEF,32,91.3516,449909.13659999997,False
VNCE,32,6.13,449723.475,False
LGCY,32,10.62,448522.58999999997,False
BRHY,32,51.12,448193.97640000004,False
SPYH,32,56.83,448021.8312,False
LRGG,32,29.74,447499.7228,False
IWMW,32,40.1532,447239.0563,False
SRBK,32,19.64,447162.19,False
AIFD,32,51.0973,446605.02139999997,False
FNWD,32,43.06,446512.88,False
NSAIU,6,9.99,446510.82,False
SCLX,32,5.65,446360.26,False
BRT,32,15.14,446296.38,False
FRGN,32,32.161,446023.58045,False
UJUN,32,39.105,445944.66000000003,False
MRAX,11,29.79,445850.96,False
CDTG,32,0.98,445570.66000000003,False
CGTX,32,1.03,445270.56200000003,False
BSSX,32,25.3,444941.34,False
CAFX,32,24.59,444210.7625,False
LIMN,32,4.61,443586.6675,False
IDE,32,13.28,443492.51,False
BNC,32,3.12,443443.445,False
TMS,32,5.99,443264.04500000004,False
UNMA,32,21.73,443159.1,False
GRNI,32,21.1512,443082.90910000005,False
NVDB,32,30.6046,443053.0468,False
SRJN,32,22.51,442684.94500000007,False
RINT,32,33.385,441992.96595,False
SMUP,32,5.48,441964.365,False
GDO,32,10.17,441909.08999999997,False
GQQQ,32,35.5415,441804.52694999997,False
MNVT,32,30.2515,441790.475,False
PBJ,32,48.71,441720.755,False
RSVR,32,9.94,441559.04000000004,False
BAIG,32,16.6084,441342.93375,False
CURR,32,3.61,440746.35,False
GSEP,32,41.7335,440210.145,False
KNCT,32,193.8868,439754.10089999996,False
CFA,32,101.6472,439624.675,False
PATX,32,16.91,439462.3331,False
EWAVU,17,9.98,439238.66,False
GLBS,32,3.825,438970.67500000005,False
CPXR,32,33.59,438718.8413,False
HURA,32,2.04,438048.66,False
VBCA,32,75.655,437661.55,False
WDIV,32,85.82,437265.47115,False
EXYN,32,3.22,436743.815,False
ATRA,32,9.84,436589.275,False
BHFAP,32,14.2505,436329.395,False
PZT,32,21.97,435883.78975,False
MDCX,32,0.261,435579.377,False
HPF,32,15.72,435369.645,False
SIFY,32,14.45,435229.605,False
AGNCN,32,25.918,435166.495,False
OCTW,32,41.6549,434564.72,False
VDV,32,79.971,434443.7884,False
KLTR,32,1.53,433924.23,False
FLCC,32,36.7573,433842.2154,False
LGCL,32,0.0439,433770.48,False
STBF,32,25.24,433746.68999999994,False
RSPM,32,41.1556,433667.9825,False
AFSM,32,40.56,433618.101,False
TSEG,32,6.5287,433498.6164,False
QMMY,32,26.36,433270.3913,False
PCLA,32,7.49,433156.675,False
EART,32,31.7492,432996.7855,False
PFDE,32,28.4153,432681.36805000005,False
SMID,32,27.535,432603.23,False
RDTY,32,37.5958,432450.775,False
ACIU,32,2.92,431620.86,False
YQQQ,32,9.7944,431554.9355,False
SRS,32,38.155,430993.85,False
KTEC,32,12.935,430882.69499999995,False
FNGO,32,146.2736,430698.3114,False
BCV,32,24.83,430549.355,False
METCB,32,6.78,430371.58999999997,False
IMVP,32,20.2747,430267.58,False
AZIO,32,1.19,430064.52,False
MIND,32,4.34,430048.03500000003,False
TGHL,32,0.8021,429901.11815,False
DABS,32,50.525,429841.575,False
KARS,32,31.08,429776.704,False
MFSM,32,24.8,429775.26,False
MOOD,32,44.535,429337.6578,False
JPXN,32,102.5335,429023.3119,False
MVV,32,88.74,429023.18525,False
DTW,32,19.47,428929.1675,False
CHCI,32,19.52,428685.855,False
BOLD,32,2.94,428580.1925,False
AIFC,32,0.642,427576.7568,False
WALD,32,1.36,427568.64,False
SOFR,32,100.39,427403.37749999994,False
SKIN,32,0.6501,426349.23589999997,False
FNUC,32,1.73,426244.91000000003,False
GAUG,32,42.04,426141.1875,False
QQQG,32,30.5116,425900.4037,False
KEMX,32,50.8071,424903.1065,False
GOOP,32,36.56,424744.62,False
NVYY,32,11.765,424702.605,False
ASBA,32,24.72,424231.52,False
QLV,32,80.14,423362.58900000004,False
MAMB,32,24.1271,423145.44995000004,False
NNNN,32,7.83,423026.525,False
FCTE,32,29.4462,422064.47355,False
VCIG,32,2.84,421963.6705,False
CMII,32,10.06,421195.70999999996,False
BGDE,32,7.62,420047.40499999997,False
DMX,32,50.1311,420008.485,False
NEXR,32,2.7,419999.06000000006,False
SEV,32,2.385,419958.455,False
PBQQ,32,31.69,419933.95,False
DEUS,32,67.98,419842.4344,False
NIU,32,1.96,419726.46499999997,False
LNGX,32,44.5409,419076.225,False
CSEN,32,25.4294,418815.77760000003,False
MSSE,21,26.4809,418780.98000000004,False
VIP,32,1.82,418378.635,False
YETH,32,9.3,418133.451,False
GQRE,32,64.8986,418032.99419999996,False
OMFS,32,53.2965,417914.326,False
FFOX,32,29.99,417876.0222,False
EWK,32,27.67,417722.34415,False
CRMU,32,2.94,417421.31585,False
AMZO,32,13.5833,417111.48250000004,False
MTEN,32,1.02,417033.07635,False
KLXE,32,1.48,416602.13,False
ARQ,32,2.17,416357.21499999997,False
PLTA,32,19.0164,416333.39,False
FTPA,32,8.555,416198.69149999996,False
NJUN,32,32.5716,414805.2942,False
SBI,32,7.62,414677.62549999997,False
TWOD,32,25.91,414667.515,False
OKUR,32,3.85,414418.975,False
CSHR,32,5.98,414380.53500000003,False
IQM,32,104.2095,414057.58050000004,False
JDZG,32,4.42,413817.025,False
RWX,32,27.8903,413208.315,False
LUCK,32,6.7,412759.7,False
MBS,32,8.585,411798.86250000005,False
GBF,32,102.66,411409.8712,False
QVML,32,45.2831,411075.62639999995,False
BJDX,32,0.9162,410868.84790000005,False
AQEC,32,26.1093,410507.7829,False
BSMC,32,40.5972,410507.60219999996,False
JA,32,50.265,410161.29,False
CHSCN,32,25.14,408676.615,False
ACFN,32,20.23,408358.5678,False
QCLS,32,2.44,408118.05000000005,False
GOP,32,44.4455,408052.6622,False
JZXN,32,1.12,408028.53,False
YSPC,30,47.19,407412.525,False
XXV,32,23.6664,407316.76,False
PLRX,32,1.19,406956.92000000004,False
VEMY,32,28.52,406674.95,False
USGO,32,9.7,406405.0,False
NPFI,32,25.915,406206.0075,False
MBRX,32,0.611,405752.80569999997,False
RFDI,32,93.2975,405485.40405,False
HTUS,32,45.63,405370.88820000004,False
PHEQ,32,35.0675,405346.08499999996,False
PBJL,32,31.7702,404773.6,False
UJAN,32,46.15,404664.25179999997,False
ASEA,32,21.745,404379.25,False
NCA,32,9.11,404302.044,False
MCI,32,18.0,403986.94,False
BHFAM,32,10.1414,403419.11,False
QQQP,32,214.8425,403077.89560000005,False
SMLV,32,159.4993,402604.6392,False
FERA,32,10.51,402394.14,False
AIBD,32,50.6604,402363.44299999997,False
MVFG,32,35.5833,402358.1511,False
SPBW,32,29.2,402125.174,False
GOEX,32,97.6591,401672.6792,False
SDFI,32,35.48,401166.92000000004,False
TSQ,32,5.85,400681.61,False
SPAI,32,5.25,399691.88,False
MKTN,32,27.4257,399565.79000000004,False
FATN,32,5.86,399173.42000000004,False
RKTO,32,0.7391,398666.48065,False
VEGN,32,76.7068,398394.9858,False
LQID,32,24.955,398186.8375,False
FLV,32,87.6611,397145.34030000004,False
QNTM,32,3.28,396897.2,False
ESIM,32,29.6022,396513.5285,False
DSC,32,8.52,396232.76,False
RTAC,32,10.48,396185.92000000004,False
FEAM,32,1.75,395800.43,False
GRWG,32,1.71,395796.4,False
BAMV,32,38.52,395702.56440000003,False
BWG,32,7.66,395667.925,False
HTEC,32,43.6907,394756.89890000003,False
KNOP,32,10.69,394491.20999999996,False
OGI,32,1.27,394372.7716,False
GMM,32,2.49,394074.44500000007,False
VBCE,32,75.1,394073.76749999996,False
KRBN,32,35.05,393545.52,False
SMRI,32,48.5253,393160.88029999996,False
BAMG,32,44.5859,393046.80614999996,False
ENDW,32,35.3161,392222.9017,False
GDMA,32,42.566,392031.98449999996,False
RZG,32,68.5343,391765.4,False
JLS,32,16.99,391651.235,False
BHFAL,32,15.88,391553.445,False
KAUG,32,29.2541,391312.975,False
QDEC,32,35.97,391200.95204999996,False
APMU,32,24.7744,391096.0,False
BOEG,32,12.3047,390893.40615,False
BEEM,32,1.36,390404.44,False
COHQ,6,34.7998,390244.065,False
LFVN,32,6.84,390195.67,False
SIHY,32,45.4688,389667.36,False
HYXF,32,46.6409,389480.895,False
AIRG,32,5.32,389345.485,False
TAGS,32,27.1702,389140.85,False
TURF,32,36.2181,389109.11139999994,False
MTLS,32,6.47,388598.985,False
TLYS,32,3.74,387914.35,False
VSDA,32,60.62,387702.46440000006,False
PPT,32,3.47,387660.24100000004,False
XLKI,32,26.21,387278.03845,False
SHEH,32,66.1151,386923.5549,False
RDNW,32,5.95,386612.06999999995,False
AGZD,32,22.6,386519.2414,False
FJDIU,16,9.98,386069.705,False
HEFT,32,26.6622,386020.8197,False
HIDV,32,92.647,385799.66025,False
LVLU,32,13.88,385786.24000000005,False
WMTI,32,19.18,385639.7,False
RAFE,32,50.62,385448.17,False
AIXI,32,1.31,384770.4899,False
GWH,32,0.378,384750.6,False
TRPA,32,38.97,384235.54065,False
CODX,32,1.23,383700.04000000004,False
SOR,32,46.77,383427.73,False
EVG,32,10.69,383392.985,False
CAPE,32,33.5669,382138.26769999997,False
NNVC,32,1.29,381441.34500000003,False
HYTI,32,19.0442,381411.95,False
EET,32,111.1999,381144.9316,False
NFLY,32,8.0,381138.75549999997,False
SDTY,32,41.372,381012.7593,False
GXPD,32,26.53,380980.4025,False
HURC,32,22.69,380586.97,False
ZYBT,32,1.89,380391.24,False
YALL,32,44.5399,380280.65,False
MBBA,32,49.1739,380154.10545000003,False
FDBC,32,53.63,379892.81999999995,False
FLDB,32,50.44,379747.895,False
ROLR,32,6.17,379730.81,False
BARK,32,10.34,379494.32999999996,False
GOCT,32,42.31,379419.24250000005,False
SPBX,32,29.72,379403.27225,False
IAUG,32,31.0433,378843.40249999997,False
DFEB,32,51.34,378680.54154999997,False
ADPV,32,45.05,378372.45485,False
PGP,32,8.68,377987.8935,False
DMO,32,10.32,377853.73,False
CHSCP,32,26.655,377703.27,False
IPFX,32,10.095,377531.66,False
BCTK,32,29.7579,377343.90975,False
GMEX,32,1.07,376924.93500000006,False
NOVTU,32,59.91,376720.04500000004,False
SNSR,32,46.8561,376339.8885,False
UBOT,32,22.71,376281.3017,False
GCAD,32,52.45,376187.3264,False
IBLC,32,47.3565,375267.782,False
KKRS,32,16.17,374585.98,False
GHYG,32,45.4701,374520.6,False
TYD,32,23.05,374245.985,False
JTAI,32,1.54,374011.505,False
ACKY,32,18.1301,373880.79000000004,False
SPE,32,13.39,373686.87,False
SKIL,32,7.89,372790.025,False
PARK,32,20.46,372688.34,False
TOLZ,32,59.3457,372372.8555,False
LNZA,32,6.66,372325.96499999997,False
TCGX,15,13.89,372029.76,False
JUST,32,110.3145,371896.5845,False
PDN,32,47.69,371502.44145,False
LEE,32,8.48,371169.06,False
SEAT,32,7.285,371117.025,False
BNOV,32,48.9245,370768.10250000004,False
CAF,32,18.82,370529.915,False
JRSH,32,5.5,370239.78099999996,False
GHYB,32,44.705,368984.2221,False
OPAL,32,2.13,368127.28,False
IBUF,32,32.16,368041.9383,False
HYSA,32,14.8995,367969.68220000004,False
EWAV,8,9.86,367655.155,False
LMNX,32,9.3549,367268.58075,False
PFIG,32,23.73,367247.83,False
DUOG,32,57.0526,367176.42130000005,False
PERF,32,1.89,366747.51,False
ATYR,32,0.57,366448.103,False
IBIC,32,25.6595,366068.065,False
SUNE,32,2.2,366062.565,False
TACK,32,32.8503,365946.1278,False
KMDA,32,8.63,365914.9,False
SSK,32,13.235,365254.18850000005,False
GNS,32,0.1793,365192.88375,False
SPFF,32,9.51,365141.2515,False
ERC,32,9.33,365090.88,False
AZUL,32,7.8,364162.69999999995,False
XJR,32,51.8392,364042.13300000003,False
SIO,32,25.54,363896.55955,False
USAI,32,46.9275,363840.0621,False
TP,13,8.01,363659.67,False
EOT,32,17.26,362893.265,False
RVNU,32,24.571,362708.105,False
CGO,32,13.2,361897.20999999996,False
ALTI,32,4.02,361746.70999999996,False
UDIV,32,61.5021,361029.2451,False
MWC,32,1.43,360989.69999999995,False
XSHD,32,14.43,360458.19,False
RGCO,32,21.94,360032.665,False
TPET,32,0.2055,359843.46345,False
EUVX,32,14.4702,359668.16000000003,False
CHSCO,32,25.8,359630.04000000004,False
GCPB,12,50.145,359594.283,False
RPID,32,1.66,359297.105,False
TSYX,32,23.3535,359124.125,False
DTG,32,15.915,359059.78500000003,False
DDFZ,32,19.71,358944.32499999995,False
MODD,32,3.79,358801.21,False
SMX,32,16.5,358671.69999999995,False
TLTD,32,105.5628,358601.3219,False
TRTY,32,31.7634,358493.35534999997,False
FINW,32,13.87,358438.93000000005,False
KAT,32,59.2514,358357.4244,False
NDIV,32,35.49,358209.26710000006,False
VBIO,32,0.159,358043.94545,False
VIDI,32,40.7605,357990.0046,False
CLOB,32,50.4627,357547.17000000004,False
FICS,32,42.9593,357430.8234,False
GLQ,32,8.05,356883.345,False
BTGD,32,29.24,356677.9314,False
RWTQ,32,23.52,356577.83999999997,False
IFLN,32,18.235,356526.62,False
JPIN,32,77.795,356197.0645,False
ITDE,32,40.9093,355799.7392,False
ACR,32,14.86,355608.105,False
JUNP,32,32.28,355396.13,False
ABEQ,32,39.37,355364.49,False
MSD,32,7.33,355076.19499999995,False
INFO,32,28.0787,354985.93155,False
JPO,32,14.4159,354634.38,False
PCF,32,5.42,354410.341,False
EQTY,32,29.9269,353786.24179999996,False
FCNCN,32,24.845,353780.385,False
MHF,32,6.8632,353655.971,False
SUGP,32,1.16,352660.99,False
DJAN,32,46.365,352605.45574999996,False
QSPT,32,35.362,352538.41105,False
DIBS,32,4.48,351572.24,False
PALC,32,58.3679,351482.29000000004,False
LITP,32,11.99,350931.6098,False
IVEP,32,25.9976,350651.88475,False
RLYB,32,16.885,350137.755,False
FHYS,32,23.116,350081.055,False
METW,32,22.928,349932.7,False
GLGG,32,5.269,349895.63159999996,False
TPGXL,32,22.65,349743.9,False
MNZL,32,60.1629,349069.52009999997,False
RILYZ,32,19.7,348891.30000000005,False
BIGY,32,52.4593,348611.925,False
GJAN,32,45.8407,348031.02995,False
PCPP,32,27.585,346909.0534,False
GIGL,32,49.8255,346646.86,False
ENSC,32,0.403,346602.62549999997,False
LCTD,32,60.7408,346551.4138,False
FRTY,32,23.23,346473.33735000005,False
SEPU,32,31.71,346133.35994999995,False
RDZN,32,1.51,346118.605,False
INT,32,14.005,345740.73,False
BFOR,32,24.22,345624.51225,False
LEXI,32,40.9663,344878.3871,False
WTFCN,32,26.23,344471.55500000005,False
STXE,32,50.073,344316.93189999997,False
FTRI,32,18.8829,344213.85500000004,False
CLAR,32,3.8,343655.0285,False
GAME,32,3.65,343625.604,False
MGR,32,19.72,343225.95,False
ZVOL,32,7.6316,342895.0925,False
SLTY,32,20.8101,342838.6188,False
BABO,32,8.08,342567.13600000006,False
BSMZ,32,24.8624,340769.95,False
LSAK,32,4.53,340372.385,False
FGSN,32,20.86,340277.13,False
TXXH,32,66.7297,339902.4253,False
HAIN,32,0.874,339854.48960000003,False
BUL,32,65.6834,339145.0936,False
LPSN,32,2.77,338889.72,False
DMAY,32,47.855,338739.9943,False
EMBD,32,23.6886,338464.8161,False
QEW,32,30.3269,338410.4018,False
ELD,32,29.25,338117.99249999993,False
RNXT,32,1.42,337672.15,False
SPCI,32,22.1541,337357.19354999997,False
REMG,32,36.8246,337346.37919999997,False
IHD,32,7.65,337227.03,False
CRIS,32,1.59,336846.89,False
SBTU,32,41.62,336197.0,False
BJAN,32,60.205,335924.06,False
DULL,32,47.0331,335580.10485,False
IBIM,32,24.83,335470.7625,False
BSEM,13,3.81,335361.54,False
EGGS,32,36.769,334995.5825,False
DRGN,32,33.8399,334612.65,False
TMCR,32,6.45,334194.99,False
MINV,32,49.6216,334012.0751,False
PNI,32,6.83,333329.3945,False
EAI,32,19.9562,332895.1,False
UNHW,32,48.0502,332723.82,False
TINY,32,77.5699,332638.59924999997,False
CUB,32,10.86,332412.905,False
IBHK,32,25.5976,332169.251,False
FEBT,32,41.9861,332003.48675,False
ASHS,32,42.33,331856.39770000003,False
FCEF,32,24.21,331799.405,False
OZKAP,32,16.29,331743.17500000005,False
NVIT,32,48.9098,331073.4325,False
MEXX,32,30.66,330802.2666,False
GYRE,32,6.68,330687.46499999997,False
TCV,32,33.127,330617.0124,False
BSJW,32,25.29,330456.98,False
KCOP,32,25.85,329545.82499999995,False
QGRD,32,29.1839,329208.2088,False
TMUSZ,32,20.22,328486.375,False
BLES,32,50.23,327866.10719999997,False
JHCB,32,20.93,327362.01,False
BTMD,32,1.58,327123.88,False
BNDP,32,73.59,326774.935,False
CVNY,32,21.7081,326115.68999999994,False
YBIT,32,21.57,325705.475,False
UDEC,32,42.53,325636.94515000004,False
TLTI,32,44.1102,325481.975,False
NRT,32,8.56,325335.851,False
THOR,32,26.76,325250.61525000003,False
LOWV,32,84.0943,325182.6621,False
SKF,32,22.1957,325139.6005,False
AXG,32,2.34,324529.375,False
DECW,32,36.2901,323178.6214,False
CROB,6,26.64,322628.71054999996,False
SPWH,32,1.13,322172.48,False
CPAG,32,102.1815,321793.0023,False
AALG,32,11.58,321233.09030000004,False
DEFR,32,26.7748,321193.25,False
WHG,32,19.66,320676.30000000005,False
GHI,32,6.55,320657.44,False
NFXS,32,18.5316,320585.2568,False
IBII,32,25.425,320278.6998,False
TSLI,32,16.9628,320131.45125,False
SZZL,32,10.44,320054.4075,False
TAOX,32,3.95,319831.04000000004,False
NIPG,32,17.06,319767.015,False
PLAG,32,0.7203,319648.0415,False
STXV,32,39.7773,319581.7779,False
AIBU,32,62.762,318884.80185,False
ILLR,32,0.831,318851.995,False
QCMD,32,18.6631,318696.0851,False
BLCV,32,43.1333,318352.5172,False
WDRN,32,26.846,318304.26910000003,False
PMTV,32,25.26,318076.21274999995,False
IRTR,32,32.1585,318040.96,False
KXIN,32,5.5,317782.615,False
OAEM,32,49.0521,317282.64914999995,False
WSHP,32,4.69,317088.625,False
MLP,32,16.06,317039.7,False
RBUF,32,31.35,316824.11605,False
PRIV,32,24.9224,316720.37,False
UPW,32,21.5935,316711.5685,False
BCTX,32,3.77,316664.875,False
CVU,32,5.35,316170.54000000004,False
SCYX,32,5.19,315766.72000000003,False
CFO,32,82.3988,315629.43545,False
NCO,18,9.89,315539.8975,False
INEQ,32,42.3331,315468.99505,False
WWR,32,0.5992,314847.4231,False
GUMI,32,50.3594,314804.96219999995,False
RILYT,32,21.37,314608.71,False
UFEB,32,39.3261,314306.6625,False
IBIL,32,24.945,314214.5375,False
XOS,32,3.52,314000.81999999995,False
MSOL,21,26.5926,313883.4,False
NRUC,32,21.53,313861.57,False
DFLI,32,1.15,313505.485,False
NTHI,32,4.71,313105.27,False
QALT,32,26.4398,312352.45,False
GRO,32,2.49,312169.25,False
MSLE,32,9.4,311593.26,False
UGE,32,19.9418,311498.745,False
PGRO,32,46.7404,311395.0796,False
VABK,32,46.97,311339.46,False
GLDW,32,46.62,311108.03,False
ADAMM,32,25.52,310870.6884,False
CCNR,32,41.98,310760.1975,False
ARCX,32,14.63,310627.43110000005,False
DDTL,32,22.3585,310268.07259999996,False
GNPX,32,4.0,310206.07499999995,False
VRA,32,3.2,310157.025,False
DBCA,32,10.0,309885.64,False
CSM,32,88.29,309340.854,False
PFOE,32,23.6807,309150.04689999996,False
PSQH,32,6.88,309058.505,False
CHIQ,32,17.7061,309034.7184,False
GFEB,32,44.7748,308949.37525000004,False
NHYM,32,24.655,308834.3975,False
GINX,32,37.1512,308589.99285,False
BRAI,32,5.45,308495.24,False
DHLX,32,13.915,308068.89,False
RSSX,32,28.72,307926.84400000004,False
SNTQ,32,24.26,307709.0359,False
TOTR,32,39.7309,306698.0625,False
FT,32,7.77,306676.3825,False
GPJA,32,20.62,306175.66000000003,False
RTXG,32,26.8958,305421.052,False
JUNT,32,38.4997,305075.66645,False
CRWX,32,21.3485,304916.98124999995,False
ATMP,32,36.44,304610.77825,False
EML,32,25.69,304467.005,False
ZNOV,32,27.79,304280.52804999996,False
CRSH,32,20.3987,304207.08,False
LGO,32,0.75,304015.06215,False
MCRB,32,5.0,303878.28,False
GSGO,32,44.0303,303796.66495,False
YGLD,32,40.4539,302996.33999999997,False
METQ,6,24.72,302904.798,False
CCIF,32,2.67,302891.163,False
HIAI,3,25.3561,302814.52239999996,False
DYTA,32,31.7496,302643.7864,False
MFEM,32,28.5626,302415.8968,False
BJUN,32,49.63,302406.755,False
SPDV,32,41.8179,302047.82519999996,False
RVSB,32,5.17,301761.69,False
OSRH,32,0.1165,301670.88899999997,False
DARP,32,57.2001,301422.3415,False
EDSA,32,4.45,301280.71,False
BNKU,32,45.3202,301231.03229999996,False
SMOX,32,30.2967,300946.328,False
SLGB,32,0.539,300730.4814,False
IBIK,32,25.225,300353.477,False
OGIG,32,50.0436,300257.257,False
MSFW,32,32.1009,299816.66500000004,False
NNY,32,8.19,299674.66099999996,False
AGEM,32,49.47,299326.6834,False
DECT,32,40.1708,299231.33999999997,False
MFAN,32,25.16,299161.97,False
BLTD,32,24.6619,299141.33,False
BODI,32,6.15,298740.2425,False
IVAL,32,37.3055,298618.95074999996,False
CELZ,32,1.24,298338.9035,False
TCRX,32,0.7937,298133.466,False
SHE,32,159.0139,297822.1613,False
TACO,32,10.475,297783.44,False
WHF,32,7.05,297660.66000000003,False
SIXH,32,44.6831,297508.2408,False
ITDF,32,42.4727,297498.50600000005,False
CBUS,32,1.68,297376.475,False
BGLD,32,17.83,297278.775,False
RDFI,32,23.3988,297240.755,False
AMID,32,36.36,297090.92449999996,False
IVVB,32,35.34,297087.30000000005,False
RUSC,32,38.3641,297076.5505,False
AIVL,32,134.3994,296923.07885000005,False
BDRY,32,15.065,296632.96355,False
BIDG,32,7.15,296587.265,False
METL,32,30.01,296550.19,False
CSNR,32,38.6588,296549.9313,False
BEPH,32,15.14,296303.35,False
VOC,32,3.37,296037.43799999997,False
PFD,32,11.2,295712.2,False
INUV,32,0.7138,295434.68,False
APYX,32,3.11,295378.79000000004,False
RUBI,32,1.78,295294.87,False
SY,32,2.425,295198.85,False
TLPH,32,1.23,295003.065,False
ROAM,32,36.06,294467.08,False
FTHF,32,47.7262,294319.105,False
SITX,11,17.8385,294035.3088,False
SELV,32,35.41,293567.775,False
RSPR,32,37.0119,293552.19039999996,False
ATLCZ,32,25.376,293308.78359999997,False
ONLN,32,59.69,293248.1972,False
DTB,32,16.0299,292719.00585,False
RILYN,32,25.05,292654.43785,False
GLV,32,6.14,292613.04000000004,False
AQNB,32,26.21,292599.81,False
MREO,32,0.2816,292474.18724999996,False
CHGX,32,33.8341,292039.1196,False
LDSF,32,18.855,292032.45,False
PARA,32,1.23,291742.645,False
KAZR,32,1.95,291486.6,False
FCXG,32,19.782,291250.97955,False
SABA,32,8.2,290923.985,False
DOCT,32,47.56,290912.1436,False
BAMD,32,35.25,290630.5716,False
WHLR,32,0.3665,290309.229,False
SHIM,32,4.02,290286.17,False
DCGO,32,0.3824,290270.5266,False
VRXA,32,1.73,290177.08,False
OPER,32,100.26,290132.03500000003,False
NODE,32,40.0594,290087.9308,False
BCIC,32,7.73,290042.4085,False
JOYT,32,59.1197,289998.1119,False
ECON,32,35.498,289785.01190000004,False
INDS,32,41.3721,289689.5991,False
QTJL,32,41.668,289526.6738,False
COZX,32,9.3,289432.92,False
CLDI,32,1.31,289317.2,False
IBIJ,32,25.42,289197.07,False
MIN,32,2.45,288948.085,False
PAVS,32,5.23,288880.8,False
DDEC,32,48.2602,288805.56,False
EHTH,32,1.2,288794.36,False
CSTE,32,3.37,288512.79000000004,False
IRHO,32,10.05,288462.8225,False
OZ,32,48.29,288450.0,False
REIT,32,30.9781,288424.33385,False
RDGT,32,0.8232,288391.282,False
NJAN,32,59.5948,288041.45175,False
MTNB,32,0.1973,287611.3107,False
REW,32,12.1,287436.72000000003,False
HEPS,32,2.7,287280.67000000004,False
JELM,32,25.61,286561.185,False
JSTC,32,23.0705,286560.569,False
IDX,32,11.68,286486.38,False
CPRJ,32,27.81,286403.5258,False
TPTS,32,16.03,286128.565,False
VINP,32,9.64,286075.184,False
BPYPM,32,16.49,285517.98,False
TFPN,32,29.8462,285053.54005,False
SMCO,32,29.4432,283872.38775,False
GP,32,1.61,282742.70999999996,False
COYY,32,16.7,281964.32999999996,False
FTOH,32,8.3199,281911.88399999996,False
ADAMG,32,25.19,281567.71,False
BEPI,32,16.17,281322.09014999995,False
MSSS,32,36.5231,281301.11595,False
LODI,32,25.24,281225.745,False
FGL,32,0.2098,280520.157,False
IFEB,32,32.2361,279969.8156,False
FREI,32,25.01,279356.0325,False
MPV,32,15.7,279355.02,False
SFGV,32,36.8358,279184.90969999996,False
IXHL,32,3.75,279037.46,False
MCN,32,5.68,278596.868,False
SEGG,32,2.83,277807.251,False
WOK,32,2.28,277711.375,False
NODK,32,15.34,277439.475,False
AKTX,32,7.87,277023.045,False
ADAML,32,24.88,276930.425,False
XLII,32,25.6048,276874.2652,False
RFG,32,61.5675,276625.5379,False
LDRC,32,25.11,276496.23,False
GRCE,32,2.2,276288.32999999996,False
FLNA,32,0.9488,276235.5294,False
NRDY,32,10.33,275851.065,False
BLST,32,24.9616,275800.25800000003,False
FEBW,32,36.1348,275263.4048,False
DNOV,32,52.2899,275226.38,False
RNTX,32,0.8,275096.7038,False
TLDR,32,25.01,274859.02,False
TRUG,32,0.585,274784.4186,False
LFS,32,2.31,274331.855,False
OPXS,32,10.39,273651.301,False
HBR,32,10.77,273574.86765000003,False
BAPR,32,54.2907,273353.9452,False
SDST,32,0.4061,273207.52599999995,False
RFLR,32,33.0647,272257.4059,False
LENS,32,47.5697,272252.03475,False
SRG,32,2.11,272162.96499999997,False
BRTMU,26,9.96,272144.725,False
LARK,32,32.24,271849.53,False
PAB,32,41.7807,271782.19499999995,False
HUBC,32,0.7671,271722.6314,False
ICCC,32,9.84,271526.74,False
ENRD,32,5.29,271162.07499999995,False
PAMT,32,11.58,271060.51,False
BALQ,32,55.0674,271052.28,False
MCGA,32,10.31,270940.05000000005,False
SMMV,32,47.6852,270483.57485,False
ELLA,32,25.29,269907.423,False
HBANM,32,20.5,269535.375,False
GSEU,32,50.7373,269491.51859999995,False
TMUSI,32,20.76,269391.22,False
MIC,32,12.6368,269061.87355,False
GMOV,32,32.7745,268733.005,False
FNWB,32,11.04,268614.6,False
CMSC,32,21.34,267558.83999999997,False
VPV,32,11.288,267517.6,False
PXI,32,61.9131,267276.368,False
ONOF,32,40.9046,267061.365,False
NBSM,32,29.2703,266923.01,False
XRPN,32,10.55,266907.125,False
SFBC,32,47.11,266512.18000000005,False
SPKL,32,11.55,265905.14160000003,False
TTMX,32,7.5452,265546.217,False
MDAI,32,1.63,265293.38499999995,False
LNSR,32,8.94,265025.73,False
GLIN,32,46.435,264889.6605,False
AMYY,32,13.9166,264740.38,False
VALQ,32,72.7754,264701.75549999997,False
GRIN,32,34.5046,264635.8696,False
TMFG,32,31.7948,264331.4414,False
LABT,32,2.29,264118.91000000003,False
NSYS,32,12.19,263884.74,False
TRUC,32,25.6216,263851.8579,False
COWS,32,40.4488,263765.51824999996,False
FLC,32,16.61,263681.19,False
CLNN,32,4.44,263138.15,False
QXL,32,4.9,262840.75,False
GXAI,32,0.8153,262530.82245000004,False
DAUG,32,47.54,262395.995,False
BESS,32,3.35,261925.72000000003,False
IAE,32,8.91,261711.705,False
SIXS,32,59.0831,261674.9614,False
YHC,32,1.66,261666.695,False
ZKH,32,2.96,261494.395,False
SEMI,32,37.76,261479.58535,False
QMAR,32,37.65,261442.9167,False
YJUN,32,27.6,261315.3885,False
KLRS,32,4.2,261071.28999999998,False
BTCU,32,25.0632,260853.52345,False
CINT,32,3.45,260792.805,False
DAPR,32,41.54,260742.9625,False
TTXU,32,32.4958,260466.13845000003,False
XC,32,32.9416,260436.8703,False
CNSY,32,3.085,260194.88,False
AHBM,5,24.4026,260131.716,False
AGGA,32,24.985,260038.66000000003,False
DSPY,32,67.04,259996.0485,False
EEV,32,10.67,259477.365,False
DHDG,32,37.5189,259426.64224999998,False
BRIF,32,37.4097,259397.81955000001,False
SOAR,32,0.1564,259395.56,False
PMI,32,9.55,258951.695,False
SMTK,32,3.7,258662.05,False
OVT,32,21.757,258163.05284999998,False
LTRN,32,2.18,258031.35000000003,False
BVC,32,14.66,257849.555,False
TENJ,32,28.1961,257362.95835,False
GVH,32,1.03,257357.86,False
FID,32,23.285,257333.73249999998,False
SPYC,32,46.6191,257247.24034999998,False
ICCM,32,2.28,256935.675,False
STSM,32,18.1163,256901.88735000003,False
RPAR,32,22.81,256809.70149999997,False
DFE,32,78.1,256550.03399999999,False
AGNG,32,39.1,256475.77334999997,False
HVII,32,7.84,256321.53000000003,False
DSTX,32,36.7123,256257.98924999998,False
VANI,32,1.42,255894.45,False
IBGA,32,23.8024,255838.58860000002,False
SBC,32,4.25,255762.5,False
BYAH,32,2.59,255710.956,False
BAOS,32,0.439,255606.82499999998,False
GRDX,32,4.06,255515.1,False
PQUS,32,28.5,255446.62465,False
UPSD,32,30.2453,254742.6116,False
FEMY,32,2.85,254577.435,False
QAT,32,17.22,254491.2375,False
XYLG,32,29.395,254416.72999999998,False
MMCA,32,21.5,254398.72625,False
WEEL,32,20.73,254191.44,False
MSTB,32,43.9199,254133.0073,False
GLOW,32,35.4591,254114.85285000002,False
KAIT,5,24.3589,253888.7,False
UYM,32,32.58,253881.9114,False
TVC,32,24.1,253623.52635,False
COPZ,32,20.4645,253561.07319999998,False
DDSQ,32,21.445,253376.45515,False
LUMA,30,24.2503,253264.7632,False
CVRT,32,47.81,253248.4653,False
CVM,32,1.48,253211.26,False
FLX,32,1.84,253200.315,False
DEW,32,73.3213,253191.8196,False
AUUD,32,0.9699,253174.53710000002,False
CVMC,32,77.7648,253109.0233,False
RWTS,32,23.76,253069.59,False
ABLD,32,33.2409,253004.65,False
EDGQ,32,27.2195,252782.72499999998,False
ITAN,32,44.7406,252621.61920000002,False
ARB,32,29.76,252615.518,False
VELL,32,4.4,252425.09500000003,False
BNH,32,15.07,252383.295,False
LGVN,32,0.68,252189.2549,False
DSEP,32,48.49,252129.2115,False
SMHU,16,25.46,252043.51195000001,False
PED,32,13.11,251674.97999999998,False
MLPD,32,24.8894,251603.89,False
QXQ,32,31.594,251355.92365,False
OMEX,32,0.9305,251117.9044,False
QQXT,32,104.3054,251027.45434999999,False
MNTK,32,1.82,250776.63,False
NOCT,32,63.48,250635.59780000002,False
ERH,32,11.58,250521.655,False
QUSA,32,18.0153,250472.31,False
GF,32,11.45,250068.32,False
GTOC,32,24.7918,249798.69,False
BTDL,31,16.8042,249760.631,False
CMSA,32,20.47,249732.56875,False
PMVP,32,1.305,249651.36,False
SLVX,32,16.9557,249587.25,False
PENU,14,19.3233,249410.5906,False
CCM,32,4.95,248896.935,False
SEPZ,32,46.285,248564.32734999998,False
BVFL,32,21.335,248348.72499999998,False
MILN,32,47.2177,248219.04330000002,False
AFCG,32,3.39,247994.265,False
BLNE,32,0.981,247936.2354,False
XBFR,32,26.8108,247804.08769999997,False
CNVS,32,2.47,247797.0,False
NAPR,32,59.9847,247516.88264999999,False
KITT,32,0.8294,247294.8048,False
ELC,32,19.88,247124.75,False
PFSA,32,5.0,247031.521,False
RGT,32,15.49,247015.065,False
RSEE,32,39.5148,246724.61825,False
NCSM,32,48.65,246383.28,False
WKEY,32,6.46,246329.39500000002,False
DGRE,32,40.5973,246325.14130000002,False
EFAS,32,23.39,246148.52000000002,False
NHPAP,32,25.21,246112.625,False
VHC,32,12.79,246007.45,False
WXET,32,22.78,245871.175,False
BCLO,32,49.82,245770.16,False
TIPZ,32,51.3805,245481.09999999998,False
SIMX,32,11.7117,245315.21000000002,False
VDIG,32,64.372,244878.11700000003,False
UOCT,32,41.9751,244796.47379999998,False
CTEF,32,88.537,244363.073,False
WKHS,32,3.14,244116.585,False
VNRX,32,0.3846,243546.881,False
PLUL,32,8.6807,243523.38340000002,False
CEV,32,10.82,243417.88,False
GAPR,32,42.3904,243270.77180000002,False
EEMO,32,22.11,243253.6643,False
SOBR,32,0.5012,242999.09525,False
NTSD,32,48.0967,242591.3586,False
MGMT,32,51.2947,242580.783,False
BSCA,32,19.8,242472.8,False
STXG,32,56.0456,242358.0889,False
RANK,32,19.24,241563.06595000002,False
ICPI,32,50.135,241554.21000000002,False
WEED,32,21.9871,241302.76605,False
BMAY,32,48.3798,241135.93560000003,False
YSG,32,2.96,240952.53,False
AIFU,32,24.8,240888.18,False
CTXR,32,0.6037,240638.2329,False
CIIT,32,3.25,240590.66000000003,False
ALAR,32,1.66,240581.63,False
QBER,32,23.83,240534.49,False
NMI,32,10.39,240352.10339999996,False
FPFD,32,21.3,240047.29864999998,False
EONR,32,0.47,240034.73229999997,False
IZRL,32,29.22,239999.4362,False
FCLO,32,50.465,239911.8275,False
DRMP,32,21.3241,239225.40999999997,False
KGRN,32,23.79,238840.3035,False
BAGX,22,100.0283,238755.8077,False
SPMC,32,9.16,238607.665,False
NUHY,32,21.35,238556.0,False
ULVM,32,109.5746,238504.987,False
VTGN,32,0.2484,238451.46999999997,False
PBK,32,0.441,238433.464,False
ACLO,32,50.4985,238159.475,False
XSLV,32,53.0936,238090.04,False
PRSD,32,25.01,237881.71000000002,False
PODC,32,2.69,237852.4,False
FULTP,32,17.82,237662.8975,False
PTIN,32,38.0994,237494.9429,False
RSPE,32,35.2701,237313.08,False
TTT,32,72.5753,237183.67735,False
HIGH,32,21.66,237057.7564,False
OVLH,32,42.395,236873.44,False
SNFCA,32,8.73,236756.09,False
AGNCM,32,25.271,236747.92479999998,False
SGU,32,12.57,236700.81,False
FPAA,32,25.9526,236332.304,False
KWIN,32,25.7416,236312.82225,False
IONR,32,3.27,236176.5,False
VGI,32,7.29,235843.9365,False
XYZY,32,25.8187,235812.635,False
SSAC,32,10.07,235776.83000000002,False
QMAG,32,25.685,235751.8846,False
TREO,4,4.825,235601.53000000003,False
KNGZ,32,42.59,235364.7754,False
AXIN,32,10.33,234970.055,False
MMTM,32,303.9427,234799.24915,False
PSCC,32,37.8549,234732.8753,False
OKTG,32,24.7689,234598.2868,False
FUND,32,10.85,234128.31999999998,False
FDIV,32,28.6369,234064.9945,False
STFS,32,4.1,234040.185,False
GECC,32,5.94,234008.96,False
XDSQ,32,44.3849,233978.60570000001,False
JUNS,32,5.17,233622.44,False
DINT,32,30.47,233417.695,False
BFEB,32,53.7848,233253.72455,False
XDQQ,32,39.5011,232801.22720000002,False
FTG,6,23.63,232766.42025,False
BNJ,32,15.075,232283.40000000002,False
SMRF,32,25.8989,232056.85499999998,False
JULP,32,33.2598,232028.615,False
EGGQ,32,51.1899,231908.5125,False
VRAX,32,2.91,231794.57,False
DSAC,32,10.16,231779.385,False
HTCO,32,2.85,231378.67500000002,False
RSBY,32,18.0123,231360.31269999998,False
MBINL,32,25.04,230967.36,False
PSFJ,32,35.8356,230932.71999999997,False
SAV,32,24.78,230706.515,False
FCNCO,32,20.97,230509.275,False
HYIN,32,14.3734,230459.02360000001,False
JULT,32,48.7093,230328.54,False
VSMV,32,60.8216,229986.82725,False
GMAR,32,44.9502,229979.05865000002,False
TOPC,32,35.067,229818.0521,False
OASC,32,34.78,229773.044,False
EMKT,32,31.4509,229466.74225,False
FDCF,32,50.6058,229091.07,False
CWS,32,72.8608,228563.45115000004,False
STLL,11,12.412,228480.8818,False
BKCI,32,54.63,228416.6435,False
BASV,32,31.9245,228279.42709999997,False
KMPB,32,24.8,228235.315,False
CLNK,32,20.8852,228188.1027,False
VPX,32,30.8859,228080.6126,False
MTGP,32,43.895,227960.4675,False
TEKX,32,63.8347,227831.47105,False
VTN,32,10.8,227649.79499999998,False
IYLD,32,22.38,227532.055,False
HYFT,32,1.42,227530.89,False
GMOD,32,28.1948,227154.53625,False
ETHO,32,82.1588,227136.91635,False
WIA,32,7.97,227069.364,False
WTBN,32,24.9,227044.005,False
DBEM,32,39.2224,226778.4609,False
QNTU,32,8.85,226722.92155,False
DUNK,32,28.32,226195.715,False
GENT,32,10.21,226050.16999999998,False
NIKI,32,7.905,225716.43999999997,False
ETU,32,6.96,225625.47999999998,False
FTWO,32,47.9714,225528.3553,False
COE,32,16.15,225433.06,False
AGNCL,32,25.1901,225360.84500000003,False
EVF,32,4.96,225352.89500000002,False
NETL,32,26.7,225109.725,False
HSDT,32,2.14,225066.27,False
MPWX,32,14.1,224990.5375,False
MPA,32,11.045,224222.28999999998,False
MYSE,32,2.83,224163.85,False
XYF,32,5.42,223691.54499999998,False
KNRG,32,25.785,223660.1505,False
PRMR,32,28.7119,223262.44439999998,False
CAFG,32,33.3527,223024.9014,False
SWAN,32,33.495,222911.7523,False
WXM,32,4.9,222781.125,False
ACTU,32,1.58,222750.5775,False
FMN,32,11.02,222746.27499999997,False
LANDO,32,21.015,222581.02500000002,False
ITDG,32,43.2687,222331.30015000002,False
EMDM,32,42.4451,222271.95625,False
BKFI,32,23.63,222110.73255000002,False
SLND,32,0.7017,221946.1063,False
PFO,32,9.03,221861.32649999997,False
FRTT,32,1.07,221199.78975,False
RWLC,32,38.695,220410.1525,False
ONMD,32,0.5872,220355.52855,False
EVPF,32,49.905,220253.87,False
KJAN,32,46.3844,219945.6,False
WEA,32,10.42,219722.775,False
BDVG,32,15.0524,219466.56605,False
GFSG,32,3.5,218685.68300000002,False
GSUI,32,11.2608,218625.416,False
PAYH,32,25.0665,218544.47999999998,False
NMS,32,11.08,218365.75,False
IJAN,32,39.1601,218233.125,False
AIZN,32,18.6201,218016.86,False
BRLN,32,50.82,217944.07,False
ASBP,32,8.27,217908.78499999997,False
DARE,32,0.8207,217782.36000000002,False
WTID,32,3.0345,217691.16599999997,False
EZRA,32,2.81,217643.0,False
CRWS,32,2.93,217566.68000000002,False
AFJK,32,12.28,216671.865,False
SUIG,32,1.09,216515.04,False
FWAC,18,9.92,216497.045,False
YB,32,13.83,216444.58000000002,False
BEAT,32,0.503,216232.61345,False
HYP,32,26.2018,216202.1927,False
OVM,32,21.375,216142.15399999998,False
CPOP,32,0.3555,216093.198,False
PIO,32,45.095,215946.7,False
TCBIO,32,20.77,215937.485,False
EIRL,32,84.45,215695.64604999998,False
AUGP,32,33.91,215510.50940000004,False
EMPB,32,35.47,215505.4005,False
TLTE,32,77.2258,215084.33245000002,False
AMAN,32,10.69,215023.24000000002,False
DMAR,32,45.4252,214857.37365000002,False
XLSI,32,23.8777,214294.9706,False
PSTP,32,37.354,214089.0108,False
CRTC,32,40.8231,213834.5992,False
VEGA,32,53.3046,213750.7621,False
XIIIU,18,10.55,213678.155,False
ISCB,32,76.1056,213394.94275,False
ACVF,32,55.6328,213321.2374,False
FLL,32,2.12,212750.755,False
OXLCM,32,25.17,212660.91,False
UEIC,32,4.37,212539.17700000003,False
EQRR,32,85.8565,212171.52065000002,False
AXR,32,23.0,212008.84,False
EPV,32,16.591,211706.0696,False
HTT,32,2.57,211570.385,False
OARK,32,30.312,211498.38695000001,False
FCUV,32,10.5,211336.41,False
UMAY,32,38.6097,211318.73700000002,False
MCRP,32,1.08,211315.81,False
DHCNL,32,18.94,211209.49,False
XJUN,32,45.16,210979.36575,False
PRZO,32,0.82,210967.947,False
CGABL,32,16.115,210917.675,False
CCG,32,17.21,210902.0,False
VBCJ,32,74.2407,210736.7208,False
BTCC,32,13.75,210629.4067,False
RFEM,32,98.2547,210286.3516,False
BBDO,32,3.19,209259.351,False
CHAI,32,0.2599,209174.99865,False
QQQS,32,45.2397,209029.75585000002,False
ADIL,32,5.82,208818.8,False
HVAC,32,33.7,208767.8718,False
CCXIW,32,7.68,208764.84,False
DHCNI,32,18.57,208736.575,False
OCAC,17,9.96,208599.50999999998,False
ICU,32,3.18,208592.65999999997,False
UMAR,32,42.975,208559.9445,False
SKHA,21,28.4463,208525.19379999998,False
BBEM,32,77.17,208521.66249999998,False
VBCF,32,75.075,208317.065,False
FIEE,32,4.22,207875.57,False
NCRA,32,1.74,207556.115,False
NBDS,32,41.0507,207272.30875,False
SDG,32,94.1592,207015.74115000002,False
ONG,32,4.18,206826.36,False
GOLI,32,13.625,206717.005,False
DYNC,32,10.87,206291.10499999998,False
HEQ,32,11.91,206275.71000000002,False
ISMF,32,28.275,206072.43274999998,False
KMID,32,24.8614,205936.92075,False
PIII,32,10.31,205906.095,False
MNDR,32,1.61,205784.22,False
MERC,32,0.4265,205700.1693,False
SFB,32,19.68,205551.89500000002,False
HFFG,32,1.86,205209.1925,False
PNBK,32,1.05,205156.10499999998,False
ROC,32,4.06,205083.575,False
XUDV,32,33.8321,204915.5946,False
ATCH,32,0.1974,204784.283,False
ALBG,32,6.9522,204773.6801,False
RAML,24,12.8319,204649.45205,False
APRW,32,37.6646,204616.50855,False
BASG,32,28.6563,204568.66635,False
RFL,32,2.24,203950.555,False
WSMD,20,25.0837,203880.0066,False
LHSW,32,3.77,203807.06,False
UNL,32,5.86,203620.5585,False
PFI,32,63.0221,203564.92255000002,False
TCHI,32,23.37,203512.27109999998,False
CRDX,32,11.18,203143.054,False
IBTR,32,24.5854,202911.20095,False
BIPJ,32,23.97,202897.39500000002,False
EBUF,32,32.0928,202595.23705,False
CNQQ,32,23.07,202551.91999999998,False
OBAI,32,0.3428,202259.223,False
MGOV,32,19.94,202211.135,False
WBIY,32,39.1163,202117.23810000002,False
OSCX,32,108.3322,201808.4475,False
JPMB,32,39.8206,201799.70500000002,False
SEF,32,29.05,201688.90990000003,False
PTBD,32,19.175,201623.23249999998,False
ITDH,32,43.2785,201574.92349999998,False
PMTW,32,25.645,201258.69999999998,False
CCEC,32,22.62,200876.96,False
CARZ,32,105.6292,200843.3395,False
OIO,32,1.845,200731.05,False
SNAG,32,6.6049,200711.16465000002,False
KWM,32,1.58,200331.135,False
GOAI,32,1.87,200321.81,False
VLYPN,32,25.9505,199707.9775,False
PCM,32,5.41,199707.7745,False
RBNE,32,2.54,199659.66,False
LVO,32,3.82,199327.78999999998,False
MSMR,32,34.79,199242.80375000002,False
RYM,32,23.495,199203.5025,False
ULBI,32,6.59,199134.38,False
MXLL,11,13.215,199070.76,False
EDUC,32,1.36,199056.3,False
MDPL,32,30.8189,199043.99,False
PJFG,32,116.7743,198921.6631,False
SAIH,32,23.31,198798.39,False
EVYM,32,50.0185,198567.602,False
GNOV,32,42.54,198505.06144999998,False
PRXV,32,36.4594,198474.1385,False
MBOX,32,42.9296,198192.01499999998,False
ARAY,32,0.2661,198121.29544999998,False
BOCT,32,54.36,198111.175,False
GUSE,32,45.6734,197917.9399,False
DDDD,32,34.2732,197613.58045,False
DCMT,32,34.7771,197422.6245,False
HCTI,32,0.8336,197369.1428,False
TDIC,32,2.63,197340.14,False
PDSB,32,0.2215,197303.1125,False
ETX,32,18.1,197147.38499999998,False
TNON,32,5.62,196979.986,False
AOTG,32,64.6148,196765.0994,False
XSHP,32,17.2767,196287.65879999998,False
FBIOP,32,18.3,195981.19,False
SOCL,32,45.6145,195520.27909999999,False
FLMX,32,37.6839,195312.86095,False
EJAN,32,36.875,195243.74800000002,False
BMAR,32,58.805,195037.34999999998,False
POWA,32,91.7647,194943.2403,False
FCNCP,32,19.94,194865.495,False
ZMAY,32,26.23,194733.98154999997,False
EDVA,32,0.4182,194694.97,False
SIOO,32,19.615,194529.70999999996,False
DDFY,32,20.3748,194480.56,False
SPOG,32,8.6603,194390.56305,False
DLNG,32,3.72,194155.91999999998,False
NL,32,6.53,193979.56,False
TXXI,32,50.0494,193738.88,False
QWLD,32,159.5682,193498.44755,False
XLFI,32,24.6448,193451.995,False
HCWB,32,2.6,192636.61,False
CATF,32,49.475,192630.03,False
MINN,32,21.98,192399.375,False
WKSP,32,0.4895,192119.4382,False
SPBC,32,49.975,192085.5038,False
VRCA,32,4.94,192005.15,False
FFND,32,33.3077,191862.4278,False
FBUF,32,33.35,191778.0048,False
DOMH,32,2.56,191755.47,False
UMBFO,32,26.825,191542.16999999998,False
BKEM,32,30.625,191487.9944,False
MEMA,32,31.4504,191445.4948,False
USEP,32,41.97,191400.32,False
CSIO,32,28.5071,191237.29499999998,False
MGRB,32,16.17,191157.64,False
UMDD,32,35.3961,191156.72965,False
PLYX,32,1.99,191074.41,False
HELS,32,24.15,191053.28970000002,False
RKTL,32,10.12,190946.1595,False
RMI,32,15.2,190666.97,False
EXOD,32,9.69,190642.65,False
GEMG,32,8.8604,190638.11599999998,False
CIMO,32,25.23,190507.24,False
APLM,32,26.5,190483.39,False
CATO,32,2.79,190345.425,False
UAPR,32,35.63,190320.66499999998,False
NAZ,32,12.2085,190265.86,False
AMZP,32,26.7386,190219.8853,False
METG,32,12.77,189999.18550000002,False
DXST,32,2.65,189886.2,False
PPSI,32,2.85,189660.62,False
FLAX,32,36.5882,189653.35230000003,False
PDDL,32,13.9866,189483.06264999998,False
LSAF,32,56.3564,189330.79570000002,False
WDCC,32,13.1808,189147.63050000003,False
PXLW,32,7.08,188829.84,False
OPEG,32,2.34,188456.298,False
TURB,32,1.15,188093.14500000002,False
UECG,32,5.8295,188060.5143,False
IAF,32,13.39,187978.47499999998,False
VLT,32,9.95,187961.428,False
TMED,32,36.4127,187800.7369,False
OPAD,32,4.44,187627.71,False
TSXD,32,5.7863,187196.79499999998,False
RWEM,32,36.02,187054.695,False
NUGO,32,42.888,186814.4216,False
WYHG,32,5.0,186802.7,False
EMET,32,46.68,186713.2547,False
MVFD,32,31.3153,186537.5881,False
IFGL,32,22.86,186465.2125,False
CPNJ,32,27.6085,186110.1325,False
SPIT,32,32.7397,185952.7548,False
YLDW,32,25.855,185842.5662,False
AIOS,32,13.75,185689.40999999997,False
CSAI,32,5.05,185552.995,False
STXK,32,38.7203,185450.62125,False
ALTL,32,46.9769,185161.2475,False
CIMN,32,25.14,184914.595,False
CNAV,32,38.1479,184889.4167,False
NWGL,32,0.671,184685.6012,False
UPC,32,5.03,184648.59,False
MIMI,32,1.88,184635.96,False
FCRS,32,10.23,184277.6025,False
KAPA,32,0.2482,184209.74360000002,False
SWP,32,28.875,184106.3335,False
SPDF,32,28.11,183995.23330000002,False
NMAY,32,29.6298,183825.34999999998,False
TMFE,32,30.9751,183771.73665,False
RYOJ,32,5.69,183535.59,False
FUFU,32,1.49,183439.5,False
AZI,32,1.29,183384.52500000002,False
MKTW,32,18.48,183307.1,False
KCCA,32,17.06,183228.815,False
BCDA,32,1.13,183176.5835,False
ECNS,32,29.41,183106.72499999998,False
RSBA,32,20.58,182189.81865000003,False
BUSEP,32,25.95,181986.075,False
THLV,32,33.1017,181963.66445,False
BBSC,32,91.2628,181710.1796,False
NFLW,32,18.0723,181601.7,False
HIS,32,26.2094,181196.4475,False
BDEC,32,54.445,180939.97999999998,False
JETD,32,2.75,180687.295,False
HCOW,32,26.2245,180613.6655,False
MITP,32,25.345,180310.302,False
FSCS,32,38.0096,180087.54935,False
ELBM,32,0.6136,179871.2914,False
PHUN,32,2.145,179823.46999999997,False
HCWC,32,0.291,179361.93404999998,False
DLTH,32,3.78,179356.83500000002,False
JANP,32,35.46,179127.1,False
EMCB,32,66.205,178810.41749999998,False
XRPR,32,12.035,178691.10499999998,False
ZEPP,32,5.09,178674.47999999998,False
JULU,32,32.5336,178284.3225,False
NYXH,32,1.64,177574.66000000003,False
DDIV,32,46.7848,177185.04465,False
CPLS,32,34.735,177094.70679999999,False
ISRA,32,66.2693,177021.4326,False
TRNI,32,25.325,176731.8625,False
JULM,32,34.925,176658.8013,False
STXT,32,19.7086,176536.21499999997,False
KAPR,32,40.3534,176468.65105,False
ACVU,32,32.357,176403.72525000002,False
XMAR,32,43.3448,176215.3698,False
FNK,32,64.5548,176080.8753,False
BGDV,32,31.1156,175982.6348,False
BIPH,32,15.975,175734.3,False
BACC,32,10.48,175542.76750000002,False
CBFV,32,37.425,175041.84,False
CIX,32,31.76,175022.4,False
BIOT,23,0.4409,174997.7094,False
HGBL,32,1.19,174967.78999999998,False
GMOM,32,37.9684,174810.01075,False
ADAMN,32,25.05,174729.125,False
FBDC,32,17.78,174601.01825,False
DDT,32,26.32,174591.16999999998,False
AUMI,32,110.0053,174276.4046,False
JSM,32,18.155,174266.47999999998,False
JEMB,32,53.5254,173886.9275,False
MYPS,32,0.5068,173837.9691,False
HKD,32,1.71,173545.4,False
TRBF,32,49.01,173464.59750000003,False
SPD,32,42.293,173420.6466,False
MNRS,32,35.2376,173393.6084,False
GSJY,32,54.7008,172920.64344999997,False
EVX,32,40.9827,172912.1933,False
AFGD,32,20.49,172722.01,False
PGZ,32,9.96,172624.445,False
RJMI,32,25.145,172435.84,False
EFO,32,79.1939,172390.18800000002,False
FRGT,32,1.51,172349.71000000002,False
PBAU,32,32.0002,172007.575,False
BUFI,32,43.57,171963.1007,False
UST,32,41.6535,171847.2567,False
RVMDW,32,11.98,171805.94,False
ECF,32,12.47,171593.22,False
QBSF,32,27.36,171459.6226,False
TVE,32,23.53,171419.735,False
GOVX,32,0.6419,171383.4723,False
PRSO,32,0.6536,171368.3108,False
HBANZ,32,19.3,171294.905,False
CANG,32,2.38,171163.83000000002,False
PBM,32,4.27,170950.91999999998,False
BUFH,32,21.62,170624.195,False
SPRC,32,6.69,170485.32,False
MSFY,32,20.0981,170457.71999999997,False
AIHY,26,20.8882,170378.4275,False
HUHU,32,4.52,170174.005,False
INQQ,32,14.25,170167.863,False
USNG,32,34.1381,170114.79975,False
DEED,32,21.165,170095.60499999998,False
XYZG,32,18.5569,169988.0756,False
FTBD,32,48.8301,169733.7375,False
SLMT,32,4.22,169463.195,False
UNX,32,108.8672,169340.145,False
SIXJ,32,37.195,169313.44375,False
ADDS,32,24.7165,169246.73720000003,False
TYO,32,14.445,169123.4334,False
BSEP,32,53.975,169003.5529,False
SLBT,32,2.64,168845.025,False
SOTK,32,5.26,168492.075,False
TYA,32,12.5013,168478.0972,False
NYSX,32,124.7462,168069.5814,False
AADR,32,84.321,167695.3998,False
SPYQ,32,194.171,167435.88254999998,False
IMAR,32,31.381,167318.0001,False
WAFDP,32,16.49,167047.805,False
BIPI,32,16.745,166964.435,False
RILYG,32,24.6826,166935.90889999998,False
JHHY,32,25.6473,166872.3899,False
TISI,32,24.09,166753.0,False
DIPS,32,34.7647,166630.305,False
GRX,32,10.17,166475.16000000003,False
GPMT,32,1.06,166470.445,False
ALTY,32,12.3816,166429.875,False
NUDV,32,34.46,166250.8875,False
FUSI,32,50.565,166247.13,False
UXI,32,58.2696,166186.8189,False
POLA,32,1.51,166017.505,False
TPZ,32,21.21,166014.8199,False
OVB,32,20.2566,165943.06689999998,False
POCI,32,4.41,165860.09999999998,False
JFLI,32,54.321,165857.80815,False
PLSM,32,2.85,165655.12,False
EFAD,32,45.5846,165569.2081,False
APMC,32,9.97,165395.0098,False
APHU,32,24.0232,165157.8125,False
AAPE,32,14.34,164949.01364999998,False
GDOG,32,10.35,164747.69449999998,False
IEUS,32,74.4,164559.9875,False
KOCT,32,38.0248,164541.69285,False
AVRY,32,25.67,164088.525,False
QEMM,32,81.7729,163716.32,False
FGBI,32,8.13,163532.34,False
QCAP,32,25.0849,163527.00425,False
NXPL,32,9.09,163327.02000000002,False
MINY,32,40.9613,163325.22,False
AFGC,32,17.9,163277.8025,False
GYLD,32,14.375,163162.63,False
AIM,32,0.254,162790.67450000002,False
BPYPP,32,16.36,162691.115,False
JHLN,32,24.6955,162653.95640000002,False
BKSE,32,44.7943,162611.57880000002,False
AMAX,32,7.72,162276.15,False
BBCB,32,44.6209,161913.45779999997,False
MGX,32,1.21,161803.245,False
LSTA,32,1.74,161645.85749999998,False
CGV,32,16.24,161482.77775,False
CPSS,32,9.29,161349.435,False
DSMC,32,44.0335,161335.32475,False
HISF,32,43.995,160986.3,False
BGCG,32,28.9503,160831.23135000002,False
CRT,32,10.61,160791.53999999998,False
DDFJ,32,20.025,160715.27,False
DDFO,32,22.805,160581.66,False
CDLX,32,4.28,160542.16499999998,False
BAMU,32,25.345,160484.35,False
UNB,32,23.76,160106.09999999998,False
DIM,32,90.2459,159950.1833,False
BCUS,32,35.0578,159613.34805,False
IAPR,32,34.236,159503.55359999998,False
SMOM,32,29.0638,159443.17219999997,False
HODO,32,0.386,159310.1356,False
GAA,32,36.1401,159158.61855,False
FDIQ,32,76.0153,158899.8981,False
OWNS,32,17.2,158636.95244999998,False
BRES,32,27.5375,158559.3467,False
PCSA,32,2.18,158482.99,False
IBMU,32,25.13,158393.71889999998,False
RGS,32,26.75,158315.91249999998,False
CETX,32,2.67,158200.83500000002,False
VALN,32,6.78,158186.27500000002,False
OLOX,32,1.485,158132.38,False
HLTH,26,29.9222,158120.0062,False
NGHT,32,23.48,157979.60849999997,False
MFMO,32,22.081,157954.98535,False
NEUP,32,3.86,157855.19,False
ERNA,32,4.925,157803.24,False
LQDI,32,25.9026,157492.7,False
IOCT,32,38.14,157343.0632,False
BAIV,32,29.24,157233.8285,False
MFAO,32,25.185,157203.0,False
PTOR,32,9.98,157194.76750000002,False
MAAY,32,5.57,157189.25400000002,False
OFAL,32,1.05,156826.392,False
CALC,32,0.588,156517.8083,False
ONX,32,6.625,156471.93135,False
BKF,32,40.82,156287.02575,False
BIAF,32,5.19,156178.5705,False
MDXH,32,0.7888,156090.01619999998,False
COPL,32,10.5188,155990.99,False
FLSW,32,44.846,155801.30375000002,False
GOGL,32,24.3813,155758.9068,False
TEK,32,37.7649,155758.5811,False
EGG,32,3.08,155728.75135,False
TJUL,32,30.545,155644.735,False
NIVF,32,0.5492,155627.29515,False
GAEM,32,27.01,155538.6367,False
HUSV,32,41.15,155478.744,False
DDFS,32,22.255,155366.0492,False
RENT,32,3.65,155158.62,False
IOYY,32,6.43,155061.08750000002,False
DRKY,32,21.5983,154979.39999999997,False
FMST,32,1.19,154909.34999999998,False
ZINC,32,26.65,154818.7812,False
LSF,32,4.11,154818.28000000003,False
LUCY,32,1.07,154623.95244999998,False
DUKZ,32,25.3091,154599.19,False
RSPC,32,37.8923,154574.56234999996,False
TPST,32,1.11,154252.9486,False
TDAC,32,10.835,154237.235,False
WDH,32,0.994,154201.16999999998,False
HAKY,32,29.2182,154106.64045,False
RMMZ,32,14.86,153824.02,False
CMND,32,1.71,153482.44999999998,False
ADSE,32,11.4,153347.18,False
SFYF,32,62.9926,153341.6794,False
XDEC,32,43.5498,153311.88,False
QFF,31,24.8989,153256.5466,False
ONCO,32,0.643,153256.22,False
ECBK,32,20.89,153078.485,False
INDP,32,1.095,152954.65,False
APOC,32,26.5,152939.3775,False
ACXP,32,1.41,152804.49,False
HQI,32,17.45,152489.96000000002,False
TCAN,32,20.4279,152453.77224999998,False
FNGR,32,0.1709,152289.22499999998,False
PHOX,12,23.8791,152252.12985000003,False
HEAL,32,29.925,152189.925,False
CBSE,32,48.3381,151787.90084999998,False
FDIF,32,41.7868,151602.75569999998,False
QQWZ,32,29.5819,151576.9087,False
LEDS,32,1.93,151433.72999999998,False
TNMG,32,0.57,151104.12075,False
DVLU,32,41.2735,150996.7379,False
NZAC,32,47.2677,150588.0157,False
ASUP,32,7.7759,150524.54285,False
INTZ,32,0.6,150470.82435,False
LDRX,32,36.4647,150460.95179999998,False
IZEA,32,3.06,150337.8,False
GTBP,32,0.2997,150320.3381,False
NYC,32,6.38,150192.925,False
PBFS,32,17.375,150102.09000000003,False
FPSX,32,3.47,150018.895,False
CZA,32,126.6047,149966.3676,False
AIEQ,32,50.5022,149743.87935,False
CPSA,32,28.0562,149632.90490000002,False
OFS,32,3.65,149582.20500000002,False
PBOC,32,31.1901,149402.04499999998,False
ZMUN,32,50.09,149336.13,False
FMNY,32,26.2371,149268.675,False
PRPL,32,4.75,149184.16999999998,False
AEC,32,4.76,149131.65999999997,False
DDTY,32,20.5949,149121.45304999998,False
JULB,32,28.06,148950.7195,False
QLTI,32,28.1427,148862.64740000002,False
EMP,32,19.9185,148840.16580000002,False
LVIG,32,98.6297,148682.23975,False
JHAI,32,33.4918,148662.8372,False
RADX,32,2.48,148659.40500000003,False
FPA,32,49.47,148423.67165,False
PRXG,32,39.5881,148412.17455,False
VHI,32,17.99,148178.22,False
NWAX,32,10.16,148177.269,False
HOWL,32,0.89,148022.57985,False
SEPW,32,33.8513,147897.3075,False
NUCLW,32,0.86,147634.26,False
SCDV,32,27.33,147612.1797,False
TSLP,32,14.5504,147523.8102,False
NEMD,32,52.88,147494.00465000002,False
RXD,32,13.9109,147347.23924999998,False
LOEV,27,16.4254,147239.1525,False
NUR,7,2.11,146977.5,False
NMT,32,12.73,146740.44,False
DAIC,32,3.88,146733.51075,False
GIPR,32,0.532,146718.90000000002,False
ISTM,32,31.6817,146447.0956,False
TAXS,32,50.265,146398.6125,False
BCAB,32,3.26,146141.8625,False
PSL,32,116.9169,146110.5152,False
PCPI,32,49.87,146033.8875,False
AIRT,32,31.19,145896.5475,False
RTYY,32,9.09,145888.489,False
SLMBP,32,75.2199,145785.96000000002,False
SSII,32,3.55,145664.72999999998,False
VLYPO,32,25.015,145424.065,False
GCSH,32,50.085,145196.65000000002,False
ZDGE,32,2.94,145058.245,False
FTEK,32,1.38,144934.185,False
SILO,32,2.59,144867.35499999998,False
CWD,32,0.5766,144586.55905,False
SOVF,32,32.1022,144409.68395,False
SKYA,32,1.33,144288.39,False
TFNS,32,29.9056,144196.25795,False
SCNX,32,0.4132,144131.8246,False
TRIB,32,9.71,143967.8,False
IGI,32,15.915,143935.58000000002,False
SMOG,32,141.0271,143814.42154999997,False
BLSG,32,2.8737,143775.55544999999,False
AAAA,32,30.7017,143663.91575,False
FPWR,32,36.7036,143617.59565,False
EMSC,32,25.665,143550.5344,False
EMEM,32,25.8566,143525.76835000003,False
DTCX,32,2.74,143402.84999999998,False
JHI,32,13.28,143345.9,False
SPCT,32,27.9089,142947.99300000002,False
BETZ,32,19.8924,142898.42135,False
PYPU,32,44.1775,142773.78955,False
ITEQ,32,62.1351,142612.10674999998,False
SQS,32,28.066,142540.5771,False
MGRD,32,14.74,142440.81,False
ATOS,32,2.68,142377.82,False
PRAY,32,35.7659,142260.8648,False
LDRI,32,25.0981,142248.385,False
EUDG,32,40.5849,142209.9656,False
BRKW,32,39.0163,142158.0,False
LFT,32,0.6954,142076.29715,False
CDT,32,2.05,142023.164,False
WISE,32,35.9753,141993.81525,False
EMC,32,37.1653,141983.3243,False
STKE,32,1.3,141976.695,False
RVER,32,36.4999,141965.71465,False
LRNZ,32,61.1475,141960.49800000002,False
PHGE,32,0.135,141879.92680000002,False
YSPY,32,15.005,141845.71000000002,False
UNOV,32,41.0048,141826.01,False
APT,32,5.36,141797.09,False
SVAQ,32,10.04,141712.42,False
HYUP,32,41.53,141408.16064999998,False
EMCS,32,45.773,141368.20445000002,False
TOLL,32,39.6576,140508.79035,False
HWCPZ,32,22.2355,140481.375,False
EEMX,32,53.0575,140082.4402,False
CHTRP,32,23.79,139646.83049999998,False
ADGM,32,0.55,139231.6036,False
TAFL,32,24.745,139115.88,False
LFSC,32,48.0628,139111.5969,False
COHN,32,11.15,139106.52999999997,False
RMTI,32,7.945,138993.24,False
BEPJ,32,23.49,138772.815,False
DIVP,32,27.92,138398.53,False
KWH,30,24.974,138373.67875,False
LSBK,32,17.24,138260.34,False
RSMV,32,29.2154,138227.36125000002,False
CDIG,32,27.0881,138116.96745,False
GARY,32,26.7516,138020.34695,False
RWTP,32,23.95,137825.09999999998,False
EASY,32,27.6813,137730.77625,False
DH,32,0.7542,137724.35249999998,False
CIMP,32,25.27,137684.515,False
OCG,32,1.57,137635.54,False
PYZ,32,124.8313,137473.53710000002,False
PAI,32,11.91,137423.825,False
INBS,32,2.36,137379.715,False
MSGY,32,2.25,137336.863,False
WSML,32,35.8623,137193.89954999997,False
PLCI,10,9.89,137085.785,False
AAPY,32,25.74,137071.935,False
IQDY,32,44.0098,137008.022,False
BID,27,9.88,136915.0,False
AFGB,32,20.58,136910.07,False
QVOY,32,29.9773,136615.52925,False
JANB,32,27.7989,136606.8225,False
MGF,32,2.83,136544.235,False
KSMH,5,24.7215,136244.5014,False
PRNT,32,25.13,136049.90780000002,False
BNAV,20,30.6254,135996.0912,False
BRKC,32,39.8896,135810.28,False
DVOL,32,37.3299,135803.60575,False
HERD,32,52.91,135722.276,False
WLTG,32,38.665,135676.5809,False
MEDI,32,34.95,135533.85,False
PXS,32,5.4,135513.71999999997,False
GAING,32,25.2,135440.26845,False
DDC,32,0.6974,135429.713,False
CSTK,32,33.892,135315.1338,False
PRVS,32,33.6397,135305.5059,False
DAAQ,32,10.43,135028.52000000002,False
RBLY,32,9.1885,134891.53999999998,False
TKNZ,29,30.6873,134625.975,False
TIER,32,33.1636,134552.15825,False
QQUP,32,61.1152,134372.71655,False
BTCT,32,2.0,134117.35695000002,False
CDRO,32,9.09,134075.14,False
EQQQ,24,42.6069,134062.84055000002,False
CCHH,32,1.27,134007.94999999998,False
FLN,32,25.8063,133905.1568,False
DTEC,32,52.43,133889.3564,False
IBHL,32,25.41,133874.09,False
SVRE,32,2.84,133582.865,False
LND,32,3.76,133524.10499999998,False
BLUI,32,25.8619,133504.155,False
MBSD,32,20.49,133418.55635,False
PUI,32,44.6522,133405.3764,False
RGNT,32,2.09,133396.84,False
FMTL,32,39.4805,133161.6265,False
DVYA,32,52.5144,133119.80875,False
VIDA,32,2.54,133014.225,False
UFIV,32,48.105,132775.44150000002,False
XUSP,32,53.9561,132682.63890000002,False
STXD,32,40.6273,132675.24375,False
URAN,32,41.5758,132564.01395,False
RCD,32,23.83,132439.08000000002,False
TMFM,32,23.32,132290.42875,False
STRN,32,26.2448,132212.3106,False
ONBPP,32,24.8899,132056.45,False
CPTL,32,48.8741,132013.7641,False
SEA,32,20.19,131999.2543,False
HRTS,32,38.7672,131858.32559999998,False
QBIG,32,40.7269,131753.7,False
BHST,32,2.02,131578.44,False
NPFE,32,28.815,131489.13505,False
ITDI,32,43.259,131485.0576,False
PSCF,32,66.8062,131424.9874,False
CLSM,32,27.4103,131077.62465,False
NMFCZ,32,25.24,131013.155,False
PHAR,32,11.77,130906.275,False
PIM,32,3.17,130871.664,False
AUID,32,0.4701,130796.97565000001,False
URE,32,72.0596,130697.09025,False
EWUS,32,46.4532,130632.44685000001,False
HCAI,32,4.75,130563.485,False
FTFT,32,0.681,130286.54765,False
GPRF,32,49.515,130255.06375,False
UXIN,32,1.18,130107.22499999999,False
EVGN,32,0.5495,130029.47745,False
CITR,32,6.42,129987.88500000001,False
MOTI,32,37.54,129942.5924,False
NUKX,32,38.7522,129941.81,False
MGN,32,0.102,129794.64540000001,False
KTTA,32,0.56,129789.62240000001,False
NTCL,32,2.41,129748.265,False
RWAYI,32,24.82,129681.472,False
CYN,32,1.06,129580.53749999999,False
RIGS,32,22.6645,129510.785,False
FDNI,32,28.6346,129347.8437,False
MI,32,2.8,129226.87,False
SELF,32,5.65,129182.25,False
VNAM,32,24.395,129018.65,False
FDFF,32,38.2946,128958.8835,False
FMED,32,32.6632,128628.90474999999,False
ABXL,32,25.37,128564.652,False
BPYPN,32,13.98,128537.195,False
NBJP,32,35.9621,128504.41255000001,False
JHMU,32,25.8936,128359.67499999999,False
LVDS,32,60.743,128345.58675,False
XIJN,32,30.835,128270.4975,False
DYAI,32,0.691,128170.85,False
THMR,32,25.4,128091.50929999999,False
NEMG,32,27.0602,127819.1167,False
PROV,32,18.305,127730.79000000001,False
RPGL,32,1.985,127675.26999999999,False
LITS,32,1.05,127586.5128,False
SAGT,32,0.629,127440.02859999999,False
MASK,32,1.4,127439.295,False
ARAI,32,0.2375,127416.61755,False
GOLS,32,27.833,127301.24799999999,False
LHAI,32,0.8634,127276.77705,False
UIVM,32,78.2645,127225.97950000002,False
MRVX,31,26.92,127002.9372,False
BMN,32,25.35,126944.9,False
BPYPO,32,15.41,126833.025,False
AEON,32,0.2119,126802.15575,False
VIRC,32,5.97,126792.42,False
THY,32,21.7168,126485.7954,False
KJUN,32,30.0388,126325.481,False
EXUS,32,28.9739,126017.48749999999,False
XRPM,32,11.349,125958.2065,False
JELH,32,25.63,125949.1596,False
TLTX,32,21.415,125947.025,False
ASMH,32,11.7007,125683.08,False
AMOM,32,57.537,125597.31615,False
NEWTH,32,25.31,125517.82500000001,False
WILC,32,28.82,125491.84,False
ENVB,32,1.46,125430.13,False
ARL,32,15.33,125373.935,False
XPEG,32,3.7649,125204.60574999999,False
YDEC,32,28.3148,125018.445,False
GSRV,32,9.87,124952.17499999999,False
SIXO,32,36.4,124812.4695,False
GLDN,32,18.4817,124731.026,False
RWTO,32,24.65,124663.555,False
SMYY,32,6.14,124577.673,False
XBJL,32,40.7798,124442.5282,False
DKNX,32,19.0373,124351.27530000001,False
VSOL,32,13.1476,124318.98045,False
DMA,32,7.58,124205.695,False
FSP,32,0.4371,124179.20665000001,False
OWLS,32,5.56,124175.88,False
GLU,32,19.265,124097.48500000002,False
BAFN,32,7.37,124074.72,False
ONBPO,32,24.91,124001.20000000001,False
AIOO,32,26.445,123904.2098,False
BAMB,32,25.945,123846.29819999999,False
TOON,32,0.653,123845.55765,False
XA,32,37.4739,123657.1568,False
TSEL,32,28.629,123482.19269999999,False
TBX,32,28.6646,123453.326,False
ESLG,32,28.7341,123411.935,False
NUSA,32,23.0942,123405.32,False
XAIR,32,4.98,123359.97,False
RFDA,32,74.0058,123300.13365,False
SPPL,32,2.22,123155.18,False
SBFM,32,1.14,123126.805,False
ICPY,32,13.315,123077.12345,False
PMIO,32,50.51,122949.42000000001,False
MYCF,32,25.06,122926.20000000001,False
CFIT,32,25.96,122855.9488,False
TGLR,32,40.3444,122806.45955,False
EOCT,32,35.0258,122662.42499999999,False
DDFN,32,20.36,122440.86995,False
AFRI,32,11.0,122428.275,False
AZTR,32,0.1575,122344.32765000002,False
EPRF,32,16.7628,122269.26999999999,False
XRMI,32,17.2713,122203.78,False
XLO,32,9.08,122006.67499999999,False
VGVT,32,74.4902,121894.215,False
PONX,32,17.4428,121871.45,False
BNDC,32,21.8556,121776.79000000001,False
ARMH,32,10.09,121770.97959999999,False
NBET,32,41.3783,121523.78135,False
PRTS,32,6.38,121125.02,False
FLXN,32,25.0063,121021.4083,False
CLPR,32,3.43,120988.416,False
GNSS,32,1.67,120810.38999999998,False
SQNS,32,2.93,120780.345,False
RWTN,32,24.75,120725.45999999999,False
XSEP,32,45.0351,120718.46059999999,False
XBAP,32,42.65,120589.63,False
VBCG,32,74.675,120512.7575,False
PAMC,32,54.4307,120460.58075,False
ZSEP,32,27.83,120352.71,False
ACON,32,2.49,120316.0,False
UEVM,32,60.5981,120248.67139999999,False
BFLB,32,55.3565,120113.17310000001,False
XPND,32,39.0601,119855.5461,False
XLBI,32,24.7699,119620.38085,False
FBLG,32,1.4,119607.54,False
BAMY,32,27.6902,119583.92425000001,False
MPLY,32,32.1773,119527.95019999999,False
HLXC,31,10.925,119423.76,False
SKRE,32,6.3301,119290.45499999999,False
DFVE,32,37.3251,119276.2365,False
DAIO,32,2.9,119234.98000000001,False
ARP,32,34.0756,119218.5992,False
FAMI,32,0.1005,119204.628,False
NIOG,32,9.5153,119090.85530000001,False
PLCIU,23,10.0,119051.88,False
PDC,32,3.3,118879.035,False
XPON,32,5.27,118834.36499999999,False
BAMA,32,36.9994,118650.39700000001,False
FTBI,32,21.8,118500.72,False
FFLV,32,29.12,118497.52,False
PETS,32,1.76,118480.44,False
KDEC,32,28.895,118373.1225,False
FLEU,32,36.9518,118325.63960000001,False
NTSE,32,47.1429,118223.0571,False
TORO,32,6.24,118026.8775,False
MMSD,32,25.31,117992.94499999999,False
PHDG,32,41.2,117965.82975,False
XITK,32,198.3902,117862.82340000001,False
RTOO,29,24.6171,117319.1216,False
EMM,32,44.0724,117238.05299999999,False
HSCS,32,3.0,117155.41,False
GLIX,32,27.3985,117114.69025000001,False
TGRW,32,47.0514,116993.0899,False
ISPC,32,1.6,116953.4,False
RSF,32,14.51,116839.71850000002,False
HFND,32,24.496,116819.53675,False
SMAY,32,28.5998,116545.6275,False
LOT,32,1.15,116473.95999999999,False
APVO,32,2.46,116459.18,False
QH,32,4.3,116456.715,False
GAINI,32,25.565,116299.6733,False
DMAX,32,27.65,116236.68579999999,False
RFM,32,14.47,116169.41990000001,False
OPTH,32,4.9,116096.42000000001,False
IGC,32,0.3046,116055.67629999999,False
CSSD,32,25.175,116039.8676,False
MEDS,32,1.36,116007.9,False
STLU,32,18.7229,115847.09,False
TOK,32,154.9947,115819.95060000001,False
VTSI,32,3.09,115383.38,False
PEXL,32,71.7909,115286.84275,False
ASTG,32,8.43,115236.59,False
CRAC,31,10.21,115178.1,False
ODTE,32,25.67,115117.6,False
FTCE,32,27.88,114987.02125,False
ATPC,32,2.37,114980.775,False
MSGM,32,3.99,114815.11,False
OAIW,9,23.08,114776.84,False
BULG,32,55.844,114738.01905,False
QTPI,32,25.5,114556.70000000001,False
STHO,32,9.74,114543.065,False
MYCJ,32,24.535,114507.70749999999,False
ADAMI,32,25.318,114420.35225,False
FCA,32,27.4942,114402.46045000001,False
AUGT,32,39.1198,114227.5934,False
JAGU,32,1.67,114184.63999999998,False
FMQQ,32,13.0555,113863.85505000001,False
EDGX,32,26.8482,113790.36,False
UCTX,32,6.8419,113676.82250000001,False
JADE,32,80.2997,113623.64099999999,False
ETNG,32,12.8589,113490.4407,False
PHIO,32,1.19,113471.79500000001,False
SQLV,32,54.5665,113454.34664999999,False
FEBP,32,34.71,113273.5285,False
TRNZ,32,25.36,113252.23999999999,False
CMMB,32,2.3,113153.98999999999,False
BUYB,32,43.4514,113142.48300000001,False
TMFS,32,36.5,112540.2746,False
DWSH,32,5.425,112456.9207,False
NUMI,32,24.76,112439.625,False
ZOCT,32,27.91,111967.5885,False
FFLS,32,23.3847,111957.58780000001,False
BOXL,32,6.495,111934.035,False
ATER,32,0.4203,111871.31985,False
WNW,32,2.4701,111593.625,False
FMET,32,38.7714,111574.56275,False
PFX,32,52.87,111464.995,False
FTKI,32,20.1473,111409.36,False
PRFX,32,0.9948,111119.3775,False
UNHU,32,49.2548,111086.0772,False
GCV,32,4.62,111024.16500000001,False
ACCS,32,5.13,110974.48000000001,False
MID,32,68.9512,110852.7562,False
MTVA,32,1.64,110678.92,False
TSUI,32,15.5285,110651.0692,False
DDTZ,32,19.755,110489.5675,False
FLAU,32,36.3939,110471.53385,False
DXF,32,0.5183,110435.4274,False
BCCC,32,13.0546,110323.84,False
LITG,11,16.8225,110295.011,False
AXTC,32,17.8752,110243.5815,False
SST,32,1.89,110183.355,False
VBCH,32,74.5766,110135.38500000001,False
ATLCL,32,25.16,109876.06,False
FDSB,32,18.18,109817.2,False
NOVP,32,33.3153,109772.25275000001,False
AFRU,32,11.246,109729.4957,False
MARM,32,34.43,109618.435,False
PSR,32,105.65,109390.73079999999,False
ENO,32,20.925,109318.29075,False
YMT,32,0.191,109204.47214999999,False
PVEX,32,31.1338,109167.3477,False
HFEQ,32,24.489,109035.3273,False
WAMA,32,26.8661,109031.8603,False
BNGO,32,1.25,109009.89,False
DDFA,32,20.48,108931.6175,False
DSY,32,4.16,108853.61499999999,False
TPCS,32,5.66,108844.35,False
WSBCO,32,25.7,108689.715,False
TMDE,32,0.7001,108661.1767,False
RAIN,32,1.17,108513.3034,False
STHH,32,9.92,108470.09795,False
CANF,32,3.32,108423.385,False
NIM,32,9.33,108342.6,False
ARTL,32,0.7172,108239.60145,False
TRND,32,37.2756,108200.486,False
ILIT,32,15.5041,108081.7125,False
TDSC,32,28.714,107832.106,False
WCME,32,19.2934,107751.8,False
AOMN,32,25.24,107545.125,False
MPIA,10,24.9169,107481.5754,False
CAAA,32,20.214,107469.90000000001,False
LGRO,32,46.8547,107390.5351,False
YMAR,32,29.395,107382.9247,False
SDEV,32,1.04,107194.63,False
SDMF,32,25.8062,107127.601,False
INM,32,1.44,107076.13500000001,False
IJUN,32,32.116,107027.54939999999,False
DRTSW,32,3.89,106987.65,False
KG,32,7.5118,106953.81,False
MMK,32,100.26,106866.6775,False
HDRN,32,2.07,106807.95000000001,False
RNAZ,32,2.53,106773.265,False
TOVX,32,0.2375,106736.2285,False
NUAG,32,20.755,106562.19750000001,False
UZE,32,16.975,106529.59,False
MBAI,32,8.08,106513.925,False
AFGE,32,16.2,106368.415,False
RNTY,32,49.8322,106132.4997,False
ATNM,32,1.08,106019.74410000001,False
SRL,32,5.75,105902.015,False
EWV,32,16.7357,105506.20014999999,False
SIXZ,32,32.14,105429.555,False
SLNG,32,5.97,105424.59000000001,False
IVDA,32,0.3042,105290.72399999999,False
LTCC,32,12.375,105154.38454999999,False
ZJAN,32,28.295,105130.513,False
AFGR,32,37.0154,105035.7414,False
SKYU,32,49.1605,104828.83875,False
KBAB,32,7.9659,104825.5838,False
MDLV,32,31.9925,104701.68265,False
FIAX,32,17.345,104533.32,False
OBTC,32,25.3577,104304.44435,False
SAUG,32,28.0,104190.9,False
BZQ,32,21.0946,104096.8791,False
ASIA,32,41.3991,104053.166,False
SGA,32,9.05,103943.9625,False
OEI,32,26.3175,103876.503,False
AERT,32,6.88,103815.65,False
MBINN,32,20.06,103805.89499999999,False
OPTZ,32,45.9892,103762.0663,False
PSTR,32,32.014,103734.984,False
TACH,32,10.49,103656.66500000001,False
AXIL,32,6.25,103537.45,False
CRY,32,17.555,103354.01000000001,False
DQJN,32,29.3379,103328.43105000001,False
GSIW,32,15.09,103300.78,False
SEPP,32,33.14,103292.11,False
INTS,32,4.895,103292.02500000001,False
CCTG,32,0.658,103191.03375,False
AUGU,32,32.2048,103086.7077,False
GDIV,32,19.028,103029.41,False
BAMO,32,35.0879,103027.78225,False
TYLG,32,40.97,102961.635,False
FURY,32,0.6398,102907.4836,False
EVHY,32,52.325,102676.39670000001,False
GLDB,32,23.8953,102614.9871,False
CNCK,32,2.16,102579.45000000001,False
AIQU,32,16.515,102384.625,False
CHGA,32,0.177,102276.549,False
NAMI,32,2.43,101984.16750000001,False
SCWO,32,2.37,101930.3,False
SCC,32,14.2516,101929.1473,False
PCEB,32,24.883,101865.76925,False
SFEB,32,26.55,101861.41,False
RCT,32,0.2024,101854.72115,False
TPRY,32,18.6623,101851.32999999999,False
SLXN,32,0.365,101828.2484,False
FTLF,32,10.05,101642.745,False
OKYO,32,1.56,101407.33,False
BCIL,32,30.1629,101287.0169,False
ADAMZ,32,18.7369,101266.775,False
SOEZ,32,16.96,101093.955,False
GAIA,32,1.54,101078.635,False
YXT,32,2.97,101062.2675,False
ASPS,32,5.485,100952.98000000001,False
RIFR,32,28.9951,100830.31975,False
GEMD,32,41.725,100811.99,False
SNOV,32,27.515,100215.97105,False
IQSU,32,62.66,100147.3879,False
AFIX,32,24.515,100101.57999999999,False
BUDA,32,8.5,100047.655,False
GISC,32,50.105,99991.66500000001,False
LEXX,32,11.6,99975.18349999998,False
RAUS,32,30.0719,99932.6392,False
AGIQ,32,24.8261,99806.6239,False
LPBB,32,10.8,99779.65,False
MKLY,32,10.23,99629.74,False
WETH,32,1.2,99540.11,False
INKT,32,11.38,99532.875,False
WLDU,32,17.9525,99520.76375,False
GABF,32,46.915,99495.13759999999,False
QTAC,32,24.0153,99095.72805,False
AAUS,32,61.36,98986.0305,False
COPA,32,58.7198,98879.0484,False
FLMB,32,23.405,98877.17,False
BCEM,32,26.8528,98841.62904999999,False
WPRT,32,1.84,98831.535,False
ITDJ,32,33.6364,98679.65815,False
XJUL,32,41.48,98605.45965,False
KMCA,32,19.6286,98534.0374,False
CVY,32,30.6409,98521.9001,False
ATTR,32,95.0925,98476.24050000001,False
SDP,32,23.6084,98132.46244999999,False
JABS,32,50.015,98129.505,False
JVA,32,3.46,98033.535,False
PSCM,32,99.8183,98032.3559,False
CSHP,32,99.462,98004.87104999999,False
HYNE,32,16.47,97986.14,False
TQQY,32,12.19,97923.54,False
CEFZ,32,8.31,97914.925,False
FHDG,32,37.05,97864.921,False
SWZ,32,5.945,97853.5625,False
EVLU,32,41.9768,97668.6551,False
YSEP,32,28.37,97611.31,False
CGTL,32,4.39,97572.345,False
TDTH,32,2.015,97506.63,False
DBEZ,32,63.5907,97483.25125,False
RILYP,32,13.1,97436.7525,False
TXXD,32,4.49,97042.0937,False
AAPR,32,29.83,96898.54955,False
GCL,32,0.7433,96885.59305,False
BOSC,32,4.55,96744.0,False
GVLU,32,29.2503,96464.795,False
KEQU,32,37.67,96340.165,False
VVOS,32,0.2652,96104.3186,False
ASRV,32,4.95,96099.41500000001,False
AHLT,32,28.7682,96060.23955,False
LOAN,32,4.05,96022.845,False
SAY,32,25.1068,95971.06,False
DFSC,32,1.59,95945.66249999999,False
MCHS,32,42.2596,95934.82394999999,False
BSBK,32,9.31,95902.0419,False
BKYI,32,3.02,95830.39499999999,False
MENS,32,2.23,95766.04,False
COSW,32,39.85,95743.31,False
NBIC,31,19.4952,95655.1696,False
TOAK,32,29.01,95614.005,False
EAPR,32,33.5986,95609.1232,False
MLPB,32,30.927,95585.43475,False
UTRE,32,49.0765,95529.3481,False
EVO,32,1.89,95516.17000000001,False
RBLD,32,86.2925,95506.53,False
JAGX,32,0.9249,95430.30255,False
NUGY,32,13.17,95342.885,False
DDFD,32,20.265,95271.7959,False
QRED,31,10.02,95230.0,False
PQDI,32,19.28,95091.10155,False
FNG,32,5.61,95044.6165,False
GMNY,32,49.6249,95004.1898,False
UCC,32,47.7951,94902.6954,False
JNEU,32,33.5896,94846.96119999999,False
EGUS,32,58.01,94609.12,False
MAXI,32,14.1222,94459.1005,False
SAA,32,36.6836,94390.40565,False
AHYB,32,46.1304,94379.16,False
PRIZ,32,25.205,94347.84,False
MBINM,31,25.62,94208.0,False
APUS,32,4.97,94166.70499999999,False
JPY,32,38.34,94134.57185000001,False
CBTO,32,19.9,94127.83785000001,False
ZFEB,32,26.26,94114.1175,False
DLFE,32,32.2798,94106.07089999999,False
ABVC,32,0.7999,94085.4505,False
BLZR,32,10.2,93985.08,False
USEA,32,2.84,93884.73999999999,False
YSAU,30,46.6777,93794.93225,False
BCHT,32,1.3,93785.64000000001,False
QSIG,32,48.3502,93687.34340000001,False
ZDEK,32,26.715,93423.43599999999,False
MWYN,32,1.1,93407.6594,False
HYFM,32,0.9402,93326.87745,False
EZGO,32,1.02,93286.64000000001,False
CPSJ,32,27.9131,93238.65,False
OBND,32,25.57,93178.345,False
DYNB,32,39.08,93010.71710000001,False
TOPS,32,0.7901,92931.0552,False
MAYP,32,33.0898,92881.35819999999,False
AMGR,32,25.3204,92719.43179999999,False
IBMV,32,25.03,92681.07,False
PFLA,32,25.32,92573.41,False
NXTE,32,49.4644,92486.71525000001,False
MRCP,32,35.0604,92226.095,False
SOGP,32,12.37,92224.07999999999,False
SDEM,32,33.8647,92212.1196,False
AWAY,32,20.2451,92208.41639999999,False
FLEE,32,40.4966,92152.1496,False
PPTY,32,34.2851,92010.06455,False
KRWX,32,14.75,91954.6561,False
PTN,32,10.37,91894.35,False
TIH,14,25.134,91711.0038,False
PBDE,32,31.5055,91709.32445,False
RGYY,32,6.3391,91519.222,False
EEA,32,11.3474,91476.225,False
BSJX,32,25.12,91453.85999999999,False
CBAT,32,0.95,91451.6939,False
LQDB,32,85.205,91403.12,False
FEAC,32,33.2634,91323.64700000001,False
AINP,32,24.77,91245.8,False
AOMD,32,25.13,91118.69,False
NPT,32,3.62,91064.19,False
EZPZ,32,19.9505,91057.07699999999,False
PSET,32,80.1466,90760.44554999999,False
BCSM,32,25.62,90599.51120000001,False
ERTH,32,46.7446,90569.8077,False
FEUZ,32,69.07,90524.5724,False
FSI,32,5.5,90242.32,False
RIME,32,0.2919,90190.622,False
LCR,32,40.836,89937.9749,False
IHY,32,21.7528,89869.82699999999,False
UPLD,32,4.71,89864.01499999998,False
TACT,32,5.055,89787.525,False
BRLT,32,1.28,89655.92,False
ACTS,32,26.6967,89573.4096,False
GENM,32,10.215,89559.1,False
THYM,32,50.2049,89524.92185000001,False
SIGIP,32,15.846,89505.685,False
VALU,32,37.5,89313.35999999999,False
FFGX,32,35.0983,89312.02470000001,False
GAUZ,32,0.4293,89276.895,False
ESLV,32,29.36,89265.3322,False
VPC,32,15.82,89251.25200000001,False
QCOC,32,24.235,89239.92,False
SHDG,32,33.465,89126.56125,False
SNGX,32,0.4051,89121.36795,False
NMB,32,24.4319,89078.7875,False
CBON,32,24.085,89004.4135,False
YCBD,32,0.518,88845.56,False
SACH,32,0.892,88810.1115,False
AESP,32,9.96,88650.98,False
JANT,32,44.9622,88642.90419999999,False
TEAD,32,0.5529,88578.8676,False
GLE,32,0.4675,88554.5894,False
CNOBP,32,25.112,88547.86499999999,False
FSTB,32,20.035,88537.13,False
CSCS,32,13.75,88405.8798,False
DECP,32,33.2291,88351.095,False
WDAF,32,31.4406,88349.5309,False
PJIO,32,64.41,88325.3183,False
INKM,32,34.9208,88282.52575,False
GTR,32,27.77,88237.47959999999,False
IMCC,32,0.1088,88125.29875,False
LONA,32,8.01,88103.06999999999,False
SAGP,32,38.0946,88100.31865,False
NEON,32,0.9101,88030.7366,False
DWTX,32,2.68,88016.28,False
SKYE,32,2.015,87927.129,False
AVAT,32,0.5151,87908.36475000001,False
WAVE,32,6.51,87865.59,False
SMAX,32,28.225,87792.0817,False
IBRN,32,40.1044,87650.7726,False
ESSC,32,30.7,87501.19889999999,False
SMHD,16,45.3371,87234.94769999999,False
RENX,32,1.98,87113.85,False
LDRH,32,24.545,86706.51500000001,False
LOTI,32,26.3302,86665.035,False
AIFF,32,1.03,86601.015,False
PBFB,32,32.445,86463.345,False
DEPW,9,23.8151,86286.02,False
KMAY,32,30.67,86251.6974,False
BUSM,22,17.271,86146.16775,False
WTIP,32,36.7016,86112.7425,False
LEGR,32,66.7957,85971.51895,False
BRIB,32,24.8859,85953.73500000002,False
CLRB,32,2.54,85953.48000000001,False
GVUS,32,66.2992,85925.7102,False
SAZ,32,25.1981,85760.52,False
DRMA,32,1.72,85758.21,False
SEMG,32,27.7177,85637.47175,False
SORA,32,2.12,85571.89499999999,False
HBIO,32,7.58,85568.655,False
LQDM,32,24.0,85553.5187,False
UBEW,32,29.1684,85513.25,False
DIVD,32,45.6315,85391.32519999999,False
APRP,32,33.1832,85385.28295,False
JHS,32,10.9799,85374.7875,False
MATE,32,30.5476,85219.8126,False
INVN,32,26.6318,85165.01180000001,False
GINC,12,50.21,85139.4675,False
DJTWW,32,4.301,85132.9615,False
TMFX,32,24.7761,85078.8614,False
MEMX,32,48.0277,85024.93890000001,False
FTHM,32,0.6936,84984.78210000001,False
COCH,32,0.747,84840.87640000001,False
BNKK,32,1.21,84635.34,False
NULC,32,55.7025,84501.02565,False
RILYL,32,13.43,84476.685,False
RWAYL,32,25.15,84419.205,False
GOODO,32,21.18,84340.66,False
MAGC,32,19.6449,84294.65,False
HOYY,32,5.19,84270.45999999999,False
DCOY,32,2.98,84263.76000000001,False
CDZIP,32,22.425,83993.12,False
SAMM,32,32.7342,83969.0212,False
PSIG,32,1.96,83932.7975,False
MBND,32,26.88,83922.0811,False
PAWZ,32,53.4905,83916.875,False
PBHC,32,16.5,83890.815,False
PBJN,32,31.3167,83725.3824,False
PMA,32,1.34,83709.06,False
SHAG,32,47.5,83632.51000000001,False
MINE,32,3.2,83586.14499999999,False
IDAI,32,2.96,83492.28,False
TLA,32,24.0542,83435.83,False
FLZH,32,0.0961,83422.4,False
YDES,32,4.68,83327.76000000001,False
VSA,32,3.38,83150.75,False
OCTT,32,47.7715,83131.23675000001,False
XB,32,39.275,83130.705,False
CEFA,32,41.8517,83091.67790000001,False
CFND,32,2.73,83066.49,False
HIHO,32,0.9037,82973.48999999999,False
AQWA,32,19.24,82918.3486,False
BUFX,32,22.5109,82766.57475,False
REGS,32,11.4707,82762.8087,False
PQJL,32,30.775,82619.14000000001,False
ELWT,32,7.5,82487.985,False
SCOR,32,4.93,82370.445,False
HERZ,32,15.92,82337.18,False
FLGR,32,34.589,82182.7266,False
BYRE,32,27.8278,82065.40275,False
NRSN,32,0.3823,81919.9533,False
DOJE,32,8.15,81846.087,False
SAT,32,25.0,81818.1,False
GALX,29,23.5845,81707.5574,False
EMCR,32,43.7062,81624.3275,False
PDPA,32,25.11,81592.91500000001,False
MHH,32,7.58,81558.755,False
ALPX,32,9.95,81551.155,False
TLG,32,27.4385,81537.03,False
KPLT,32,5.82,81516.565,False
CTEC,32,57.6059,81496.25080000001,False
WCT,32,0.8971,81447.79525,False
CVKD,32,1.53,81390.715,False
NURE,32,32.4108,81359.06125,False
SCCE,32,24.59,81328.0575,False
ZIONP,32,18.1001,81237.95999999999,False
FINT,32,37.2414,81216.3905,False
MFUT,32,19.71,81072.866,False
HTAX,32,24.437,80972.585,False
CSPI,32,7.5,80959.445,False
EZJ,32,67.101,80947.1093,False
IVF,32,1.06,80901.36744999999,False
MSAI,32,5.31,80875.38,False
RHRX,32,21.73,80800.68695,False
AVIE,32,81.2112,80799.19770000002,False
NDOW,32,29.335,80757.715,False
NELS,32,29.2052,80728.93040000001,False
ALLR,32,1.33,80709.675,False
LRHC,32,0.497,80696.06435,False
PSMJ,32,34.39,80599.5,False
SXQG,32,33.6915,80421.495,False
GAMR,32,96.85,80380.78305,False
OCTP,32,33.0587,80379.0,False
BQ,32,0.9411,80260.489,False
HYSD,32,20.05,80145.18,False
CREX,32,2.86,80130.4,False
ADIV,32,19.9633,79964.7077,False
CPNX,32,14.1224,79962.7126,False
VLYPP,32,25.17,79916.2307,False
CCEF,32,29.9991,79857.35500000001,False
BOBP,32,30.41,79834.8903,False
MPDB,10,24.9502,79674.3688,False
METCZ,32,25.4399,79503.77,False
SER,32,2.7,79481.155,False
LSAT,32,47.3685,79424.79705,False
FDRV,32,17.5315,79157.16,False
EP,32,3.34,78962.4,False
GTOQ,32,22.3751,78954.73,False
FLQS,32,49.7995,78728.7686,False
DYFI,32,22.72,78726.04999999999,False
MMSC,32,28.3505,78608.8484,False
FLOW,32,44.5022,78575.11069999999,False
PQJA,32,32.045,78569.51365000001,False
ONTX,32,17.327,78442.05225000001,False
TMVE,32,17.8949,78425.00655,False
GREEL,32,24.57,78327.95000000001,False
JFIN,32,2.33,78303.975,False
PAPL,32,1.12,78287.715,False
NVPS,32,22.667,78285.9476,False
ATLCP,32,24.25,78168.98435,False
CBXJ,32,21.4758,77971.7101,False
ESGG,32,240.0337,77811.83345,False
EIIA,32,25.24,77766.58,False
FGM,32,63.8569,77743.398,False
LICN,32,1.24,77652.41,False
AIRTP,32,18.86,77603.55,False
NXTS,32,1.85,77513.8,False
FGI,32,7.8,77457.63,False
DAVEW,32,1.46,77444.7678,False
IBHM,32,25.3845,77362.04250000001,False
AEMD,32,2.4,77324.045,False
ANGH,32,3.34,77252.68,False
AKAL,14,18.1551,77223.84145,False
AMDC,32,18.1267,77190.5327,False
PEMX,32,86.0229,77171.70999999999,False
WEPN,32,44.0879,77016.675,False
AMMO,29,26.0522,76947.2748,False
DLCU,15,49.6549,76903.1623,False
DDNQ,32,20.6945,76843.6372,False
CNBS,32,28.6432,76766.6382,False
DOYU,32,4.25,76627.85,False
NBFR,32,26.3139,76582.83290000001,False
RAAA,32,25.055,76535.285,False
DRIO,32,7.39,76527.42000000001,False
AMEI,32,26.4117,76515.775,False
FTXG,32,23.3944,76425.7065,False
FLCE,32,31.8637,76328.95439999999,False
RSDE,32,24.07,76290.5275,False
RCTR,32,34.3077,76285.3714,False
CICB,32,25.26,76159.635,False
SNOA,32,1.35,76159.45999999999,False
RMHY,32,25.085,76116.17499999999,False
RSMC,32,28.9067,76070.76645,False
BTOG,32,3.62,75947.42249999999,False
SQMX,32,34.695,75768.82999999999,False
YMAT,32,1.99,75750.39000000001,False
BITY,32,28.4896,75660.83910000001,False
FTDS,32,66.2777,75519.5533,False
NTRP,32,1.22,75361.6575,False
MRT,32,2.09,75314.1,False
ANV,32,25.45,75170.555,False
JANU,32,30.5898,75104.161,False
CHDG,16,25.1788,75046.24290000001,False
QBY,32,6.35,74995.735,False
HLP,32,1.3,74881.55,False
LIVE,32,9.38,74840.48000000001,False
SMDD,32,7.82,74551.26885,False
VBCI,32,74.4573,74545.45000000001,False
ODYS,32,3.65,74528.57,False
NDEC,32,30.33,74385.1,False
GLXG,32,1.14,74344.54245000001,False
JAPN,32,25.7643,74237.60579999999,False
XCUR,32,1.19,74190.63,False
NMTC,32,2.16,74159.595,False
GNTA,32,1.15,73990.04500000001,False
BAGY,32,24.4804,73978.00959999999,False
AAPG,32,16.79,73957.30500000001,False
TALV,32,29.4118,73895.5119,False
BSTP,32,40.075,73673.44265,False
NDRA,32,4.75,73650.95000000001,False
TXXS,32,24.517,73650.9485,False
GSPY,32,42.4576,73537.7077,False
OAKI,32,27.6027,73533.93299999999,False
CHR,32,1.83,73531.64000000001,False
EVMU,32,31.1514,73522.99905,False
DUKR,32,5.64,73503.04749999999,False
FSEA,32,17.115,73502.57,False
OXLCZ,32,25.0199,73486.93699999999,False
QTI,32,3.24,73028.67000000001,False
COPR,32,3.1,73021.055,False
WBX,32,2.987,73012.73,False
BTF,32,22.005,72955.52230000001,False
ECCV,32,24.28,72929.79000000001,False
HYDW,32,46.86,72370.86799999999,False
SPMA,32,25.09,72359.595,False
DEMZ,32,48.0608,72179.98749999999,False
BITS,32,65.8276,72171.29965,False
EBIZ,32,30.8101,72108.0328,False
MFICL,32,25.53,72025.515,False
NPAC,32,10.4659,71923.8825,False
BOUT,32,44.6675,71922.5074,False
NHPBP,32,25.27,71851.1586,False
LCOW,32,26.7,71767.95199999999,False
LNAI,32,2.2,71753.0,False
AQMS,32,2.85,71703.89000000001,False
IMAY,32,32.7,71674.96135,False
RMSG,32,0.353,71488.0173,False
IMF,32,52.4618,71377.3976,False
YRD,32,1.09,71353.125,False
RTRE,32,24.665,71324.2675,False
PMAX,32,1.22,71311.785,False
CYAB,32,0.3026,71218.3056,False
BSGT,32,25.01,70902.63,False
BCARW,32,0.51,70897.79500000001,False
DFII,32,13.7642,70854.97,False
CTRM,32,2.5,70728.8,False
FUSE,32,0.7886,70529.7123,False
AIVI,32,60.6826,70426.40495,False
SPRU,32,2.14,70355.635,False
GSEE,32,69.1784,70288.1827,False
MEM,32,44.4798,70211.9179,False
FXED,32,17.43,70194.73000000001,False
CBTJ,32,19.8839,70117.3034,False
GGZ,32,16.61,70078.385,False
AGIG,32,0.93,70063.47,False
PBAP,32,31.4798,70016.80745,False
PSWD,32,43.5399,69862.3719,False
SPAM,32,42.2763,69821.49105,False
MTAL,32,10.22,69788.05,False
DRAY,32,15.0392,69767.48000000001,False
TIL,32,7.6,69706.87,False
CAAS,32,5.34,69653.9,False
GITS,32,1.63,69637.51,False
CNEY,32,0.64,69341.13584999999,False
WBIF,32,37.0707,69304.1232,False
FLNT,32,4.0,69293.82500000001,False
GINN,32,82.89,69272.54500000001,False
YAAS,32,2.59,69239.688,False
ONEH,32,24.585,69230.39,False
CMCT,32,3.94,69189.24,False
BUFE,32,21.7838,69132.13034999999,False
QCJA,32,23.6,69121.89605000001,False
POLE,32,10.83,69112.805,False
VEEA,32,0.1302,69080.0988,False
BOF,32,3.97,68998.715,False
XBTY,32,5.57,68976.2495,False
KMRK,32,1.19,68883.4192,False
HFMF,32,21.14,68790.70250000001,False
YOKE,32,31.6633,68726.99064999999,False
CHNU,32,29.03,68644.145,False
LNKS,32,0.8311,68622.23999999999,False
BFRG,32,0.5801,68510.87325,False
CHOW,32,0.3797,68489.93780000001,False
AAA,32,24.96,68454.355,False
FLD,32,0.5167,68352.0575,False
PTLE,32,7.4,68185.28,False
FCTR,32,40.8612,68177.47940000001,False
WCEO,32,39.2838,68172.9657,False
ESG,32,182.06,68162.3926,False
FVC,32,42.6167,68150.8403,False
HOMZ,32,46.2157,68144.23999999999,False
QARP,32,68.42,68139.83549999999,False
IMNN,32,1.66,68074.905,False
ECCU,32,25.41,67934.3318,False
HSMV,32,38.9831,67809.60740000001,False
MYCG,32,24.98,67641.6875,False
QNRX,32,5.07,67574.15,False
ZHDG,32,23.945,67555.07920000001,False
WTLS,32,61.9968,67463.8067,False
JUNM,32,35.36,67394.565,False
XOEF,32,30.3091,67372.101,False
AHD,32,26.865,67265.875,False
TESL,32,13.5,67191.743,False
TELO,32,1.18,67035.05,False
TMAR,32,26.6369,66990.80325,False
GFUZW,32,1.33,66970.88,False
RDI,32,1.93,66966.55,False
PUR,32,35.1609,66895.6935,False
LINK,32,5.06,66882.07,False
FEED,32,0.385,66879.8349,False
LPCN,32,2.15,66870.355,False
OXLCG,32,25.2,66792.6925,False
TXS,32,41.9389,66726.4376,False
VAMO,32,36.724,66587.61374999999,False
ELLO,32,21.4,66495.805,False
FFDI,32,33.1889,66341.99265,False
GURU,32,70.8021,66234.75404999999,False
TVA,32,10.54,66213.01,False
BGL,32,0.2023,66178.84115,False
CTW,32,2.85,66132.92,False
BHDG,32,22.425,66097.1413,False
CIGL,32,0.4251,66017.421,False
AIRE,32,1.65,65947.59,False
OCNL,14,19.405,65839.1789,False
TFFI,32,20.15,65838.345,False
LTL,32,24.9903,65753.44499999999,False
SIXF,32,35.03,65649.7573,False
LIQT,32,0.591,65584.10665,False
NACP,32,59.993,65582.099,False
MYLD,32,33.6451,65559.73144999999,False
PABU,32,78.36,65532.35094999999,False
CABR,32,1.285,65121.994999999995,False
SNTI,32,0.3909,65105.79715,False
AUST,32,1.35,65063.25,False
NTRL,32,21.64,65041.944,False
NNOV,32,31.695,64906.900499999996,False
TANH,32,0.3811,64903.665649999995,False
BULD,32,35.5818,64805.1099,False
BBB,32,31.6775,64795.938,False
CRE,32,2.57,64691.305,False
AHMA,32,1.43,64631.465,False
TPUT,32,25.205,64600.9525,False
AMSS,32,0.99,64470.667,False
TRNR,32,3.045,64383.125,False
ZINN,7,40.4654,64370.144,False
INAB,32,1.17,64111.852100000004,False
AMST,32,1.12,64088.355,False
SLNHP,32,12.29,64023.125,False
WBIL,32,40.6145,63982.35045,False
SCKT,32,0.6725,63918.4125,False
ION,32,53.8409,63914.83945,False
XBIT,32,2.3,63913.08,False
GRAG,32,5.9454,63897.84285,False
KALA,32,0.821,63844.01055,False
KEMQ,32,26.0313,63764.154599999994,False
TBXU,32,44.6232,63758.38995,False
ZMAR,32,28.5245,63681.307499999995,False
QLEP,32,10.02,63648.815,False
EFZ,32,22.1162,63611.54505,False
PVL,32,1.81,63521.235,False
DDX,32,25.4961,63518.2225,False
UZD,32,19.02,63494.735,False
TBLU,32,51.795,63357.17510000001,False
ISBG,32,18.01,63299.46000000001,False
GIBO,32,30.5,63213.8,False
USG,32,35.06,63168.40075,False
RKNG,32,23.2808,63015.3834,False
IMMP,32,0.3819,62969.680349999995,False
EASG,32,39.5108,62904.205,False
CUPR,32,2.92,62763.465,False
EMSF,32,39.8119,62742.98169999999,False
NXB,32,2.08,62710.409999999996,False
OLB,32,0.325,62677.203949999996,False
BOXA,32,105.4324,62602.62375,False
SMTG,32,6.54,62596.0348,False
BLDX,32,26.3785,62595.38215,False
QNXT,32,32.2847,62495.840000000004,False
BMR,32,1.28,62461.865000000005,False
MYCI,32,24.715,62373.3225,False
FXP,32,20.3724,62283.5538,False
MCHU,32,12.9066,62195.6912,False
ABCS,32,36.308,62191.3573,False
RKX,32,10.25,62166.28725,False
WBUY,32,0.7801,62152.077600000004,False
SMSI,32,2.97,62079.770000000004,False
PASG,32,4.83,62038.045000000006,False
NAAS,32,3.246,61917.54635,False
LPA,32,3.23,61857.61,False
BLIN,32,0.9777,61851.45,False
PQOC,32,31.76,61715.80635,False
TVGN,32,6.97,61715.18,False
AVGB,32,51.075,61688.315,False
AHT,32,3.345,61654.98,False
BIS,32,10.556,61541.1461,False
IACQ,32,9.97,61538.5,False
BTLN,32,0.9384,61464.91305,False
CICC,32,24.975,61435.71,False
PPCB,32,1.13,61393.45,False
RISN,32,31.3212,61267.275,False
ROMA,32,9.19,61195.845,False
DAT,32,49.0949,61169.647249999995,False
CYCN,32,4.0,61134.104999999996,False
UZF,32,16.96,61089.0225,False
DDFF,32,20.2302,61027.5649,False
AGMI,32,80.8678,61014.39365,False
IDYN,32,31.178,60895.149000000005,False
GFAI,32,0.412,60837.459149999995,False
HOVNP,32,19.56,60820.865000000005,False
XELB,32,0.8601,60746.33,False
NEXM,32,2.65,60703.17999999999,False
PBSE,32,31.295,60579.56999999999,False
GDL,32,8.4,60577.609800000006,False
OPENW,32,0.2101,60545.6546,False
HELX,32,43.3608,60523.092950000006,False
RYDE,32,0.73,60444.431,False
OCTU,32,30.9348,60298.8248,False
PST,32,23.2321,60218.933000000005,False
QSIX,32,42.0475,60193.36,False
DDFM,32,20.0251,60179.2936,False
CXII,32,10.82,60173.865000000005,False
NUG,32,10.9561,60082.80775000001,False
QMNV,32,25.4249,60052.8723,False
GAINZ,32,24.2,59973.725000000006,False
ZTEK,32,0.6015,59927.1118,False
SYZ,32,30.4786,59722.1046,False
SVRN,32,8.31,59606.630000000005,False
ALZN,32,1.6,59585.619999999995,False
PSHG,32,1.69,59549.12,False
BLDG,32,27.261,59502.88575,False
QBSV,32,27.2,59452.66305,False
ZTRE,32,50.6203,59421.52,False
NSTS,32,14.0,59402.91,False
AIIR,32,6.8654,59379.6622,False
EVAC,32,10.27,59368.97,False
EZRO,32,24.5729,59300.8101,False
CXRN,32,20.9919,59141.12500000001,False
KBFR,32,27.82,59051.034,False
BKCG,32,39.1303,58958.564150000006,False
XPP,32,21.2585,58896.433300000004,False
CCXIU,32,15.25,58689.86,False
TEXN,32,32.9959,58487.7383,False
TEND,32,27.855,58457.06999999999,False
ACSG,32,49.3379,58420.4887,False
ZDIS,7,61.019,58396.099299999994,False
MILK,32,24.365,58374.7968,False
RSSS,32,2.21,58370.185000000005,False
PMCB,32,0.5396,58215.2647,False
PCLO,32,24.88,58199.08,False
XQBT,5,24.3955,58153.299999999996,False
PBMR,32,32.6048,58122.188949999996,False
TELA,32,0.7,57930.356,False
BPAC,31,10.19,57922.16,False
SCCG,31,24.78,57836.520000000004,False
AREN,32,0.94,57821.630000000005,False
SBXD,32,10.85,57761.025,False
DECO,32,73.5075,57663.717650000006,False
KNDI,32,0.6601,57529.09665,False
BBUL,32,10.857,57478.45925,False
CEW,32,20.07,57388.883499999996,False
OILT,32,31.7678,57279.1715,False
VETZ,32,19.54,57213.54375,False
CAS,32,25.9753,57166.9153,False
ROSC,32,55.7605,57097.922399999996,False
HTFC,32,24.98,57015.479999999996,False
AVTM,32,55.5663,57012.8864,False
GENZ,32,40.88,56975.975000000006,False
RULE,32,29.94,56859.909199999995,False
SRTS,32,3.36,56849.89,False
JOUL,32,22.393,56843.138900000005,False
HTZWW,32,1.0301,56786.20635,False
FMKT,32,22.65,56771.99665,False
WFF,32,1.98,56761.481,False
YOLO,32,3.1114,56751.57,False
SMXT,32,2.755,56733.46,False
GLMD,32,4.3053,56718.969,False
AMACU,27,9.94,56646.759,False
BBSB,32,98.2659,56606.4075,False
HMR,32,1.31,56511.524999999994,False
AMOD,32,3.79,56504.755,False
BCSS,32,10.28,56476.91,False
JULH,32,25.2049,56406.84999999999,False
PCAP,32,10.36,56360.025,False
TOV,32,32.306,56340.43345,False
ARTW,32,2.91,56311.95,False
MSBIP,32,25.3999,56203.6477,False
DIVY,32,31.2645,56194.119999999995,False
TTXD,32,13.677,56180.16500000001,False
NDIA,32,27.8498,56170.5287,False
CRMLW,32,3.205,56123.515,False
GDT,32,38.0755,55998.496,False
RJVI,32,25.03,55940.0,False
HTCR,32,2.65,55905.55,False
SCAG,32,0.2887,55793.2875,False
SXTP,32,1.13,55789.66,False
UG,32,7.27,55757.765,False
GBLI,32,28.6,55694.3264,False
BBBYW,7,0.4299,55582.509000000005,False
NHTC,32,1.76,55550.5,False
ETS,32,0.7883,55545.9752,False
RAVE,32,3.12,55502.985,False
PRT,32,2.22,55478.916,False
AAUB,24,50.7752,55371.85800000001,False
DDTS,32,22.96,55353.225,False
LKOR,32,40.4799,55340.025,False
MGIH,32,1.57,55204.585,False
THRV,32,23.99,55120.925,False
GLED,32,9.99,54978.01,False
AVX,32,3.53,54978.0,False
ZEO,32,0.295,54972.9593,False
BBIB,32,97.1256,54953.64,False
LGPS,32,0.8965,54939.792,False
NEWTP,32,24.85,54892.575,False
SAWS,32,23.654,54679.622,False
BDRX,32,1.18,54619.95,False
CORZZ,32,17.93,54584.86,False
XIDV,32,39.7692,54436.0653,False
SWAG,32,1.76,54401.43000000001,False
MEDX,32,37.8113,54381.23010000001,False
TOPP,32,0.212,54333.58675,False
SNES,32,1.19,54332.215,False
NEWTG,32,25.69,54332.11474999999,False
DUKH,32,23.865,54306.840000000004,False
BOLT,32,3.85,54231.14,False
MYCK,32,24.61,54003.615000000005,False
AGRZ,32,0.2608,53954.86,False
KOSS,32,3.45,53928.770000000004,False
DLUX,32,50.3241,53883.14,False
BRTX,32,0.2225,53797.791900000004,False
DEEP,32,44.1552,53794.5264,False
TWG,32,0.5546,53791.01030000001,False
IBGC,32,24.3224,53717.3956,False
SPLS,32,55.378,53716.504499999995,False
UUU,32,5.7,53684.954,False
DLHC,32,4.505,53664.69,False
SNPG,32,59.8181,53606.9424,False
FTAIM,32,27.5208,53602.43025,False
AIDX,32,0.5282,53596.01505,False
TSCV,32,31.5677,53530.0357,False
QNME,32,0.3178,53502.1041,False
KEO,15,25.767,53494.344,False
INRO,32,36.6892,53383.90925,False
NVX,32,0.435,53333.4724,False
CNTY,32,1.27,53289.05,False
MTC,32,3.805,53272.1,False
OTGA,32,10.22,53262.55,False
GTIM,32,1.5,53182.96,False
TGL,32,2.14,53162.315,False
APHG,32,14.1286,53088.132,False
SIXL,32,40.28,53083.3778,False
OCTB,32,27.81,53041.70375,False
IPVVU,32,9.93,53023.405,False
RGEF,32,35.09,52877.73785,False
SYPR,32,1.8,52856.07,False
AIMS,32,28.2491,52838.5574,False
SERA,32,2.18,52804.28999999999,False
PBMY,32,31.6652,52772.024399999995,False
SSPY,32,101.3314,52764.66175,False
APRH,32,25.2296,52744.3,False
DDTO,32,23.39,52621.8514,False
MFIG,32,21.385,52500.6506,False
DRES,32,30.505,52470.96,False
PBJA,32,32.8323,52446.332500000004,False
MAKX,32,66.1296,52427.54305,False
PLA,32,25.87,52410.03999999999,False
MRKR,32,1.52,52376.61,False
GVLE,32,49.0083,52356.8291,False
RND,32,32.91,52236.47175,False
KYNB,32,8.1,52104.615000000005,False
XBOC,32,36.16,52055.10375,False
LASC,32,8.0373,52054.998700000004,False
VIOT,32,0.7619,52054.373600000006,False
AUAU,32,45.3863,52047.0111,False
RNRG,32,34.74,51975.805100000005,False
TPFI,32,24.7301,51974.225,False
WSBK,32,13.02,51946.229999999996,False
CPNQ,32,27.6136,51934.38125,False
XLRI,32,23.9421,51929.95215,False
REK,32,15.2967,51891.6957,False
RMBX,32,10.26,51890.2059,False
SNAV,32,39.0652,51750.565650000004,False
MXC,32,9.58,51747.755,False
FLUX,32,0.6669,51709.45175,False
IBGM,32,24.08,51599.140499999994,False
XBJA,32,34.465,51561.2118,False
GRI,32,1.96,51537.735,False
NEPH,32,4.22,51437.37655,False
REBN,32,1.35,51386.3,False
IDAU,16,24.9489,51383.3522,False
NOWX,31,30.8425,51291.0775,False
NVNO,32,10.8,51194.0115,False
USBC,32,0.5178,51116.244,False
IVSS,32,30.5129,51107.594450000004,False
BSGR,32,25.01,51095.41499999999,False
MSTQ,32,38.4748,51066.6515,False
UPGD,32,83.84,51025.67885,False
HNNA,32,9.92,51015.403,False
ONEO,32,157.2634,50893.3949,False
ARLU,32,32.4995,50817.247,False
AYTU,32,2.35,50797.175,False
PVI,32,24.78,50773.66499999999,False
SCAP,32,39.2698,50763.705,False
THMZ,32,34.775,50741.21175,False
OTAI,32,10.02,50739.305,False
ACCL,32,2.9,50712.380000000005,False
MLSS,32,0.485,50642.1825,False
APRJ,32,24.95,50588.44,False
BDIV,32,25.1239,50526.2016,False
OMSE,32,4.5,50487.975000000006,False
BRN,32,0.955,50468.480500000005,False
YFYA,32,9.78,50404.427500000005,False
ECCC,32,25.2599,50398.53,False
FKU,32,57.6201,50281.70875,False
PAVM,32,5.275,50183.119999999995,False
FGBIP,32,19.088,50144.405,False
HIT,32,1.01,50088.865000000005,False
GENK,32,1.98,50054.945,False
UMCU,11,26.7394,49949.1992,False
ALA,32,9.843,49799.704450000005,False
AENT,32,5.51,49694.28,False
AMEM,32,25.2761,49678.575800000006,False
FTRA,22,9.8839,49564.8436,False
SPXE,32,82.4038,49556.417400000006,False
CBOJ,32,24.17,49494.729999999996,False
XTOC,32,36.965,49406.0844,False
LZMH,32,1.2,49382.03,False
NFLP,32,20.389,49368.14,False
JOJO,32,15.08,49351.8,False
SPIN,32,33.3591,49321.0582,False
BRF,32,15.86,49320.962499999994,False
FINA,32,25.72,49305.1054,False
NXL,32,0.3187,49240.47594999999,False
XOCT,32,40.12,49087.4225,False
FMFC,32,0.2391,49006.168000000005,False
HDG,32,54.911,48998.94875,False
DURA,32,40.1692,48987.73665,False
FPRO,32,25.555,48985.3226,False
JETU,32,30.1686,48807.9175,False
BETE,32,38.6468,48742.33,False
IMA,32,5.55,48698.82,False
KTCC,32,3.77,48587.67999999999,False
CLOC,32,25.0803,48520.878549999994,False
HAPI,32,46.4931,48447.6511,False
PEZ,32,98.9705,48337.27445,False
SCDS,32,75.8852,48268.854600000006,False
CSBR,32,4.98,48257.92999999999,False
ISEP,32,35.56,48249.3246,False
PBNV,32,31.5745,48190.405249999996,False
METCI,32,25.38,48154.729999999996,False
BLRK,32,10.065,48121.05,False
IRIX,32,0.716,48113.08500000001,False
TLCI,32,28.2345,48098.7918,False
XBIO,32,3.82,48088.22,False
CMAG,32,25.7138,48066.418,False
ZTEN,32,49.8208,48015.0207,False
PQAP,32,32.415,47997.185,False
NIXT,32,34.775,47932.061,False
OXLCI,32,25.7501,47823.91295,False
JULC,32,25.6807,47787.327300000004,False
GRW,32,31.5025,47753.1606,False
DTF,32,11.52,47726.24,False
GCDT,32,0.3775,47660.47425,False
CRGO,32,1.42,47639.67,False
UX,32,31.07,47624.7046,False
PSCU,32,65.3231,47543.71945,False
FSEG,32,27.5413,47515.27685,False
NCOOU,25,10.1,47490.12,False
CSRA,10,25.6534,47364.5411,False
PIPE,32,30.3976,47357.625,False
FOMG,32,5.2989,47356.604600000006,False
MAYU,32,34.6763,47324.059499999996,False
UONEK,32,4.49,47285.865000000005,False
VHUB,32,0.8,47220.15,False
QQXL,32,52.5542,47195.43565,False
TEXU,32,41.6946,47059.842300000004,False
DECU,32,29.6798,47051.06865,False
XLEX,32,28.0658,46998.5036,False
BDMD,32,1.2,46995.205,False
NCPB,32,24.685,46986.08500000001,False
KVLE,32,29.3966,46938.7149,False
GOODN,32,23.48,46922.51,False
LOOP,32,0.589,46916.58765,False
XPL,32,0.813,46914.725000000006,False
QDIV,32,41.0148,46829.55,False
PLYY,32,8.485,46815.2905,False
MESH,32,10.07,46798.7825,False
VRM,32,9.395,46669.695,False
MIRA,32,0.7753,46663.51985,False
BSAA,32,11.09,46635.7275,False
SMHB,32,4.27,46571.240099999995,False
ZAPR,32,26.9,46450.2295,False
MNBD,32,25.69,46348.545,False
FUSB,32,16.51,46334.340000000004,False
NVNI,32,1.03,46295.045,False
STAX,32,25.315,46262.82000000001,False
PZIV,32,30.765,46247.1651,False
JGRW,32,28.4123,46215.181599999996,False
THEQ,32,30.315,46180.15335000001,False
CLLS,32,3.42,46161.8,False
MMA,32,0.4671,46140.322499999995,False
PBRG,32,34.1818,46090.3779,False
DUSG,32,52.7938,46010.0016,False
CRWC,31,23.2275,45905.3924,False
XLCI,32,23.9096,45847.494999999995,False
NSEP,32,31.7039,45809.31,False
TOXR,32,14.33,45768.0,False
MYHD,32,25.08,45733.316699999996,False
IBMW,32,24.8399,45719.29825,False
TSEU,32,13.9783,45539.04915,False
EZMO,32,26.4925,45272.5071,False
AQB,32,1.33,45205.895,False
TRAW,32,0.5788,45038.1974,False
GECCG,32,24.93,45031.055,False
CLIK,32,1.36,44971.79,False
MIG,32,21.0,44947.315,False
AIHS,32,1.55,44851.9,False
NLSI,32,56.3741,44850.7147,False
SHFS,32,0.1641,44783.461500000005,False
EUDA,32,14.4,44713.215,False
MTEK,32,1.145,44713.17,False
CUT,32,30.3518,44703.56625,False
YSAG,30,69.1417,44659.652,False
DALI,32,29.5712,44648.97205,False
CCSO,32,26.5859,44528.45345,False
QPX,32,48.8655,44519.5199,False
FLYD,32,39.091,44509.442899999995,False
YOUL,32,0.4903,44455.688,False
LFWD,32,7.39,44414.020000000004,False
AIRI,32,2.61,44406.46,False
ARMY,32,25.85,44332.616500000004,False
DLMY,32,30.4349,44294.075,False
MLCI,32,3.27,44290.272000000004,False
AIFA,32,3.12,44218.375,False
UZX,32,0.122,44191.070999999996,False
CCSB,32,19.93,44085.32,False
SWKHL,32,25.4499,44048.7302,False
OXSQH,32,24.945,44029.7356,False
ATHE,32,4.47,43956.706600000005,False
SECR,32,25.2135,43781.0625,False
MLAA,32,9.995,43723.84,False
AIMD,32,1.45,43722.25,False
VSME,32,1.14,43700.705,False
TDSB,32,25.2,43666.18705000001,False
AGQI,32,18.9525,43639.6653,False
SPCK,32,22.035,43618.825,False
BLUW,31,10.38,43511.4,False
RVSN,32,5.24,43493.91,False
SMN,32,18.2099,43468.78,False
PCHI,32,24.31,43466.8575,False
TUG,32,46.2437,43389.4252,False
VCRE,32,11.52,43377.35,False
EVAX,32,3.35,43373.865000000005,False
CDIO,32,1.91,43369.035,False
RACD,32,12.895,43181.147800000006,False
KJD,32,17.8893,43122.3486,False
OWNB,32,21.0712,43120.979999999996,False
MTAKU,23,9.97,43107.298800000004,False
CIEX,32,13.8872,42949.5002,False
SINT,32,1.56,42941.96,False
JULZ,32,46.1778,42939.558950000006,False
LFEQ,32,60.9191,42936.00445000001,False
BESF,32,40.31,42933.25455,False
HPAI,32,0.424,42837.546,False
SLE,32,3.96,42837.09,False
ATIIW,32,1.47,42827.295,False
GGME,32,63.593,42803.53585,False
NSPR,32,0.9202,42786.10625,False
VIAG,32,10.3508,42647.6372,False
ALIS,32,10.22,42590.836500000005,False
MAGA,32,57.7468,42570.666,False
ASCI,32,37.085,42523.6039,False
CLIR,32,4.7,42452.565,False
TBJL,32,19.16,42451.695,False
DKI,32,3.85,42434.850000000006,False
EDGE,32,51.7489,42360.69,False
SNTG,32,1.73,42292.11,False
SMCP,32,26.73,42288.3306,False
FRSX,32,1.19,42220.649999999994,False
RFAI,32,51.09,42193.6275,False
SFYI,32,25.1465,42102.7145,False
JCTC,32,2.95,42089.94,False
TWAV,32,1.4,42064.95,False
KHYB,32,24.25,42041.405,False
TSYW,32,41.8579,41979.985,False
JXX,32,31.4636,41832.7052,False
ASMF,32,25.8281,41802.00335,False
RMCF,32,1.11,41774.0749,False
DTST,32,2.96,41766.17999999999,False
XSEM,32,17.6004,41754.34985,False
GTEC,32,0.9003,41745.68795000001,False
KCHV,32,10.4388,41675.27,False
JABRU,31,10.09,41621.25,False
NA,32,2.04,41609.9205,False
DDTN,32,20.82,41596.380000000005,False
QBF,32,18.009,41590.712499999994,False
MHY,32,25.9752,41505.2097,False
ARCI,31,10.14,41503.020000000004,False
NMAR,32,32.5498,41432.513999999996,False
IBFR,32,51.4762,41398.3761,False
DCX,32,0.9776,41313.23665,False
TOMZ,32,1.72,41245.01,False
COCP,32,1.13,41225.46000000001,False
XCH,32,4.22,41223.990000000005,False
PMTR,32,10.4,41216.395000000004,False
DADS,32,20.255,41187.705,False
NFEB,32,30.585,41154.831000000006,False
UBR,32,31.2757,41153.66590000001,False
LGL,32,7.735,41115.895000000004,False
RINF,32,32.645,41097.1663,False
IPOS,32,23.6556,41092.1492,False
NTWK,32,4.05,41069.03999999999,False
XAIW,9,23.7752,41039.945999999996,False
WHFCL,32,25.41,40982.73865,False
CARD,32,2.2549,40919.230899999995,False
MFI,32,9.315,40818.61,False
CCEL,32,4.3,40818.005000000005,False
CHRI,32,90.9316,40790.2144,False
JDIV,32,58.6119,40776.3733,False
INBKZ,32,25.21,40736.785,False
AWRE,32,1.27,40649.03,False
NUAIW,32,2.47,40647.3327,False
PSNYW,32,3.73,40570.880000000005,False
ZTWO,32,50.48,40375.44,False
DGIN,32,38.155,40359.36044999999,False
JL,32,4.9244,40306.707500000004,False
RMNY,32,24.29,40288.712499999994,False
MTSG,32,5.7945,40282.0788,False
QBQV,32,26.675,40246.6826,False
MNDO,32,1.01,40164.265,False
FTAG,32,30.1852,40162.412200000006,False
JULJ,32,25.0397,40073.825,False
CAPS,32,0.19,40032.786250000005,False
BABW,32,22.6253,39981.08,False
FGSM,32,35.9481,39932.754700000005,False
THH,32,2.27,39895.362,False
FBGL,32,0.43,39887.2672,False
ETCO,32,8.9325,39878.79645,False
BPAY,32,27.9002,39876.795,False
MVRL,32,13.1128,39822.25,False
EDHL,32,3.9,39807.15,False
OPENL,32,0.125,39803.2504,False
ONEG,32,1.03,39769.44,False
BEEP,32,2.91,39751.865000000005,False
XLYI,32,23.0879,39742.28999999999,False
EQLT,32,39.601,39712.81165,False
BEC,32,12.0095,39703.673299999995,False
FTIF,32,29.4995,39559.2253,False
MFVL,32,22.7913,39538.76235,False
XNOV,32,40.215,39519.592,False
WBIG,32,27.1377,39499.700899999996,False
HCXY,32,25.0,39462.03,False
DIVG,32,38.4588,39381.81,False
BETH,32,43.9859,39381.435,False
FEIG,32,40.195,39281.46000000001,False
INOV,32,38.1463,39278.23545,False
OPENZ,32,0.12,39244.3455,False
KROP,32,36.6342,39060.2388,False
SSCP,32,26.6018,39034.44115,False
NSRX,32,4.1,38844.899999999994,False
XOEX,32,41.9744,38841.8864,False
SURI,32,20.2462,38835.458549999996,False
SLDR,32,49.732,38750.83500000001,False
NBFC,32,50.825,38697.975,False
MCHG,32,7.3375,38619.70925,False
ADIU,32,10.75,38590.2345,False
GIND,32,25.3088,38501.667499999996,False
CULP,32,3.48,38401.47,False
GGR,32,2.68,38398.55,False
IIGD,32,24.3452,38360.705,False
BITC,32,40.8442,38358.40365,False
VAVX,32,15.5175,38344.077000000005,False
DYLD,32,22.33,38283.56,False
BEGS,32,19.38,38206.806,False
OXLCN,32,24.74,38180.740000000005,False
RDDC,31,14.0685,38111.5665,False
JPAN,32,42.812,37998.26475,False
POM,32,0.93,37975.485,False
IMSRW,32,2.35,37915.07,False
FB,32,45.0434,37886.729349999994,False
HRSK,32,25.5099,37786.930949999994,False
MGYR,32,19.5,37750.3,False
UJB,32,79.3095,37672.634999999995,False
DECZ,32,44.0157,37649.279850000006,False
CRDT,32,23.565,37644.2631,False
ELUT,32,1.01,37602.4829,False
BGI,32,0.3925,37474.8924,False
SCCF,32,24.58,37422.23495,False
EMIF,32,26.0432,37359.284499999994,False
RFCI,32,22.0749,37290.8032,False
MUIB,20,28.5893,37212.694749999995,False
HKPD,32,0.398,37202.4067,False
TAOP,32,0.9447,37157.2125,False
SSXU,32,36.7193,37080.796650000004,False
MRNO,32,0.229,37074.48775,False
SNYR,32,0.1,37003.0156,False
ORAC,32,22.5024,36977.186799999996,False
BIOX,32,0.42,36968.085,False
WOMN,32,45.6888,36955.298599999995,False
MBSX,32,27.535,36865.83315,False
BNR,32,9.8,36852.36,False
SCNI,32,2.88,36846.5625,False
XXII,32,3.01,36824.53,False
CTOR,32,0.8101,36806.27635,False
BENF,32,2.3,36764.625,False
TSOL,32,9.54,36745.175,False
MCVT,32,28.2933,36588.69285,False
HERE,32,1.86,36459.8,False
OEFA,32,36.68,36441.0879,False
SIEB,32,2.08,36399.2,False
IQMXW,32,2.645,36340.775,False
SCSB,32,24.965,36329.015,False
SDA,32,0.7258,36256.4896,False
NXGL,32,0.356,36239.14,False
ULE,32,12.8985,36155.37485,False
APRB,32,27.3548,36130.48805,False
PCLG,32,23.1008,36075.825,False
IPVV,22,9.84,36067.045,False
CKX,31,11.25,36031.41,False
SPXN,32,83.6248,35879.1481,False
WTRE,32,24.1908,35794.0287,False
MNOV,32,1.57,35791.295,False
PSCD,32,119.857,35728.41525,False
POWWP,32,23.8,35715.715,False
IBMX,32,24.56,35594.4972,False
SOUNW,32,1.41,35575.648499999996,False
PW,32,7.7,35552.24,False
DVAL,32,16.7084,35427.96505,False
WDIG,32,48.5299,35341.8912,False
ATCX,32,3.695,35338.97,False
YBTY,32,10.867,35305.2925,False
GWAV,32,4.53,35287.095,False
JANZ,32,41.6799,35284.47115,False
BBLG,32,0.6048,35255.79945,False
QTAP,32,52.1345,35252.244900000005,False
FDTS,32,70.718,35235.38715,False
MITN,32,25.44,35184.78,False
UPV,32,108.1617,35152.9639,False
BRAG,32,1.45,35137.92,False
SOS,32,0.9623,35068.820850000004,False
JYD,32,0.9102,35054.47235,False
LOCT,32,23.94,34954.935,False
IHT,32,1.41,34899.88,False
AZYY,32,14.2682,34835.2,False
NXPG,32,7.0835,34795.025,False
ACMM,32,12.7902,34771.34065,False
JMID,32,31.9234,34716.5895,False
HCAC,32,10.09,34656.46,False
LWLX,6,15.4661,34647.98015,False
OSPRU,32,10.08,34631.34655,False
RYLG,32,24.8577,34607.31,False
SPHL,32,2.45,34600.04,False
CAES,32,10.0951,34561.96,False
QRMI,32,15.125,34559.445,False
NCEL,32,3.48,34553.19,False
UXOC,32,40.1406,34530.87475,False
FFF,32,25.8493,34515.63195,False
MTEX,32,6.45,34496.54000000001,False
UK,32,2.14,34487.825,False
CLWT,32,1.63,34451.5,False
ANPA,32,4.15,34402.384999999995,False
PTEU,32,34.6121,34357.123649999994,False
GIFT,32,0.813,34352.476500000004,False
QSOL,32,9.8666,34256.415,False
FOPC,32,25.335,34233.668399999995,False
SURE,32,152.2682,34208.678499999995,False
COHC,32,15.0252,34200.715200000006,False
DUTY,32,26.4838,34188.43525,False
MHNC,32,11.61,34150.14,False
RCLO,32,25.15,34122.134999999995,False
FCHL,32,1.13,34107.34,False
XSPC,32,21.1881,34081.30295,False
ROPE,32,30.6965,34060.69765,False
TOGA,32,31.8666,34006.6335,False
OCTZ,32,46.5159,33982.591400000005,False
CATLU,21,9.9799,33941.6399,False
KPRX,32,2.59,33909.81,False
CANQ,32,30.244,33902.736000000004,False
JPFP,32,50.6466,33867.1224,False
TIME,32,26.8064,33818.2276,False
OXLCL,32,24.32,33813.67,False
CRD,31,19.7667,33797.8368,False
BFOC,32,17.0843,33774.29,False
AAVM,32,34.7647,33762.066,False
BMED,32,34.8186,33698.8176,False
ZSTK,32,6.47,33670.065,False
NCNA,32,1.47,33648.604999999996,False
APRT,32,46.7199,33645.70375,False
BMVP,32,54.63,33626.281,False
NVBU,32,31.31,33584.393299999996,False
BDGS,32,36.905,33564.77685,False
KTN,32,25.5,33555.8652,False
TXMD,32,2.28,33551.035,False
BEEX,32,28.1805,33525.73514999999,False
BMGL,31,4.8,33500.090000000004,False
FOFO,32,2.58,33455.325,False
EICA,32,24.945,33387.325000000004,False
ZIG,32,41.1252,33258.1217,False
FEMG,32,26.5015,33203.30035,False
MMAX,32,27.35,33192.4265,False
CGCF,7,9.88,33132.68,False
OCTJ,32,24.09,32892.09,False
HAIL,32,36.49,32874.8064,False
AKA,32,10.41,32713.504999999997,False
TEST,32,37.1404,32674.11,False
UXJA,32,38.9282,32660.66205,False
XRPNW,32,0.95,32583.211300000003,False
MYY,32,15.2507,32564.100749999998,False
CDNG,32,10.3734,32459.639099999997,False
ISWN,32,22.7951,32425.8099,False
NVBW,32,36.285,32360.079999999994,False
BWBBP,32,19.7801,32359.379999999997,False
LBAY,32,28.4052,32343.410000000003,False
THNR,32,27.91,32300.15515,False
AOCT,32,27.58,32229.24415,False
SPME,32,25.0999,32226.120000000003,False
JATT,32,12.455,32214.56,False
AGMH,32,1.08,32196.6,False
IOTR,32,2.59,32116.5,False
LUD,32,4.1913,32007.96,False
DRUP,32,68.7078,31999.547850000003,False
JPSV,32,70.1298,31984.80075,False
USLX,32,24.9469,31960.1427,False
SONM,32,3.265,31932.29,False
BHV,32,12.71,31846.445,False
BIOY,32,21.41,31804.917800000003,False
LDEM,32,61.595,31795.73285,False
CLCG,32,28.8125,31741.52745,False
TDEC,32,27.0203,31739.714500000002,False
NJNK,32,20.1,31675.71,False
VGAS,32,1.37,31672.97,False
ATHR,32,3.4231,31648.2,False
AIUP,32,29.4582,31639.991299999998,False
GIX,32,9.99,31524.71,False
TSNF,32,31.1962,31460.4968,False
OCTH,32,24.1902,31452.5975,False
REVB,32,1.0,31451.0003,False
LITC,32,26.8452,31445.8753,False
SSBI,32,12.9,31432.59775,False
ABUF,32,27.6098,31376.998550000004,False
GXUS,32,65.0908,31365.87175,False
NVOH,32,26.37,31329.82905,False
JG,32,6.8,31199.9,False
SPXV,32,83.5563,31119.99115,False
KWT,32,37.6383,31109.15075,False
CNSP,32,5.8,31104.96,False
LFMDP,32,23.15,31057.9,False
BGSF,32,5.41,31052.07,False
QQDN,32,21.3983,30982.329700000002,False
ABTS,32,1.3401,30979.339999999997,False
JOB,32,0.2558,30949.8497,False
APPC,32,10.4793,30892.98295,False
REGCO,32,22.02,30859.375,False
ISPR,32,1.49,30780.020000000004,False
EHY,32,8.4211,30730.91205,False
JANI,32,26.4907,30717.2174,False
TSCM,32,20.4327,30632.8018,False
ALDB,32,25.7182,30628.1372,False
TAXM,32,49.5807,30620.65625,False
CPSN,32,28.035,30604.71825,False
BEMB,32,53.0709,30568.770599999996,False
CVAR,32,31.7792,30562.1838,False
KSEP,32,31.315,30488.335,False
SHOT,32,9.849,30428.83,False
HYBX,32,29.675,30411.6125,False
FKWL,32,2.5,30356.65,False
AIXC,32,0.9317,30345.65245,False
BTBD,32,1.36,30324.94,False
XCOR,32,88.1117,30314.3761,False
BFIX,32,25.02,30279.375,False
FEMV,32,27.8501,30193.995000000003,False
LCLG,32,70.5858,30059.6853,False
JUDB,32,26.2499,30031.6694,False
BBLB,32,78.8251,30028.9059,False
OPTXW,32,1.4,30026.14,False
BZZ,32,24.4261,30005.163,False
DGJL,27,30.25,29963.5088,False
CDEI,32,94.3236,29940.329400000002,False
SOWG,32,3.23,29929.059999999998,False
POAS,32,0.1706,29878.428,False
NCPL,32,0.58,29795.55775,False
LTTI,32,17.71,29698.46,False
WIMA,32,44.2595,29674.0613,False
DGICB,31,23.71,29667.100000000002,False
QMFE,32,24.5502,29660.4546,False
FORTY,32,117.51,29638.38435,False
PLMK,32,10.74,29633.275,False
MIACU,32,9.96,29621.905,False
IPST,32,7.78,29580.535000000003,False
PDCC,32,8.82,29507.929599999996,False
MARW,32,36.6798,29502.155,False
REFR,32,0.4779,29471.0665,False
CCOR,32,26.5969,29468.44595,False
XRXDW,32,0.2979,29460.214,False
DETX,32,3.65,29452.7312,False
ARWG,32,26.0794,29416.091999999997,False
TACU,32,28.0751,29353.2321,False
MAVF,32,140.2583,29306.39335,False
UBCP,32,16.0,29151.489999999998,False
GUAC,32,9.945,29149.684999999998,False
BYSI,32,0.7202,29092.155,False
DRCT,32,2.3,29045.63,False
GLNDW,32,0.54,28986.4075,False
BTTC,32,0.521,28985.3253,False
SPDG,32,46.9726,28969.1408,False
DIVE,32,28.02,28927.256500000003,False
GROW,32,3.3,28922.320499999998,False
XIMR,32,31.4751,28920.67,False
BULLW,32,3.24,28875.315000000002,False
EFU,32,6.685,28855.409050000002,False
WLCO,12,10.1,28756.97,False
ENTL,32,7.183,28686.714699999997,False
MFLX,32,16.83,28667.255000000005,False
LRCC,32,18.2574,28661.9409,False
CVGD,32,26.9661,28544.4315,False
INEO,32,0.5849,28463.15485,False
HWH,32,2.01,28279.25,False
NTIP,32,1.55,28238.79,False
BCG,32,1.445,28229.15,False
CEPF,31,10.385,28165.26,False
TMYY,32,22.5073,28141.13,False
QBQF,32,25.925,28076.337099999997,False
AUBN,32,26.18,28000.5,False
BCFN,32,23.8753,27962.0,False
STMX,5,13.3229,27914.212,False
NTAL,30,31.4113,27898.9379,False
ORIO,32,0.84,27891.234999999997,False
CHNR,32,4.09,27838.760000000002,False
HOUR,32,1.86,27818.49,False
MMTX,32,10.18,27749.75,False
STKS,32,1.66,27698.595,False
PCS,32,49.8601,27681.7782,False
SYNX,32,1.02,27613.440000000002,False
CISO,32,0.2245,27535.5432,False
PZLV,32,31.3239,27497.9125,False
YYYM,32,19.5497,27494.8597,False
MPU,32,0.216,27436.2667,False
EXOZ,32,7.53,27385.2,False
PPBT,32,1.65,27379.19715,False
FCBD,32,25.2552,27353.9235,False
LANV,32,1.09,27341.715,False
ITP,32,0.1855,27290.307500000003,False
KOOL,32,14.6629,27255.2825,False
XIDE,32,30.41,27251.010000000002,False
PLUR,32,1.66,27193.504999999997,False
ICMB,32,0.8433,27163.5851,False
JMM,32,5.76,27159.9785,False
OCCIM,32,25.2,27082.954999999998,False
LCF,32,46.2385,27048.45435,False
GPT,32,34.5821,27021.4769,False
CPSM,32,29.525,27002.726450000002,False
CWY,32,16.275,26979.487500000003,False
BPH,32,66.512,26953.535600000003,False
QOWZ,32,37.1945,26938.7148,False
SGRW,32,26.2856,26909.3024,False
OOSP,32,10.135,26871.004999999997,False
GENVR,32,3.5,26835.96,False
MLEC,32,7.18,26807.86,False
CTSO,32,0.3553,26784.4329,False
ACSV,32,50.1469,26772.382250000002,False
XBP,32,2.8,26757.985,False
BSTS,32,25.015,26719.425,False
REGCP,32,23.24,26705.975,False
IPDN,32,0.134,26691.055249999998,False
UMCX,32,12.5228,26685.00135,False
DFTT,32,29.64,26667.5065,False
PEX,32,24.3678,26602.2183,False
QBKV,32,27.6863,26592.574249999998,False
EEIQ,32,2.405,26537.559999999998,False
XWEL,32,1.0051,26531.845,False
DRNL,32,5.2248,26527.6408,False
GNLN,32,2.7,26516.9821,False
CBLS,32,31.0862,26483.8541,False
SOUL,31,10.4501,26483.281000000003,False
FACWW,32,0.691,26395.519999999997,False
MVPL,32,44.1349,26392.759449999998,False
QBIF,32,26.545,26368.167500000003,False
EDOG,32,25.57,26349.0383,False
XAUG,32,39.51,26347.81755,False
SMCC,32,39.0218,26345.2324,False
GROV,32,0.9781,26322.405,False
STBQ,32,24.117,26278.48025,False
ABLV,32,0.98,26255.78615,False
TSSD,32,29.2876,26123.983,False
SUIL,32,7.0419,26057.0735,False
LRND,32,46.0922,25993.28925,False
MBNKO,32,25.6,25962.234500000002,False
FEBU,32,30.15,25955.7558,False
CPNS,32,28.376,25865.5476,False
IDEC,32,35.5148,25780.025,False
CBXY,32,23.3893,25703.139000000003,False
IBG,32,0.9665,25698.734450000004,False
COOL,9,19.525,25641.3,False
CLCV,32,31.5001,25535.29105,False
LTGR,22,9.96,25455.685,False
HONG,32,13.245,25409.928,False
SDUR,19,25.18,25350.324999999997,False
ASLV,32,31.1175,25295.29485,False
MRGR,32,45.4257,25274.191850000003,False
TOUR,32,4.84,25255.53,False
XISE,32,30.4,25248.095,False
RDOG,32,41.6998,25176.346550000002,False
QTR,32,33.662,25172.0274,False
DIVS,32,34.87,25171.7748,False
OCIO,32,37.875,25105.8966,False
NVBT,32,40.5299,25055.2595,False
KRKR,32,3.1346,25051.340000000004,False
APRE,32,0.9499,25048.2257,False
IINC,32,26.5048,24991.019999999997,False
BPOPM,32,25.285,24914.910000000003,False
IPEX,32,10.55,24897.79,False
RILA,32,12.1854,24890.93,False
XNAV,32,90.7992,24890.2588,False
MKZR,32,1.5015,24817.25,False
PIFI,32,93.365,24770.8367,False
LJUL,32,24.045,24735.555,False
CPSD,32,27.03,24688.33,False
TPFG,32,25.86,24671.9698,False
SAAQ,32,10.11,24610.9675,False
DOGZ,32,1.01,24594.9225,False
RAYA,32,2.2502,24589.275,False
MXE,32,13.47,24534.04,False
FMY,32,11.64,24508.78,False
SLSN,32,0.9355,24480.4599,False
NTIC,32,8.05,24476.84,False
LSEQ,32,35.2327,24412.128750000003,False
MVPA,32,37.98,24323.34665,False
YXI,32,21.7999,24250.3722,False
ITOC,32,0.2731,24174.834,False
GAVA,32,18.1812,24153.7735,False
RSSE,32,23.8076,24129.921349999997,False
FESC,32,23.9161,24072.76975,False
HDLB,32,18.1489,24050.267400000004,False
NERD,32,22.7307,23988.005899999996,False
NOMA,32,2.38,23854.47,False
LOBO,32,0.6501,23851.295,False
MYSZ,32,2.58,23828.564,False
XTJL,32,42.1048,23785.25105,False
DWMF,32,34.4414,23663.2928,False
XTNT,32,0.3199,23639.47665,False
CLIX,32,60.3871,23629.6443,False
ABIG,32,35.1898,23625.5202,False
FLYU,32,51.5168,23603.7894,False
XAPR,32,38.355,23596.036099999998,False
FSML,32,30.36,23591.341399999998,False
ICON,32,1.01,23560.940000000002,False
GHTA,32,31.4918,23521.40495,False
RW,32,25.4799,23507.22475,False
CPRY,32,28.2636,23505.6296,False
ZDAI,32,1.67,23500.485,False
YTRA,32,1.03,23484.88155,False
VRME,32,0.7332,23468.6924,False
EGHA,32,10.37,23464.175,False
SSM,32,2.81,23379.58,False
VII,27,9.84,23375.74,False
XLFX,32,31.3637,23324.9,False
EHCC,32,22.6287,23310.285,False
FACT,32,10.69,23290.27075,False
MCH,32,28.0232,23040.489199999996,False
TSES,32,30.98,23011.72185,False
DDV,32,25.535,22981.7824,False
DUKQ,32,31.9369,22948.3261,False
PABD,32,71.8685,22875.4683,False
SIJ,32,16.7257,22874.463949999998,False
SEPT,32,38.365,22873.5975,False
CLST,32,17.367,22872.65,False
PWS,32,33.4933,22751.801099999997,False
BHM,32,8.57,22693.949999999997,False
FIMU,32,19.815,22615.7975,False
DSWL,32,3.12,22609.2725,False
BYFC,32,11.88,22569.559999999998,False
ICG,32,0.9493,22521.35,False
TLF,32,2.585,22509.451399999998,False
UFG,32,0.5625,22489.18905,False
TOCT,32,27.295,22486.739999999998,False
TGE,32,0.96,22457.92,False
ARBK,32,2.94,22432.487500000003,False
DCBG,32,26.53,22422.114650000003,False
EYES,32,29.0582,22337.7439,False
DWAW,32,51.1714,22285.6607,False
CPHC,32,15.75,22230.345,False
HMYY,32,5.96,22219.052499999998,False
OCTM,32,34.0098,22125.652349999997,False
MATH,32,0.7849,22117.59015,False
STRR,32,10.25,22081.08,False
LOGO,32,21.135,22080.231200000002,False
NXPX,32,10.6948,22071.235650000002,False
AWX,32,2.71,22066.58395,False
ACAA,31,10.02,22060.0,False
GBR,32,0.7777,21933.685899999997,False
LATR,32,28.86,21913.3309,False
ROBX,5,23.145,21884.758,False
ESBA,32,4.7,21884.5875,False
AINF,6,18.4665,21843.996250000004,False
BTOC,32,0.293,21800.76685,False
TRIO,32,65.9302,21799.30645,False
USE,32,32.2067,21741.055500000002,False
NTRB,32,4.83,21729.5,False
GASZ,32,22.4908,21729.232750000003,False
MZYX,32,9.968,21721.4075,False
BGEG,32,23.5505,21719.6982,False
IQSI,32,39.6026,21694.12095,False
CPBI,32,21.0,21686.885000000002,False
CPST,32,28.07,21681.255,False
INTJ,32,3.5,21658.8975,False
CCID,32,25.1,21617.21,False
TKLF,32,1.78,21607.275,False
TSEP,32,26.72,21586.0845,False
TONT,32,10.8588,21516.7826,False
AAME,32,1.29,21497.945,False
MKDW,32,11.5,21462.48,False
SKK,32,4.25,21415.05,False
IREC,31,23.4129,21407.5194,False
DHSB,32,27.4807,21391.637600000002,False
YSXT,32,1.0114,21335.2078,False
HXHX,32,0.5112,21295.104700000004,False
CNET,32,1.41,21291.324999999997,False
EPOW,32,0.4225,21218.75625,False
WTIB,32,29.7416,21190.631699999998,False
RMCO,32,3.025,21171.765,False
OXBR,32,1.295,21104.445,False
CELU,32,0.8008,21090.7134,False
PBL,32,33.7839,21090.304799999998,False
GELS,32,0.5476,21068.526850000002,False
AMBR,32,1.08,21056.800000000003,False
CVSM,32,26.2768,21049.7725,False
AMS,32,1.47,21041.427,False
INVG,32,25.085,21028.1636,False
UPLT,32,27.9318,20998.18425,False
RETO,32,1.62,20950.795,False
QBUL,32,24.105,20892.93,False
RFFC,32,76.887,20873.32645,False
QB,32,48.64,20866.1175,False
CETY,32,1.0,20860.4122,False
LCFY,32,2.445,20844.774999999998,False
MWHS,32,18.06,20841.940000000002,False
CXIIW,32,2.045,20839.629999999997,False
UONE,32,4.925,20815.962499999998,False
HALX,32,26.1735,20781.4309,False
MCDS,32,68.5793,20743.94915,False
IACO,32,9.98,20611.241,False
VRAI,32,28.8863,20573.96265,False
LXEH,32,1.71,20550.295,False
HXE,3,25.145,20518.32,False
QTOC,32,38.87,20516.21355,False
PMJL,32,26.88,20509.3625,False
BEAG,32,10.75,20498.65,False
GKAT,32,46.2306,20443.66115,False
SCCD,32,24.9,20375.81025,False
OXLCO,32,24.0,20360.7,False
SIM,32,29.33,20346.0,False
UFOD,32,23.9896,20298.527650000004,False
IPAV,32,32.4116,20291.7806,False
PULM,32,1.6,20286.72,False
QRHC,32,1.49,20281.875,False
LBTYB,32,13.4,20274.5,False
HBIL,9,20.025,20265.3,False
WDGF,32,32.4769,20262.403250000003,False
MLPR,32,76.715,20261.21455,False
AUGZ,32,46.0582,20239.5916,False
MSST,32,27.803,20238.96,False
MCHX,32,1.805,20224.89,False
DANA,32,25.075,20221.15,False
SQBA,2,30.6449,20210.23195,False
CUBB,32,22.3,20206.42,False
RDAC,32,5.32,20199.300000000003,False
BCDF,32,34.1713,20184.28475,False
TRUH,32,30.5645,20169.30375,False
IBGB,32,23.7306,20165.835,False
UPAR,32,16.7076,20141.2845,False
NWTG,32,1.3201,20137.39,False
HIND,32,2.23,20099.505,False
RKDA,32,0.49,20085.25695,False
IPB,32,25.2,19984.125,False
SIC,7,43.7493,19962.0828,False
LAPR,32,25.36,19936.92,False
CPRO,32,28.4465,19928.45875,False
BIXI,31,10.1,19926.878999999997,False
XTR,32,28.9307,19926.3934,False
FXAC,32,10.1,19924.510000000002,False
FFIU,32,21.505,19906.942199999998,False
DNMX,32,10.0601,19884.69,False
EHLD,32,9.995,19884.230000000003,False
ZOOZ,32,6.21,19862.225,False
GTPE,32,62.3863,19850.3217,False
SPUT,32,28.66,19832.648050000003,False
CURX,32,4.75,19738.528,False
EFOI,32,2.85,19732.75,False
ZJK,32,2.38,19730.19,False
TPLS,32,24.875,19716.025,False
BLRX,32,2.85,19666.2,False
EVNT,32,12.27,19640.9725,False
ACRT,8,24.596,19567.1426,False
IMRN,32,1.14,19553.295000000002,False
BREE,32,27.2936,19545.215000000004,False
ALPS,32,0.3148,19475.834300000002,False
CPSP,32,27.16,19462.395,False
JHDG,32,28.1732,19434.487800000003,False
AV,32,27.738,19432.68005,False
TJAN,32,28.475,19364.2525,False
PUL,32,40.2111,19357.1316,False
SAJ,32,25.06,19290.074999999997,False
CUVL,27,7.6,19277.708000000002,False
COOT,32,0.44,19259.3859,False
ADVE,32,46.6362,19251.56015,False
NEWTI,32,25.68,19236.025,False
QVMM,32,35.47,19223.367,False
JUNZ,32,35.8112,19154.4522,False
UTWY,32,41.6886,19011.43045,False
BGMS,32,0.8771,18990.0761,False
PSAI,32,28.1848,18981.1065,False
FDND,32,22.4645,18948.59,False
EVMT,32,17.915,18915.6774,False
QTJA,32,33.6144,18848.530399999996,False
CBTL,32,19.1855,18807.234,False
XJAN,32,38.9901,18806.7032,False
MARZ,32,37.3295,18777.1068,False
LSE,32,5.51,18690.4207,False
BCGD,32,26.8169,18672.378,False
BSTV,32,24.995,18664.08,False
DTAN,32,34.3133,18654.373649999998,False
NAII,32,2.17,18597.71,False
CBTY,32,21.5452,18592.9257,False
SCLZ,32,56.1856,18565.485,False
INDE,32,30.3136,18561.58425,False
SOLM,32,9.4552,18504.12165,False
TLIH,32,5.7292,18501.225,False
OCCIN,32,24.94,18452.559999999998,False
LDDR,32,77.5625,18438.41,False
FTHB,32,25.385,18429.6477,False
BBCQW,32,2.05,18423.364999999998,False
SLNZ,32,45.765,18399.08,False
PRHI,32,6.8004,18375.6,False
ESLA,32,0.7325,18369.644249999998,False
IQHI,32,25.975,18363.14,False
FOXX,32,2.875,18350.074999999997,False
HHS,32,4.1,18308.95,False
MTYY,32,17.95,18254.265,False
TEMR,32,28.6243,18253.0458,False
MUG,5,14.591,18238.75,False
WFCF,32,12.97,18229.78,False
JANH,32,25.04,18184.33765,False
AMUN,32,26.09,18157.572500000002,False
STNC,32,36.6429,18128.332499999997,False
USAF,32,28.445,18052.9027,False
CTEX,32,33.058,17942.5125,False
EVOX,32,10.1,17934.22,False
KTH,32,28.73,17922.6669,False
USFE,32,37.973,17917.531600000002,False
YDKG,32,1.05,17908.8609,False
ATGL,32,6.9,17907.75,False
PLGI,32,25.543,17901.3324,False
DVGR,32,27.2253,17896.383,False
WCAP,32,9.335,17889.7313,False
XLVX,32,35.1962,17843.510000000002,False
CENN,32,4.1,17836.895,False
UTSI,32,2.3524,17824.67,False
GTOS,32,24.8951,17817.32,False
FOWF,32,35.4952,17796.384899999997,False
BRID,32,6.22,17738.265,False
SOLC,32,19.7033,17573.3287,False
TVGNW,32,0.045,17569.5312,False
BWQG,32,25.6429,17558.0776,False
KNOV,32,32.3002,17544.72285,False
FSEV,32,27.0188,17518.1995,False
MYCL,32,24.4397,17492.5373,False
PMTU,32,25.72,17438.08205,False
XWNG,5,22.9144,17433.023999999998,False
TMH,32,51.1397,17367.085700000003,False
MYCM,32,24.3497,17362.488,False
SHMDW,32,1.1499,17357.565,False
EPSM,32,1.5,17341.93,False
GMEY,32,22.917,17311.97,False
MBBB,32,21.035,17307.285,False
MAGG,32,19.965,17302.595,False
MMLP,32,2.25,17258.0825,False
IPHA,32,2.27,17257.625,False
AUGM,32,35.425,17253.552,False
UCOP,32,44.6116,17237.8393,False
EBIT,32,40.1925,17217.9937,False
SANG,32,3.93,17206.005,False
RDHL,32,0.6051,17205.980450000003,False
TYLD,32,25.43,17192.7975,False
AINT,32,29.6947,17139.6708,False
RAND,32,11.465,17091.935,False
LOCL,32,0.992,17065.465,False
BDCX,32,21.0816,17064.96195,False
DDTD,32,20.7179,17056.16875,False
SNT,32,1.74,17045.370000000003,False
AACP,32,10.06,17026.005,False
ELTK,32,8.0,16998.565,False
DYLG,32,28.771,16998.015,False
KBDU,32,12.2982,16976.045400000003,False
SSFI,32,21.1689,16953.18,False
NVTC,32,14.1126,16845.9577,False
HEMI,32,41.658,16840.0347,False
PMJN,32,26.92,16835.835,False
CLBR,32,10.23,16799.074999999997,False
GHXI,9,10.04,16776.84,False
ARMA,32,10.9107,16774.6577,False
SRHQ,32,49.9179,16763.967,False
GXDW,32,23.9444,16757.555650000002,False
QIG,32,43.8645,16748.2128,False
MOTG,32,41.0289,16743.9589,False
TMLP,32,30.2271,16743.095,False
LITL,32,34.2906,16734.8853,False
IOPP,32,27.4153,16700.2822,False
DVXF,32,29.085,16646.2221,False
JCHI,32,54.381,16636.0002,False
DRAI,32,33.4481,16614.153100000003,False
VERS,32,70.6451,16604.032000000003,False
AIQD,32,56.1366,16585.4004,False
BTOT,32,49.1595,16578.175,False
STG,32,2.98,16571.85,False
CPSU,32,27.9001,16558.275,False
RITA,32,21.8518,16541.9005,False
XDEF,32,23.5175,16487.9369,False
SEPM,32,33.23,16410.96,False
RNEM,32,56.9181,16410.365,False
RDAG,32,10.4,16376.98,False
EPSV,32,30.5729,16350.2802,False
RSMR,32,24.27,16327.145,False
AJAN,32,28.63,16316.9805,False
HDMV,32,39.3379,16309.1665,False
GCGR,32,10.19,16282.455,False
GDEV,31,10.8,16086.759999999998,False
VS,32,1.27,16038.33,False
WAFU,32,1.35,15996.614999999998,False
APWC,32,1.42,15980.32,False
DRVR,32,25.9018,15970.0263,False
KEYG,32,11.148,15957.718099999998,False
CIR,32,40.6364,15944.057250000002,False
ETTY,32,9.725,15906.572,False
SQFTP,32,6.57,15878.4,False
USCA,32,45.4398,15876.5474,False
DVDN,32,15.571,15824.8355,False
TPAY,32,54.1014,15817.66,False
GSKH,32,71.8401,15815.8083,False
VBNB,32,27.0666,15797.4366,False
DDTF,32,20.6252,15779.872399999998,False
AGGS,32,40.5509,15772.8,False
MYCN,32,24.182,15735.830000000002,False
JUDO,32,28.7475,15732.151249999999,False
MHLA,31,10.61,15728.58,False
INDH,32,39.5474,15717.1688,False
STLR,32,22.1181,15701.84,False
DEEF,32,40.7017,15696.053500000002,False
KMAR,32,32.5682,15683.781500000001,False
RMBC,32,10.7925,15653.40365,False
WUGI,32,83.6035,15623.9087,False
SAPH,32,39.2236,15591.8945,False
FSGS,32,33.7635,15568.56195,False
XRTX,32,2.26,15554.906,False
QSML,32,34.9841,15518.00145,False
SATO,32,18.6789,15502.010199999999,False
NICM,32,6.6,15484.04,False
BBBL,32,46.4093,15423.57605,False
SUIS,32,20.1248,15379.969799999999,False
BROL,32,26.1084,15354.390899999999,False
JANM,32,34.24,15353.516,False
TCRT,32,1.79,15313.07,False
ZHOG,32,51.26,15279.445,False
DVXK,32,36.105,15259.9403,False
AMKX,32,9.7526,15245.1987,False
TJUN,32,23.0789,15201.3531,False
HTOO,32,2.08,15153.89,False
MIACW,2,0.2999,15146.79695,False
DTSS,32,0.6925,15134.8632,False
ORKT,32,1.11,15134.165,False
MAYZ,32,36.7412,15111.5482,False
DDXX,32,28.8712,15072.690999999999,False
LITB,32,3.085,15013.400000000001,False
TCBS,32,17.665,14994.064999999999,False
RMCA,32,23.9759,14946.689999999999,False
CCNEP,32,24.85,14945.29,False
NSIV,32,26.299,14941.1181,False
PWER,32,46.3275,14928.092100000002,False
MTR,32,2.65,14925.255000000001,False
DXLG,32,0.62,14921.999500000002,False
AURE,32,1.74,14884.02,False
SHRT,32,6.68,14877.29935,False
PSFD,32,40.6616,14862.7618,False
WZRD,32,1.02,14823.585000000001,False
SJCP,32,25.1868,14765.120000000003,False
CNF,32,2.2,14751.4225,False
SUPL,32,48.0857,14744.9817,False
TACN,32,29.6326,14725.8468,False
CRDD,32,16.4217,14666.529999999999,False
HBDC,32,24.79,14664.9325,False
SFHG,32,2.34,14663.395,False
FGII,32,9.9999,14656.555,False
QIDX,32,11.8004,14603.88525,False
NSI,32,38.3451,14579.132,False
MARPS,32,4.9,14568.919999999998,False
OXSQG,31,23.95,14567.68,False
TENM,32,27.5696,14541.645,False
PLTL,32,58.0945,14488.45175,False
KFEB,32,31.485,14454.6826,False
NSLRL,32,25.2861,14351.624499999998,False
CVR,32,9.9669,14313.05,False
STEN,32,28.2952,14310.97675,False
JPNU,4,25.538,14286.988150000001,False
HAUS,32,18.7876,14277.669000000002,False
OKLC,32,16.11,14271.1382,False
GTOH,32,25.32,14209.304999999998,False
DUO,32,0.67,14198.58555,False
KLMN,32,31.6064,14193.37215,False
AIRJW,32,1.3,14187.439999999999,False
ACQQ,8,24.26,14176.769999999999,False
TWOX,32,29.9699,14153.618999999999,False
RVP,32,0.7349,14148.8118,False
AMAA,32,31.4713,14071.9107,False
KFFB,32,5.83,14002.025000000001,False
SPTU,32,25.075,13933.575,False
ROMO,32,34.8819,13932.81055,False
VGRO,32,25.3202,13920.28685,False
DPU,32,2.28,13899.77315,False
DMII,32,10.15,13821.2,False
ASPC,32,10.95,13801.37365,False
LSVD,32,36.2218,13767.387449999998,False
EPAI,32,26.7032,13750.206549999999,False
CLSKW,32,0.285,13737.930649999998,False
CBOY,32,24.985,13714.061,False
CIFC,32,7.7067,13687.838800000001,False
FLJJ,32,34.32,13669.9902,False
SZK,32,20.3484,13659.357150000002,False
SPKLW,32,1.1871,13634.505000000001,False
IFED,31,46.8138,13634.4,False
DSS,32,0.5351,13608.05075,False
TDOT,32,10.5305,13583.448400000001,False
GDTC,32,0.935,13568.8305,False
OFSSH,32,23.6,13493.324999999999,False
DIPR,32,22.6116,13480.078999999998,False
MSTI,32,20.215,13456.79,False
DPRE,32,26.6535,13444.57,False
MRCO,7,9.88,13399.74,False
BGM,32,0.265,13378.8073,False
IWFG,32,54.0729,13371.58755,False
RCG,32,2.93,13279.0478,False
VCLN,32,27.7722,13205.027399999999,False
ENJ,32,19.47,13188.98,False
XRLX,32,48.9087,13131.3582,False
FEUS,32,84.1223,13129.94105,False
CMCM,32,3.03,13089.880000000001,False
WDNA,32,24.075,13085.9355,False
AGRW,32,32.3418,13053.50475,False
FDAT,32,22.8454,13043.7337,False
TVAI,32,10.38,13041.640000000001,False
MBIO,32,0.552,13033.70805,False
ABLS,32,22.5768,13033.674500000001,False
GXPE,32,36.3576,13019.0578,False
DLXY,32,0.38,12977.72675,False
CGPT,9,18.3495,12965.6816,False
INCR,32,5.88,12943.77,False
MEMS,32,31.0946,12916.0946,False
TDCL,30,13.892,12881.200100000002,False
YHGJ,32,2.92,12817.045,False
CEFD,32,19.0736,12764.195,False
COLA,32,10.6802,12750.675,False
CPSO,32,28.165,12716.125,False
GEGGL,32,24.62,12614.5064,False
FLSA,32,33.8738,12613.97665,False
GK,32,28.8238,12608.074250000001,False
VSHY,32,21.7153,12575.849999999999,False
QQHG,32,65.8644,12563.2289,False
UCIB,32,36.6727,12539.5222,False
SJ,32,1.0,12476.0377,False
MANI,32,26.04,12445.68,False
KEAT,32,35.1661,12409.0256,False
FARX,32,29.6158,12381.625100000001,False
YDDL,32,1.73,12335.699999999999,False
WATS,32,20.5913,12313.7,False
CABZ,32,21.5339,12246.723750000001,False
UPAL,32,25.7865,12231.015599999999,False
AEI,32,1.59,12229.89,False
BRFH,32,1.25,12210.2,False
AVOS,32,28.1347,12143.53515,False
GTND,32,25.4061,12138.82125,False
LVLN,32,24.865,12078.2496,False
JBLG,32,11.7312,12067.490099999999,False
LBOX,1,25.02,12059.64,False
JULI,32,25.756,12058.235499999999,False
BRNS,32,0.66,12038.41925,False
BDCZ,32,15.5783,11968.9792,False
TXBC,32,17.0498,11959.2912,False
TGLB,32,30.4082,11958.67945,False
PASW,32,0.1435,11941.5214,False
USDEW,32,1.34,11932.42915,False
CRAN,31,10.135,11862.230000000001,False
TMSF,32,50.3919,11856.6993,False
MART,32,42.79,11850.3904,False
TEXX,32,30.4292,11848.94125,False
FIXX,5,12.0186,11833.001600000001,False
GRF,32,10.7599,11831.6125,False
MTAW,9,23.9958,11808.6554,False
BCTXZ,32,0.115,11752.302899999999,False
AVGC,32,21.71,11704.5489,False
IPM,32,1.86,11639.390000000001,False
JLQD,32,40.6105,11631.837500000001,False
DGZ,32,5.0504,11631.33625,False
MITQ,32,0.5824,11616.462200000002,False
ANNAW,32,0.16,11598.052500000002,False
SMLL,32,21.9915,11564.8083,False
CCAQ,31,10.55,11562.800000000001,False
WCMG,32,21.855,11538.030900000002,False
NXTI,32,36.1654,11535.6712,False
XQTM,32,15.1784,11504.4826,False
EHLS,32,25.5147,11481.79395,False
AETH,32,38.2753,11445.2237,False
WABF,32,24.6307,11433.52,False
ERET,32,29.49,11368.72,False
TOS,32,29.937,11364.58395,False
MB,32,4.77,11336.25805,False
FSZ,32,83.0891,11302.13375,False
AAAP,32,25.405,11290.357499999998,False
KRSP,32,10.65,11289.115,False
STRRP,32,9.805,11276.925,False
XTJA,32,34.885,11255.39795,False
AMPGZ,32,0.2151,11250.3575,False
AFRIW,32,1.15,11201.046000000002,False
THCH,32,1.245,11200.1875,False
WVVI,32,2.2,11166.535,False
HFBL,31,26.83,11150.7,False
UDI,32,37.4859,11144.26,False
RAY,32,2.8,11133.099999999999,False
JANJ,32,24.94,11110.154999999999,False
OSSL,32,6.0101,11080.1014,False
XCHG,32,27.5364,11041.759699999999,False
DWUS,32,59.6201,11037.78525,False
GDHG,32,1.31,11002.61,False
TEC,32,32.7956,10990.96985,False
SWVL,32,2.21,10983.25,False
FLYE,32,1.7,10917.540099999998,False
DLAG,32,33.575,10875.837499999998,False
BCCQU,32,10.35,10843.274549999998,False
FCSH,32,24.18,10841.09,False
NOVZ,32,47.7664,10841.02935,False
LYLD,32,33.6169,10838.604049999998,False
RYET,32,1.0199,10831.9739,False
CPSR,32,26.11,10831.90005,False
TNUK,32,24.2396,10776.055250000001,False
AMBO,32,2.08,10741.79,False
KNRX,32,0.439,10734.93565,False
FINY,32,25.635,10718.744999999999,False
OGEN,32,0.5201,10697.884000000002,False
XTLB,32,2.6,10684.157500000001,False
WR,32,26.9822,10681.498500000002,False
SNPD,32,31.2421,10680.067500000001,False
SIMS,32,43.8282,10671.256,False
FXACU,31,10.19,10645.4,False
KOYN,32,10.22,10614.5775,False
PSCX,32,33.285,10611.0776,False
ACGR,32,68.9321,10588.003799999999,False
DECM,32,34.105,10583.555,False
ACEP,32,20.9512,10576.044,False
OPPG,32,37.4398,10566.0293,False
DGAP,32,30.975,10537.21515,False
RUMBW,32,2.7199,10508.08,False
QQAU,16,25.3784,10487.738099999999,False
CGCFU,31,10.0,10478.470000000001,False
USCL,32,86.3396,10468.4814,False
VMAX,32,65.3598,10456.56895,False
VNTG,32,0.6176,10445.2912,False
HYGD,11,49.2624,10438.3177,False
MRM,32,0.9607,10435.200499999999,False
YBST,32,12.43,10431.060000000001,False
QVMS,32,34.3968,10380.2457,False
MSN,32,0.465,10350.3429,False
BWTG,32,42.0665,10341.70755,False
YJ,32,2.68,10321.25,False
DMAA,32,10.76,10294.67,False
APAC,32,10.24,10235.939999999999,False
FIXP,32,19.925,10212.689999999999,False
DXR,32,10.0,10196.67875,False
IBO,32,0.4602,10165.262999999999,False
PETZ,32,1.2,10156.759999999998,False
TDOG,32,17.7018,10086.5449,False
EEE,32,22.5538,10079.6435,False
AIIA,32,10.22,10041.935,False
ACSP,8,24.265,10038.996500000001,False
RISE,32,19.3057,10012.1171,False
GMHS,32,0.674,9937.0379,False
MSTC,32,49.5912,9881.775450000001,False
SAWG,32,24.4421,9861.052599999999,False
MSFC,32,46.4264,9859.0908,False
KELYB,32,22.99,9814.08,False
XFEB,32,37.98,9784.0625,False
BMRA,32,1.77,9784.035,False
VABS,32,24.19,9781.955,False
JXG,32,7.81,9777.585000000001,False
VRC,31,16.0481,9768.1932,False
DLPN,32,1.17,9758.4306,False
ANTA,32,4.025,9754.335,False
DRDB,32,10.66,9737.715,False
MZZ,32,5.9482,9734.6584,False
ACSI,32,77.6744,9709.2216,False
MLCIL,32,22.649,9686.25,False
AUSM,32,25.04,9662.795,False
MRCOU,32,10.02,9603.635,False
MDIA,32,1.085,9601.1295,False
VCOB,32,49.155,9532.138350000001,False
HECO,32,64.1647,9516.28915,False
QLVD,32,35.0369,9496.7638,False
AHG,32,0.9842,9479.04,False
EMTY,32,23.7708,9431.63295,False
MUNX,32,24.7294,9400.58785,False
CBOO,32,24.59,9399.2375,False
BRAZ,32,31.0947,9374.2072,False
NBCE,32,39.4953,9346.37345,False
NEWZ,32,30.415,9333.3629,False
NMP,32,10.34,9314.18,False
ARBB,32,4.4726,9288.1398,False
FEBM,32,31.595,9280.8059,False
DUKX,32,29.1747,9275.081549999999,False
EFRA,32,36.2843,9264.8144,False
CLGN,32,0.29,9245.1099,False
GXIG,32,24.5001,9234.000049999999,False
KOKU,32,134.7094,9207.87355,False
KNO,32,64.4605,9186.9672,False
TMNS,32,49.9367,9156.248249999999,False
JHID,32,44.7115,9141.5536,False
ASTT,32,18.3111,9122.7251,False
HIMC,31,18.1914,9099.909,False
GRNQ,31,12.07,9087.5,False
ABLG,32,32.03,9081.325700000001,False
GECCI,32,25.348,9046.785,False
BPRO,32,22.782,9021.6894,False
GURE,32,3.39,9018.17,False
RTACU,32,10.72,9001.31,False
RZLVW,32,0.78,8961.325,False
LCTO,32,25.2339,8935.4595,False
SPEG,31,10.39,8885.52,False
XBIX,32,41.748,8868.10975,False
FPXE,32,33.8403,8865.97515,False
USVN,32,47.3356,8862.9696,False
GOIB,20,24.9887,8854.460000000001,False
MAYM,32,33.2002,8846.7956,False
DVND,32,39.792,8836.85165,False
TFJL,32,18.94,8802.5369,False
PFXNZ,32,23.9999,8801.4,False
EKG,32,22.0922,8769.8645,False
WTF,32,2.81,8763.955,False
JABRR,15,0.14,8755.76,False
DVXE,32,43.11,8745.6495,False
IMPPP,32,25.8,8711.002550000001,False
JLVP,18,51.1353,8699.841199999999,False
BRIA,32,1.4,8653.5833,False
YQ,32,2.235,8599.7,False
ACOM,32,23.29,8592.033449999999,False
WLYB,31,52.2372,8574.66,False
RCLR,32,51.55,8568.5375,False
TSRS,32,27.423,8538.76405,False
SUPP,32,79.2638,8517.248599999999,False
EYEG,32,34.725,8441.099600000001,False
GFGF,32,36.8499,8435.883,False
FSPC,32,19.3475,8422.764149999999,False
AUC,31,6.8,8375.880000000001,False
LJAN,32,24.79,8349.9,False
HTLM,32,1.8,8330.9355,False
ACGC,31,10.0,8320.1985,False
USSH,32,50.37,8318.335,False
BRCE,32,30.21,8305.18535,False
REED,32,1.065,8298.369,False
TRUO,32,25.9045,8275.82135,False
SHRD,32,24.74,8216.21,False
CARU,32,23.7677,8167.537850000001,False
JF,32,0.983,8166.3698,False
CCCTU,32,9.95,8160.0,False
CPHY,32,51.9692,8137.241099999999,False
PFFL,32,7.4398,8136.933499999999,False
SBB,32,22.4421,8114.382100000001,False
SCA,32,25.3585,8110.105,False
WSPC,32,27.6147,8109.77445,False
GXLC,32,92.2018,8101.240000000001,False
ETEC,32,26.439,8093.0648,False
BGUS,21,26.878,8086.938899999999,False
DDTJ,32,20.4748,8017.6199,False
KBSX,32,1.07,8008.18145,False
BGIN,32,2.05,8007.5,False
BRLS,32,1.28,7992.98005,False
JDOC,32,64.664,7969.335000000001,False
BPI,32,24.5936,7951.182000000001,False
NDAA,32,24.425,7930.9631,False
DVSP,32,29.8346,7929.5978,False
NOVM,32,34.105,7895.7075,False
TECY,32,21.3082,7893.3099999999995,False
IQSM,32,40.5786,7868.2308,False
WVVIP,32,3.3302,7858.09,False
APRZ,32,40.5746,7848.383,False
GLAM,32,29.1184,7846.426300000001,False
ZKIN,32,1.1833,7823.860000000001,False
JPND,4,48.7153,7803.99055,False
BGLC,31,1.55,7767.36,False
SIXP,32,34.39,7708.03575,False
DIME,32,8.605,7686.58935,False
NMBL,32,21.3775,7635.075199999999,False
LQ,32,24.2625,7623.2775,False
ISSB,32,22.6109,7619.785,False
BRZD,4,43.232,7600.1209,False
PMEC,32,0.5213,7596.6299,False
HUIZ,32,1.47,7594.83165,False
CBXO,32,22.2101,7585.165999999999,False
LRE,32,1.309,7569.07,False
INAC,31,10.31,7567.54,False
AAEQ,32,54.6375,7559.624150000001,False
PMAU,32,26.92,7518.2675,False
GMOC,32,50.25,7513.3875,False
VYLD,32,30.66,7478.7639,False
QQJL,32,25.0601,7477.1708,False
APMI,32,14.978,7476.311600000001,False
CCCT,17,9.85,7445.79,False
MNY,32,0.87,7435.64205,False
BAVA,32,20.247,7427.2234499999995,False
MEMY,32,16.7697,7408.82,False
ARKR,32,4.81,7405.414999999999,False
NYYY,32,43.1325,7397.27,False
MAPP,32,28.1804,7394.6793,False
RECT,32,1.2551,7365.2125,False
RMME,32,100.285,7355.7075,False
BON,32,1.14,7343.7039,False
USEW,32,56.887,7341.2284,False
GHG,32,1.11,7301.8562,False
GRN,32,33.6779,7279.9784,False
VLOS,31,10.73,7272.1579,False
FIGX,32,10.315,7270.360000000001,False
BGRO,32,42.7231,7266.4349999999995,False
MYHE,32,24.855,7244.295,False
TINT,32,40.2573,7230.9914499999995,False
MBBC,32,15.05,7226.5,False
KEYY,32,9.88,7206.459999999999,False
YI,32,3.8009,7162.82,False
SSS,32,22.2047,7134.8508999999995,False
SMCF,32,39.8605,7105.38645,False
MOTO,32,61.6727,7086.0088,False
DIVL,32,25.8176,7075.5624,False
GAIQ,10,64.434,7049.3868,False
ETFT,32,10.1628,6995.22,False
IACL,6,25.09,6961.3475,False
SLWS,32,101.172,6949.07,False
PLIB,20,33.1555,6924.7514,False
BBYY,32,9.375,6914.2345000000005,False
GIW,32,10.15,6908.85,False
HOVRW,32,0.38,6902.6072,False
IMTE,32,0.4717,6886.277,False
RAAR,32,51.2151,6882.79185,False
EFSCP,32,19.89,6879.665,False
TOT,32,24.1539,6863.368350000001,False
KONG,32,33.1153,6846.30635,False
XXX,32,21.9912,6843.6775,False
XTAI,32,22.4698,6835.4385999999995,False
USNZ,32,48.6019,6788.793,False
GEQ,32,52.445,6781.7795,False
SPXD,32,30.0509,6764.27665,False
KPHO,32,23.2905,6732.6063,False
CCII,32,10.32,6697.09,False
DVQQ,32,31.1495,6691.203600000001,False
TMSWW,32,0.83,6688.5512499999995,False
SEED,32,1.0,6644.0,False
OBOR,32,28.315,6641.47875,False
ZTOP,32,51.51,6639.815,False
CPSF,32,26.51,6638.8159,False
FEDM,32,66.9492,6622.508599999999,False
OSPRW,3,0.3602,6620.5119,False
GRPZ,32,33.2787,6560.0942,False
BCOR,32,25.9626,6520.9622500000005,False
LIMI,32,45.145,6518.915000000001,False
NVIR,32,39.9879,6514.8899,False
SRHR,32,59.604,6498.305200000001,False
SQFT,32,1.48,6496.62,False
HOLD,32,32.115,6482.55245,False
LGHT,32,10.3174,6470.688250000001,False
MGLD,32,1.025,6455.35,False
EQS,31,1.04,6449.599999999999,False
OTGL,32,10.975,6427.595499999999,False
XLUX,32,24.0591,6419.3049,False
ECML,32,42.2474,6418.18845,False
GNMX,32,36.5366,6402.88925,False
DFNSW,32,0.0769,6398.1003,False
WLCOW,10,0.32,6378.56,False
AFSC,32,38.3952,6366.1161,False
BREW,32,27.8535,6363.0889,False
FEDU,31,9.8,6328.1646,False
UCL,32,0.3627,6325.870199999999,False
YIBO,32,1.21,6312.61,False
SROI,32,38.0617,6306.3619,False
GYRO,32,5.465,6282.5725,False
HYGM,32,24.6554,6272.745,False
JWEL,32,2.52,6238.1825,False
CLPS,32,1.07,6195.4699,False
TKNQ,32,25.6208,6195.02215,False
TNXT,32,28.5858,6171.3323,False
EBON,32,2.2305,6150.145,False
TMCWW,32,0.0157,6143.40435,False
SDD,32,8.2481,6135.13425,False
KRYP,32,22.1884,6082.425000000001,False
TPLX,32,23.9254,6032.9258,False
XCLR,32,27.9757,6027.7599,False
IND,32,23.391,6006.2925,False
BSTU,32,25.0,6004.015,False
CARK,32,47.8383,6000.0188,False
XFLX,32,22.7953,5975.46105,False
PSCJ,32,32.175,5969.8465,False
NYNY,32,28.1348,5953.777700000001,False
XLKX,32,20.0382,5928.533950000001,False
MWG,32,1.1931,5921.334999999999,False
MJSC,32,61.7404,5914.97075,False
TAOZ,32,92.7428,5871.094150000001,False
KLMT,32,35.3487,5847.4604500000005,False
TSIC,32,25.8486,5845.668449999999,False
ASGM,32,32.4098,5821.9662,False
ODDS,32,26.215,5795.1402,False
CPSY,32,25.985,5746.09605,False
CAII,32,9.9994,5740.4,False
DZZ,32,1.605,5719.1575,False
XDAT,32,25.7329,5707.1759999999995,False
KCAI,32,32.8652,5700.24,False
AVAZ,32,9.6258,5696.049499999999,False
JIDE,32,52.9955,5687.9613,False
XMAY,32,36.7145,5686.8823,False
BNKD,32,26.81,5679.749250000001,False
MCGAU,31,10.4101,5668.25,False
WENN,31,10.385,5652.16,False
SATLW,32,0.75,5645.5869,False
USIN,32,49.205,5643.048000000001,False
MYCO,32,24.0942,5636.9382,False
FRMEP,32,25.1101,5627.320000000001,False
BREM,32,51.025,5620.285,False
TPFC,32,28.527,5618.84935,False
CTIF,32,54.7067,5617.639,False
GEG,32,2.15,5592.785,False
RTACW,32,0.66,5582.4344,False
BRKH,31,9.99,5573.2300000000005,False
FORH,32,24.9042,5567.6795,False
NVIB,20,26.527,5552.2044,False
WSDB,32,24.965,5548.0375,False
LPAA,31,10.75,5547.0,False
QCLR,32,27.725,5525.6978500000005,False
BTR,32,28.5154,5509.61085,False
TBFC,32,29.5746,5502.88815,False
QQLV,32,25.6444,5501.775,False
VPFF,30,25.1701,5494.9151999999995,False
HYGU,11,25.2074,5490.33,False
IONC,32,13.4599,5470.79105,False
APXTW,32,0.275,5459.74,False
MIDE,32,38.1716,5457.1872,False
KYC,32,28.0849,5432.04645,False
CHEC,31,10.25,5411.67,False
PBOT,32,32.1344,5402.3542,False
OGCP,32,4.7,5386.72,False
LCCC,31,10.49,5376.24,False
BRSM,32,26.0974,5359.63265,False
MDEV,32,21.597,5352.750050000001,False
TSIB,20,28.6657,5347.97445,False
AMTD,32,0.7701,5347.591899999999,False
XLPX,32,27.6002,5334.4920999999995,False
HVMC,32,10.24,5332.885,False
TIPC,32,96.7956,5329.07435,False
MYMI,32,24.595,5324.18,False
RMRC,32,26.1267,5282.56575,False
TRUI,32,25.5399,5231.07205,False
CMBO,32,103.34,5208.780000000001,False
SFWL,32,0.89,5201.6695500000005,False
CBXA,32,22.9643,5191.5375,False
ASPSZ,32,0.1812,5177.74,False
YICC,32,9.94,5171.57,False
KFII,31,10.65,5145.849999999999,False
IFBD,32,1.0,5137.935,False
IPFXW,32,1.2,5133.15,False
NQLT,31,25.6939,5130.5562,False
TRUF,32,30.3983,5080.513650000001,False
TLNC,31,10.21,5069.12,False
AUGC,16,25.3139,5063.7037,False
GHXIW,8,0.67,5062.73525,False
FCFY,32,30.3824,5051.0592,False
UXAP,32,43.9648,5028.3395,False
ESMV,32,31.9997,5025.4844,False
BSJY,32,25.07,5024.639999999999,False
NFX,32,28.353,5022.51955,False
CUBWW,32,0.492,5009.8949999999995,False
NHIV,32,10.1,5004.549999999999,False
GJS,32,23.47,4952.805,False
INDZ,32,25.7277,4952.04895,False
HJUN,32,25.2152,4929.044,False
GEND,32,13.5777,4905.5623,False
QFRD,32,29.468,4901.6720000000005,False
SQLT,32,29.0755,4892.892,False
LIBD,32,271.0892,4878.6228,False
TABD,32,24.7602,4878.4165,False
LQAI,32,45.6907,4853.9994,False
TELG,32,12.5005,4852.08855,False
ABOT,32,43.7723,4845.1825,False
NCEW,32,17.39,4843.674999999999,False
BZAIW,32,0.1024,4842.7541,False
VALG,32,18.9711,4838.8724,False
PCR,32,19.8977,4829.042,False
DTRE,32,43.1654,4793.47415,False
BRZL,4,28.4856,4783.17725,False
ALIL,32,31.2728,4710.8722,False
ONCHU,32,10.4199,4708.525,False
EUDV,32,56.1089,4704.5879,False
GGTL,32,38.157,4686.3943500000005,False
PRHIZ,32,21.55,4680.48,False
LBO,32,27.3393,4675.284,False
IBGL,32,23.1723,4670.6462,False
CBOT,32,24.6125,4656.4812,False
TACOW,31,0.7101,4649.400000000001,False
GIGM,32,1.4321,4628.629999999999,False
LEGO,32,9.9899,4613.61565,False
XVNV,5,29.1476,4613.2029999999995,False
CLOD,32,33.9384,4606.2649,False
ONDC,32,23.7811,4601.536,False
MARU,32,30.1447,4596.78025,False
MMMA,32,25.0878,4531.35125,False
NIOBW,32,1.25,4516.9400000000005,False
QFHD,32,28.1944,4513.076,False
PRAE,32,40.9505,4512.19185,False
MNSX,32,26.2596,4509.907499999999,False
ASPSW,32,0.325,4502.39595,False
EFFI,32,27.6734,4470.6925,False
BUYZ,32,37.2387,4465.41885,False
XHG,32,4.02,4462.826649999999,False
MIVL,32,26.7447,4459.3411,False
ACHX,32,34.4314,4458.98875,False
BUYO,32,33.4893,4456.3284,False
NRSH,32,30.5531,4438.7353,False
TERC,32,20.799,4431.1884,False
NITE,32,39.8195,4417.2815,False
ASMZ,32,20.23,4412.834000000001,False
MOGU,32,1.94,4386.15,False
MACI,31,10.95,4382.0,False
EPIN,32,28.94,4381.911249999999,False
KDKRW,31,0.6,4379.32,False
TRGS,32,9.95,4359.6449999999995,False
MDBH,32,3.13,4341.58215,False
CAMX,32,36.1102,4311.045099999999,False
AUROW,32,0.1048,4308.6875,False
TMNL,32,49.6002,4302.52,False
YFFI,32,9.93,4295.549999999999,False
ONCH,32,10.31,4288.73,False
BSR,32,30.7215,4248.0788,False
PFAI,32,3.08,4240.57,False
DACL,9,25.045,4229.224999999999,False
HBNB,32,5.27,4227.75,False
MSC,32,1.8512,4222.6625,False
MFUL,32,22.6475,4205.67735,False
FEBO,32,0.7124,4197.49,False
GTEN,31,10.62,4194.9,False
OWN,32,24.9793,4188.40025,False
FBX,32,26.0154,4173.877750000001,False
MNSBP,31,25.9,4166.25,False
TAWN,4,25.3678,4164.8229,False
KBON,31,10.1,4161.2,False
PTORU,31,10.25,4147.06,False
KBUF,32,26.52,4132.1865,False
GHXIU,31,10.15,4131.05,False
XFLH,32,10.04,4117.4099,False
AAUA,32,58.5135,4115.8261999999995,False
PCTTW,31,2.0,4089.04,False
DINE,32,25.125,4088.5978999999998,False
TAVI,31,10.77,4083.58,False
MEIB,20,23.8506,4079.8642,False
LADM,32,32.735,4073.0625,False
ARTC,32,9.99,4070.8070500000003,False
BDCI,32,10.14,4069.2299999999996,False
DLNV,32,33.54,4068.6550000000007,False
TAXT,32,50.97,3990.74,False
FEBZ,32,40.9884,3979.76875,False
CPNM,32,26.9942,3960.4984999999997,False
ARCM,32,100.31,3945.86,False
EO,32,7.1333,3909.9253000000003,False
JFU,32,2.84,3901.925,False
TDACW,32,1.32,3853.51,False
PSMD,32,34.9542,3834.3034,False
HEQQ,32,60.82,3830.1536499999997,False
XVAP,5,30.0352,3814.4704,False
KLXER,1,0.0365,3810.673,False
BEEZ,32,35.5216,3808.5468,False
MYND,32,0.4222,3806.1894999999995,False
TULP,32,3.2,3805.4300000000003,False
FERAR,32,0.3,3800.1397500000003,False
CLIM,32,26.7298,3788.66275,False
GLCR,32,25.5,3781.46,False
MRCOW,6,0.3,3779.3524999999995,False
YUNG,32,28.5791,3774.14845,False
EWAVR,8,0.1588,3759.4089999999997,False
FDMM,16,9.88,3748.5,False
VWAVW,32,0.127,3745.305,False
MPWC,32,22.081,3726.7585,False
DGLO,32,23.8892,3658.38965,False
VLLU,32,27.0383,3632.2155,False
AACG,32,0.9595,3631.3330499999997,False
TEKY,32,43.4518,3618.3282,False
XTAP,32,46.3446,3609.06865,False
NVOC,31,23.998,3601.8846,False
WDAI,32,28.89,3594.58655,False
DDTA,32,20.805,3586.6151999999997,False
PSFO,32,35.45,3581.5692,False
PEVC,32,31.5439,3572.78235,False
BNGE,32,33.1754,3568.4061,False
ANEW,32,54.9297,3566.0334000000003,False
UXJL,32,37.2099,3548.6035999999995,False
PSMR,32,32.71,3532.8480500000005,False
ZTAX,32,25.225,3530.0375000000004,False
DDTM,32,20.385,3529.1725,False
ARKE,32,20.747,3509.79525,False
IH,32,1.2224,3508.6454000000003,False
BCCQW,15,1.11,3495.0971999999997,False
NAMSW,31,16.51,3483.61,False
RIVC,31,22.2761,3478.4904,False
TIIV,32,30.8423,3461.8808,False
BAERW,32,0.1801,3441.8176000000003,False
PEPS,32,32.7751,3437.9083,False
BLCK,32,24.7557,3437.58475,False
PYT,32,23.47,3430.51,False
CEPV,31,10.39,3422.1,False
VUSI,32,50.315,3419.6174,False
EMOT,32,27.1006,3419.5461999999998,False
NVC,32,28.4503,3415.0787,False
MUSQ,32,25.6481,3408.5305,False
MDRR,31,11.35,3393.65,False
GGM,32,31.6093,3390.3295500000004,False
BMHL,31,5.99,3386.6,False
VOXP,32,39.93,3364.9718000000003,False
DYOR,32,10.11,3352.8095000000003,False
MMID,32,27.58,3349.0677,False
EDTK,32,0.9109,3329.0955,False
MRA,32,22.1927,3324.95,False
OCSAW,32,5.13,3323.905,False
GDOC,32,38.4247,3317.831,False
AISPW,32,0.5924,3314.779,False
KPRO,32,26.7549,3302.7619999999997,False
BIVIW,32,0.295,3300.7608499999997,False
AIX,32,23.1341,3277.7127,False
CHNL,32,26.8432,3272.2799999999997,False
KDVD,32,29.1593,3271.4984999999997,False
TRUM,32,26.5217,3254.4926,False
PWRZ,32,30.9142,3247.6522,False
FBYY,32,10.645,3215.26,False
BHAV,32,10.025,3213.56,False
IBGK,32,22.56,3192.816,False
SVIV,31,10.2,3176.52,False
HVIIR,32,0.31,3174.733,False
MHX,31,20.8028,3167.409,False
BFAP,32,15.52,3124.9709,False
CBOL,32,23.86,3112.7425000000003,False
ALPXU,32,10.09,3111.8999999999996,False
TRUN,32,29.259,3104.43415,False
BKLG,32,25.5009,3093.86355,False
ESBG,32,22.86,3092.7903,False
PRTO,32,28.4727,3092.3399499999996,False
BWOW,32,14.4444,3077.1296999999995,False
WTMY,32,25.11,3070.09,False
OFSSO,31,25.2,3062.2000000000003,False
TIPA,32,98.9409,3056.775,False
PTAC,32,9.99,3051.45,False
BGIA,32,25.9346,3042.15405,False
TEMC,32,27.1901,3031.6116,False
HF,32,22.6245,3024.1713,False
PQX,32,25.435,3018.4575,False
JLCO,30,25.6595,3016.7001,False
BTCK,31,29.175,3014.73,False
LOPP,32,37.4438,3010.85085,False
UCRD,32,21.165,3000.13,False
FLDZ,32,30.8353,2998.3298,False
NXUS,32,24.7518,2994.33,False
GGRW,32,37.398,2975.87295,False
SIMA,32,10.95,2964.74,False
RAC,32,10.5301,2961.405,False
SCOW,32,23.545,2956.45775,False
SBXE,32,10.07,2939.81,False
HDL,32,13.95,2936.255,False
BCARU,32,6.93,2935.4350000000004,False
LIAE,32,204.558,2930.3912499999997,False
TRAD,32,10.04,2926.6308499999996,False
PCOV,5,25.0111,2926.2987,False
MULT,32,25.05,2924.81325,False
CLUB,32,25.9745,2913.4436,False
PMTL,24,28.1201,2905.2424,False
BANFP,32,27.0655,2904.7875,False
MIGO,32,29.6822,2903.4448,False
TPEI,4,48.841,2897.5295,False
SLVY,32,23.2531,2886.2151000000003,False
ARMS,19,25.215,2884.775,False
OAKG,32,27.7765,2883.0644,False
INLX,32,5.4981,2882.565,False
XCNY,32,33.5657,2881.725,False
LIAM,32,231.7719,2878.17465,False
FDMMW,14,0.36,2873.3574,False
BTRN,32,26.2002,2859.633,False
MVAL,32,39.9664,2813.0303000000004,False
FEMD,32,36.5682,2804.8734,False
APXM,32,32.03,2798.2147,False
GSRF,32,10.22,2793.65,False
GUSA,32,66.3489,2793.1049999999996,False
NHYB,32,24.8,2780.71495,False
NUIF,32,24.9812,2778.9019500000004,False
MOLN,32,4.38,2753.7437,False
TRSG,32,1.4631,2752.67895,False
LTGRU,32,10.01,2743.4399999999996,False
MOBBW,32,2.05,2727.4049999999997,False
HXA,3,25.015,2726.635,False
BCTXL,32,0.96,2725.2250000000004,False
AXINR,32,0.37,2696.09,False
FPAS,32,24.56,2694.62,False
COIX,32,38.7679,2681.7466,False
GRAN,32,1.3,2663.9703,False
GEVC,32,17.6598,2646.4419,False
JHDV,32,47.5406,2641.3864000000003,False
TKNS,32,26.74,2635.4005500000003,False
IVSX,32,26.1888,2604.6397,False
ENRDW,32,0.49,2595.42,False
EMJL,32,24.7006,2581.4021000000002,False
SCII,32,10.13,2565.4,False
GEW,32,57.025,2564.6225000000004,False
PSMO,32,33.2,2561.3832,False
EMES,32,28.5032,2558.9479499999998,False
TBFG,32,33.1656,2557.4064,False
FECM,32,24.74,2553.34,False
KCSH,32,25.105,2552.7775,False
PCAPU,32,10.42,2539.5,False
SVCC,32,10.66,2531.6275,False
ELOG,32,0.761,2530.3849999999998,False
FENG,32,1.4928,2486.8900000000003,False
QUMS,31,10.32,2464.09,False
MBVI,31,10.23,2458.7200000000003,False
DOCK,32,27.2757,2457.5357999999997,False
TIPD,32,95.2943,2456.42405,False
PRVT,32,23.4177,2455.22685,False
XLBX,32,26.3247,2446.0627,False
IOSX,32,29.4235,2438.2246,False
NUSB,32,25.25,2429.5200000000004,False
TESC,32,20.0148,2427.8918999999996,False
LKSP,31,10.2,2418.08,False
BHYB,32,54.2057,2413.08,False
LFAI,32,147.0682,2412.73445,False
LIAU,32,255.9185,2408.8175,False
TYYY,32,37.1479,2399.3900000000003,False
UUUC,32,31.937,2398.4578,False
NBGX,32,29.5874,2391.07435,False
HQGO,32,67.1132,2390.1266,False
BRKL,32,24.3143,2387.5219500000003,False
USLN,32,50.62,2367.8900000000003,False
SOFC,32,24.3922,2366.9543999999996,False
XIWC,32,25.8856,2364.77005,False
TVIVU,31,10.23,2348.64,False
WTG,32,10.53,2330.605,False
XIGV,32,23.3242,2327.3690500000002,False
GLX,32,15.7225,2311.7801499999996,False
DFDVW,32,0.51,2309.566,False
JOBC,32,18.9834,2303.7486,False
FGSI,32,21.16,2291.825,False
HOOC,32,21.7643,2291.4564,False
IGAC,31,10.05,2286.8399999999997,False
MEGX,32,22.668,2270.09475,False
TVIV,32,9.91,2244.51,False
INTM,32,51.33,2230.44,False
SAGU,32,9.97,2228.675,False
PACH,31,10.31,2226.42,False
GENW,32,15.4455,2223.4,False
VDI,32,37.4207,2204.88585,False
CTWO,32,18.875,2204.175,False
SPAQ,32,93.63,2197.705,False
CBTA,32,23.3889,2194.72,False
HWO,25,27.0289,2192.5150000000003,False
SASS,32,24.4301,2165.4297,False
LFDR,32,179.8311,2165.1000000000004,False
COMD,32,29.1022,2164.414,False
CSHRW,32,1.3,2157.4666,False
TAX,32,31.5663,2155.4049999999997,False
RDIB,32,9.5,2146.905,False
LFBE,32,179.7267,2125.257,False
VUS,32,30.2294,2113.8353,False
TISC,32,24.2847,2106.95925,False
QLVE,32,34.0359,2104.9875,False
LATA,32,10.18,2096.9100000000003,False
WSTN,32,10.2,2084.72,False
LFAW,32,170.7803,2058.9,False
GMMA,32,21.9099,2034.0873000000001,False
KIQQ,32,24.808,2006.58845,False
CCFE,32,26.2053,2004.378,False
MDAA,32,118.025,2002.9610000000002,False
SSEA,32,10.34,2002.8625000000002,False
ENHI,32,27.9293,1997.9125,False
ARVR,32,56.8397,1997.03575,False
PCLN,32,30.6653,1993.0566000000001,False
OND,32,35.2676,1991.3681499999998,False
SHRY,32,47.9072,1976.39485,False
PMDE,32,26.1199,1969.2575,False
ASD,32,28.5145,1963.8006999999998,False
SCAU,16,25.2659,1956.4572500000002,False
WLCOU,31,9.99,1954.6296,False
SHOTU,32,9.96,1952.48,False
GRRRW,32,0.219,1945.96815,False
QIS,32,10.0942,1931.3759,False
SBCWW,32,0.32,1924.83,False
EAFG,32,26.36,1920.7238,False
DMAAR,32,0.1375,1919.9750000000001,False
HDRNW,32,0.155,1907.1,False
ADXN,32,3.9,1905.3,False
EMDV,32,47.7582,1891.8898,False
LIFT,32,22.6536,1853.98,False
MCAH,32,10.0,1849.8346999999999,False
BESO,32,32.8398,1842.2962499999999,False
ZSC,32,30.9149,1802.3964,False
ARCL,32,9.96,1798.53,False
MDAIW,32,0.52,1767.2944,False
UPGR,32,23.6863,1766.4962999999998,False
TMDV,32,53.6743,1742.5122000000001,False
PRAB,32,24.93,1728.18,False
QQMY,32,25.9148,1722.17625,False
CBOA,32,24.83,1716.0794,False
ATC,32,23.9868,1699.24,False
PTNT,32,24.9762,1692.7749,False
MYMJ,32,24.685,1655.255,False
ALRG,32,31.1671,1647.66215,False
CPII,32,19.0265,1629.5700000000002,False
CGCFW,6,0.3655,1612.5,False
PCFI,32,22.44,1600.855,False
QBKF,32,26.2561,1580.7776,False
NTZ,32,1.0,1580.335,False
CGRO,32,22.3097,1568.1329999999998,False
WENC,32,9.98,1563.1599999999999,False
XBNB,32,27.387,1554.1284999999998,False
IDAC,32,10.0,1553.94,False
BNMC,32,64.0038,1543.16355,False
TWSC,32,21.8037,1543.12815,False
APDB,32,26.0998,1539.6722000000002,False
IVSI,32,30.4187,1531.2626,False
MUND,32,101.315,1524.0,False
TEMX,32,37.4335,1514.6614,False
LFAO,32,160.2323,1514.451,False
RECI,31,20.4902,1512.4575,False
GRMLW,32,0.18,1500.1046999999999,False
ARLI,32,27.0825,1487.13255,False
LCDS,32,73.7002,1481.0992,False
VECA,32,10.01,1471.815,False
BEMD,8,24.94,1466.4925,False
TIPB,32,97.9847,1461.1694,False
DAK,32,29.9804,1455.7901000000002,False
CHYG,32,25.255,1455.0318000000002,False
SLDPW,32,0.0322,1453.2145,False
MUNB,32,100.195,1452.285,False
HULL,32,27.0413,1446.039,False
RB,32,47.1074,1439.8678,False
DUKRW,31,1.22,1428.46,False
FLEL,5,12.2317,1428.0096,False
MLDR,32,48.3355,1423.72865,False
NGIF,32,12.7016,1419.9189999999999,False
NFRX,32,26.6623,1403.0140000000001,False
MYMH,32,24.475,1391.9899999999998,False
IEAG,31,10.225,1368.14,False
XLIX,32,25.5142,1366.9368,False
ALF,31,10.86,1362.0600000000002,False
WMSB,32,25.0397,1359.365,False
LLDR,32,43.6859,1353.8645999999999,False
NRES,32,36.26,1350.4250000000002,False
CGOV,32,25.1,1338.925,False
CAMC,32,16.4903,1334.49825,False
DBCAW,32,0.3501,1318.835,False
PAII,32,10.28,1309.44,False
LGCF,32,39.2666,1286.3101000000001,False
ITHA,32,10.08,1281.98,False
MCOW,32,21.837,1276.937,False
ACLZ,32,11.3234,1276.1001,False
HCACR,32,0.2454,1268.14795,False
TTOP,32,18.7639,1235.3225,False
MYMK,32,24.835,1230.8775,False
WRND,32,43.0316,1229.12175,False
FLAG,32,28.9963,1228.65095,False
FMCX,32,36.7141,1225.9243999999999,False
STYL,32,25.3525,1218.5968,False
PJFM,32,67.1849,1207.20435,False
RANG,32,10.8,1199.42,False
CBIL,32,25.09,1188.18,False
NBRG,32,10.05,1167.315,False
APMCU,31,10.03,1151.863,False
PAAC,32,9.98,1146.015,False
AZTD,32,32.5795,1143.4472999999998,False
ALDF,32,10.78,1135.7953000000002,False
PTORW,32,0.34,1133.685,False
CMIIW,32,0.75,1132.4810000000002,False
CDPI,31,20.4033,1131.648,False
QUA,32,17.9847,1131.5342,False
KITTW,32,0.0113,1123.4926500000001,False
LAFA,31,10.15,1122.21,False
CAUG,16,25.2663,1116.403,False
BILD,32,29.9624,1111.6123499999999,False
EURK,32,11.74,1110.0,False
IEAGU,31,10.36,1108.52,False
WNDR,32,28.1557,1105.6224,False
YLDY,9,24.8816,1104.0524,False
QSEA,32,10.6001,1100.32,False
EXYNW,32,0.6499,1096.7105,False
NBTR,32,49.49,1083.1873,False
ARQQW,32,0.008,1079.83645,False
THEOR,8,0.27,1073.225,False
EUIG,32,49.865,1072.6475,False
PLUN,31,10.01,1071.07,False
GIEQ,32,43.3821,1055.4479999999999,False
XVTS,5,31.2538,1033.5456,False
FDMMU,32,9.98,1032.43,False
SCPQU,31,10.2,1030.0,False
KBONU,32,10.3,1029.0,False
BDCIU,31,10.25,1019.9999999999999,False
PRXI,32,26.0223,1016.9438,False
WSGE,32,28.8312,1004.9253,False
IDACW,31,0.3,997.65,False
ODDZ,32,25.4329,995.8700000000001,False
MUSE,32,49.62,988.9000000000001,False
MESHW,32,0.22,988.6187500000001,False
PGYWW,32,0.0247,984.4615,False
EMFI,32,50.3,974.0532000000001,False
TRUU,32,23.6805,972.5264999999999,False
ASEC,32,49.96,970.44,False
IGCB,32,45.025,964.3019999999999,False
CRUC,32,11.9223,962.48,False
PCSG,32,22.2714,952.36635,False
SHPP,32,36.0098,945.2389999999998,False
MCGAW,32,0.32,941.4024999999999,False
JABRW,14,0.045,928.96735,False
CMCI,32,30.6792,928.7476,False
XAGI,32,19.1897,912.9301500000001,False
SVAQW,32,0.47,907.1315999999999,False
RDZNW,31,0.1102,895.8254,False
USGX,32,22.8898,895.71255,False
SIFI,32,43.55,889.48,False
EGHAR,31,0.35,882.0,False
MTRA,32,27.4736,877.8492,False
CPRA,32,27.9148,875.85575,False
XCBE,32,10.0,875.5999999999999,False
GOVM,32,24.94,856.3884,False
BRRWW,32,0.2621,855.60865,False
ACGO,32,37.9979,854.5249999999999,False
EGLE,32,32.5197,847.6322,False
ACVT,32,28.8193,825.62,False
IDVY,32,27.3749,824.1827000000001,False
ARKD,32,21.1054,814.903,False
MKAM,32,32.3196,805.9305999999999,False
ISHP,32,37.45,804.3261,False
RHTX,32,20.5119,802.4343,False
EMAU,16,25.547,800.8489000000001,False
GMEC,32,15.9992,792.9709,False
FUSD,32,25.11,788.47405,False
ZSB,32,22.375,785.3700000000001,False
ARKT,32,19.8207,784.1600000000001,False
RGTC,31,26.8392,779.4254000000001,False
PCL,32,48.2583,772.29555,False
ABI,32,24.79,767.6524999999999,False
BCKT,32,40.3698,766.46,False
UNIY,32,47.9906,765.7936,False
AFJKR,31,0.1201,763.965,False
EPSB,32,27.21,757.4756,False
BGLWW,32,0.0365,754.2660000000001,False
TAPR,32,26.73,745.0027500000001,False
HAPS,32,38.6018,741.5188999999999,False
SMDX,32,26.7343,740.7532,False
QMID,32,30.7803,722.0987,False
OHAC,32,9.96,714.96,False
PCI,32,49.4302,711.5769499999999,False
PSCQ,32,31.885,700.5474999999999,False
MUNA,32,99.955,698.4950000000001,False
AAAD,32,49.7586,694.2593,False
CAIIW,31,0.2356,684.64,False
FLXI,32,48.86,682.8050000000001,False
SABSW,32,0.0275,680.625,False
SMRX,32,26.3768,674.1786500000001,False
KNOW,32,13.0948,671.60575,False
BIOTW,23,0.0175,666.6062000000001,False
VEFA,32,85.1857,666.114,False
MYMG,32,24.62,664.155,False
FIYY,32,24.605,659.745,False
WX,32,25.0738,656.005,False
CYCUW,32,0.0317,644.5786499999999,False
XEY,32,19.705,643.005,False
REAI,32,21.7857,629.6930500000001,False
FACTW,31,0.156,627.885,False
USX,32,25.0304,625.7156,False
DVXB,32,29.695,616.50395,False
RAAY,32,102.4899,613.941,False
GRABW,32,0.0237,612.1644,False
RCLY,32,103.12,610.1562,False
MUNC,32,100.6771,606.45,False
AEAQ,32,10.1,601.8,False
GUACW,31,0.58,600.0,False
LQDD,11,48.8104,597.4368,False
AKAF,32,33.7425,597.0838,False
FTHAW,31,0.3,595.98,False
PSCW,32,30.485,594.1605,False
HAUG,16,25.2698,592.26895,False
TLSIW,32,0.9,591.1330499999999,False
VMSB,32,49.805,590.64,False
BACCR,31,0.4201,575.12,False
CRXP,32,19.68,568.9375,False
BCGS,32,27.8793,568.081,False
RESM,32,24.4643,566.91895,False
UN,32,22.0298,564.99685,False
SPWRW,32,0.0798,561.78435,False
TEMD,32,24.865,558.32,False
USMD,32,30.5803,557.95505,False
YDESW,32,0.3599,555.6600000000001,False
ARIA,12,25.1684,551.7170000000001,False
NICO,32,25.4049,551.6070500000001,False
VNSE,32,41.8186,546.7988499999999,False
PDYNW,32,0.0124,539.2947999999999,False
HAVA,32,10.2,537.4200000000001,False
ADAC,32,10.09,534.77,False
PBSC,32,25.355,530.5291500000001,False
PINC,32,50.0951,525.8875,False
TILC,32,26.2046,520.6441500000001,False
ALISR,31,0.8,519.4,False
BABC,32,27.8121,509.18949999999995,False
SSMG,32,26.167,508.26455,False
GSRFR,31,1.69,506.59999999999997,False
IDACU,32,10.1,505.99999999999994,False
IEAGR,32,0.1799,505.5694,False
IGGY,32,30.336,503.8813,False
ARKI,32,23.139,501.31555,False
MSR,32,15.035,500.34349999999995,False
DVXV,32,35.525,496.01625,False
ZCBA,32,49.0175,488.475,False
EXPN,9,25.2493,483.9813,False
FRIZ,32,27.6382,483.93539999999996,False
TRUR,32,25.6366,476.66075,False
XW,32,24.9839,475.73975,False
FMCE,32,28.9323,473.74649999999997,False
ABXB,32,19.235,469.5063,False
NAMMW,31,0.225,467.3472,False
EFFE,32,28.3118,462.54255,False
PJUS,32,52.5491,461.81745,False
CRGOW,31,0.045,460.66499999999996,False
INDQ,32,27.2427,459.75924999999995,False
BRKHW,30,0.16,457.751,False
EPEM,32,30.2075,456.02414999999996,False
SPYA,32,30.6904,454.932,False
NEOVW,32,1.27,453.9611,False
NUDG,32,64.7135,453.2654,False
KRAQW,31,0.4,446.16,False
VEM,32,28.1046,444.5288,False
GARA,32,27.9169,444.2408,False
ORO,32,20.8992,439.31014999999996,False
ZCBB,32,48.8901,439.01235,False
ZCBC,32,48.87,438.3882,False
ZCBE,32,48.8171,437.7699,False
ZCBG,32,48.6881,437.66999999999996,False
ZCBF,32,48.7021,437.46795,False
EXEQ,32,28.765,436.5792,False
TFGZ,32,36.4251,430.5984,False
LTRYW,32,0.0074,429.3589,False
ARCP,19,25.16,425.0,False
RKSG,32,28.8164,417.23855,False
ENHU,32,28.6213,416.44905,False
ISNRW,19,0.2604,416.15999999999997,False
VNIE,32,25.404,416.1402,False
CCOM,32,23.915,413.73079999999993,False
CUST,32,25.0701,412.8983,False
CXAIW,31,0.0349,412.0208,False
FHIL,32,25.2596,408.40035,False
PMTRW,31,0.73,406.4412,False
PSFM,32,35.485,403.25419999999997,False
AAAC,32,20.12,401.595,False
APMCR,32,0.11,395.9975,False
MJUN,32,32.8772,395.70480000000003,False
YICCW,31,0.39,390.0,False
FGIWW,31,0.0899,389.87730000000005,False
GIXXR,31,0.28,388.64000000000004,False
TXUG,32,28.035,388.4909,False
CBXL,32,20.9543,388.3639,False
MYHA,32,24.9701,385.75575,False
UPSC,32,20.1608,385.36865,False
LTGRW,22,0.27,385.0299,False
MOBXW,31,0.0776,382.6345,False
PQNT,32,23.8401,380.6616,False
KIDZW,32,0.01,379.72715000000005,False
GLBL,32,28.3324,379.59614999999997,False
QBIV,32,27.5,378.5243,False
PCLC,32,24.5477,377.9516,False
ERNAW,32,0.0502,377.0816,False
DGOC,32,32.83,376.81499999999994,False
SCUB,32,25.1099,375.22425,False
TROT,32,24.585,368.025,False
IQSZ,32,32.5499,367.76854999999995,False
DVVY,32,27.631,367.42225,False
SHUS,32,52.5499,362.83799999999997,False
ONFOW,32,0.0115,358.8632,False
IRVH,32,19.195,353.065,False
MSIX,32,37.558,350.05920000000003,False
WEBX,32,20.8402,348.73040000000003,False
DAAQW,31,0.14,348.16,False
RCGE,32,31.84,346.2904,False
CARX,32,29.5696,345.86405,False
VRXAW,31,0.0998,344.65409999999997,False
USSX,32,25.5466,344.02225,False
IQRA,32,30.6956,339.16575,False
RNMN,32,26.1281,338.74749999999995,False
EPMV,32,26.7918,337.60884999999996,False
XPAV,32,23.2189,335.90545,False
CVRD,32,18.9528,335.5245,False
REMC,32,23.5924,334.93155,False
NOEQ,32,29.7034,333.67449999999997,False
NSIG,32,24.8025,333.48405,False
CRIB,32,25.709,331.63194999999996,False
EPMB,32,26.5102,331.37260000000003,False
GBHI,32,25.355,329.28999999999996,False
FDRX,32,22.4687,327.60695,False
ARBEW,32,0.0276,326.3437,False
LATAW,31,0.2401,320.688,False
HWIV,25,26.765,319.62,False
HWSM,32,31.8264,317.6035,False
SDCP,32,25.4501,317.0206,False
BFJL,32,18.46,311.385,False
SCMY,32,25.9246,311.3214,False
AQLG,32,26.3466,309.7806,False
DVIN,32,29.485,307.26485,False
LGDX,32,25.6258,305.8419,False
RTAI,32,20.9657,303.812,False
YCLO,32,25.225,302.52,False
EMMY,32,24.7797,296.6376,False
DWWN,32,24.7552,294.045,False
TINS,32,29.7037,293.9225,False
BFXU,32,23.71,293.43719999999996,False
ARCIW,32,0.45,291.3472,False
IMTG,32,48.5955,290.58,False
AIIOW,31,0.0246,289.6528,False
BAY,32,28.948,287.54145,False
HUBCW,32,0.01,278.92205,False
LQDU,11,25.4607,278.4056,False
TSPX,32,30.4548,275.22585000000004,False
HBTC,32,21.2805,274.62225,False
DVXP,32,26.555,274.04814999999996,False
LCO,32,28.6817,268.895,False
USFI,32,24.435,266.53,False
XKRE,32,27.995,266.355,False
ILLRW,32,0.045,265.8423,False
AMUB,32,23.4994,263.96555,False
CIVG,32,25.0197,261.685,False
FMSTW,32,0.39,261.545,False
WTMU,32,25.365,254.275,False
PGRI,32,26.9939,252.58415,False
SJLD,32,25.325,252.39999999999998,False
PLUT,32,2.5899,252.29999999999998,False
DVRE,32,25.155,251.1705,False
BD,32,24.885,248.35000000000002,False
MYMF,32,24.85,248.325,False
XEML,32,26.6996,247.58700000000002,False
BNCWZ,32,0.0748,246.74149999999997,False
MHIG,32,20.5889,245.0376,False
QAU,16,25.3894,241.4599,False
DVUT,32,24.94,240.70815,False
USMX,32,26.3504,240.37605,False
CTAU,16,25.257,240.17415,False
KEYX,32,19.3842,239.3125,False
XCOM,32,24.4309,235.84445,False
EMXX,32,23.8754,234.2885,False
PLCIR,9,0.16,229.04319999999998,False
PQXX,32,25.315,227.76749999999998,False
BGFI,21,25.22,226.9422,False
MMAR,32,32.8401,225.54700000000003,False
MYHB,32,25.0689,225.44504999999998,False
HXC,3,25.0,225.135,False
FWACW,17,0.05,225.0,False
BENFW,31,0.0098,224.9434,False
QJN,32,24.6292,222.81615,False
XHOA,32,26.7708,222.45565000000002,False
PMJA,32,27.725,221.6875,False
MHIP,32,21.4013,221.4652,False
RWIN,32,28.0026,216.7,False
APLMW,32,0.0147,215.9907,False
REFA,32,24.0002,214.95915,False
FLAO,32,28.59,213.4225,False
TACHW,32,0.528,208.4348,False
TVACW,31,0.3564,208.14600000000002,False
KDRN,32,23.14,207.81,False
DGJA,32,32.05,207.15750000000003,False
PIEL,32,30.1683,206.54654999999997,False
SSACW,31,0.0851,201.996,False
CLOO,32,25.23,201.3025,False
EDBLW,32,0.0378,200.37689999999998,False
MAUG,32,33.2549,199.5075,False
MMAY,32,33.245,199.425,False
RFAIR,32,0.15,199.26749999999998,False
MFEB,32,33.23,198.9888,False
MNVR,32,33.18,198.8724,False
FLDDW,32,0.0776,197.00209999999998,False
MDCR,32,32.8094,195.98579999999998,False
MSEP,32,32.73,195.5559,False
CMAY,32,25.8902,192.76614999999998,False
PMFB,32,27.56,192.745,False
PMAP,32,27.515,192.4125,False
CCPX,32,23.5407,191.8148,False
DVXC,32,23.98,190.506,False
BETRW,32,0.107,190.37745,False
SKYAW,32,0.0293,190.00990000000002,False
LRNX,32,24.5274,186.32254999999998,False
LSTB,32,24.8495,185.63335,False
PMOC,32,26.37,184.2575,False
XLYX,32,24.4566,183.82465,False
BFEW,32,21.86,183.1941,False
MAYC,32,26.1291,182.71925,False
PQV,32,25.57,179.62,False
AACIW,31,0.346,178.98,False
TAJX,32,26.5426,178.92315,False
QMY,32,25.8097,178.696,False
HMAY,32,25.3424,177.35585,False
ASTLW,32,0.0048,176.875,False
BMSI,21,25.3249,175.875,False
BRZX,32,24.6881,175.7924,False
MYHC,32,25.1455,175.5068,False
CCRP,32,19.475,174.645,False
CIEI,32,25.0202,174.4043,False
QJL,32,25.0052,174.31189999999998,False
LSCP,32,24.885,173.50585,False
RIZE,32,24.6201,172.27035,False
HBRD,32,24.34,170.66,False
DFLIW,32,0.0326,168.1873,False
NPACW,32,0.2789,167.85,False
SCJN,32,25.7966,166.832,False
CJUL,32,25.5941,166.6279,False
PIIIW,32,0.0125,166.0446,False
NISM,32,25.6164,165.73295000000002,False
POLEW,31,0.12,164.57649999999998,False
HFSP,32,13.29,164.34,False
PMMR,32,27.355,163.81920000000002,False
TOAO,32,27.4006,163.4151,False
XEUR,32,27.3028,163.2267,False
PMMY,32,27.035,162.0,False
AMHI,32,24.55,161.095,False
OGSP,32,10.02,160.16,False
PMSE,32,26.575,159.34499999999997,False
DVXY,32,22.635,159.0379,False
COLAR,32,0.58,158.39875,False
OCDB,32,26.3207,157.9971,False
JADB,32,26.1643,157.32,False
PMNV,32,26.275,157.0872,False
MKLYR,32,0.25,157.0,False
CTMA,32,25.7201,154.4901,False
IDMY,32,25.955,154.4247,False
IVDAW,32,0.0355,154.11284999999998,False
IDJL,32,25.5874,153.71370000000002,False
CTJL,32,25.5293,153.5187,False
CJUN,32,25.3791,152.976,False
IDJN,32,25.7118,152.7711,False
SCJL,32,25.274,152.5398,False
JUNC,32,25.37,152.4546,False
HJLY,32,25.3864,152.3196,False
PQXV,32,25.365,152.1,False
CTJN,32,25.3304,151.9275,False
UUPP,32,25.15,150.765,False
WDE,32,25.135,150.45,False
LTAX,32,24.7434,149.7876,False
QQJN,32,24.766,149.01839999999999,False
LPAAW,31,0.15,148.2,False
JHAC,32,15.785,145.0995,False
MRNOW,32,0.008,139.1609,False
BIXIW,32,0.3405,138.2448,False
EMJN,32,23.135,137.4495,False
FWACR,17,0.19,133.0,False
NTWOW,32,1.3701,131.8753,False
DSYWW,32,0.0178,128.8338,False
ODHY,32,9.985,124.4325,False
MLECW,32,0.0159,119.62349999999999,False
GCGRW,32,0.725,113.5,False
BFJA,32,18.7462,113.415,False
ENGNW,32,0.1801,110.85,False
MSAIW,31,0.014,110.0,False
ACONW,32,0.0317,101.2765,False
RMSGW,32,0.0394,95.155,False
FVNNR,31,0.1822,92.34,False
HOLOW,32,0.0587,90.01415,False
DAICW,32,0.0136,84.76464999999999,False
AENTW,32,0.3682,84.607,False
PONOR,31,0.2157,84.04,False
WLIIW,31,0.82,82.82,False
LUCYW,32,0.0432,77.82395,False
SORNW,31,0.2201,77.7992,False
BZFDW,32,0.0173,75.58105,False
NOEMW,32,0.14,75.215,False
FBYDW,32,1.41,72.75,False
VFSWW,31,0.245,72.02879999999999,False
CINGW,32,0.0079,71.7906,False
HUMAW,32,0.0009,71.5185,False
ZKPW,32,0.29,70.02,False
IACOW,31,0.2753,69.10379999999999,False
BNAIW,32,0.083,68.58745,False
BLZRW,32,0.3799,67.22,False
SLXNW,31,0.015,65.38,False
INACR,31,0.12,63.65,False
RANGR,32,0.27,62.1258,False
PARAW,31,0.0125,60.903,False
PBMWW,32,0.0298,60.3986,False
RMCOW,32,0.1275,57.375,False
FIGXW,32,0.1722,56.82245,False
HUBCZ,32,0.0093,55.38575,False
WALDW,31,0.0258,52.196799999999996,False
STLNW,30,0.069,50.3712,False
PECER,32,0.36,48.0,False
AESPR,32,0.1952,47.61,False
AESPW,32,0.075,45.64455,False
VGASW,31,0.0315,44.85,False
CHECW,32,0.1275,41.97,False
RCKTW,32,0.001,39.45095,False
PLMKW,31,0.355,39.405,False
GTENW,32,0.699,38.785,False
SCAGW,32,0.0189,38.1956,False
MDCXW,31,0.3302,38.13,False
OSRHW,32,0.025,37.7251,False
AACPW,31,0.1,35.5914,False
ICUCW,32,0.0197,35.5276,False
IPEXR,32,0.54,33.349999999999994,False
LNZAW,31,0.0156,33.21,False
DNMXW,32,0.25,32.625,False
AERTW,31,0.0202,32.2,False
EUDAW,32,0.0299,31.85,False
PRENW,31,0.0081,30.900000000000002,False
SCLXW,32,0.115,28.153100000000002,False
KWMWW,31,0.01,26.89,False
ASBPW,32,0.0153,26.784,False
COOTW,32,0.0156,26.365049999999997,False
NCOOW,18,0.03,25.717850000000002,False
SWVLW,32,0.0101,24.7279,False
LIMNW,31,0.0451,24.66,False
MTEKW,32,0.124,19.3902,False
CCAQW,32,0.23,18.0,False
OGGWZ,32,0.045,16.875,False
NXGLW,32,0.0169,15.337200000000003,False
NVNIW,31,0.0275,15.0,False
BFRIW,32,0.0251,12.84835,False
CDIOW,32,0.0138,12.8396,False
BFRGW,31,0.1101,12.3726,False
SQFTW,32,0.0135,12.3601,False
SUMAR,32,0.225,12.26,False
NEXRW,31,0.0138,12.213,False
AMODW,32,0.02,11.7669,False
CRANR,32,0.21,11.5,False
COCHW,32,0.0439,11.161850000000001,False
GDEVW,32,0.0004,10.9755,False
NRSNW,32,0.0395,10.7182,False
BEATW,32,0.01,10.3626,False
BIAFW,31,0.0751,9.625,False
RVSNW,32,0.0161,9.21745,False
KCHVR,32,0.1,8.96,False
DFSCW,32,0.023,8.7182,False
FSHPR,32,0.09,8.046,False
MNYWW,31,0.0398,7.9998000000000005,False
ZEOWW,31,0.0199,7.7250000000000005,False
ABLVW,31,0.0151,7.1476,False
CDTTW,32,0.0116,6.77965,False
KFIIR,32,0.1198,6.75,False
ONMDW,32,0.0301,6.6354500000000005,False
SAIHW,31,0.0498,5.2858,False
BTBDW,31,0.03,5.1728000000000005,False
BRLSW,31,0.0519,2.9952,False
KTTAW,32,0.0075,2.1420000000000003,False
TNONW,32,0.014,1.82,False
ANGHW,32,0.0074,1.325,False
GGROW,32,0.007,0.655,False
QADR,32,10.0,0.0,False
TMTSU,31,10.5,0.0,False
BACCU,31,11.23,0.0,False
HACQW,32,0.54,0.0,False
CHAR,32,10.94,0.0,False
TLNCU,31,10.42,0.0,False
TMTS,31,10.07,0.0,False
GJR,31,24.63,0.0,False
NEN,32,55.01,0.0,False
CHARR,31,0.1,0.0,False
GJO,31,24.5,0.0,False
LPAAU,31,11.11,0.0,False
TVIVW,31,0.2893,0.0,False
PGAC,31,10.69,0.0,False
SCPQ,32,10.03,0.0,False
QETAU,31,11.51,0.0,False
AXINU,31,10.65,0.0,False
BCGWW,31,0.117,0.0,False
FACTU,31,10.83,0.0,False
GIPRW,32,0.03,0.0,False
LPBBU,31,10.85,0.0,False
GJP,31,24.72,0.0,False
TVAIU,31,10.5,0.0,False
GIBOW,31,0.0175,0.0,False
DYNCW,31,0.16,0.0,False
BWIV,32,9.96,0.0,False
LWAC,32,10.3,0.0,False
ALOVW,31,0.44,0.0,False
PTACW,27,0.21,0.0,False
CHPGR,31,0.1101,0.0,False
SPKLU,31,12.83,0.0,False
EURKU,31,11.72,0.0,False
KRAQU,32,10.1,0.0,False
PCTTU,31,11.0,0.0,False
TRGSU,31,10.06,0.0,False
NBRGR,32,0.22,0.0,False
MMTXW,31,0.1422,0.0,False
AACI,31,10.05,0.0,False
QADRW,31,0.235,0.0,False
CAIIU,31,10.0501,0.0,False
TMTSW,31,0.4056,0.0,False
BIDWR,26,0.13,0.0,False
OACC,32,10.78,0.0,False
BIII,32,10.02,0.0,False
NHICU,32,11.0001,0.0,False
GIXXU,31,10.2101,0.0,False
HCMAU,31,10.47,0.0,False
AACIU,31,10.14,0.0,False
ETSS,32,9.93,0.0,False
MKLYU,32,10.59,0.0,False
TDWDR,31,0.145,0.0,False
IACQU,31,10.095,0.0,False
GJT,32,23.25,0.0,False
SENEB,32,188.0,0.0,False
LFACW,31,0.34,0.0,False
LAFAR,32,0.0801,0.0,False
UAC,31,9.95,0.0,False
CHPG,31,10.47,0.0,False
ATIIU,32,11.39,0.0,False
GIWWU,31,10.461,0.0,False
ARCLU,32,10.2083,0.0,False
TDACU,31,12.57,0.0,False
CHARU,31,10.93,0.0,False
LKSPR,31,1.1,0.0,False
LATAU,31,10.21,0.0,False
SSACU,32,10.25,0.0,False
HCIC,32,10.0,0.0,False
MAGH,31,6.76,0.0,False
MUZE,32,10.04,0.0,False
RIBBU,31,11.0,0.0,False
RNGTU,31,10.29,0.0,False
MACIW,31,0.12,0.0,False
OTGAW,32,0.37,0.0,False
PAACW,31,0.39,0.0,False
OXBRW,31,0.11,0.0,False
RIBBR,31,0.23,0.0,False
QUMSU,31,10.33,0.0,False
CCAQU,31,10.68,0.0,False
ALPXW,31,0.0629,0.0,False
DTSQR,31,0.1076,0.0,False
HCMA,31,10.295,0.0,False
RNGTW,32,0.3201,0.0,False
CEPS,31,10.34,0.0,False
RFAM,31,9.96,0.0,False
RANGU,31,11.3151,0.0,False
MCAHR,32,0.27,0.0,False
SCIIU,31,10.22,0.0,False
OIMAW,31,0.8,0.0,False
SCIIR,31,0.1802,0.0,False
CAQ,31,9.99,0.0,False
SVAQU,31,10.48,0.0,False
SORN,31,9.96,0.0,False
HCHL,31,3.96,0.0,False
ONCHW,31,0.392,0.0,False
HVIIU,31,10.78,0.0,False
ALPXR,31,0.16,0.0,False
PAACU,32,10.12,0.0,False
CAPNU,31,11.17,0.0,False
ORIQW,31,0.14,0.0,False
HACQ,31,10.06,0.0,False
BHAVR,31,0.2002,0.0,False
FTHA,32,9.97,0.0,False
QSEAR,31,0.2412,0.0,False
MLAAW,32,0.21,0.0,False
RDACU,31,9.95,0.0,False
RREVU,32,10.04,0.0,False
LWACU,31,10.36,0.0,False
SDSTW,32,0.1,0.0,False
GUACU,31,10.12,0.0,False
OIOWW,31,0.044,0.0,False
VNMEW,31,0.27,0.0,False
MEVOW,31,0.38,0.0,False
WHLRD,32,35.06,0.0,False
ALOV,32,10.0,0.0,False
QETA,32,11.74,0.0,False
HCICR,32,0.1493,0.0,False
RREV,32,9.9,0.0,False
CAQUU,31,10.25,0.0,False
DRDBU,31,10.63,0.0,False
BPACU,31,10.3,0.0,False
AACO,31,9.98,0.0,False
RFAMU,31,10.0,0.0,False
SAAQW,31,0.7877,0.0,False
BREZR,32,0.245,0.0,False
LWACW,32,0.2301,0.0,False
MYX,32,9.94,0.0,False
SUMA,32,9.9,0.0,False
RIBB,32,10.875,0.0,False
JSPRW,32,0.0098,0.0,False
RREVW,31,0.5201,0.0,False
MLAAU,31,10.07,0.0,False
LCFYW,31,3.99,0.0,False
MCAHU,31,10.42,0.0,False
DTSQ,31,11.33,0.0,False
BLIV,32,2.15,0.0,False
ALISU,31,10.79,0.0,False
TDWDU,31,10.15,0.0,False
SVIVU,31,10.3701,0.0,False
GTERR,31,0.07,0.0,False
IGACU,31,10.1801,0.0,False
AESPU,32,10.2,0.0,False
ZOOZW,32,0.015,0.0,False
FSHPU,31,11.19,0.0,False
SSACR,31,0.17,0.0,False
LPCV,31,10.02,0.0,False
BCCQ,17,10.01,0.0,False
HSCSW,32,0.0441,0.0,False
DMIIU,31,10.1999,0.0,False
GSHR,32,10.52,0.0,False
IACQW,32,0.48,0.0,False
BEAGU,31,11.0699,0.0,False
ACAAW,31,0.675,0.0,False
SDHI,32,10.51,0.0,False
GTERU,31,10.48,0.0,False
CAPNR,31,0.19,0.0,False
UCFIW,31,0.09,0.0,False
LPCVW,31,0.31,0.0,False
GSHRW,31,0.34,0.0,False
PALOW,31,0.3,0.0,False
TDWD,32,10.1,0.0,False
OYSE,32,10.36,0.0,False
MBVIU,31,10.29,0.0,False
IPEXU,31,11.05,0.0,False
BPACR,31,0.15,0.0,False
AACPR,31,0.1617,0.0,False
BBCQU,32,11.195,0.0,False
MBVIW,31,0.35,0.0,False
MESHU,32,10.13,0.0,False
BDCIW,31,0.433,0.0,False
VLOSW,30,0.38,0.0,False
SSEAU,31,10.48,0.0,False
SAAQU,32,10.38,0.0,False
SHFSW,31,0.0154,0.0,False
MKDWW,31,0.0114,0.0,False
OTGAU,31,10.3698,0.0,False
VHCPW,31,0.385,0.0,False
SOCAW,32,0.2502,0.0,False
SOCA,32,10.35,0.0,False
ORIQU,31,10.35,0.0,False
OHACR,31,0.22,0.0,False
MYXXR,31,0.2,0.0,False
MAMK,31,13.0,0.0,False
OHACU,31,10.14,0.0,False
RFAIU,32,52.94,0.0,False
ESLAW,32,0.0775,0.0,False
ADACW,31,0.5,0.0,False
HCACU,31,10.3,0.0,False
NBRGU,32,10.21,0.0,False
MEVO,31,9.98,0.0,False
SCPQW,31,0.3888,0.0,False
HCICU,31,10.1501,0.0,False
YCY,32,10.26,0.0,False
LOTWW,31,0.0601,0.0,False
GTERA,31,10.4,0.0,False
NCOOR,17,0.2,0.0,False
VNME,32,10.27,0.0,False
XSLLU,31,10.01,0.0,False
CAQUW,31,0.3001,0.0,False
GTENU,31,10.8,0.0,False
HPAIW,31,0.0181,0.0,False
SDAWW,31,0.1,0.0,False
BEAGR,31,0.27,0.0,False
AACPU,32,10.29,0.0,False
GPAT,31,10.93,0.0,False
SDHIU,31,10.6,0.0,False
GPATU,31,11.01,0.0,False
IRHOU,31,10.24,0.0,False
RDAGW,31,0.35,0.0,False
XCBEW,32,0.25,0.0,False
ECXWW,31,0.0479,0.0,False
NTRBW,32,0.5,0.0,False
SBFMW,32,0.0404,0.0,False
IGACR,31,0.1592,0.0,False
KBONW,31,0.695,0.0,False
XBPEW,31,0.045,0.0,False
PECEU,31,10.29,0.0,False
PONOU,31,10.47,0.0,False
ACGCU,31,10.1201,0.0,False
ALFUU,31,10.91,0.0,False
FIGXU,31,10.3501,0.0,False
BLRKU,31,10.23,0.0,False
NOEMU,31,12.12,0.0,False
IRAB,31,9.97,0.0,False
DSACW,31,0.5605,0.0,False
CCIIU,32,10.4701,0.0,False
ADACU,31,10.23,0.0,False
CCIIW,31,0.706,0.0,False
NHIVW,31,0.524,0.0,False
ITHAW,32,0.1937,0.0,False
NTWOU,31,11.99,0.0,False
LCCCR,31,0.161,0.0,False
ARCLR,32,0.21,0.0,False
ZKPU,31,10.03,0.0,False
PACHU,31,10.4,0.0,False
IOR,31,20.02,0.0,False
CCZ,31,66.4499,0.0,False
SWAGW,32,0.0062,0.0,False
SUMAU,31,10.25,0.0,False
QUMSR,31,0.1645,0.0,False
JONEU,30,9.92,0.0,False
EVOXU,31,10.26,0.0,False
MMTXU,31,10.1,0.0,False
DAAQU,31,10.65,0.0,False
JBK,31,25.8,0.0,False
RAINW,32,0.2275,0.0,False
CNCKW,32,0.25,0.0,False
JENA,32,10.38,0.0,False
GFAIW,32,0.0151,0.0,False
AIMDW,31,0.0832,0.0,False
WLII,31,10.26,0.0,False
ISNRU,31,9.98,0.0,False
CUBWU,31,11.05,0.0,False
CAPN,32,11.25,0.0,False
QSEAU,31,10.71,0.0,False
XCBEU,31,10.09,0.0,False
BSAAR,32,0.125,0.0,False
DNMXU,31,10.1596,0.0,False
MTNE,31,9.89,0.0,False
WHLRP,31,9.6741,0.0,False
IBACR,31,0.115,0.0,False
KTWO,32,10.05,0.0,False
YHNA,31,11.03,0.0,False
HCMAW,31,0.68,0.0,False
BKHA,31,11.89,0.0,False
GECCH,31,25.32,0.0,False
POLEU,31,11.2,0.0,False
YHNAR,31,0.1102,0.0,False
TACHU,31,10.7,0.0,False
ALOVU,31,10.06,0.0,False
SHOTR,27,0.1695,0.0,False
LPCVU,32,10.1,0.0,False
KPET,32,9.99,0.0,False
GJH,32,9.2,0.0,False
HAVAU,31,10.23,0.0,False
CHECU,31,10.25,0.0,False
IPVVW,19,0.35,0.0,False
WLIIU,31,10.4401,0.0,False
KOYNU,31,10.29,0.0,False
GPATW,31,0.1735,0.0,False
CTAAU,31,10.1001,0.0,False
GSRFU,31,10.58,0.0,False
TVACU,31,10.75,0.0,False
HACQU,31,10.14,0.0,False
SVREW,31,0.0098,0.0,False
NHIVU,31,10.32,0.0,False
APURR,31,0.2013,0.0,False
GIWWR,31,0.3,0.0,False
SAC,31,10.11,0.0,False
MUZEW,32,0.245,0.0,False
LKSPU,31,10.445,0.0,False
DYNCU,31,10.8501,0.0,False
OBAWW,32,0.1705,0.0,False
NHICW,32,1.55,0.0,False
MEVOU,31,10.16,0.0,False
BLRKW,31,0.3499,0.0,False
EFTY,31,15.02,0.0,False
BRKHU,31,10.5,0.0,False
CRAQU,31,10.53,0.0,False
SIMAW,31,0.1776,0.0,False
ALVOW,32,0.49,0.0,False
SOCAU,31,10.4,0.0,False
ALFUW,31,0.3,0.0,False
NMPAR,32,0.1822,0.0,False
ACAAU,31,10.07,0.0,False
CCCTW,17,0.4,0.0,False
HAVAR,31,0.1536,0.0,False
BLUWU,31,10.5,0.0,False
DIT,32,71.5,0.0,False
ILLU,32,9.97,0.0,False
GSHRU,31,10.61,0.0,False
WTGUU,31,10.58,0.0,False
WENNW,32,0.2905,0.0,False
DSACU,31,10.3,0.0,False
CTAAR,31,0.2,0.0,False
GPACU,31,10.13,0.0,False
DMAAU,31,10.79,0.0,False
OACCW,32,0.8995,0.0,False
DMIIR,32,0.079,0.0,False
PLTS,31,17.5,0.0,False
PGACU,31,10.84,0.0,False
EURKR,31,0.425,0.0,False
CTAA,32,9.96,0.0,False
CHPGU,31,10.48,0.0,False
SPEGR,32,0.25,0.0,False
TACOU,31,10.7501,0.0,False
BSAAU,31,10.5,0.0,False
IPFXU,31,10.59,0.0,False
CRACW,31,0.0598,0.0,False
SEATW,31,0.03,0.0,False
BBLGW,31,8.24,0.0,False
HVMCU,31,10.35,0.0,False
SIMAU,31,10.93,0.0,False
OABIW,32,0.23,0.0,False
PALOU,31,10.05,0.0,False
MUZEU,31,10.08,0.0,False
YHNAU,31,11.04,0.0,False
BIDWU,31,9.95,0.0,False
KEYYW,32,0.3651,0.0,False
WSTNU,31,10.28,0.0,False
ALDFU,31,10.9,0.0,False
EMIS,31,10.22,0.0,False
ACGCW,31,0.31,0.0,False
EMISR,31,0.13,0.0,False
OYSEU,31,10.66,0.0,False
PLMKU,31,10.75,0.0,False
CRACU,31,10.25,0.0,False
DYORW,32,0.2326,0.0,False
ALDFW,31,0.2611,0.0,False
TLNCW,31,0.73,0.0,False
BTA,32,24.6468,0.0,False
ARCLW,32,0.0502,0.0,False
CRAQ,32,10.37,0.0,False
CRANU,31,10.355,0.0,False
KEYYU,31,10.05,0.0,False
PECEW,31,0.0899,0.0,False
AFJKU,31,11.81,0.0,False
COLAU,31,11.05,0.0,False
KCHVU,32,10.65,0.0,False
SPEGU,31,10.48,0.0,False
ADSEW,32,0.4,0.0,False
DRDBW,31,0.19,0.0,False
CCGWW,31,0.0185,0.0,False
AACOW,31,0.37,0.0,False
WSTNR,31,0.173,0.0,False
KTWOU,31,10.25,0.0,False
XRPNU,31,11.19,0.0,False
GSRVR,31,1.5,0.0,False
GPACW,31,0.24,0.0,False
FMACR,32,0.1702,0.0,False
SORNU,31,10.255,0.0,False
VHCP,31,10.05,0.0,False
CXIIU,31,11.15,0.0,False
VHCPU,31,10.12,0.0,False
FUFUW,32,0.153,0.0,False
ASPCU,31,11.99,0.0,False
FOXXW,32,0.0442,0.0,False
NPACU,31,10.47,0.0,False
TWLVR,31,0.1451,0.0,False
UCFI,31,5.51,0.0,False
RFAMR,32,0.13,0.0,False
BNCWW,32,0.0149,0.0,False
GSRVU,31,10.65,0.0,False
VLOSU,30,10.71,0.0,False
PECE,32,9.98,0.0,False
QADRU,31,10.1,0.0,False
AEAQU,32,10.18,0.0,False
FGIIW,32,0.2201,0.0,False
SZZLR,32,0.1463,0.0,False
FXACW,31,0.16,0.0,False
VNMEU,31,10.3,0.0,False
KFIIU,31,10.69,0.0,False
WPAC,32,10.04,0.0,False
JACS,31,10.74,0.0,False
ARCIU,31,10.38,0.0,False
IRHOR,32,0.1561,0.0,False
MAYS,32,42.31,0.0,False
FGNXP,32,25.2016,0.0,False
KRAQ,32,9.99,0.0,False
TAVIU,31,10.8,0.0,False
INACU,31,10.33,0.0,False
IACOU,31,10.0501,0.0,False
MACIU,31,11.25,0.0,False
MYXXU,31,10.2,0.0,False
FTHAU,32,10.07,0.0,False
XSLLW,31,0.2099,0.0,False
FSHP,32,11.2,0.0,False
BDMDW,31,0.04,0.0,False
BKHAR,31,1.21,0.0,False
ZKP,32,10.01,0.0,False
YICCU,31,10.5,0.0,False
PGACR,31,0.1501,0.0,False
LFAC,31,10.06,0.0,False
TRGSR,32,0.1708,0.0,False
FVNNU,31,17.62,0.0,False
ASPCR,32,0.13,0.0,False
PTACU,32,10.07,0.0,False
NTWO,32,11.22,0.0,False
AEAQW,31,0.32,0.0,False
CDROW,32,0.698,0.0,False
PACHW,31,0.21,0.0,False
FUSEW,31,0.065,0.0,False
GCGRU,32,10.34,0.0,False
VEEAW,31,0.0352,0.0,False
UYSC,31,10.84,0.0,False
BREZ,32,10.01,0.0,False
UYSCR,31,0.078,0.0,False
MYXXW,31,0.0799,0.0,False
PCAPW,32,0.3,0.0,False
BLZRU,31,10.2701,0.0,False
OBAWU,31,10.37,0.0,False
TWLV,32,10.05,0.0,False
TVAIR,31,0.13,0.0,False
ILLUU,31,10.27,0.0,False
FVAV,31,10.2,0.0,False
UYSCU,31,11.08,0.0,False
WTGUR,31,0.14,0.0,False
QETAR,31,0.6047,0.0,False
LCCCU,31,10.61,0.0,False
APUR,32,9.99,0.0,False
CRAQR,32,0.156,0.0,False
WENNU,31,10.46,0.0,False
BKHAU,31,12.0,0.0,False
CMIIU,31,10.95,0.0,False
KYIVW,31,5.1,0.0,False
PMTRU,31,11.135,0.0,False
ILLUW,31,0.4399,0.0,False
GCLWW,32,0.035,0.0,False
FERAU,31,10.74,0.0,False
SZZLU,31,10.54,0.0,False
WLDSW,31,12.0,0.0,False
LAFAU,31,10.22,0.0,False
SDHIR,31,0.1799,0.0,False
NEWTO,31,25.52,0.0,False
KTWOR,31,0.2239,0.0,False
TWLVU,31,10.16,0.0,False
SVCCU,31,10.65,0.0,False
XSLL,31,9.98,0.0,False
BANXR,31,0.0141,0.0,False
SVCCW,31,0.3045,0.0,False
ALUB,32,10.11,0.0,False
SXTPW,31,0.0253,0.0,False
GTERW,31,0.0727,0.0,False
CRACR,31,0.125,0.0,False
EVOXW,31,0.3798,0.0,False
DYORU,31,10.22,0.0,False
NIVFW,31,0.0175,0.0,False
BLUWW,32,0.3114,0.0,False
HVMCW,32,0.3001,0.0,False
EGHAU,31,10.6601,0.0,False
LPBBW,31,0.26,0.0,False
DBCAU,31,10.4,0.0,False
AACOU,31,10.13,0.0,False
NCPLW,32,0.0305,0.0,False
NOEMR,32,0.15,0.0,False
BOWN,2,9.19,0.0,False
NMPAU,31,10.35,0.0,False
APXTU,31,10.26,0.0,False
IBAC,31,10.89,0.0,False
FGIIU,31,10.05,0.0,False
RDACR,31,0.0801,0.0,False
PC,31,9.4,0.0,False
ARTCW,31,0.36,0.0,False
BIXIU,31,10.26,0.0,False
ARTCU,31,10.13,0.0,False
BRBI,32,9.72,0.0,False
ISNR,19,9.89,0.0,False
DTSQU,31,11.49,0.0,False
APACU,31,10.35,0.0,False
FMACU,31,10.3082,0.0,False
GPAC,31,10.05,0.0,False
WHLRL,31,80.0,0.0,False
APACR,31,0.13,0.0,False
FWACU,31,10.24,0.0,False
FISK,32,4.7,0.0,False
SVIVW,31,0.8,0.0,False
NOEM,31,10.99,0.0,False
OBA,32,10.3,0.0,False
RNGT,32,10.14,0.0,False
ITHAU,31,10.06,0.0,False
PALO,31,9.985,0.0,False
TAVIR,31,0.0999,0.0,False
KOYNW,31,0.1898,0.0,False
LAWR,31,3.75,0.0,False
OIMAU,31,10.21,0.0,False
OYSER,32,0.1107,0.0,False
FMAC,32,10.07,0.0,False
BEBE,31,10.04,0.0,False
LFACU,31,10.18,0.0,False
OIM,31,10.12,0.0,False
OACCU,31,10.9988,0.0,False
ORIQ,31,10.35,0.0,False
PONO,32,10.01,0.0,False
SSEAR,31,0.15,0.0,False
BHAVU,31,10.17,0.0,False
RDAGU,31,10.54,0.0,False
