symbol,n_bars,last_close,med_dollar_vol,pass
MU,31,1011.75,35419105018.5,True
SPY,31,772.67,33036122519.879997,True
NVDA,31,225.01,25374847952.7,True
QQQ,31,729.87,24184100892.6,True
SNDK,31,1786.85,22817089447.2,True
AAPL,31,305.59,14465454077.599998,True
AMD,31,506.0,13595962446.0,True
MSFT,31,480.35,12764098148.7,True
TSLA,31,339.3,12330274415.76,True
INTC,31,103.49,11120659986.0,True
SPCX,31,146.23,9857994504.42,True
AMZN,31,261.31,9421650058.24,True
META,31,568.97,9421063844.5,True
GOOGL,31,344.0,9311775657.8,True
SOXL,31,151.53,8919390768.96,True
AVGO,31,392.43,7102944761.22,True
GOOG,31,341.45,6141105225.76,True
SKHY,27,171.38,5718452182.44,True
IWM,31,304.06,5570601390.179999,True
TSM,31,430.97,5018119864.48,True
SOXX,31,559.12,4905201998.84,True
PLTR,31,172.55,4833280824.12,True
SMH,31,594.07,4626672416.28,True
MRVL,31,234.33,4609400542.320001,True
ORCL,31,146.65,4468351258.559999,True
TQQQ,31,76.4,4424921685.03,True
NBIS,31,268.85,4354105887.63,True
AMAT,31,535.31,4303229584.5,True
STX,31,994.79,4248755945.98,True
WDC,31,536.01,4242515829.63,True
DRAM,31,60.39,4041778576.92,True
VOO,31,710.27,3739132854.6,True
EWY,31,185.1,3427713870.0,True
LITE,31,968.9,3394976929.5,True
LQD,31,105.7,3133596362.1200004,True
BE,31,232.16,3122925751.86,True
IVV,31,776.29,3030811643.56,True
LRCX,31,343.84,3001521936.29,True
SOXS,31,38.36,2940999995.92,True
LLY,31,1183.16,2919372335.88,True
V,31,358.84,2652707557.2,True
GLD,31,405.49,2645721610.74,True
ASML,31,1883.12,2642516559.0,True
NFLX,31,76.02,2635833487.17,True
CSCO,31,112.9,2519613760.1,True
DELL,31,479.81,2519369211.96,True
GEV,31,1079.0,2510192319.48,True
CAT,31,881.65,2475299481.3,True
JPM,31,360.96,2416595138.7200003,True
APP,31,311.98,2390608938.78,True
KLAC,31,205.76,2370550995.96,True
WMT,31,114.33,2298143498.77,True
HYG,31,79.61,2239859562.6600003,True
CRM,31,190.97,2202742859.8,True
NOW,31,117.7,2189096267.04,True
SQQQ,31,36.42,2112811987.5000002,True
XOM,31,161.46,2097931596.8,True
TLT,31,81.35,2090565797.04,True
PANW,31,375.76,2084533125.22,True
TXN,31,282.91,2072609890.5600002,True
IBM,31,228.85,2020717132.2,True
HOOD,31,96.25,2003214485.28,True
CRWV,31,106.0,1959246602.1200001,True
UNH,31,395.62,1931846442.6399999,True
QCOM,31,162.18,1925177936.0,True
SGOV,31,100.56,1858680044.3000002,True
COST,31,953.5,1845944936.0,True
GS,31,1051.31,1817185782.06,True
JNJ,31,262.37,1793559347.3999999,True
GLW,31,173.21,1780367623.28,True
XLF,31,57.58,1779925706.46,True
BAC,31,63.89,1776615972.3,True
DIA,31,534.19,1727086917.6,True
IREN,31,44.9,1674530720.25,True
MA,31,562.26,1615953736.76,True
XLE,31,62.58,1583162004.22,True
COHR,31,351.22,1554742311.66,True
CRWD,31,213.9,1535421086.16,True
RSP,31,220.79,1532613906.88,True
XLV,31,167.05,1507765052.4,True
SNXX,31,19.06,1465687818.0,True
ARM,31,271.43,1432996753.2,True
MSTR,31,97.68,1422033886.44,True
XLK,31,190.32,1407525539.55,True
C,31,138.51,1404049595.9399998,True
CVX,31,202.7,1401839329.8,True
GDX,31,91.89,1390004995.74,True
RKLB,31,82.08,1386966023.1,True
ANET,31,201.8,1381835268.29,True
BITO,31,8.69,1377670225.866,True
EEM,31,67.32,1372543499.6200001,True
T,31,24.68,1351045038.0,True
ALAB,31,320.17,1328995143.3500001,True
AAL,31,14.43,1328119572.48,True
GE,31,369.43,1319808793.83,True
MUU,31,35.01,1318706717.83,True
SOFI,31,18.31,1311700367.74,True
ADI,31,390.28,1291896227.25,True
ABBV,31,250.33,1279420154.0,True
HD,31,337.88,1275952468.92,True
ISRG,31,390.33,1262167097.37,True
CRDO,31,282.82,1244907395.55,True
KO,31,86.98,1238663507.48,True
SNOW,31,330.11,1230956675.34,True
IBIT,31,36.42,1225878162.04,True
WFC,31,87.54,1218086980.46,True
XBI,31,159.53,1198880293.5,True
IGV,31,101.99,1195413531.0,True
MCD,31,265.53,1194317640.27,True
VRT,31,292.43,1182088860.61,True
UBER,31,74.99,1161055115.08,True
TER,31,443.14,1135252431.8300002,True
PG,31,143.12,1132812029.12,True
INTU,31,335.6,1130463269.2,True
DDOG,31,247.32,1130294776.6200001,True
ADBE,31,254.04,1112020173.12,True
BABA,31,124.71,1101657064.47,True
VTI,31,382.13,1095260626.5,True
VZ,31,48.06,1089573347.84,True
PEP,31,138.24,1089034188.88,True
XLI,31,186.32,1076582929.28,True
MPWR,31,1415.99,1070120116.32,True
NXPI,31,232.72,1060865035.21,True
AAOI,31,154.89,1060457938.0699999,True
SMCI,31,38.28,1049794093.62,True
SHOP,31,148.65,1034941037.9,True
TMO,31,585.51,1030340174.0800002,True
EFA,31,108.45,1023616404.85,True
BA,31,225.95,1021713554.26,True
COIN,31,150.55,1019936309.76,True
MRK,31,135.97,1016913735.3,True
ABT,31,110.37,1015477446.2,True
ACN,31,169.98,1013651382.8,True
PFE,31,26.87,1010211457.4200001,True
MS,31,218.21,1009415857.12,True
DIS,31,103.5,993283264.45,True
NU,31,14.74,991545536.86,True
APH,31,170.87,991162386.54,True
LIN,31,474.33,984931529.42,True
BKNG,31,204.76,977201412.3,True
CBRS,31,251.98,967424315.57,True
NOK,31,10.78,960597712.5,True
AXP,31,336.21,942668571.1500001,True
PATH,31,15.99,941623913.6500001,True
QQQM,31,300.52,918790355.08,True
NKE,31,39.09,905307494.51,True
NEE,31,86.22,898766904.8,True
NET,31,307.01,891849017.4699999,True
AMGN,31,419.38,875775044.0999999,True
RTX,31,221.64,872949781.0400001,True
PM,31,184.52,871974015.04,True
SPYM,31,90.96,868323753.9000001,True
XLP,31,84.68,861022714.27,True
IEMG,31,81.95,853195988.5999999,True
MCK,31,859.92,851142075.5600001,True
GILD,31,138.92,850595262.48,True
MCHP,31,80.26,838914327.5400001,True
KRE,31,77.39,838300429.35,True
BSX,31,51.43,838139492.04,True
FCX,31,68.38,837448005.32,True
DHR,31,202.63,833848117.95,True
COF,31,221.45,832962234.8399999,True
TMUS,31,180.12,829657200.75,True
HPE,31,57.61,826164830.0,True
SPOT,31,492.47,819987834.6,True
XLY,31,116.75,803877221.5,True
XLU,31,44.18,801277054.1999999,True
ASTS,31,71.14,798923435.2,True
ON,31,83.38,798608171.87,True
VLO,31,347.19,779203216.6,True
ETN,31,455.4,773824935.6,True
USO,31,130.29,768821284.14,True
SCHW,31,110.58,767568860.7900001,True
BIL,31,91.55,765439768.39,True
CIEN,31,445.18,761616081.9000001,True
CVS,31,94.01,759212239.5,True
SYK,31,331.68,758637153.6,True
AGG,31,97.25,757836277.56,True
FTNT,31,155.85,757672691.02,True
COP,31,127.56,755953798.0799999,True
SLV,31,59.57,750978834.08,True
UNP,31,299.9,750651831.36,True
TJX,31,150.85,748108327.0500001,True
IEFA,31,101.03,739105590.72,True
CLS,31,340.4,737097394.4,True
RDDT,31,164.5,734054902.88,True
SCHD,31,34.29,733028849.2199999,True
CRCL,31,74.59,729095917.26,True
IONQ,31,46.84,728433142.15,True
FXI,31,35.1,714166547.1199999,True
HON,31,229.45,710885729.15,True
BLK,31,1147.11,710750060.0200001,True
CEG,31,277.77,709530044.3000001,True
SPGI,31,410.53,704416633.92,True
NEM,31,120.33,701112479.0,True
MELI,31,1787.57,697399267.9,True
FIX,31,1881.18,696025749.04,True
DASH,31,212.72,695717729.4599999,True
CMCSA,31,25.57,694442036.73,True
CDNS,31,323.47,685254547.32,True
ONDS,31,9.0,682222261.5,True
MPC,31,358.18,678574527.12,True
WELL,31,235.3,676913539.26,True
EWZ,31,33.97,676598053.18,True
VEA,31,73.69,673717526.4,True
SBUX,31,107.92,657471392.28,True
VCIT,31,81.02,656256623.66,True
F,31,14.05,652259074.3,True
TSLL,31,8.61,645574918.5500001,True
HLT,31,326.12,642546817.1999999,True
SHW,31,349.97,636404241.6,True
WULF,31,17.6,634571578.6800001,True
BMY,31,64.63,632473026.6,True
HONA,31,161.56,630134789.25,True
VST,31,146.11,628013107.56,True
XLC,31,110.82,623405220.9,True
LOW,31,215.81,622450042.24,True
RCL,31,301.79,618502819.38,True
STM,31,55.79,611575032.1999999,True
WDAY,31,191.18,611465673.96,True
VUG,31,88.87,610500463.3000001,True
VRTX,31,515.55,609625223.97,True
VTV,31,226.69,608266888.32,True
TRV,31,364.51,605392979.75,True
PYPL,31,60.47,604374218.96,True
BX,31,140.57,603831424.01,True
PWR,31,722.31,603101079.0,True
SNDQ,31,12.22,602195050.6,True
SNPS,31,413.22,601751269.62,True
CB,31,340.86,598088119.72,True
DE,31,599.92,597581439.39,True
KORU,31,23.54,592932370.14,True
MDT,31,90.6,588242291.5600001,True
CIFR,31,18.5,586635375.48,True
HL,31,18.82,583066085.04,True
CME,31,267.88,581881300.0,True
CMG,31,33.76,574348650.24,True
ADP,31,266.06,571020994.01,True
CVNA,31,70.09,570941644.14,True
MAR,31,356.57,569407817.5,True
PLD,31,140.62,562193085.0,True
EQIX,31,1097.61,562093214.64,True
HWM,31,289.12,561636864.62,True
PH,31,1053.76,560612529.9,True
CSX,31,50.58,559046741.76,True
TGT,31,151.01,558897208.48,True
SAP,31,207.84,558060611.24,True
SHEL,31,91.62,557566209.0,True
AXTI,31,95.97,557470760.5600001,True
ORLY,31,90.23,556612930.6,True
LMT,31,593.74,554207200.0,True
IYR,31,104.15,553454131.24,True
XLB,31,52.24,549369820.73,True
WBD,31,27.93,545468350.3,True
PGR,31,203.84,545191916.79,True
SLB,31,53.86,544534505.2,True
ABNB,31,179.29,536960968.0,True
CMI,31,641.16,535216144.0,True
BMNR,31,18.73,535055050.17999995,True
APLD,31,31.18,534529854.72999996,True
CAH,31,235.66,534273403.71999997,True
HCA,31,404.98,528780867.12,True
EWT,31,107.8,527156563.32,True
ICE,31,154.31,527003733.05999994,True
MO,31,63.96,526886336.88000005,True
KWEB,31,26.95,526831789.12,True
PSX,31,239.28,526385212.34,True
BND,31,72.16,523449374.76,True
MDB,31,438.7,522824981.52,True
ROST,31,235.28,515946106.68,True
PDD,31,86.94,515558743.91999996,True
CDE,31,19.31,514849704.36,True
AZN,31,156.89,507689002.32,True
DAL,31,87.59,502386811.89000005,True
AEP,31,126.53,501985924.78000003,True
FIG,31,24.99,501312550.72,True
MDLZ,31,62.18,499229630.24,True
URI,31,1164.82,499149789.28000003,True
APO,31,134.54,498555865.43999994,True
MMM,31,180.21,497689642.56000006,True
REGN,31,804.99,494982842.24,True
AZO,31,3019.3,492804320.16,True
SE,31,119.45,490081120.8,True
HUM,31,384.31,489603459.93,True
XOP,31,183.35,486077219.25,True
UAL,31,122.26,484797302.32,True
MNST,31,45.52,481872173.21999997,True
NVO,31,44.88,480798527.78,True
UPS,31,102.02,479606191.56,True
AXON,31,604.32,479446246.40000004,True
TEL,31,217.38,478021297.40999997,True
GDXJ,31,120.38,476385345.54,True
BNY,31,164.27,476043732.91999996,True
FDX,31,331.49,474390071.1,True
IEF,31,92.84,472231178.97999996,True
DUK,31,123.58,469975448.1,True
MTUM,31,322.07,468862781.14000005,True
TTWO,31,241.61,468493811.56,True
MARA,31,9.715,466947345.78,True
GM,31,84.37,463354216.0,True
JCI,31,153.92,463313934.08,True
DLR,31,197.91,460650700.98,True
ECHO,31,92.51,460282814.32,True
OXY,31,59.04,456242279.84000003,True
COR,31,312.52,456209502.68000007,True
EMB,31,94.7,455295583.38000005,True
VGT,31,122.54,453052768.32,True
AMT,31,172.23,452498621.75,True
WMB,31,73.45,451825500.0,True
USB,31,64.87,451663576.9,True
BKR,31,64.9,450607057.59999996,True
ELV,31,390.24,446835971.16,True
CTAS,31,197.82,445035851.82,True
CCL,31,27.73,444767127.0,True
FLEX,31,130.0,444510769.86,True
SO,31,92.29,443886389.24,True
CTSH,31,56.28,443132197.34,True
IJH,31,78.48,439489082.25,True
DVN,31,47.57,437184902.64,True
NTAP,31,204.2,436855581.63,True
IWF,31,125.08,435470200.2,True
RIVN,31,14.87,434815682.4,True
TDG,31,1237.82,431481277.88,True
ADSK,31,241.64,430476716.3,True
FSLR,31,217.85,430292923.22,True
EXPE,31,318.5,428126150.21000004,True
SPXL,31,294.99,426713371.29999995,True
CI,31,275.33,425484800.16,True
TT,31,475.32,423193498.44,True
EBAY,31,100.94,421623757.8,True
CRH,31,96.05,420914227.3,True
MUB,31,105.56,418730575.68,True
ZTS,31,72.97,418434000.64,True
HUT,31,88.04,417776492.39,True
LNG,31,266.93,416678935.4,True
YUM,31,145.14,415935386.3,True
EMR,31,162.05,414692723.20000005,True
PCAR,31,130.84,413548329.32,True
AON,31,347.22,411378015.75,True
PNC,31,254.55,410328518.4,True
HBAN,31,17.95,408366090.0,True
NOC,31,570.2,408032875.34999996,True
EOG,31,146.15,404500332.48,True
AEM,31,188.78,403776633.72,True
ALL,31,258.1,403764213.83000004,True
IBKR,31,94.33,403457158.24,True
NVDL,31,36.67,403055235.64000005,True
VWO,31,60.39,402377613.65999997,True
MRSH,31,184.21,401617707.03,True
RBLX,31,37.93,400932959.5,True
FAST,31,51.23,395162491.14000005,True
IJR,31,149.83,392026743.0,True
MCO,31,477.17,391059939.3,True
KDP,31,30.28,389649458.28000003,True
VXUS,31,87.87,387590082.74999994,True
CL,31,90.21,387050615.3,True
KR,31,56.07,385661572.73,True
TEAM,31,158.34,384945145.36,True
QLD,31,93.84,384203469.37,True
TSEM,31,263.73,384165936.84000003,True
WM,31,224.02,384046070.40000004,True
KKR,31,108.83,383399054.43,True
RKT,31,14.5,383369699.2,True
AKAM,31,122.97,383248026.26,True
MKSI,31,320.74,382313992.8,True
MTSI,31,327.53,381830552.73999995,True
JEPQ,31,60.56,380461613.40000004,True
OKTA,31,143.24,380098393.04999995,True
ETHA,31,14.4,380027351.45000005,True
MTZ,31,302.48,378944103.76,True
ROKU,31,158.31,378633998.34000003,True
GD,31,391.14,378631321.32,True
OKLO,31,43.88,378358516.04,True
VT,31,161.83,378341905.65,True
MSCI,31,550.68,377708930.23,True
MDY,31,715.35,377219223.84,True
EW,31,90.81,376767460.14000005,True
HIMS,31,28.61,375260933.28000003,True
XRT,31,87.54,374549680.58,True
FN,31,598.58,374201155.35,True
ALNY,31,224.6,368874028.81000006,True
CARR,31,62.56,367934641.62,True
GWW,31,1317.68,367573431.53999996,True
DXCM,31,88.76,367141058.79,True
STRL,31,603.89,366228807.8,True
FISV,31,52.21,365648902.36,True
IWD,31,256.62,364163102.59999996,True
ACWI,31,161.83,363680562.96000004,True
KMB,31,107.91,363400343.46,True
KEYS,31,361.15,362801837.71,True
ZS,31,184.44,361664691.77,True
SPDN,31,8.45,359989550.0,True
XEL,31,79.21,359886897.99,True
STT,31,193.04,359330084.99,True
MSI,31,457.08,357016245.48,True
TWLO,31,228.61,354416692.2,True
RIOT,31,20.04,353898155.52000004,True
XYZ,31,80.2,353349074.28,True
IR,31,82.31,351839277.24,True
HPQ,31,29.4,349575170.8,True
AJG,31,247.97,349443191.32000005,True
MET,31,96.68,349442130.31,True
JBL,31,369.89,347649967.52,True
ENTG,31,163.09,347129084.56,True
HUBS,31,215.17,347102820.47999996,True
EWJ,31,98.17,346971406.24,True
ODFL,31,211.96,346643453.96000004,True
ARKK,31,81.75,343430243.1,True
KVUE,31,18.79,341927489.86999995,True
RVMD,31,212.0,341693326.7,True
ONTO,31,351.16,340013607.8,True
EQT,31,53.01,339609536.78999996,True
TFC,31,52.53,339141506.97,True
ITW,31,287.28,339128749.5,True
USHY,31,36.83,337899617.86,True
NSC,31,341.12,337625773.4,True
KHC,31,24.75,336969898.1,True
NVD,31,3.92,336220877.85,True
VTEB,31,49.64,336014753.88,True
DHI,31,148.34,335973372.3,True
CRS,31,542.38,335848247.15999997,True
FANG,31,206.29,333375091.2,True
LHX,31,278.38,332955952.76000005,True
TSCO,31,34.68,332926446.03,True
VEEV,31,238.34,330878795.61,True
IAU,31,83.11,330739627.75,True
ILMN,31,193.135,329560518.07,True
BP,31,42.85,328938191.4,True
TPR,31,129.02,328200759.36,True
CNQ,31,49.27,328199019.75,True
DOCN,31,135.28,327350636.6,True
PAYX,31,118.54,327250651.58000004,True
FERG,31,244.98,327183003.0,True
QXO,31,13.98,326533091.5,True
O,31,62.4,326157399.5,True
GIS,31,37.98,322829157.36,True
RGTI,31,18.67,322829044.04,True
EXC,31,45.57,322658061.44,True
FICO,31,1064.41,322163338.40000004,True
ROK,31,444.6,321808500.0,True
IDXX,31,546.09,321701256.81,True
PSA,31,324.31,321447134.09,True
SPG,31,221.67,320596669.41,True
GH,31,161.67,320322308.46000004,True
HAL,31,34.73,320269149.04,True
ECL,31,275.84,319010190.76,True
B,31,42.52,316524951.57,True
SWKS,31,67.73,314973180.08000004,True
WBS,31,78.69,313797092.84000003,True
NUE,31,272.68,313367814.66,True
NTRA,31,314.18,312745148.28000003,True
NDAQ,31,96.68,312529198.5,True
CTVA,31,76.01,311934354.76,True
UMC,31,19.53,311732768.2,True
NRG,31,122.37,309950950.32000005,True
TD,31,124.34,309945116.7,True
APD,31,300.86,309386997.89,True
FITB,31,57.6,309145046.35,True
MP,31,58.51,308620358.28000003,True
ASX,31,39.91,308361697.16,True
EME,31,862.54,308027190.16999996,True
PCG,31,17.5,306488399.65999997,True
OKE,31,95.32,306128542.71999997,True
TTMI,31,140.98,305995765.5,True
LYV,31,184.44,305831611.8,True
QQQI,31,55.75,304695213.75,True
FPS,31,38.83,304579013.94,True
CPNG,31,15.72,304469900.93,True
MRNA,31,64.46,303730382.02,True
SPMO,31,155.16,302125670.56,True
ROP,31,389.71,301682586.17,True
VALE,31,13.75,301261696.96,True
CHTR,31,144.1,300676643.5,True
TOST,31,34.32,299243757.15000004,True
TRGP,31,277.94,299224954.98,True
QBTS,31,20.87,298803043.35999995,True
WAT,31,407.74,298432921.59999996,True
CPRT,31,31.7,296955805.685,True
SMTC,31,154.22,295822661.34000003,True
VNQ,31,97.98,295512156.51000005,True
SPXU,31,33.76,293865090.96000004,True
RY,31,216.19,292654188.42,True
EXE,31,94.175,292021605.08,True
LULU,31,115.74,291946284.96,True
JOBY,31,7.91,291703801.89,True
VRSK,31,175.62,291509939.6,True
RSG,31,215.26,290025723.57,True
CCJ,31,98.58,288893220.0,True
FTAI,31,227.43,288271391.31,True
HSY,31,181.06,287653386.08,True
NVT,31,177.21,287289047.04,True
ZM,31,105.56,285737345.56,True
CCI,31,74.44,285632879.64,True
FOXA,31,69.19,285164404.69,True
BDX,31,182.09,284895599.04,True
MLM,31,538.66,284594025.09999996,True
LYB,31,64.73,284508750.24,True
CFG,31,74.31,283360066.56,True
ADM,31,81.29,283196720.17,True
SRE,31,85.94,282028181.56,True
ATI,31,231.78,280277101.44,True
CHRW,31,144.78,279760352.3,True
CNP,31,40.63,279670655.07,True
VTR,31,91.17,279631250.7,True
CMS,31,71.4,279540029.44,True
PLTD,31,5.31,278870019.12,True
RMD,31,220.37,278686931.6,True
UPRO,31,154.4,277333717.48,True
DOW,31,31.34,275764980.48,True
CNC,31,64.41,275735210.88,True
JBHT,31,283.37,275631879.88,True
DLTR,31,129.54,275470940.52,True
CBOE,31,295.0,273378897.0,True
CF,31,117.78,272719363.2,True
KMI,31,32.33,272552864.0,True
W,31,103.08,271702271.88,True
TNA,31,76.4,271509517.8,True
TTD,31,13.4,271156297.2,True
MTB,31,252.86,270598137.48,True
WAB,31,300.34,269132937.84,True
ALB,31,133.99,268744383.98,True
IBB,31,201.93,268471795.02,True
CLSK,31,12.4,267766944.32,True
NXT,31,99.09,267466127.36999997,True
ULTA,31,493.33,267127393.28,True
DPZ,31,335.42,265981127.15,True
INSM,31,128.32,265856139.60000002,True
DKNG,31,25.3,265771930.25,True
RF,31,31.7,263660196.17,True
BBY,31,85.44,263249187.14999998,True
GEHC,31,72.37,262765075.58999997,True
INDA,31,49.58,261960101.39999998,True
AWK,31,134.35,261743079.62000003,True
AMP,31,561.63,261708486.12,True
SU,31,66.66,261703995.72000003,True
AME,31,254.17,261328141.52,True
STLD,31,258.16,261317790.7,True
U,31,45.45,260998801.2,True
PBR,31,18.25,260600127.28,True
IQV,31,241.24,260431920.14,True
AIG,31,75.81,259166812.41,True
CASY,31,870.01,259106727.26,True
VCLT,31,71.27,258774505.10000002,True
SMR,31,9.19,258473552.95999998,True
MOD,31,216.75,257640652.8,True
JPST,31,50.51,257135416.20000002,True
DRI,31,225.5,257112515.34,True
AMKR,31,61.3,256892144.18,True
GPN,31,90.38,256681689.74999997,True
GLDM,31,87.45,256324847.45000002,True
SIMO,31,272.7,256072311.5,True
VCSH,31,78.6,256062185.50000003,True
SYF,31,80.75,254775990.75,True
BOXX,31,117.86,254458544.04,True
SHV,31,110.24,253842366.49,True
SPXS,31,24.06,253588900.4,True
RWM,31,13.22,253465384.5,True
RMBS,31,100.61,253268054.85,True
DKS,31,196.24,253166157.28,True
NVS,31,151.97,253010911.42000002,True
A,31,148.45,252397854.80999997,True
SITM,31,749.44,252245112.00000003,True
FLUT,31,96.39,250922085.26,True
INFY,31,11.62,249207814.79999998,True
NCLH,31,18.18,248519466.68,True
CELH,31,29.945,248258893.68,True
DG,31,120.08,247852381.92000002,True
AFRM,31,74.52,247635063.60000002,True
D,31,68.77,247150425.6,True
STZ,31,130.56,246459122.55999997,True
OTIS,31,70.56,246072066.14999998,True
JEPI,31,57.78,245973512.4,True
ARES,31,141.34,244581072.16000003,True
PPL,31,35.95,243681209.20000002,True
SSPC,31,10.01,243599929.46,True
JD,31,28.5,243572273.84,True
SN,31,183.62,243376724.46,True
LUV,31,43.35,243233037.35999998,True
SCHG,31,35.47,243018953.81000003,True
TLN,31,356.92,242996096.55999997,True
RBRK,31,101.02,242864777.60000002,True
DINO,31,94.99,242517105.6,True
AA,31,51.71,242412497.42000002,True
SCHX,31,30.48,242184024.24,True
SYY,31,81.85,241567845.83999997,True
FTI,31,79.76,241503264.0,True
SHY,31,82.0,241500555.45,True
RIO,31,97.21,240903186.34,True
ETR,31,108.52,240362032.54,True
MXL,31,84.76,240348337.84,True
SNDU,31,29.75,240214369.79999998,True
LII,31,416.13,239987209.44000003,True
USFD,31,108.61,239399424.25,True
CDW,31,135.3,239153918.57999998,True
VMC,31,278.15,239004693.54,True
ARGX,31,987.84,237141301.42999998,True
OMC,31,85.46,236814070.28,True
QID,31,13.69,236461648.57,True
MAGS,31,67.35,235656419.04,True
CAVA,31,71.02,234150829.64,True
ED,31,108.99,233378685.72,True
PINS,31,23.07,233331060.66000003,True
TEM,31,51.64,233019705.07999998,True
OPEN,31,3.54,232725756.48,True
MDLN,31,34.88,231890792.95999998,True
RIG,31,5.87,231564128.63,True
THC,31,264.56,231138073.76000002,True
KNX,31,72.8,230757368.38,True
TE,31,4.88,229588943.4,True
SH,31,32.13,229140228.1,True
CRNX,31,84.75,228499799.22,True
UTHR,31,508.48,227872102.50000003,True
TECH,31,72.39,227836209.76000002,True
BTI,31,55.73,226312355.01,True
VIG,31,244.37,224688385.15,True
FFIV,31,395.54,224202416.97,True
WST,31,346.61,223908088.5,True
Q,31,140.76,223615462.28,True
FIS,31,41.17,223419712.4,True
KEY,31,23.04,223391050.68,True
UL,31,61.23,223204413.11999997,True
IRM,31,129.9,222966718.66,True
RAM,31,14.59,222774049.65,True
GFS,31,53.44,222518680.9,True
ZBH,31,98.2,221975672.16000003,True
XHB,31,108.19,221929150.57999998,True
NI,31,42.37,220592135.11,True
HUBB,31,504.3,220505615.81,True
CP,31,93.92,220162929.97,True
JAAA,31,50.6,219894281.21,True
HST,31,22.81,219393843.6,True
JNK,31,95.85,219096362.10000002,True
USFR,31,50.47,218746440.75,True
WEC,31,110.49,218586426.24,True
WCC,31,372.96,218428320.95999998,True
RL,31,379.31,218317040.0,True
AFL,31,120.98,218248405.32,True
CLX,31,105.94,218235944.04,True
BURL,31,336.85,217866824.10000002,True
DECK,31,90.11,217578938.5,True
SPYG,31,122.48,217569106.8,True
PODD,31,139.7,217097892.33,True
LSCC,31,132.67,216882942.36,True
PEG,31,75.61,216800026.62,True
TYL,31,320.48,216736566.6,True
GRMN,31,307.5,215457282.55,True
VRSN,31,272.77,215367564.57999998,True
SOUN,31,7.04,214976885.47,True
EAT,31,241.71,214358299.68,True
BIDU,31,104.12,213636814.6,True
ZBRA,31,371.26,213561134.56,True
CORZ,31,20.13,213476915.92000002,True
XLRE,31,44.83,213331486.35000002,True
ROL,31,36.02,213169864.44000003,True
SKUU,25,26.01,212726593.74,True
VICI,31,25.96,212293101.03,True
EMXC,31,98.3,212283072.95,True
MTD,31,1417.42,212256580.64,True
WCN,31,165.01,211926781.08,True
DOV,31,206.47,211852885.32,True
ITOT,31,169.66,211671596.52,True
TROW,31,110.46,211349183.68,True
CBRE,31,147.96,211280378.48000002,True
HIG,31,136.71,211224092.4,True
XYL,31,117.47,211195318.32000002,True
QUAL,31,224.63,209657612.67,True
LVS,31,45.43,209529868.39,True
CPAY,31,407.62,209398782.32000002,True
NVMI,31,420.79,209318810.04000002,True
CRL,31,286.64,209121896.25,True
IT,31,179.19,208891876.65,True
LPLA,31,368.2,208702535.20000002,True
SW,31,47.81,208400098.32,True
PRU,31,124.56,208185669.98,True
AEHR,31,145.61,208152954.71999997,True
SPCH,31,9.83,207577310.4,True
VIK,31,99.86,207476609.16,True
EFX,31,176.8,207177402.20000002,True
ETSY,31,78.41,206649452.15,True
PHM,31,128.49,206556417.64,True
SCHF,31,28.54,206291806.5,True
GNRC,31,221.25,206114808.25,True
RRX,31,174.52,205506344.89,True
WWD,31,370.4,205172391.6,True
TECK,31,64.84,205070828.7,True
FDS,31,276.76,205027707.13,True
FIVE,31,238.56,204746290.16,True
TDY,31,677.27,203581676.3,True
USMV,31,100.4,202523217.75,True
VEU,31,85.85,202445649.3,True
CVE,31,32.13,202135366.93,True
BROS,31,50.42,200789580.6,True
PBF,31,75.07,199803601.32,True
SOLS,31,62.55,199529857.91,True
MSTU,31,1.88,199073139.0,False
DT,31,47.61,199050406.56,True
EFV,31,81.63,198931496.76000002,True
NVR,31,6298.83,198800996.6,True
NBIX,31,154.49,198447669.63000003,True
APA,31,41.58,197689876.64999998,True
SCCO,31,192.04,197556292.29000002,True
BHP,31,88.37,197516712.63,True
PSQ,31,25.32,197485173.04999998,True
FWONK,31,101.98,197323779.20000002,True
AEIS,31,348.63,196538225.29,True
GSK,31,50.28,196370195.48999998,True
EIX,31,71.3,196123136.27,True
TKO,31,195.14,195415452.3,True
FE,31,47.42,195199678.07999998,True
DGX,31,235.52,194741972.7,True
GPC,31,132.52,194599306.44,True
AVAV,31,181.13,193299046.38,True
ATO,31,169.9,193192877.82000002,True
BIIB,31,209.15,192745001.7,True
BTSG,31,60.38,192304894.5,True
VSH,31,35.58,191968592.75,True
ESI,31,39.22,191708951.88,True
CAG,31,15.54,191530533.15,True
WPM,31,136.61,191504007.75,True
SEI,31,65.97,190943299.02,True
CLF,31,12.31,190920788.1,True
VICR,31,253.5,190256151.79999998,True
COPX,31,87.34,189885807.8,True
IOT,31,39.0,189502583.04999998,True
CSGP,31,31.35,189378283.68,True
WSM,31,240.42,189106993.95000002,True
PNR,31,64.1,189032499.6,True
IP,31,40.26,188820084.6,True
AMDL,31,56.97,188725201.45999998,True
ENB,31,50.58,188585658.54,True
MOH,31,203.06,187579943.1,True
AGNC,31,10.95,187554862.68,True
QSR,31,77.16,187491999.58,True
ALLE,31,162.1,187321354.21999997,True
EL,31,84.34,187160905.04999998,True
KGC,31,27.72,187104649.96,True
CCEP,31,105.57,186599202.8,True
BBIO,31,79.89,186531594.54999998,True
FCEL,31,22.36,186466770.3,True
XME,31,118.1,185163849.23,True
DD,31,143.07,185129676.55,True
EXPD,31,188.27,185022992.0,True
VO,31,84.06,185020424.94,True
RJF,31,179.48,184761535.4,True
SCHB,31,29.92,184672167.75,True
VG,31,13.75,184513349.59,True
OVV,31,63.85,184485882.05,True
CNI,31,126.59,184447475.06,True
IVW,31,141.49,184113721.01000002,True
P,31,116.99,184054138.64999998,True
HDB,31,23.15,184024600.6,True
NTRS,31,191.47,183863542.02,True
SOXQ,31,99.37,183611777.76,True
VYM,31,165.68,183090614.86999997,True
LEN,31,86.54,181976834.16,True
DTE,31,141.15,181697016.58,True
SAIA,31,385.22,180880051.0,True
BNS,31,91.35,180814823.9,True
ROIV,31,36.24,180551146.88,True
INCY,31,123.5,180123791.21,True
XPO,31,210.99,180034731.79999998,True
FROG,31,94.64,179304176.52,True
LH,31,323.34,179121206.88,True
AU,31,99.6,179029887.2,True
SSO,31,71.5,178801333.44,True
ET,31,20.94,178786842.36,True
GWRE,31,171.99,178392327.75,True
JAZZ,31,248.36,177848345.25,True
TRP,31,63.28,177299335.04,True
EQR,31,63.66,176659165.9,True
CGDV,31,50.78,176654584.6,True
PTC,31,145.98,176012971.845,True
DAVE,31,341.43,176004636.98999998,True
MULL,31,24.42,175809812.64,True
KTOS,31,63.29,175315738.60000002,True
SPIB,31,33.09,175274950.44000003,True
VIAV,31,46.26,175078709.55,True
USAR,31,19.29,174608001.75,True
NVTS,31,14.58,173302054.5,True
IWB,31,423.33,172924042.98000002,True
ELF,31,93.66,171849093.02,True
TZA,31,36.73,171706908.75,True
ACGL,31,97.81,171377103.7,True
BNDX,31,47.65,171284416.29,True
LNT,31,70.35,171028576.0,True
VGK,31,92.1,170775648.78,True
LDOS,31,142.25,170566712.68,True
AXSM,31,216.27,170519189.66,True
IBN,31,29.4,170462548.9,True
PPG,31,113.44,170280498.8,True
ZETA,31,28.83,169922486.3,True
AG,31,19.57,169836579.84,True
GDDY,31,92.37,169702056.29999998,True
FDXF,31,143.82,168848222.4,True
BRO,31,68.86,168273243.71,True
JHX,31,30.43,168145400.72,True
LYFT,31,17.22,168018800.04,True
SNX,31,263.88,167953111.16,True
CART,31,48.86,167653867.68,True
DVA,31,176.7,167452501.44,True
ITB,31,97.84,167381843.29,True
BR,31,167.84,167070052.0,True
CW,31,696.07,167021005.32,True
ITUB,31,7.36,166679191.07400003,True
PR,31,22.18,166556756.76,True
RDW,31,13.41,166247895.73,True
BN,31,42.75,166102552.32,True
MAS,31,73.93,165159659.84,True
VBIL,31,75.62,164937580.08,True
PAAS,31,48.11,164928102.36,True
SBAC,31,182.11,164559485.2,True
SGI,31,65.01,164285922.6,True
VTRS,31,16.23,164272075.14,True
TEVA,31,36.46,164179289.97,True
AEE,31,109.47,163898916.54,True
SKDD,25,9.48,163545151.99,True
WTW,31,326.06,162879286.0,True
ITT,31,219.81,162487801.88,True
PFGC,31,104.68,162282218.28,True
AR,31,36.4,161492343.14,True
JBLU,31,5.24,161029536.8,True
SPLV,31,75.74,160780671.99,True
EVRG,31,83.24,160349720.88,True
CSL,31,360.7,160258046.44,True
WING,31,115.72,159774551.77,True
SNAP,31,5.18,159682207.51000002,True
AGX,31,589.27,159602776.19,True
OWL,31,11.66,159445093.6,True
TIP,31,106.77,159359343.92000002,True
TXRH,31,204.4,159033485.1,True
MKC,31,53.94,158868703.28,True
MBB,31,93.05,158454187.5,True
DOCU,31,59.82,157655744.82,True
CHWY,31,22.13,157317806.25,True
ENPH,31,38.65,157280930.72,True
ES,31,71.91,156971602.06,True
ALGN,31,171.16,156970151.35999998,True
MOS,31,21.23,156944979.36,True
NTR,31,68.29,156243341.28,True
EVR,31,303.18,156193799.84,True
CHD,31,97.98,156037729.55,True
CAKE,31,109.07,156018914.1,True
HAS,31,95.05,155628462.77,True
TRI,31,99.06,155426923.62,True
STE,31,229.75,155307854.51999998,True
CHKP,31,127.01,154342970.47,True
FNV,31,238.56,154183544.70999998,True
MUZ,31,8.56,153825960.68,True
IONS,31,58.63,153681122.14000002,True
ONON,31,31.31,153519499.22,True
BWXT,31,171.27,153429877.26000002,True
AMCR,31,45.53,153280231.65,True
MDGL,31,524.87,153156950.8,True
RPRX,31,59.45,153125059.07999998,True
MUSA,31,586.06,152915612.39999998,True
JKHY,31,149.87,152701711.25,True
TSLG,31,4.27,151525936.64,True
BAX,31,25.91,151401768.52,True
FBTC,31,55.94,151246165.98000002,True
VXX,31,19.5,150959870.04000002,True
PCOR,31,58.38,150791662.77,True
SFM,31,80.6,150764091.20000002,True
VSAT,31,81.41,150736935.51999998,True
TSN,31,58.61,150704959.5,True
FTV,31,60.64,150569767.29999998,True
NLY,31,23.37,150424880.72,True
MEDP,31,597.12,149713556.98,True
GRAB,31,3.58,149097959.49,True
UVXY,31,20.31,148988007.89,True
GOVT,31,22.43,148912537.5,True
ACHR,31,6.39,148851964.8,True
IWR,31,114.21,148627427.84,True
NTNX,31,65.66,148447899.16,True
DY,31,432.89,148408909.10999998,True
TRU,31,78.7,148287867.6,True
SAN,31,14.59,148280681.52,True
MSFU,31,35.22,147933357.34,True
BEN,31,34.19,147845248.53,True
PENG,31,63.08,147822523.21,True
ALC,31,72.49,147679734.0,True
AVEM,31,94.51,147509948.0,True
BAI,31,47.73,147283324.92000002,True
SJM,31,117.83,147003302.6,True
RGLD,31,236.62,146913835.84,True
BSV,31,77.61,146702801.0,True
IHI,31,55.08,145382700.96,True
HEI,31,371.28,145244408.66,True
APGE,31,134.59,144953982.79999998,True
PFG,31,112.97,144730152.0,True
AER,31,150.45,144446285.9,True
POWL,31,218.73,144334565.4,True
IUSB,31,45.39,144048297.51,True
FCNCA,31,2248.18,143947533.24,True
SANM,31,217.03,143287624.48000002,True
RVTY,31,116.17,143086634.04,True
ARWR,31,88.7,142376242.92,True
AUR,31,6.97,142175983.20000002,True
VGIT,31,58.38,141976285.56,True
RACE,31,417.1,141872855.94,True
AGQ,31,82.21,141836027.73,True
SNA,31,401.22,141823718.1,True
AVUV,31,128.23,141780253.6,True
COO,31,75.1,141670150.44,True
SCHH,31,23.93,141595837.46,True
BLDR,31,70.21,141432886.08,True
PAYC,31,214.19,140425325.04,True
TRMB,31,55.69,140296494.05,True
ARMK,31,61.8,140270985.35999998,True
VGSH,31,58.14,140258831.02,True
HALO,31,103.0,140175764.86,True
ITA,31,251.2,139815327.15,True
CYTK,31,75.87,139599060.285,True
SWK,31,99.59,139555418.8,True
APTV,31,50.04,139362812.48999998,True
LUNR,31,20.38,139322427.3,True
EXEL,31,52.32,139186979.57999998,True
SPYI,31,54.26,139091363.76,True
AMRZ,31,45.51,139060995.12,True
BB,31,8.73,138889218.0,True
IVZ,31,32.57,138790726.2,True
GGLL,31,101.82,138669430.38,True
VLTO,31,96.75,138389920.5,True
DUOL,31,130.16,137979652.72,True
CG,31,48.54,137974359.66,True
SUNB,31,83.14,137560284.16,True
SUI,31,121.36,137432470.17000002,True
WSO,31,311.86,137409438.42,True
EQH,31,51.13,137307161.28,True
MANH,31,196.47,137247467.94,True
BJ,31,94.43,137230208.64000002,True
MINT,31,100.66,137168655.7,True
ALK,31,44.04,137158660.44,True
MAA,31,131.12,136299022.2,True
H,31,181.6,135966679.15,True
FORM,31,138.16,135839988.89999998,True
PL,31,24.38,135721810.79999998,True
CINF,31,171.06,135716315.9,True
OUST,31,48.13,135610197.39000002,True
BWA,31,69.9,135552197.97,True
POOL,31,190.47,135019478.16,True
EXR,31,146.89,134859853.04,True
EQNR,31,41.82,134842954.55,True
ELAN,31,23.61,134813715.96,True
TSDD,31,9.5,134677362.81,True
MUD,31,9.95,134414669.38,True
RGEN,31,169.04,134354875.75,True
ASHR,31,35.2,134334059.87,True
CHYM,31,31.45,134285165.0,True
IWO,31,394.7,134217048.16000001,True
KRMN,31,61.78,134052282.74000001,True
VTWO,31,122.94,133857016.48,True
PSLV,31,21.5,133599263.47999999,True
IFF,31,81.83,132928818.4,True
IVE,31,236.64,132921393.89999999,True
SDS,31,53.52,132094448.63999999,True
CRBG,31,33.18,132002832.32,True
SHAZ,31,76.9,131936602.44,True
CACI,31,649.34,131861326.89,True
TECL,31,218.9,131703615.12,True
GTLB,31,40.52,131509577.04,True
AS,31,32.57,131465401.00000001,True
WYNN,31,102.79,131365779.08999999,True
FND,31,56.62,130998483.28,True
FRSH,31,12.33,130696154.14,True
QS,31,6.12,130490610.8,True
OSCR,31,31.55,130292254.94999999,True
DYNF,31,70.16,129955418.35000001,True
ASND,31,247.4,129777496.56,True
ALLY,31,43.61,129725866.5,True
EPAM,31,98.73,129565499.78,True
CIBR,31,97.79,129467366.83999999,True
CROX,31,129.97,129019278.92999999,True
ESS,31,283.06,128885442.39999999,True
MCHI,31,55.06,128624523.47999999,True
S,31,21.82,128594168.11999999,True
AVY,31,176.62,128590727.65,True
VSXY,31,84.1,128560523.47999999,True
KBWB,31,99.27,128365837.29,True
PKG,31,252.97,128078155.96,True
HII,31,318.34,127936441.00000001,True
CGNX,31,66.6,127887448.36,True
GLXY,31,21.87,127711324.96,True
BAH,31,74.97,126674490.4,True
SPDW,31,52.21,126342335.59,True
BUD,31,77.2,126323606.24,True
CLH,31,326.05,126139620.0,True
AHR,31,54.68,126076908.0,True
ONC,31,362.51,125457559.67999999,True
COMP,31,12.39,125413445.5,True
KMX,31,58.53,125315106.19999999,True
IEX,31,240.39,125154020.4,True
EG,31,365.15,125015244.41999999,True
TWST,31,124.41,124796370.92999999,True
ABVX,31,120.73,124631262.9,True
SSNC,31,79.8,123947687.84,True
DOC,31,20.58,123921478.36,True
TMF,31,29.83,123878752.36,True
BG,31,114.19,123852130.80000001,True
SNY,31,44.41,123705521.28,True
DAR,31,67.67,123638269.83999999,True
RBC,31,557.62,123582018.75,True
TPL,31,360.79,123548226.36,True
TXG,31,57.99,123547470.34,True
VB,31,307.97,123361956.36,True
CNH,31,10.29,123347525.39999999,True
QLYS,31,183.31,123290163.36,True
UHS,31,170.53,123213894.08,True
KEEL,31,3.77,122914857.38,True
TXT,31,87.65,122837586.5,True
TAP,31,40.74,122799253.72000001,True
FHN,31,26.02,122123535.6,True
GAP,31,20.18,122008344.02999999,True
GDXU,31,138.29,121614145.77,True
GFI,31,41.5,121588096.94000001,True
WY,31,24.08,121341921.84,True
IXUS,31,98.14,121297337.0,True
ERIC,31,10.17,121230191.67,True
WOLF,31,34.96,121125444.88,True
IEI,31,116.52,120803717.5,True
SPHQ,31,87.71,120778710.27000001,True
HNGE,31,87.87,120498302.34,True
HSBC,31,103.8,120417694.91999999,True
RH,31,175.9,120400511.0,True
TIGO,31,94.26,120372944.6,True
FUTU,31,109.5,120253285.44000001,True
UNM,31,91.51,119943099.27,True
HDV,31,29.21,119639017.60000001,True
TOL,31,145.45,119491978.23,True
UCTT,31,87.88,119480940.75,True
WRB,31,69.75,119467005.5,True
CPB,31,22.68,119444188.8,True
LEU,31,184.12,118574823.41999999,True
CGGR,31,47.04,118573032.0,True
JLL,31,370.31,118290715.82999998,True
SIRI,31,29.125,118200851.2,True
TENB,31,35.29,118043186.04,True
J,31,143.63,118016032.38,True
RS,31,428.02,117959836.67,True
URA,31,45.25,117904429.44,True
IGSB,31,52.13,117399620.0,True
GKOS,31,185.62,117244307.77999999,True
Z,31,33.72,117093732.47999999,True
UCO,31,43.76,117091607.67999999,True
RBA,31,82.11,116821670.4,True
TW,31,105.17,116787905.14999999,True
PNW,31,100.41,116679694.73,True
ARW,31,220.36,116510151.38,True
FBND,31,44.86,116426195.19999999,True
GMED,31,85.12,116365585.92,True
LFUS,31,471.81,116351911.28,True
BCS,31,27.8,115953148.08,True
VLUE,31,204.03,115786253.94,True
AGI,31,33.99,115485393.24,True
FLS,31,80.97,115358687.95,True
SCZ,31,86.78,115270880.55000001,True
EQX,31,11.79,115190539.5,True
NVDX,31,20.74,115189644.03,True
AVTR,31,13.5,115128011.72,True
BAM,31,52.57,114380892.0,True
TTE,31,88.63,114332232.08,True
CELC,31,92.44,114204078.56,True
IESC,31,793.96,114196680.0,True
CM,31,123.45,114187395.08,True
OC,31,153.81,113960878.4,True
METU,31,19.68,113757939.89999999,True
GEN,31,27.41,113452443.5,True
MSTZ,31,10.62,113295569.25,True
SPHY,31,23.29,113069672.10000001,True
CCK,31,116.24,113056261.74,True
QGEN,31,42.6,112900846.80000001,True
INTW,31,24.97,112830915.22999999,True
DBX,31,33.38,112478649.0,True
AMBA,31,78.54,112419646.51,True
MGK,31,90.21,112316553.26,True
LTH,31,45.34,112169443.11999999,True
BALL,31,61.18,111836763.16,True
BKLN,31,20.58,111718391.83999999,True
INIO,31,28.12,111334840.76,True
TKR,31,133.57,111226249.67999999,True
OLLI,31,74.93,110861506.46,True
KRYS,31,335.73,110808509.9,True
M,31,23.22,110720947.67999999,True
FRMI,31,6.14,110708768.0,True
ONB,31,27.07,110158434.75,True
UPST,31,29.75,110069775.55,True
MNDY,31,83.33,109914288.8,True
SPYV,31,63.37,109731899.24000001,True
FSLY,31,29.04,109634368.17999999,True
NIO,31,4.6,109538739.44,True
STRC,31,94.36,109512688.32,True
SCHV,31,35.32,109355095.15,True
TSLQ,31,22.56,109166186.88000001,True
AMZD,31,8.395,109123983.925,True
BRKR,31,57.67,108808088.4,True
EPD,31,38.61,108656300.61,True
DTM,31,135.0,108379382.19,True
PLUG,31,2.28,108308776.28999999,False
FBIN,31,46.55,108235785.24,True
ICLR,31,169.45,108188588.22,True
LNTH,31,100.91,108107691.93,True
ESTC,31,83.44,107900402.67000002,True
BMO,31,185.28,107882155.92,True
IYW,31,254.79,107678681.64,True
VONG,31,128.75,107569670.6,True
IGIB,31,52.14,107223920.02,True
SPSB,31,29.93,107025046.69999999,True
EHC,31,121.99,107009018.05,True
SCHP,31,25.88,106996690.19,True
MGM,31,43.78,106809858.72,True
BTDR,31,9.39,106644824.03999999,True
FLR,31,54.74,106577284.91,True
HLI,31,125.22,106571688.3,True
TCOM,31,44.85,106475506.38,True
GL,31,179.41,106472267.4,True
SM,31,35.48,106470177.58,True
PULS,31,49.63,106316307.8,True
TGTX,31,49.28,106163939.19999999,True
PEN,31,327.17,106108516.78,True
FNGU,31,32.2,105946464.69,True
NYT,31,65.27,105703666.98,True
SPTL,31,24.91,105599773.02000001,True
KGS,31,66.12,105566558.35000001,True
STLA,31,5.12,105253711.39,True
PRAX,31,376.38,104924757.6,True
VFC,31,14.48,104859859.5,True
HSIC,31,89.52,104734535.5,True
MTCH,31,37.22,104649575.8,True
CZR,31,29.66,104602219.8,True
BIV,31,75.45,104424118.95,True
AAOX,31,25.68,104407960.8,True
APG,31,44.72,104034300.11999999,True
SHAK,31,74.19,103946892.44999999,True
HBM,31,27.44,103862748.11,True
CORT,31,117.17,103708447.44,True
AIZ,31,281.11,103636778.46000001,True
PRIM,31,83.05,103522163.04,True
NEU,31,951.06,103453919.02000001,True
DGRO,31,79.33,103409357.55999999,True
NTES,31,124.4,103393047.99999999,True
MKL,31,1799.2,103296570.96,True
INVH,31,29.69,103274793.36,True
AVS,31,7.45,103216322.0,True
RPM,31,112.23,102755770.83999999,True
BBD,31,3.09,102680596.92,True
FLNC,31,12.63,102483927.14,True
UDR,31,37.24,102300853.96000001,True
RAL,31,71.97,102244410.7,True
OSK,31,153.97,102224112.54,True
ACWX,31,78.1,102217689.6,True
PSKY,31,10.28,101998568.22,True
BAP,31,378.28,101986791.12,True
SCO,31,24.59,101625088.16,True
UDOW,31,73.67,101559757.69999999,True
ZION,31,71.58,101559215.85000001,True
PNFP,31,107.35,101496367.16000001,True
SEDG,31,30.79,101039587.6,True
WH,31,72.94,101018090.80000001,True
RRC,31,39.36,100909393.55,True
MT,31,73.8,100901274.01,True
RNR,31,318.5,100833554.25,True
LQDA,31,77.7,100798714.55999999,True
BOOT,31,164.13,100659967.2,True
VTIP,31,49.7,100606440.45,True
REG,31,76.37,100432189.60000001,True
WTFC,31,160.96,100391711.03999999,True
ARKG,31,44.04,100324258.05999999,True
GVA,31,128.02,100262614.56,True
AES,31,14.76,100055896.53,True
BILL,31,48.5,100000336.5,True
IWN,31,226.46,99826866.0,True
FLOT,31,50.95,99791774.0,True
LABU,31,287.3,99573002.4,True
GLPI,31,42.25,99484411.3,True
WEX,31,188.87,99472108.32,True
RUN,31,9.83,99451444.32000001,True
SONY,31,23.7,99249519.19999999,True
MTDR,31,55.94,99051118.49,True
KNSL,31,367.16,99048048.74000001,True
GGG,31,81.55,98723766.34,True
CFR,31,168.07,98718904.44,True
SPXC,31,217.63,98206910.96,True
JEF,31,54.16,98081290.80000001,True
BMRN,31,66.64,98053745.16000001,True
VOOG,31,85.05,97848610.42,True
SPHR,31,171.6,97624042.71,True
SCHE,31,36.9,97547134.25,True
HXL,31,103.1,97403822.39999999,True
AOS,31,61.4,97284449.22,True
EOSE,31,3.93,97158943.2,True
GRID,31,189.2,96991531.60000001,True
WMS,31,147.98,96857910.60000001,True
WPC,31,71.52,96790631.52,True
ACM,31,62.22,96654105.80000001,True
QRVO,31,96.04,96588588.02000001,True
LOGI,31,101.12,96527672.85000001,True
AAPD,31,11.37,96486549.36,True
VGLT,31,52.37,96453376.2,True
SEZL,31,122.18,96438351.36,True
IDEV,31,93.4,96232354.28,True
AYI,31,360.4,96195541.05,True
IWY,31,291.67,95978659.96000001,True
FRT,31,118.02,95757476.99000001,True
BBWI,31,18.81,95568926.30999999,True
ALGM,31,44.25,95515633.95,True
CR,31,218.59,95440489.97,True
ANF,31,105.16,95191332.36,True
MYRG,31,340.78,95092513.11999999,True
AAON,31,88.09,94632692.85,True
DFAC,31,46.04,94597308.0,True
MBGL,31,19.72,94540146.87,True
LABD,31,7.28,94456276.25,True
POET,31,9.4,94373914.7,True
TLH,31,96.08,94277250.96,True
TTAN,31,88.39,94214342.39999999,True
AVT,31,98.63,93547067.25,True
VOYA,31,100.14,93345584.59,True
CHRD,31,142.88,93345218.56,True
VMI,31,506.79,93323689.29,True
NWSA,31,28.7,93167815.36,True
ELS,31,64.89,93060449.79,True
BNO,31,51.97,92897431.59,True
USIG,31,50.12,92889952.11999999,True
CRUS,31,119.87,92734632.66000001,True
GOOGN,31,48.71,92552305.56,True
OIH,31,426.6,92385255.33,True
BTCZ,31,5.405,91945449.27,True
PYLD,31,26.15,91786733.29,True
EGP,31,203.55,91770535.26,True
AIQ,31,64.0,91685156.64,True
ACA,31,145.01,91538444.10000001,True
TPG,31,51.77,91316624.94,True
PLNT,31,50.63,91241947.8,True
AMZU,31,38.35,91116292.39999999,True
SARO,31,27.39,90996790.08,True
ALSN,31,127.11,90953151.02,True
ALM,31,16.36,90949222.0,True
EWBC,31,135.52,90869084.22000001,True
BSY,31,34.74,90782139.72,True
KIM,31,24.36,90617258.16,True
KLIC,31,101.77,90522829.8,True
LYG,31,6.15,90336305.952,True
SOLV,31,86.82,90318709.44,True
SILJ,31,29.9,90209107.3,True
LAMR,31,152.38,89869117.28,True
BXP,31,66.69,89700495.17999999,True
INFQ,31,13.41,89700351.92,True
NDSN,31,309.83,89627611.08,True
AVLV,31,94.59,89590702.78,True
VLY,31,14.94,88920682.25,True
VSEC,31,243.48,88633274.0,True
BSP,31,38.5,88593575.96000001,True
NBIL,31,37.09,88585474.98,True
LPX,31,72.29,88576484.88,True
AIT,31,358.78,88560293.15,True
IGLB,31,47.53,88418960.16,True
RELX,31,33.56,88267297.44,True
PHYS,31,33.61,88189589.28,True
LAD,31,369.52,88033648.92,True
XE,31,20.455,88009868.8,True
CPT,31,108.26,87941631.96,True
L,31,112.38,87910087.32000001,True
OHI,31,46.57,87859581.47999999,True
ACI,31,12.2,87735010.56,True
WFRD,31,93.08,87680718.91999999,True
SSB,31,110.82,87525734.88000001,True
HRB,31,50.13,87449400.5,True
LSTR,31,192.94,87355516.71000001,True
PTCT,31,72.88,87328351.5,True
SYRE,31,104.6,87317215.92,True
NOWL,31,5.78,87037177.08,True
SCI,31,82.53,87034016.52,True
EXP,31,205.51,86701785.03,True
LGN,31,70.04,86489621.0,True
IWP,31,147.7,86450984.35999998,True
PTEN,31,12.215,86331598.56,True
PVAL,31,54.2,86324514.60000001,True
LGND,31,291.77,86276837.2,True
MGY,31,26.79,86274294.60000001,True
SPMD,31,68.79,86166480.6,True
BIO,31,355.23,86123992.5,True
ICLN,31,18.11,86076867.21000001,True
RYAAY,31,57.34,86062657.34,True
BITX,31,12.11,85924083.28,True
MLI,31,66.63,85767795.19,True
MPLX,31,59.08,85761592.77,True
PDBC,31,18.21,85633729.44,True
MKTX,31,162.56,85503365.39999999,True
MTN,31,146.6,85433392.03,True
HLN,31,9.58,85367652.48,True
FNB,31,19.4,85272439.92,True
RGA,31,246.0,85237202.73,True
IBP,31,243.54,85204913.2,True
ADC,31,74.54,85180632.03,True
REXR,31,35.86,84994401.47000001,True
MHK,31,135.34,84961210.95,True
ROAD,31,120.46,84768982.92,True
UUUU,31,14.79,84746789.46,True
TREX,31,48.75,84689806.96,True
DNTH,31,114.86,84616588.0,True
CTRE,31,39.26,84483543.48,True
ENS,31,202.34,84482761.15,True
LYTE,8,28.49,84463699.18,False
DAMD,31,1.46,84433779.28,False
UBS,31,53.44,84430331.25,True
BOIL,31,18.68,84406803.2,True
PCTY,31,145.47,84189341.34,True
AMC,31,2.44,84177847.89,False
AMG,31,371.4,83973390.80000001,True
COKE,31,186.21,83956050.72,True
ARCC,31,19.64,83912035.91,True
UVIX,31,46.46,83897275.0,True
AAP,31,56.72,83883013.76,True
COLB,31,32.34,83803930.65,True
ACMR,31,85.64,83180393.34,True
MSM,31,124.6,83155778.52,True
FER,31,63.92,83037162.64999999,True
CVLT,31,144.32,82798743.97,True
CUBE,31,41.14,82754161.02,True
GPIQ,31,57.59,82443076.47999999,True
BOX,31,32.29,82363206.60000001,True
MGA,31,71.29,82348077.06,True
SF,31,83.99,82039891.2,True
RNG,31,64.07,81916039.68,True
QNT,31,66.01,81903387.78,True
WHR,31,39.59,81871101.81,True
RHI,31,42.47,81775234.8,True
SPSM,31,58.24,81479717.88,True
CHE,31,524.98,81467087.66999999,True
IRE,31,12.35,81460291.25,True
TDC,31,27.53,81456625.62,True
HRL,31,24.02,81454983.96,True
SSRM,31,32.78,81348399.65,True
LECO,31,286.02,81024582.24000001,True
NAVN,31,28.72,80901359.91,True
ALKS,31,49.85,80896474.0,True
ORA,31,113.91,80782202.4,True
SIL,31,90.72,80695647.76,True
AGCO,31,99.75,80680788.24,True
PAAA,31,51.42,80457170.0,True
XPEV,31,12.2,80362323.61999999,True
DFTX,31,45.26,80335148.10000001,True
CNM,31,45.34,80259741.33999999,True
ARE,31,46.94,80236583.7,True
TTEK,31,35.82,80161482.09,True
SNEX,31,68.41,80129932.39999999,True
KEX,31,141.13,80122470.4,True
UMBF,31,151.95,80014079.64,True
CNK,31,37.52,79976997.94,True
FIGR,31,35.755,79906508.42999999,True
GME,31,18.4,79883016.5,True
R,31,264.7,79881496.92,True
SPEM,31,52.43,79860971.85000001,True
KVYO,31,17.54,79849705.14,True
DEO,31,91.82,79787235.0,True
ALHC,31,13.46,79504069.67999999,True
AVDE,31,94.32,79467390.38,True
BCE,31,23.35,79352903.98,True
NEBX,31,38.07,79331429.7,True
AN,31,204.96,79250405.36,True
VYMI,31,104.42,79219080.75,True
MVLL,31,30.76,79156965.69,True
OEF,31,380.69,79126357.08,True
KBE,31,71.06,79078453.56,True
ACHC,31,30.0,78986694.38,True
RDVY,31,83.38,78777418.22,True
EMBJ,31,77.15,78754973.0,True
JETS,31,30.85,78685670.65,True
PAVE,31,58.73,78590088.36,True
UNG,31,9.83,78503737.68,True
PFF,31,30.63,78430585.74000001,True
CX,31,11.11,78367023.99,True
BLLN,31,93.91,78335696.16000001,True
IQMM,31,100.06,78244420.5,True
LNC,31,44.67,78164377.60000001,True
BYD,31,82.77,78123610.6,True
IUSG,31,193.59,77903811.87,True
GFL,31,41.54,77866924.1,True
IAG,31,19.05,77848345.12,True
CAMT,31,171.8,77483506.84,True
LBRT,31,22.24,77294019.14,True
PARR,31,82.07,77276933.21,True
TVTX,31,63.53,77239856.61,True
PTGX,31,158.62,77148584.88,True
CENX,31,47.12,76874963.36,True
PLTU,31,49.68,76749344.1,True
AWI,31,179.17,76692778.58,True
EWW,31,74.91,76557602.34,True
IQLT,31,51.79,76437192.53999999,True
KIE,31,63.22,76418398.88,True
HR,31,19.15,76412827.23,True
LITX,31,37.03,76376874.6,True
AVDV,31,111.2,76242183.5,True
DK,31,67.21,75953146.53999999,True
TBIL,31,49.95,75943065.55,True
PEGA,31,31.88,75930424.39999999,True
FNDX,31,32.51,75914493.3,True
FR,31,62.9,75772923.36000001,True
FTEC,31,292.36,75640500.0,True
TEX,31,67.34,75634295.49,True
BPOP,31,176.91,75096747.03999999,True
COGT,31,37.87,74823036.96,True
STIP,31,100.74,74813998.44,True
MFC,31,44.23,74735617.7,True
CALM,31,80.435,74705792.74,True
SITE,31,95.65,74545882.59,True
NUGT,31,167.8,74451833.46000001,True
ENVA,31,263.91,74383053.3,True
FLY,31,27.18,74358779.12,True
ETHU,31,16.145,74248202.16000001,True
POST,31,79.35,74232743.19999999,True
FCFS,31,216.24,74199169.6,True
WTRG,31,39.8,74191099.12,True
CONL,31,4.16,74061765.69,True
MIDD,31,114.88,73957046.85000001,True
SGOL,31,42.08,73894571.68,True
JCPB,31,46.125,73854460.8,True
BTG,31,5.2,73849796.45,True
CACC,31,573.09,73818999.43,True
UGL,31,52.41,73763598.92,True
CHDN,31,89.7,73703494.02000001,True
VXF,31,249.9,73649228.4,True
REET,31,27.97,73623297.6,True
FRO,31,42.18,73463696.22,True
SKHX,25,15.55,73410596.60000001,True
IOND,15,66.66,73344729.95,True
SDOW,31,22.75,73340561.28,True
BBJP,31,79.2,73305011.5,True
ALV,31,120.76,73273055.11999999,True
VFLO,31,53.33,73030903.0,True
BINC,31,51.97,72948264.17999999,True
INDV,31,39.08,72890385.52000001,True
URTH,31,210.43,72875898.4,True
FNF,31,49.13,72849220.60000001,True
LUMN,31,6.58,72789095.25999999,True
TM,31,189.18,72748152.96,True
NVST,31,27.64,72730268.34,True
CRSP,31,54.28,72644912.0,True
ENSG,31,181.53,72462025.11,True
CE,31,44.99,72403281.04,True
LKQ,31,25.45,72333678.3,True
EWC,31,62.18,72054363.96,True
RYAN,31,41.68,72022595.53999999,True
QUBT,31,9.05,71989846.25,True
INOD,31,64.3,71983376.92,True
VAL,31,87.08,71972033.42,True
LRN,31,83.43,71946625.76,True
SKM,31,39.96,71817837.0,True
ING,31,35.63,71698976.58,True
VUSB,31,49.73,71649889.94,True
UEC,31,11.17,71646536.0,True
SYNA,31,110.58,71583413.08,True
GOOGM,31,49.03,71545148.24,True
FNDF,31,55.69,71449089.54,True
BTE,31,4.55,71421616.78999999,True
VVV,31,33.8,71302769.46,True
MSGS,31,411.94,71266416.89,True
PB,31,74.48,71261485.97999999,True
VDE,31,176.62,71237248.62,True
IAUM,31,44.05,71196517.77,True
WLK,31,78.21,71180752.99,True
ICSH,31,50.52,71174922.72,True
BKD,31,12.23,71127933.44,True
NPO,31,346.33,70890521.0,True
EMN,31,73.97,70862528.0,True
GSAT,31,83.03,70854884.21000001,True
AEO,31,16.35,70678629.01,True
ORKA,31,112.66,70608574.82000001,True
ILF,31,33.64,70577371.2,True
EGO,31,40.33,70525091.52000001,True
CMC,31,72.73,70507049.6,True
EFG,31,127.0,70496100.96000001,True
YOU,31,43.84,70483088.7,True
SLS,31,13.0,70470062.0,True
VV,31,356.04,70451097.88,True
VISN,31,11.66,70402222.8,True
YUMC,31,47.14,70338682.60000001,True
EDV,31,58.58,70302313.25,True
RHP,31,124.11,70165604.88000001,True
TFX,31,133.07,70124614.03999999,True
PAG,31,217.95,70115389.89,True
RSI,31,25.45,70046958.3,True
KRG,31,26.48,70044913.60000001,True
AIRR,31,124.86,69969737.16,True
RCAT,31,10.44,69884840.8,True
ICHR,31,71.87,69862570.82,True
SVXY,31,60.55,69788199.06,True
FIVN,31,31.85,69748224.0,True
FDN,31,286.94,69718147.84,True
UMAC,31,30.15,69609339.36,True
MUFG,31,23.03,69404966.24000001,True
LAZ,31,43.75,69381046.0,True
URBN,31,76.64,69301953.96000001,True
PVH,31,78.18,69142435.65,True
LW,31,52.49,69127261.60000001,True
WIX,31,73.72,68904675.4,True
VRNS,31,43.17,68826902.64,True
JMKE,13,22.55,68798762.39999999,False
MTRN,31,287.79,68788863.0,True
TU,31,9.69,68656918.68,True
INGR,31,103.59,68582600.22,True
DOCS,31,24.52,68552686.19999999,True
IRTC,31,116.92,68518297.68,True
ECG,31,143.4,68232632.05,True
COCO,31,65.5,68154441.60000001,True
AAPU,31,38.08,68147027.76,True
BBAI,31,3.21,68136124.28,True
LCID,31,6.22,68130307.62,True
AXS,31,99.88,68001293.72,True
BNTX,31,91.6,67831696.0,True
TAK,31,17.38,67803162.24000001,True
JXN,31,133.15,67795973.28,True
PJT,31,170.96,67706619.9,True
DNN,31,3.19,67694780.09,True
RYTM,31,115.44,67682943.48,True
LASR,31,54.0,67636750.36,True
DFIC,31,39.32,67585702.1,True
HQY,31,102.33,67427108.86,True
IDCC,31,348.39,67263925.67999999,True
IOVA,31,7.1,67230487.61,True
APPF,31,195.965,67182053.33,True
GBTC,31,49.75,66983941.440000005,True
SEIC,31,105.47,66864489.76,True
LEA,31,124.89,66851192.43,True
CGON,31,77.11,66836924.940000005,True
ABEV,31,2.78,66813837.16,False
LMND,31,49.95,66805948.28,True
EXLS,31,34.56,66713943.72,True
IBRX,31,7.92,66694943.18,True
FAS,31,178.81,66651109.699999996,True
ERAS,31,18.28,66647405.88,True
IDA,31,141.47,66552179.04,True
SCHA,31,35.8,66418650.54,True
BELFB,31,297.91,66411675.0,True
VONV,31,112.55,66118678.68,True
DFAI,31,43.36,66046846.919999994,True
AMH,31,33.63,65993377.019999996,True
VKTX,31,33.63,65709189.33,True
XRAY,31,11.19,65496566.489999995,True
WAL,31,81.72,65386954.400000006,True
MMSI,31,89.73,65353948.2,True
HLNE,31,100.84,65351252.49,True
FRPT,31,72.65,65328238.32,True
FRVO,31,18.1,65184485.379999995,True
VHT,31,314.34,65131122.42,True
CWB,31,106.5,65098692.12,True
MAC,31,24.66,64965909.690000005,True
GXO,31,47.32,64918174.099999994,True
IRDM,31,50.05,64771244.160000004,True
QTEC,31,326.08,64723649.339999996,True
WTS,31,385.18,64708095.12,True
DX,31,13.07,64657002.870000005,True
DFAR,31,26.39,64649331.6,True
JBTM,31,118.73,64614172.03,True
VIRT,31,59.5,64588777.11,True
TFLO,31,50.59,64579125.120000005,True
ULS,31,77.11,64543688.879999995,True
NOBL,31,57.95,64508252.160000004,True
STWD,31,16.24,64497707.26,True
NWG,31,19.04,64343061.86,True
DOX,31,57.25,64330273.08,True
MIRM,31,99.83,64293485.22,True
DFIV,31,58.09,64216172.1,True
QYLD,31,18.2,64004271.27,True
ST,31,45.92,63998345.08,True
SLM,31,27.28,63874757.970000006,True
XP,31,15.7,63866248.8,True
TARS,31,70.615,63700361.78000001,True
GTX,31,28.58,63700145.6,True
HRI,31,173.12,63538887.05,True
G,31,33.7,63520868.64,True
PLXS,31,274.2,63058824.92,True
VERA,31,31.63,63031161.12,True
BEX,31,28.22,62951866.24,True
HWC,31,78.84,62837708.010000005,True
KYMR,31,121.41,62785052.33,True
VBK,31,366.24,62780549.45999999,True
MOAT,31,111.91,62740451.864999995,True
MORN,31,206.74,62704482.75,True
VOD,31,16.2,62610255.72,True
THG,31,222.1,62555564.519999996,True
ORCX,31,21.87,62512167.24,True
BCO,31,111.28,62481655.72,True
IMO,31,134.88,62448346.4,True
RELY,31,26.3,62261405.42,True
VSNT,31,39.23,62228890.75,True
CAI,31,21.63,62212669.8,True
VNOM,31,43.05,62208788.470000006,True
BRX,31,29.76,62165810.07,True
WRBY,31,25.6,62067700.92,True
MANE,31,108.22,61752195.18,True
EXK,31,10.14,61729711.0,True
CECO,31,84.15,61589384.01,True
DB,31,38.12,61467696.66,True
CRGY,31,12.69,61435985.160000004,True
NGG,31,81.29,61369869.14,True
WU,31,7.18,61108523.6,True
MTH,31,72.23,61040240.0,True
XMTR,31,89.73,61002463.419999994,True
STAG,31,36.8,60927865.68,True
PRMB,31,24.38,60866938.85,True
MAT,31,14.58,60770609.76,True
TMDX,31,88.35,60612562.72,True
ASTX,31,15.25,60611993.75,True
NOV,31,21.6,60556579.92,True
ARR,31,16.46,60469571.400000006,True
AMPX,31,11.58,60170572.440000005,True
FOUR,31,44.35,60168857.28,True
SYM,31,42.35,60159757.37,True
BIRK,31,37.86,59953076.64,True
ESE,31,308.01,59838459.05,True
GGB,31,4.8,59762816.8,True
WEN,31,8.62,59757245.85,True
FOX,31,61.49,59711077.8,True
ATR,31,131.74,59689724.160000004,True
SON,31,56.75,59675258.76,True
IWS,31,171.94,59655203.63999999,True
OGE,31,47.35,59643830.199999996,True
WAY,31,24.68,59628582.84,True
CBSH,31,59.71,59539076.64,True
CHH,31,104.93,59473671.559999995,True
JPIE,31,45.87,59456488.62,True
ADPT,31,24.77,59432837.400000006,True
DDS,31,579.68,59427298.35,True
EWH,31,22.49,59367999.0,True
TS,31,53.44,59285054.25,True
SCHO,31,24.1,59220733.5,True
NOG,31,25.53,59160202.72,True
AMLP,31,54.69,58918310.22,True
HTHT,31,46.61,58797250.5,True
NNN,31,46.16,58775236.2,True
TNGX,31,25.29,58756344.8,True
IMAX,31,52.39,58734760.69,True
NOVT,31,168.75,58701614.400000006,True
ZSL,31,23.88,58698154.88,True
OLN,31,19.01,58600970.25,True
MIR,31,15.74,58560386.68,True
CCC,31,6.69,58528901.64000001,True
DCI,31,94.68,58501066.89,True
KSS,31,19.28,58487221.2,True
SQM,31,75.1,58388286.15,True
MAIR,31,29.57,58353777.3,True
BFH,31,111.25,58333416.48,True
SMG,31,59.2,58332179.92,True
BFAM,31,70.29,58306953.599999994,True
YETI,31,43.0,58277228.400000006,True
OMF,31,65.15,58208981.580000006,True
VOT,31,312.45,58170575.120000005,True
OLED,31,86.64,58159993.32,True
ESLT,31,782.84,58158795.96,True
BULL,31,8.16,57961799.16,True
USD,31,95.55,57953267.699999996,True
MSTX,31,8.59,57878940.37,True
KTB,31,81.77,57867323.8,True
SHLD,31,69.97,57861386.0,True
STNG,31,80.33,57779736.12,True
NXST,31,184.8,57769811.06,True
CPRI,31,14.67,57613543.830000006,True
BDC,31,137.59,57594903.33,True
ERIE,31,247.75,57573136.0,True
ATAI,31,7.24,57508853.92,True
FCN,31,149.82,57505838.45999999,True
GDS,31,35.38,57334251.69,True
VNO,31,37.9,57324404.46,True
YMM,31,8.84,57259575.4,True
RKLX,31,25.36,57193971.9,True
ICVT,31,119.12,57107870.82,True
BH,31,391.3,57051403.86,True
PK,31,15.0,57029803.04,True
SNK,31,16.45,56841854.5,True
IUSV,31,114.69,56793923.910000004,True
MATX,31,219.95,56778606.300000004,True
GLOB,31,36.26,56690189.43,True
TSMX,31,82.37,56677526.92,True
SAIL,31,18.59,56559934.620000005,True
VIST,31,72.16,56558226.13,True
LEVI,31,22.57,56499548.71,True
NBIZ,31,4.7,56437774.800000004,True
DUKU,1,50.63,56382985.64,False
NICE,31,97.9,56336596.05,True
HOG,31,27.03,56334820.95,True
PI,31,171.71,56308816.480000004,True
CWST,31,89.31,56230317.70999999,True
VFH,31,141.16,56192224.49999999,True
FMX,31,117.28,56175841.08,True
XMMO,31,166.42,56144233.75,True
BEPC,31,35.1,56126166.8,True
GIL,31,55.89,55980705.48,True
VBR,31,249.76,55630077.51,True
NTSK,31,15.25,55608342.0,True
GPIX,31,56.42,55583780.78,True
NE,31,45.18,55558381.34,True
COWZ,31,69.92,55518500.52,True
GT,31,6.05,55417808.5,True
WMG,31,26.37,55397489.269999996,True
TME,31,8.87,55250967.24,True
RXRX,31,3.11,55217047.589999996,True
MAN,31,56.77,55200228.300000004,True
KBH,31,55.44,55172082.599999994,True
PSN,31,45.76,55159554.08,True
FSS,31,126.14,55095999.89,True
ACIW,31,52.13,55086537.56,True
ASO,31,46.1,54844506.260000005,True
PURR,31,7.15,54746959.65,True
GPI,31,259.68,54708307.36,True
KOLD,31,31.5,54703502.74,True
PRI,31,309.92,54685176.6,True
CLBK,31,11.68,54563314.4,True
KLAR,31,19.51,54554614.07,True
PENN,31,18.65,54511301.61000001,True
MUR,31,34.82,54507256.81,True
SHYG,31,42.21,54491297.029999994,True
DVY,31,164.28,54482056.11000001,True
ESAB,31,82.13,54464568.15,True
BFLY,31,9.02,54364064.5,True
REMX,31,78.93,54359555.400000006,True
JGRO,31,97.03,54284557.760000005,True
GBCI,31,49.61,54268299.54,True
SPLB,31,21.22,54214328.7,True
IWV,31,440.26,54206626.08,True
EQPT,31,21.43,54122934.69,True
MRCY,31,113.36,54075994.56,True
BKH,31,73.39,54050123.73,True
OZK,31,51.11,54014055.339999996,True
STEP,31,48.28,53938264.379999995,True
TRNO,31,68.18,53924376.1,True
RYN,31,21.41,53912478.47,True
TNL,31,73.69,53868664.4,True
MIAX,31,42.41,53786307.9,True
AROC,31,34.62,53782540.3,True
VMBS,31,46.11,53571210.0,True
BAND,31,52.79,53563968.769999996,True
WYFI,31,30.35,53480881.059999995,True
ADT,31,7.18,53469452.93,True
EUFN,31,42.48,53337931.199999996,True
CHEF,31,110.57,53292220.8,True
CAR,31,141.3,53258668.5,True
COHU,31,62.62,53255001.68,True
SIG,31,86.11,53238629.68,True
RITM,31,10.26,52980061.550000004,True
CVCO,31,599.98,52967274.51,True
BLV,31,65.44,52921565.199999996,True
QTUM,31,158.22,52828118.1,True
BC,31,82.3,52809914.629999995,True
GNTX,31,23.81,52589075.57,True
SLAB,31,219.29,52561762.0,True
WSC,31,23.58,52487013.0,True
ACLS,31,144.11,52238902.260000005,True
PII,31,68.33,52168838.150000006,True
YPF,31,52.7,52161248.160000004,True
PSI,31,157.4,52143327.18,True
AFG,31,146.6,52088760.839999996,True
CNX,31,35.34,52042135.25,True
FLG,31,14.0,52015049.0,True
XLG,31,62.88,52014870.96,True
BMI,31,128.7,51956126.09,True
SKY,31,93.21,51883901.160000004,True
VCYT,31,42.08,51771470.13,True
DYN,31,26.15,51758644.36,True
FHB,31,27.52,51713264.970000006,True
SMMT,31,12.78,51659388.16,True
HCC,31,98.63,51557620.44,True
EBC,31,23.65,51501659.0,True
SJNK,31,24.87,51463121.64,True
BUG,31,41.89,51439411.96,True
ABG,31,208.54,51427299.84,True
SRPT,31,18.18,51415849.7,True
NESR,31,35.78,51358904.82,True
PGY,31,20.93,51332093.74999999,True
TTC,31,97.5,51302978.52,True
BRZE,31,27.95,51255425.65,True
COLD,31,14.5,51230652.120000005,True
NFG,31,81.82,51225380.58,True
SIVR,31,62.61,51171162.9,True
FEZ,31,71.91,51135049.74,True
AIR,31,153.71,51082369.66,True
RARE,31,26.13,51028242.72,True
JBS,31,13.44,51014889.06,True
ORI,31,42.51,50999333.96,True
MC,31,66.73,50990214.0,True
MTG,31,31.11,50917705.89,True
DGRW,31,99.47,50868578.3,True
MBLY,31,9.23,50783587.88999999,True
UFPT,31,321.31,50778531.65,True
SSD,31,195.89,50723567.6,True
GMAB,31,32.84,50723429.76,True
BEAM,31,27.1,50618365.28,True
ICUI,31,182.51,50470413.63,True
AAXJ,31,117.17,50444460.21,True
SRLN,31,40.54,50427952.08,True
STUB,31,7.12,50421022.47,True
MWH,31,31.55,50232466.02,True
AXTA,31,36.11,50224165.75,True
PTIR,31,18.52,50134761.88,True
RLI,31,62.42,50100574.949999996,True
XAR,31,294.87,50031793.14,True
BANC,31,19.69,49992902.45999999,True
SLGN,31,41.67,49820392.62,True
FBRX,31,76.89,49785774.6,True
GPOR,31,169.6,49759079.46,True
MGNI,31,24.19,49727679.300000004,True
BEKE,31,16.85,49706294.22,True
FENI,31,41.93,49671698.44,True
SPHB,31,151.62,49649953.440000005,True
PCVX,31,60.22,49564244.64,True
EZU,31,71.88,49563696.93,True
VCTR,31,118.81,49549530.04,True
QURE,31,47.97,49487918.4,True
HAE,31,90.27,49468167.6,True
FTXL,31,243.84,49464883.86,True
HGV,31,44.92,49385778.77,True
CGBL,31,38.36,49353940.58,True
GGOV,31,50.089,49339297.28,True
QTWO,31,64.41,49338107.64,True
SLG,31,56.11,49333708.8,True
GBIL,31,100.06,49293952.96,True
SXT,31,133.45,49264275.8,True
NSIT,31,149.31,49251386.45,True
SVIX,31,26.29,49243489.88,True
ITGR,31,125.08,49156207.2,True
GPK,31,11.0,49098016.0,True
BZ,31,15.55,49035977.809999995,True
FAF,31,73.18,48957298.6,True
ASB,31,32.06,48943095.0,True
ARCB,31,145.87,48879106.64,True
OPCH,31,23.37,48754627.199999996,True
BTU,31,25.91,48734933.52,True
EXTR,31,24.28,48575068.83,True
VIXY,31,18.82,48536602.6,True
SCHR,31,24.41,48531619.75,True
NKTR,31,72.67,48506220.440000005,True
PSNL,31,13.89,48393643.32,True
SHC,31,18.8,48315623.99999999,True
HOMB,31,31.11,48256187.5,True
BRBR,31,10.18,48239498.4,True
UUP,31,28.1,48236554.660000004,True
PTON,31,5.29,48180824.95999999,True
GEO,31,31.15,48166486.62,True
RCI,31,36.09,48084287.21,True
KBR,31,37.55,48066463.98,True
SBRA,31,20.31,47991882.96,True
DBRG,31,15.91,47958641.28,True
ITRI,31,100.61,47942226.76,True
GLBE,31,41.18,47861193.12,True
ALGT,31,84.3,47815571.0,True
LIVN,31,81.48,47690123.12,True
FDVV,31,63.64,47621000.0,True
GLNG,31,52.47,47609219.68,True
UAA,31,5.29,47563680.56,True
IGM,31,164.29,47439222.699999996,True
CGGO,31,41.43,47412165.01,True
POR,31,50.87,47379392.06,True
DCO,31,205.23,47372975.3,True
VPG,31,76.23,47346817.18,True
PAA,31,23.75,47291808.72,True
EWU,31,48.16,47237235.3,True
NBIG,31,25.58,47236974.12,True
FSM,31,10.77,47223473.56,True
EWA,31,29.55,47092472.349999994,True
PSMT,31,179.99,47075958.0,True
THO,31,77.64,47058170.04,True
SRRK,31,52.05,47013269.22,True
JMST,31,50.88,46936545.6,True
TCBI,31,101.09,46777577.88,True
CLMT,31,48.35,46759695.18,True
HAWG,2,30.1863,46758152.0271,False
SAM,31,182.3,46726200.0,True
VECO,31,54.4,46704660.03,True
AUGO,31,77.82,46702626.72,True
DHT,31,18.9,46591076.4,True
AXTX,31,16.26,46587384.84,True
VOE,31,209.72,46530304.199999996,True
AM,31,22.15,46407914.32,True
GTES,31,28.14,46374008.85,True
LBRDK,31,33.96,46318994.88,True
WDCX,31,25.44,46307143.88,True
NAIL,31,40.62,46266631.44,True
IYT,31,87.32,46154402.519999996,True
KD,31,12.72,46107506.400000006,True
NLR,31,118.35,46075583.900000006,True
HIVE,31,3.07,46054068.050000004,True
CSTM,31,29.92,46001960.29,True
PRM,31,32.59,45963731.7,True
WGS,31,77.39,45950601.839999996,True
TPC,31,97.22,45843782.160000004,True
KRC,31,36.03,45826241.04,True
TDW,31,93.97,45757708.15,True
SNN,31,29.68,45726702.05,True
CCXI,31,17.2,45698209.92,True
DLB,31,61.35,45686272.94,True
XENE,31,62.36,45636370.56,True
TXNM,31,57.58,45604279.89,True
JMUB,31,49.79,45482905.68,True
RDNT,31,75.93,45276147.84,True
MMYT,31,59.7,45270010.6,True
AXGN,31,49.15,45255949.61000001,True
SAIC,31,124.34,45196163.1,True
DFUS,31,84.6,45131220.54,True
SPAB,31,25.08,45113696.64,True
PATK,31,84.78,45104316.480000004,True
DIOD,31,107.56,45085248.0,True
MRX,31,71.45,45060017.12,True
HMY,31,20.03,45019808.57,True
VC,31,107.8,44945793.27,True
BOND,31,90.42,44881813.56,True
UI,31,583.67,44563234.24,True
KNTK,31,52.98,44548921.739999995,True
WHD,31,73.45,44544029.6,True
FTCS,31,100.07,44540147.61,True
OUT,31,29.78,44501929.6,True
APLE,31,15.91,44493836.74999999,True
UGI,31,35.09,44418505.89,True
DBMF,31,31.54,44379414.42,True
PTRN,31,20.67,44335420.379999995,True
SLF,31,80.71,44269120.65,True
RXO,31,23.45,44218273.58,True
WK,31,69.87,44205400.56,True
EEFT,31,70.55,44162516.5,True
DPC,31,51.46,44136499.86,True
SPYD,31,49.78,44111053.6,True
VNT,31,32.33,44089979.4,True
WERN,31,39.11,44037126.63,True
MFP,31,45.0,44031717.800000004,True
SHLS,31,8.23,43988399.800000004,True
SBET,31,6.51,43986944.32,True
BWET,31,379.24,43952618.47,True
ESGU,31,169.26,43893587.46,True
CBRL,31,59.04,43845245.43,True
MSA,31,189.14,43802647.5,True
AI,31,9.7,43730012.04,True
AEG,31,9.44,43678101.25,True
MEOH,31,57.29,43637367.330000006,True
DJT,31,8.1,43556685.86,True
UBSI,31,48.98,43534169.78,True
FDL,31,52.32,43485360.8,True
INSW,31,98.36,43391073.35,True
PBA,31,48.66,43333317.72,True
WT,31,23.09,43333283.34,True
SMCX,31,12.93,43332237.93,True
SUB,31,106.22,43304275.84,True
CC,31,15.72,43276921.38,True
OBDC,31,11.5,43231405.92,True
LOPE,31,141.84,43136856.77,True
CUZ,31,29.18,43086802.32,True
FTS,31,56.44,42956256.699999996,True
CGUS,31,45.79,42931742.980000004,True
EWTX,31,44.04,42821504.38,True
LEGN,31,20.65,42788983.92,True
VAC,31,119.47,42788089.54,True
ESTA,31,76.62,42586952.46,True
TFII,31,145.61,42558887.13,True
REZI,31,20.64,42557998.32,True
NVDU,31,145.9,42489869.76,True
POWI,31,62.1,42464129.4,True
IHG,31,160.25,42445780.260000005,True
VPU,31,191.01,42398223.63,True
RPG,31,60.93,42324862.5,True
AMR,31,169.01,42304890.6,True
PPC,31,28.77,42065274.6,True
CVSA,31,132.32,42050348.55,True
NASA,31,26.78,42025426.44,True
SPTI,31,28.1,42020550.955000006,True
IYE,31,66.26,42016590.0,True
AESI,31,12.82,41889703.23,True
SXI,31,326.97,41885490.54,True
FULT,31,24.47,41885064.4,True
SMFG,31,26.24,41863474.29,True
NTLA,31,12.09,41833879.8,True
SIGI,31,92.1,41818798.05,True
BUFR,31,37.36,41738744.52,True
DOG,31,21.3,41702424.849999994,True
ZWS,31,50.31,41669391.28,True
CQQQ,31,51.79,41525352.54,True
VVX,31,82.65,41472107.82,True
HTZ,31,2.16,41468543.9,False
CSW,31,342.71,41464894.9,True
PFSI,31,76.31,41454337.38,True
XSD,31,549.34,41326306.83,True
SBSW,31,10.97,41319474.839999996,True
EFAV,31,93.18,41302873.620000005,True
AAAU,31,43.575,41259557.66,True
PIPR,31,75.24,41247328.5,True
VOX,31,185.83,41146922.88,True
NXE,31,10.75,41072260.32,True
EPR,31,60.5,41050376.8,True
FESM,31,48.79,41043688.28,True
RRR,31,63.21,41017931.28,True
ASH,31,74.17,40990707.75,True
AMX,31,23.68,40971565.2,True
ATEN,31,27.35,40951257.12,True
KALU,31,185.5,40915059.480000004,True
CHPY,31,72.72,40897946.16,True
HIW,31,30.66,40790369.04000001,True
CNR,31,95.87,40705439.32,True
CBZ,31,54.67,40688191.44,True
IXN,31,144.03,40586317.36,True
EPRT,31,31.14,40573279.949999996,True
CTRI,31,23.91,40557890.7,True
SNDG,31,11.865,40546667.68,True
WTM,31,2113.4,40469799.26,True
TGB,31,8.77,40469273.910000004,True
DXJ,31,181.55,40464045.550000004,True
LOAR,31,77.83,40454640.99,True
IYZ,31,43.97,40406121.88,True
VOYG,31,43.98,40255768.06,True
CALX,31,39.52,40135227.379999995,True
NWL,31,6.04,40110123.64,True
ASAN,31,8.83,40101977.89,True
PEB,31,18.14,40089716.94,True
LINE,31,40.8,39946470.2,True
AZZ,31,153.24,39930563.06,True
ADIG,10,21.43,39914921.03,False
EDU,31,53.2,39899586.0,True
CBRG,31,6.0,39854410.83,True
LXP,31,60.66,39792119.35,True
SHOO,31,46.6,39764370.300000004,True
TRIP,31,10.17,39719430.78,True
IRT,31,16.67,39718025.35,True
CHAT,31,94.4,39678474.57,True
SWX,31,91.26,39669695.0,True
IAGG,31,49.78,39609519.949999996,True
SPSC,31,76.23,39605091.5,True
REPL,31,14.63,39601068.38,True
SCHI,31,22.2,39531023.75,True
HUN,31,10.31,39523804.04,True
RLAY,31,20.67,39520989.62,True
OKLL,31,3.0,39468886.580000006,True
UNF,31,286.47,39408050.56,True
SKYY,31,162.24,39373896.974999994,True
PDI,31,15.43,39363529.18,True
STNE,31,9.27,39356559.92,True
FA,31,20.3,39310030.5,True
UTI,31,26.15,39248038.15,True
RSPT,31,65.91,39149944.199999996,True
DFEM,31,40.14,39066840.8,True
FTDR,31,83.75,39060853.37,True
ARQT,31,25.61,39030236.160000004,True
ZG,31,34.32,38966034.6,True
VPL,31,117.19,38931525.0,True
SKYW,31,105.6,38878950.88,True
VCRB,31,75.88,38815099.589999996,True
ELVN,31,59.535,38794654.849999994,True
LAUR,31,37.71,38668024.38,True
WKC,31,35.64,38587821.76,True
FWD,31,136.23,38539373.849999994,True
SPCG,31,16.92,38472756.48,True
IGF,31,65.62,38382319.309999995,True
PACS,31,44.32,38338039.32,True
ZROZ,31,57.0,38331070.56,True
DFAE,31,39.68,38330762.24,True
ATRO,31,93.05,38321840.62,True
RDN,31,37.05,38224589.96,True
RXT,31,3.95,38210333.199999996,True
ARXS,31,57.6,38194795.5,True
DUST,31,39.78,38190232.08,True
GRAL,31,69.95,38149735.480000004,True
INSP,31,57.22,38100132.0,True
OGS,31,79.98,38028842.9,True
FIBK,31,38.89,38019289.0,True
ACAD,31,29.01,37831107.48,True
BBVA,31,28.8,37820002.0,True
OII,31,54.11,37804964.42,True
DFCF,31,41.46,37798172.7,True
PUMP,31,12.79,37775265.0,True
DAN,31,31.35,37723464.18,True
JBND,31,52.6,37690253.79,True
BXSL,31,24.21,37684592.25,True
OSIS,31,229.87,37635488.8,True
GRPN,31,20.3,37624026.05,True
SG,31,5.88,37593797.85,True
SDVY,31,44.54,37574314.0,True
FUL,31,63.58,37566659.77,True
CMPS,31,13.72,37470214.47,True
FUN,31,15.6,37468019.25,True
CPA,31,133.79,37410959.48,True
IMVT,31,43.71,37306631.480000004,True
AMTM,31,20.43,37251080.1,True
CRC,31,53.53,37243315.86,True
BNL,31,21.22,37220781.78,True
BLZE,31,19.39,37210756.010000005,True
GENI,31,7.76,37183899.059999995,True
VGNT,31,46.78,37182555.199999996,True
EYE,31,18.47,37168503.33,True
GGAL,31,43.42,37061694.160000004,True
BTBT,31,1.6,37036499.64,False
IEUR,31,78.05,37004918.94,True
MBX,31,68.25,37001913.8,True
PICK,31,63.05,37001759.72,True
BILI,31,17.23,36995805.269999996,True
DFAS,31,84.14,36973437.010000005,True
HP,31,44.47,36968731.2,True
CRML,31,6.57,36956274.72,True
PPLI,31,39.5,36932595.78,True
DLLL,31,27.96,36922705.839999996,True
KNF,31,66.65,36904292.18,True
FENY,31,34.74,36878393.370000005,True
GLL,31,22.16,36783965.4,True
AUB,31,42.54,36782719.400000006,True
UFPI,31,88.29,36675869.230000004,True
BHF,31,55.74,36640071.68,True
SKT,31,38.41,36621501.93,True
SPHD,31,52.71,36616649.92,True
ATKR,31,93.38,36615986.66,True
EC,31,17.67,36594477.660000004,True
ARRY,31,4.98,36572348.88,True
LI,31,12.41,36536235.839999996,True
JAN,31,30.41,36520966.95,True
AIPO,31,31.16,36440889.5,True
BW,31,9.92,36434586.9,True
TAL,31,11.68,36333500.14,True
CARG,31,35.77,36316778.24,True
HESM,31,39.66,36258935.46,True
FLO,31,7.31,36127243.32,True
CNO,31,54.81,36078256.14,True
FLRN,31,30.79,36015613.15,True
FMC,31,10.18,36010453.76,True
SCHZ,31,22.74,35998486.45,True
NCNO,31,20.23,35926371.0,True
BELFA,31,248.02,35888880.65,True
VRDN,31,23.09,35885289.44,True
KNSA,31,79.18,35721077.92,True
FTSM,31,59.84,35709485.13,True
ARTY,31,77.67,35538446.5,True
BIZD,31,13.18,35516225.08,True
BMNU,31,11.73,35513042.447,True
ATEX,31,91.57,35454781.440000005,True
CALY,31,16.61,35446407.6,True
SPTM,31,93.85,35406553.64,True
AGL,31,96.86,35393217.65,True
NUVB,31,6.48,35371471.73,True
WES,31,48.59,35368725.0,True
FHI,31,64.15,35305850.6,True
SOC,31,4.02,35299766.11,True
CWEN,31,34.15,35275637.12,True
DRS,31,45.35,35186562.879999995,True
HAYW,31,14.76,35152299.28,True
MDA,31,35.26,35130120.0,True
SRTY,31,20.71,35110591.56,True
BCRX,31,9.94,35105583.699999996,True
CDNA,31,46.38,35029644.92,True
PAGP,31,25.79,34974762.239999995,True
GATX,31,180.64,34890199.46,True
MMS,31,54.43,34808239.48,True
MFG,31,10.83,34750703.61,True
BTC,31,28.43,34735433.81,True
RWR,31,113.74,34727850.22,True
FBP,31,29.54,34680611.46,True
BKU,31,47.86,34653504.940000005,True
DSGX,31,74.92,34584122.64,True
SUN,31,74.96,34580261.66,True
OPLN,31,35.09,34555957.160000004,True
IPGP,31,88.1,34555521.92,True
NNE,31,19.59,34489381.89,True
TDOC,31,6.54,34475194.35,True
BITU,31,9.39,34442288.05,True
LCII,31,104.12,34416039.75,True
DNLI,31,24.35,34377391.62,True
TAN,31,50.92,34374822.99,True
DPST,31,152.56,34330353.0,True
AVUS,31,132.01,34261691.199999996,True
KMT,31,31.81,34214387.9,True
ORCU,31,7.84,34194893.04,True
DXC,31,10.39,34113997.42,True
TDS,31,34.52,34089137.8,True
DIVO,31,48.4,34074609.0,True
IWX,31,111.94,34073492.24,True
CBT,31,86.4,34065881.85,True
HUBG,31,39.47,34043162.67,True
MGV,31,168.39,34009851.199999996,True
AIS,31,74.65,33986966.160000004,True
AMRX,31,18.42,33973749.6,True
SR,31,82.29,33946071.48,True
PLPC,31,475.03,33941517.35,True
LAES,31,2.9,33935450.580000006,False
PLMR,31,123.92,33889140.79,True
LTM,31,52.29,33872894.64,True
CDNL,31,39.23,33872223.69,True
CURB,31,29.99,33864923.44,True
NWS,31,32.68,33835172.64,True
WSBC,31,42.48,33808869.36,True
BRUN,31,22.63,33659911.28,True
AIA,31,140.66,33634832.14,True
XOVR,31,20.51,33633530.12,True
BLBD,31,63.88,33543334.58,True
OTEX,31,23.93,33539450.04,True
LIF,31,50.18,33517938.0,True
IPAR,31,111.78,33486513.0,True
CRI,31,37.82,33448047.119999997,True
KOS,31,2.6,33439831.040000003,False
HYMC,31,26.32,33405276.240000002,True
JNUG,31,173.63,33332670.330000002,True
FLYW,31,18.3,33330378.869999997,True
LFST,31,12.55,33306539.63,True
NJR,31,54.97,33301499.520000003,True
ABCL,31,11.2,33295043.429999996,True
KAI,31,329.72,33276974.849999998,True
CLDX,31,41.92,33211635.0,True
HYD,31,50.28,33155084.52,True
ZTO,31,22.91,33055238.38,True
AMBQ,31,67.86,33017504.63,True
BIPC,31,39.5,32981995.439999998,True
WTTR,31,21.32,32975919.3,True
MRP,31,30.16,32966805.419999998,True
SBLK,31,30.09,32958640.6,True
BOH,31,79.83,32944838.34,True
APAM,31,41.48,32914371.99,True
ACYN,31,20.76,32905884.44,True
MLPX,31,75.0,32903067.279999997,True
HASI,31,42.13,32873522.2,True
SGHC,31,13.03,32821105.560000002,True
BITB,31,34.9,32739150.96,True
SFD,31,22.61,32655446.08,True
TNDM,31,22.255,32617671.57,True
CDP,31,36.81,32609414.880000003,True
AGIO,31,33.63,32594532.3,True
FLTW,31,103.5,32586906.650000002,True
BIP,31,38.91,32549381.48,True
ASST,31,13.2,32513703.74,True
DORM,31,133.7,32429775.0,True
PECO,31,39.95,32320573.5,True
RAMP,31,37.68,32287966.2,True
WSFS,31,81.81,32253981.900000002,True
MAIN,31,58.15,32247927.099999998,True
WCLD,31,39.77,32162496.68,True
ARKB,31,21.31,32116506.5,True
BOKF,31,145.72,32106905.91,True
VTEC,31,98.852,32082680.380000003,True
EWS,31,33.92,32041030.660000004,True
RKLZ,31,2.77,31991686.439999998,False
LVHI,31,42.8,31986068.400000002,True
RUSHA,31,82.13,31965056.9,True
TRVI,31,18.48,31931317.680000003,True
ESNT,31,69.43,31922133.659999996,True
MHO,31,151.2,31915187.130000003,True
AAMI,31,92.99,31803874.22,True
SKHU,25,20.55,31744492.75,True
YINN,31,28.59,31721919.470000003,True
FMDE,31,42.72,31696907.2,True
TSLT,31,12.01,31685705.34,True
GRNY,31,27.99,31654172.759999998,True
URGN,31,49.14,31636252.83,True
FBCG,31,63.14,31613432.759999998,True
UAMY,31,5.62,31564483.5,True
SPCQ,31,12.35,31547405.5,True
FLKR,31,60.89,31543240.85,True
IONZ,31,2.31,31536174.83,False
SKWD,31,57.57,31526602.509999998,True
HYMB,31,24.84,31518029.07,True
BCPC,31,178.38,31517776.650000002,True
OGN,31,13.7,31515678.18,True
BJRI,31,66.27,31503772.700000003,True
ETH,31,18.19,31471548.13,True
GOLF,31,90.66,31413220.5,True
PGNY,31,25.33,31412274.66,True
HURN,31,148.33,31402439.52,True
SUPN,31,48.27,31396661.12,True
OR,31,33.33,31354140.740000002,True
CXW,31,33.58,31353954.1,True
URTY,31,88.91,31353685.2,True
IALT,31,29.06,31318930.24,True
KSPI,31,99.05,31291420.5,True
ABCB,31,89.04,31252816.32,True
EMLC,31,25.63,31172110.32,True
IJT,31,178.2,31158853.919999998,True
STN,31,74.27,31138323.089999996,True
BWIN,31,30.77,31104893.25,True
SBS,31,4.58,31095249.919999998,True
ECPG,31,103.68,31088198.400000002,True
RDY,31,12.11,31080399.77,True
USRT,31,66.91,31080142.679999996,True
REAL,31,11.08,31046184.18,True
FNDE,31,41.36,30994979.400000002,True
COLM,31,57.09,30983974.560000002,True
RWL,31,134.4,30946456.799999997,True
CXT,31,50.33,30938080.950000003,True
DNOW,31,16.15,30843876.78,True
SRAD,31,13.13,30829434.88,True
KB,31,120.31,30820706.44,True
PZZA,31,23.23,30796786.32,True
BHE,31,84.17,30692491.62,True
IYF,31,137.01,30673404.650000002,True
CVBF,31,23.15,30661951.92,True
SDRL,31,46.9,30661771.360000003,True
SCHM,31,36.8,30619509.42,True
CVI,31,36.42,30612485.71,True
JQUA,31,74.83,30579966.72,True
ROG,31,145.94,30572725.04,True
FIGS,31,14.32,30518759.04,True
MZTI,31,114.76,30508972.12,True
ATMU,31,51.13,30499937.25,True
UCB,31,36.63,30432005.28,True
CGXU,31,35.37,30419673.18,True
CNXC,31,23.33,30392084.099999998,True
PBI,31,16.02,30320806.000000004,True
NIC,31,177.9,30306389.76,True
BXMT,31,14.24,30305597.44,True
UWMC,31,1.49,30298892.26,False
ORC,31,6.67,30297596.159999996,True
IDV,31,44.63,30178163.555,True
REYN,31,25.91,30167401.25,True
LPTH,31,14.8,30124685.74,True
AX,31,99.32,30103851.65,True
GUSH,31,42.61,30100250.88,True
AMLX,31,21.43,30095784.32,True
ADEA,31,29.67,30094377.36,True
IVLU,31,44.27,30053774.799999997,True
LION,31,11.95,30003838.2,True
ZD,31,54.31,29939347.98,True
NHI,31,73.41,29915595.05,True
SCHK,31,37.31,29886611.369999997,True
PRCT,31,21.09,29858186.61,True
EXPO,31,66.19,29817959.0,True
NSP,31,50.46,29808238.849999998,True
IYH,31,70.6,29741544.169999998,True
AVNT,31,45.39,29694996.380000003,True
FFBC,31,34.17,29666640.09,True
NEO,31,16.16,29661903.52,True
IREZ,31,9.89,29657234.25,True
SBCF,31,35.8,29623533.4,True
GIB,31,72.47,29598086.91,True
CORD,31,2.365,29594423.73,False
SDY,31,156.96,29526067.5,True
CSIQ,31,14.79,29501000.21,True
NVDQ,31,8.895,29476131.599999998,True
GFF,31,102.18,29443898.64,True
DUHP,31,42.57,29428274.830000002,True
PAY,31,40.66,29384433.9,True
CRCG,31,11.12,29346126.720000003,True
BL,31,29.3,29335867.3,True
UPWK,31,8.19,29312093.610000003,True
KFY,31,83.05,29167486.32,True
CERT,31,8.0,29146853.04,True
PRGO,31,12.82,29103828.869999997,True
SNDR,31,36.41,29081752.18,True
VERX,31,12.47,29019348.68,True
CEVA,31,32.71,28995561.12,True
LLYVK,31,105.7,28960807.419999998,True
GSY,31,50.24,28815635.49,True
AGYS,31,111.33,28783319.32,True
CRK,31,13.55,28767474.400000002,True
NUAI,31,5.46,28725203.43,True
WGMI,31,50.13,28697152.45,True
DRH,31,12.36,28697040.119999997,True
NAMS,31,26.9,28670560.16,True
SPB,31,87.85,28661602.42,True
PCT,31,7.215,28651737.400000002,True
HMC,31,31.9,28647785.04,True
BCI,31,24.94,28639001.37,True
GSHD,31,64.4,28595691.6,True
PRVA,31,21.5,28553357.819999997,True
SUNC,31,75.46,28470005.759999998,True
RTO,31,23.55,28428933.57,True
ALMS,31,25.5,28427067.52,True
RCUS,31,29.56,28424791.2,True
MCY,31,106.38,28417187.94,True
LMAT,31,82.51,28416866.71,True
NN,31,19.2,28363460.72,True
VDC,31,230.22,28327611.0,True
PGX,31,10.63,28300962.56,True
PAC,31,205.69,28285127.0,True
ATRC,31,44.77,28285035.000000004,True
SION,31,5.91,28238897.55,True
FLTR,31,25.55,28205146.89,True
BGC,31,11.16,28163313.91,True
NTST,31,20.43,28138760.91,True
KN,31,38.99,28132519.599999998,True
MNPR,31,116.49,28126632.63,True
CAPR,31,7.45,28094520.3,True
BILS,31,99.3,28091842.380000003,True
CATY,31,64.4,28062476.98,True
AVEX,31,20.22,28027588.56,True
COUR,31,5.54,28022795.64,True
HRMY,31,38.14,28007460.62,True
GSLC,31,147.75,27999132.04,True
RPD,31,12.37,27976913.430000003,True
TX,31,54.35,27913905.799999997,True
DFAU,31,53.56,27903981.78,True
AKR,31,20.82,27881876.16,True
HGER,31,34.34,27841794.05,True
VWOB,31,65.9,27766944.2,True
FELE,31,104.02,27762809.41,True
AEVA,31,23.75,27755197.66,True
PPA,31,183.18,27734441.22,True
SNDX,31,19.76,27712604.220000003,True
JIVE,31,97.95,27680885.55,True
CRWG,31,29.29,27667995.27,True
PBW,31,34.63,27662114.4,True
INDB,31,86.04,27643992.0,True
BLSH,31,24.96,27624448.44,True
NRIX,31,27.17,27608932.0,True
OMCL,31,36.03,27563047.07,True
PPLT,31,16.07,27484969.150000002,True
CSHI,31,49.69,27473605.48,True
ECO,31,62.7,27459843.48,True
EZPW,31,29.29,27401322.0,True
HYNX,25,26.03,27355457.099999998,True
SFNC,31,23.94,27314777.080000002,True
LAC,31,3.15,27310411.89,True
SEB,31,4452.32,27290838.599999998,True
ONEQ,31,105.04,27283255.594,True
LINC,31,28.72,27253372.18,True
PLAB,31,33.6,27244256.13,True
SBIT,31,55.9,27224924.25,True
RING,31,80.28,27147475.88,True
HYLB,31,36.33,27136520.28,True
PUK,31,28.19,27080461.05,True
IXC,31,57.3,27076928.0,True
HCI,31,182.65,27069803.7,True
SHO,31,10.89,27060678.72,True
YSS,31,10.66,27059277.0,True
BKSY,31,30.77,27040023.92,True
CGCP,31,21.99,27017551.44,True
CON,31,35.53,26919142.72,True
KT,31,19.0,26918374.3,True
TPB,31,85.3,26893250.12,True
WDFC,31,229.01,26811386.25,True
NATL,31,46.31,26795703.959999997,True
DFSV,31,40.68,26793748.8,True
SCYB,31,26.02,26777331.78,True
MDU,31,20.57,26683743.46,True
CNMD,31,49.25,26682692.400000002,True
SPCF,31,16.46,26678370.599999998,True
ATAT,31,35.29,26631257.38,True
MWA,31,25.18,26630209.759999998,True
ANAB,31,59.69,26629294.56,True
AVPT,31,13.25,26582693.060000002,True
NG,31,7.75,26569796.68,True
SCMB,31,25.31,26556885.01,True
SMPL,31,10.84,26538284.82,True
BHVN,31,14.46,26519007.4,True
PAYO,31,7.13,26471890.965,True
OMDA,31,23.75,26451059.5,True
IRON,31,80.05,26403549.01,True
DFAX,31,38.2,26375494.4,True
TALO,31,16.41,26345220.43,True
GRND,31,15.81,26341541.0,True
MSGE,31,84.86,26336113.049999997,True
FELC,31,43.98,26317913.65,True
HTFL,31,41.94,26255326.16,True
DLO,31,13.91,26249093.45,True
APPS,31,12.24,26232094.8,True
CGMU,31,27.09,26225666.04,True
EWG,31,43.96,26190657.96,True
ENOV,31,24.74,26130450.44,True
HSAI,31,18.07,26056695.0,True
RNST,31,43.11,26056462.599999998,True
SAH,31,80.26,26054828.439999998,True
LPG,31,48.42,26007020.32,True
DFLV,31,42.0,25982877.03,True
GCT,31,50.28,25952715.18,True
DJCO,31,595.97,25912676.55,True
SMCIP,31,64.56,25865431.68,True
ENVX,31,3.595,25864010.970000003,True
BOTZ,31,37.82,25853602.93,True
PVLA,31,153.52,25850324.07,True
ETHE,31,15.36,25834200.48,True
PAGS,31,8.66,25793183.52,True
TRAX,31,43.6,25786806.66,True
CRAI,31,164.21,25700825.240000002,True
CGCB,31,25.82,25651133.31,True
GNW,31,10.09,25635963.310000002,True
FLJP,31,41.72,25628943.04,True
BEP,31,34.44,25608248.0,True
TSLZ,31,14.33,25596363.0,True
ALOY,31,13.855,25595589.060000002,True
AGO,31,76.22,25581076.560000002,True
SPCE,31,3.13,25555235.84,True
JTEK,31,103.39,25497842.01,True
CPK,31,134.55,25497233.759999998,True
TLTW,31,21.02,25470643.8,True
INGM,31,27.99,25437817.5,True
MPT,31,4.05,25404624.000000004,True
GPCR,31,53.76,25361753.28,True
SGVT,31,100.642,25349278.12,True
DGII,31,83.34,25316645.76,True
OTF,31,11.13,25275029.82,True
BLTE,31,163.21,25265621.340000004,True
ULCC,31,6.35,25254672.580000002,True
YELP,31,23.07,25242773.16,True
TECS,31,58.02,25228639.35,True
HTO,31,63.21,25225340.85,True
ETOR,31,28.12,25215283.319999997,True
ZIM,31,28.81,25208854.72,True
DXYZ,31,34.0,25182713.599999998,True
JMBS,31,44.38,25101382.0,True
SVM,31,11.92,25096531.88,True
ABSI,31,9.24,25076781.6,True
IDYA,31,36.54,25061982.66,True
GTM,31,3.76,25061699.52,True
SONO,31,15.45,25059111.119999997,True
SCHY,31,33.0,25057502.82,True
VIPS,31,14.04,25039044.759999998,True
CORO,31,37.32,24990139.37,True
BULZ,31,39.44,24944821.4,True
HTGC,31,16.54,24897596.740000002,True
FETH,31,18.99,24875354.419999998,True
IONX,31,34.35,24843971.84,True
INTR,31,5.29,24830068.14,True
GLUE,31,15.38,24812255.04,True
PDFS,31,52.8,24812181.68,True
UTZ,31,14.15,24771348.240000002,True
TBBK,31,68.27,24743426.400000002,True
GHC,31,1165.29,24728380.3,True
VNET,31,7.92,24712897.2,True
ESGE,31,54.08,24682756.74,True
AMN,31,34.54,24648131.52,True
BANR,31,73.65,24628626.24,True
BCC,31,81.94,24611193.099999998,True
DFIS,31,37.44,24570577.8,True
HHH,31,66.65,24554207.7,True
IQQ,28,24.7,24477915.81,True
ADUS,31,114.9,24462731.72,True
KMPR,31,26.21,24415743.2,True
IMNM,31,27.4,24396090.599999998,True
FSK,31,12.01,24379531.200000003,True
IJS,31,139.77,24371233.919999998,True
FFIN,31,34.86,24316443.360000003,True
VIGI,31,98.83,24196524.96,True
CGAU,31,21.92,24167848.66,True
XYLD,31,41.65,24136118.35,True
HACK,31,115.56,24134814.0,True
FBL,31,20.34,24120722.4,True
DV,31,13.3,24088204.8,True
THRO,31,44.31,24076386.509999998,True
PGEN,31,6.55,24071810.85,True
PHG,31,26.82,24053047.53,True
NVDY,31,13.09,24039424.64,True
BUSE,31,31.08,23966785.560000002,True
CGMS,31,27.13,23917017.41,True
GDXD,31,23.27,23901572.23,True
CNA,31,50.0,23901505.14,True
NVAX,31,8.07,23872310.28,True
CMF,31,56.645,23818900.779999997,True
GARP,31,84.22,23797350.2,True
HAPN,31,19.19,23762692.04,True
ERO,31,34.91,23751267.84,True
ACVA,31,7.62,23699280.8,True
BETA,31,25.6,23696078.0,True
ARI,31,6.83,23689321.5,True
GLWG,31,18.04,23679470.520000003,True
SKHZ,25,10.825,23664676.32,True
NTCT,31,39.14,23664503.78,True
AKRE,31,58.3,23644951.88,True
NHC,31,228.2,23644860.2,True
DBC,31,30.56,23578135.62,True
IHF,31,56.25,23568332.18,True
DFSD,31,47.32,23557502.639999997,True
WLY,31,50.8,23498922.299999997,True
VSS,31,160.22,23435661.0,True
TRN,31,29.87,23426256.84,True
HLIO,31,82.0,23414056.98,True
JAVA,31,83.02,23402462.72,True
AWR,31,87.87,23340642.72,True
TNK,31,89.11,23268453.12,True
NCLD,8,26.97,23245135.255,False
PRDO,31,32.04,23239373.52,True
CWK,31,14.09,23190745.92,True
CALF,31,56.27,23189970.119999997,True
PBH,31,50.04,23160173.74,True
PRKS,31,44.45,23138262.599999998,True
IBOC,31,73.14,23134959.25,True
KOD,31,40.98,23050696.41,True
KWR,31,169.96,23050173.18,True
NWPX,31,117.04,22965512.240000002,True
AGM,31,231.72,22958034.91,True
VIS,31,358.74,22951108.98,True
TMV,31,44.05,22946107.32,True
ANIP,31,76.0,22928716.8,True
IJJ,31,150.83,22926224.94,True
VONE,31,350.19,22864575.0,True
BATRK,31,52.72,22787787.93,True
GNL,31,8.81,22762444.28,True
PFS,31,24.57,22716415.54,True
ASTH,31,39.75,22706211.180000003,True
PRCH,31,16.76,22659001.2,True
AMSC,31,32.13,22628408.15,True
SPUS,31,59.2,22593703.12,True
SGRY,31,14.36,22577894.43,True
NWE,31,70.82,22561856.45,True
EUV,31,27.8,22519754.4,True
BBT,31,32.61,22519182.130000003,True
SUZ,31,7.86,22444767.540000003,True
EVTR,31,50.08,22380353.19,True
BSOL,31,10.37,22343386.490000002,True
ARIS,31,18.12,22340856.0,True
ALNT,31,113.02,22332931.98,True
PLUS,31,86.78,22331234.080000002,True
MSFL,31,23.42,22308301.37,True
KSTR,31,25.81,22292624.97,True
CGMM,31,33.64,22272829.799999997,True
UNFI,31,48.11,22243238.419999998,True
NVEC,31,121.09,22234790.959999997,True
BBUS,31,139.5,22231754.925,True
SPAL,31,16.59,22221199.91,True
ERX,31,104.05,22174857.84,True
FTRE,31,18.1,22173371.290000003,True
PPTA,31,24.39,22151304.66,True
CRMG,31,5.81,22145613.72,True
EWI,31,63.08,22141183.14,True
ALRM,31,55.0,22101960.400000002,True
TBBB,31,48.45,22061361.84,True
PHIN,31,74.6,22024042.080000002,True
GSOL,31,5.74,22016817.5,True
CIGI,31,103.43,21988213.119999997,True
STRA,31,80.69,21975945.720000003,True
INBX,31,92.01,21936152.3,True
FVD,31,50.48,21925953.27,True
SPYU,31,36.45,21921152.8,True
SFBS,31,90.53,21911713.279999997,True
SATL,31,5.81,21904484.150000002,True
AVGX,31,48.45,21884476.95,True
PONY,31,7.98,21883474.48,True
ANDE,31,68.88,21867261.3,True
LBTYA,31,10.37,21849281.2,True
DBD,31,69.7,21786234.92,True
TNET,31,67.14,21772926.5,True
JIRE,31,85.75,21769413.75,True
CRWU,31,5.62,21763773.36,True
OUNZ,31,42.48,21744407.52,True
LIND,31,32.77,21737428.96,True
DTCR,31,29.21,21707485.599999998,True
CEF,31,45.07,21651396.48,True
CUBI,31,82.11,21595313.77,True
ADBG,31,4.35,21575631.84,True
SPMB,31,21.95,21495579.82,True
RZLV,31,2.61,21491265.18,False
TENX,31,1.71,21490739.52,False
AMDD,31,28.2482,21480900.48,True
ADMA,31,9.34,21475141.200000003,True
BLKB,31,43.39,21474202.89,True
CSQR,23,22.55,21348142.919999998,True
TOWN,31,37.59,21334553.5,True
COTY,31,2.67,21329424.9,False
XSMO,31,90.0,21300278.4,True
CLOV,31,4.27,21290106.060000002,True
EFOR,31,30.86,21288947.520000003,True
INTA,31,38.49,21260389.150000002,True
LMBS,31,49.6777,21257189.04,True
HNI,31,48.32,21255304.48,True
ETON,31,61.73,21249745.28,True
GO,31,11.49,21169062.28,True
CIB,31,96.54,21157457.04,True
MGC,31,282.81,21152558.14,True
STAA,31,24.09,21150181.35,True
PZA,31,22.91,21145665.2,True
EMA,31,51.16,21145582.06,True
CGDG,31,38.77,21137187.330000002,True
ESGD,31,107.55,21134435.4,True
WBI,31,31.78,21115531.72,True
DEI,31,11.6,21109232.38,True
DRIP,31,36.79,21082614.36,True
BMA,31,78.83,21023404.68,True
IAK,31,143.89,21017913.531600002,True
TWO,31,12.01,20972461.3,True
PRGS,31,42.86,20966893.95,True
EYPT,31,4.87,20965850.5,True
AVA,31,38.54,20959229.46,True
CLIP,31,100.22,20948038.720000003,True
SPTS,31,28.97,20922830.06,True
DBEF,31,56.3,20903592.72,True
NEAR,31,50.54,20902623.84,True
UGP,31,6.48,20901062.49,True
OSW,31,26.725,20863857.89,True
BVN,31,33.96,20807048.9,True
WAFD,31,37.76,20783961.9,True
IVT,31,33.42,20762613.220000003,True
OI,31,6.62,20761319.25,True
VELO,31,15.595,20753944.98,True
VRTS,31,168.14,20733325.200000003,True
TCAF,31,42.64,20679928.0,True
ALG,31,161.87,20620487.6,True
CNS,31,83.34,20596722.82,True
MLPI,31,54.99,20588343.720000003,True
ENR,31,22.36,20582886.450000003,True
DXPE,31,199.91,20575071.040000003,True
VCEL,31,43.59,20528217.36,True
HE,31,11.81,20517600.48,True
RLJ,31,11.07,20491247.84,True
APPN,31,34.91,20433472.560000002,True
BITI,31,23.84,20406706.24,True
CGNG,31,37.08,20318699.25,True
TSLS,31,61.16,20292669.54,True
UNIT,31,9.85,20265572.52,True
NBTB,31,53.29,20246656.43,True
YANG,31,29.41,20216081.080000002,True
EWL,31,62.92,20215704.6,True
LWLG,31,7.42,20200979.68,True
AQN,31,5.83,20198040.79,True
QDEL,31,14.58,20148954.3,True
HIMX,31,15.41,20132287.92,True
RDVI,31,29.87,20118563.44,True
NBR,31,96.71,20106928.06,True
HROW,31,39.475,20076665.959999997,True
ARX,31,19.54,20057602.36,True
HEFA,31,47.67,20044066.880000003,True
DFAT,31,72.34,20008500.389999997,True
GBX,31,45.78,19987989.9,False
AMUU,31,201.42,19937761.74,False
ZBIO,31,30.5,19924537.900000002,False
FBK,31,61.34,19889601.439999998,False
URNM,31,55.54,19850024.73,False
CWT,31,49.66,19834164.0,False
ALKT,31,20.21,19802525.279999997,False
PRG,31,42.02,19704357.799999997,False
ARKX,31,34.7,19702860.26,False
SKHL,24,10.07,19685611.115000002,False
MLTX,31,16.35,19677681.2,False
SBH,31,16.24,19632421.16,False
IOO,31,144.73,19617660.299999997,False
UFO,31,48.46,19560350.0,False
AOSL,31,31.07,19481260.36,False
BKE,31,43.19,19470295.240000002,False
SENEA,31,189.5,19468053.0,False
WRLD,31,190.0,19441823.04,False
IVR,31,7.52,19418281.168,False
MPTI,31,88.05,19416051.12,False
NMIH,31,45.56,19398157.78,False
FSV,31,139.87,19381808.16,False
FEIM,31,78.84,19369746.9,False
NUTX,31,188.41,19357094.87,False
VTES,31,100.81,19262584.08,False
MRVU,31,125.16,19210415.28,False
CLBT,31,10.44,19180656.95,False
XNCR,31,23.12,19162567.400000002,False
NMRK,31,15.13,19152329.849999998,False
ADTN,31,8.655,19136403.400000002,False
RVII,3,23.6,19120340.099999998,False
OMAH,31,18.42,19119559.68,False
ICFI,31,86.5,19115133.1,False
DGP,31,158.19,19097501.52,False
DIHP,31,35.575,19054579.6,False
LEG,31,9.56,19032414.060000002,False
AMPL,31,12.61,19030388.6,False
SMMD,31,93.09,19006727.76,False
GHM,31,115.48,18969787.200000003,False
TSLR,31,14.85,18940413.68,False
INDI,31,4.71,18920869.68,False
BLFS,31,35.45,18910914.47,False
FAZ,31,31.91,18910870.11,False
SLDE,31,21.6,18909519.0,False
LTC,31,40.51,18903767.87,False
GPRE,31,16.14,18901137.0,False
UPBD,31,19.42,18873917.3,False
SII,31,121.93,18865104.0,False
SOBO,31,36.68,18833666.6,False
TAC,31,12.71,18828177.48,False
CRDU,31,22.31,18813090.669999998,False
MMED,31,19.53,18796551.4,False
LZ,31,5.44,18778677.599999998,False
AADX,31,18.12,18765286.32,False
AOR,31,70.13,18749877.64,False
IJK,31,119.11,18740854.44,False
HWKN,31,131.57,18739696.36,False
LB,31,79.49,18727482.58,False
IWMI,31,53.58,18722771.49,False
RHLD,31,136.86,18699805.96,False
IREX,31,17.73,18653165.0,False
BYND,31,11.63,18629838.020000003,False
ADNT,31,20.1,18590203.5,False
OCUL,31,10.65,18523942.97,False
ABM,31,47.72,18496653.759999998,False
MD,31,26.34,18474061.98,False
AIP,31,27.83,18463451.709999997,False
BBCA,31,107.23,18447818.900000002,False
RVLV,31,23.14,18447186.62,False
BKV,31,26.35,18437777.28,False
NEOG,31,11.87,18433829.95,False
BLCR,31,50.67,18418227.28,False
BEZ,31,9.25,18393940.54,False
FRME,31,43.52,18388571.900000002,False
FCG,31,30.38,18375809.759999998,False
NVCR,31,17.53,18356640.48,False
AVAH,31,12.69,18353174.4,False
NFXL,31,17.12,18348900.02,False
SMA,31,34.1,18344643.2,False
ARMG,31,20.5,18342300.6,False
TRIN,31,17.92,18326302.060000002,False
TSPA,31,48.71,18316422.72,False
DBA,31,28.14,18288523.2,False
GPGI,31,13.19,18258178.26,False
FUTY,31,57.01,18253415.04,False
VOR,31,23.01,18239478.74,False
TFI,31,44.92,18230441.25,False
ASM,31,7.2,18217132.25,False
TBLL,31,105.81,18214021.919999998,False
WLDN,31,83.47,18195018.93,False
DFUV,31,57.54,18184418.72,False
IE,31,10.59,18149603.0,False
FRDM,31,69.05,18132926.3,False
IIPR,31,55.8,18105770.86,False
PLTZ,31,10.04,18081282.56,False
BBNX,31,17.56,18061438.98,False
IDMO,31,63.56,18053201.04,False
VCR,31,393.28,18021871.85,False
EROC,31,17.4,18013516.009999998,False
OTTR,31,92.63,17962073.939999998,False
CRAK,31,59.88,17927647.12,False
MLYS,31,26.05,17891361.240000002,False
MQ,31,15.52,17835638.4,False
VITL,31,11.16,17743048.54,False
ANGL,31,29.0,17740332.72,False
HELO,31,69.92,17736212.0,False
STOK,31,32.13,17719401.84,False
NEXT,31,6.95,17698255.74,False
AZTA,31,33.58,17689957.48,False
NAT,31,6.82,17689123.099999998,False
HAWK,31,23.16,17685017.35,False
TIC,31,9.61,17587981.52,False
GEF,31,87.36,17587161.900000002,False
ASR,31,263.0,17574177.26,False
ROBN,31,25.83,17559804.419999998,False
JJSF,31,87.445,17540195.8,False
CBC,31,32.55,17539770.689999998,False
QQQE,31,123.95,17525422.5,False
ATEC,31,9.45,17498442.78,False
HCSG,31,21.59,17478626.490000002,False
VIA,31,25.42,17471588.84,False
IMTM,31,54.64,17459434.91,False
METC,31,12.23,17441151.0,False
RGTZ,31,2.73,17422298.8,False
BRSL,31,11.34,17420303.88,False
MNKD,31,3.9,17382904.91,False
UE,31,21.85,17374092.599999998,False
PPH,31,111.08,17359899.98,False
MRAM,31,19.85,17349070.86,False
SERV,31,4.9,17344965.900000002,False
ESQ,31,124.09,17342590.56,False
VZLA,31,3.65,17338860.24,False
SGML,31,11.43,17239044.8,False
ABR,31,5.0,17195170.052,False
EPC,31,28.06,17189249.759999998,False
ISTB,31,48.06,17120732.849999998,False
MCRI,31,123.65,17117514.81,False
MICC,31,19.01,17107521.65,False
WLFC,31,58.43,17023823.52,False
CLOA,31,51.875,17009269.2,False
ARLO,31,13.71,16991077.080000002,False
BILZ,31,100.82,16982423.259999998,False
SNDA,31,39.03,16977255.400000002,False
BORR,31,4.5,16935127.04,False
JOYY,31,73.62,16924256.64,False
XMHQ,31,119.59,16915404.09,False
RECS,31,45.42,16863240.919999998,False
HODL,31,18.16,16827904.14,False
NP,31,31.48,16817924.97,False
NGVT,31,75.79,16801829.19,False
IGPT,31,96.79,16798338.92,False
NIQ,31,17.25,16796552.48,False
CGGE,31,35.83,16768838.7,False
FALN,31,27.015,16760127.719999999,False
TH,31,18.07,16744007.22,False
IMCR,31,35.05,16731400.0,False
HIMU,31,48.35,16730232.200000001,False
BRVE,8,27.66,16723082.075,False
IHE,31,103.08,16712580.69,False
IFRA,31,62.11,16703580.450000001,False
UWM,31,68.26,16700764.64,False
TRS,31,39.14,16663034.879999999,False
E,31,56.03,16611885.249999998,False
USAS,31,5.16,16603510.66,False
OCTV,31,18.02,16566581.149999999,False
AMDY,31,46.42,16562637.0,False
MSOS,31,4.54,16553314.8,False
DCH,31,6.8,16507088.71,False
JBIO,31,23.45,16496577.13,False
PWP,31,16.78,16445957.220000003,False
PKX,31,59.07,16438951.32,False
VSTS,31,13.41,16412855.94,False
VRRM,31,4.6,16407784.98,False
AIN,31,63.88,16404663.24,False
EVC,31,8.89,16399916.499999998,False
SPCU,31,13.16,16385256.020000001,False
OCFC,31,19.64,16363620.000000002,False
CBU,31,65.01,16362426.990000002,False
LLYVA,31,101.89,16325986.430000002,False
PRK,31,205.53,16300677.0,False
PTF,31,118.29,16295758.870000001,False
CXM,31,6.7,16269344.42,False
USPH,31,78.48,16266649.0,False
LIFE,31,35.17,16265539.879999999,False
WGO,31,31.58,16260757.74,False
CWVX,31,24.36,16243562.61,False
APLX,31,12.33,16208413.83,False
MBC,31,8.99,16179311.760000002,False
MGRC,31,121.04,16176059.5,False
FCPT,31,25.07,16154913.0,False
HLIT,31,13.43,16142919.6,False
TLRY,31,4.48,16138536.540000001,False
HLF,31,11.99,16136603.149999999,False
HOV,31,130.69,16121524.559999999,False
TFIN,31,77.78,16114576.04,False
ATLC,31,100.14,16111452.5,False
VNLA,31,48.92,15953488.32,False
MUX,31,18.85,15940053.57,False
OMER,31,17.36,15879700.889999999,False
ANNX,31,5.13,15873938.799999999,False
TRMK,31,48.13,15857493.700000001,False
DRUG,31,79.48,15832242.0,False
CHCO,31,145.69,15815428.4,False
LGIH,31,58.62,15794225.92,False
BLMN,31,10.69,15790839.96,False
ZLAB,31,25.64,15784837.120000001,False
COAG,31,53.59,15775363.08,False
THRM,31,43.34,15741124.0,False
FRHC,31,150.47,15739492.23,False
FG,31,26.5,15735158.01,False
LABX,31,13.44,15709914.84,False
GOLD,31,45.39,15703508.6,False
ESGV,31,136.63,15694574.000000002,False
IDEF,31,35.62,15685404.72,False
CRSR,31,12.24,15682064.625,False
ORIC,31,13.38,15681380.0,False
NWBI,31,15.69,15680960.72,False
BLDP,31,2.6,15679545.05,False
FPE,31,17.74,15657310.5,False
SPAX,31,9.95,15656621.09,False
FEGE,31,52.03,15642018.24,False
TYRA,31,26.22,15636900.059999999,False
DFNS,31,30.99,15589991.68,False
AUPH,31,15.29,15571405.709999999,False
TRFK,31,99.96,15543620.58,False
GSIE,31,48.18,15539213.88,False
APEI,31,44.31,15527246.65,False
SBIL,31,100.25,15511457.39,False
CLYM,31,17.44,15486758.709999999,False
XPRO,31,18.57,15483463.68,False
NBHC,31,43.21,15457638.0,False
TROX,31,5.78,15447538.704000002,False
UA,31,5.19,15446844.72,False
JPLD,31,52.07,15417054.23,False
AORT,31,28.32,15412785.399999999,False
VPLS,31,76.2698,15397863.6552,False
CASH,31,85.39,15395704.32,False
USLM,31,117.64,15383977.06,False
TCBK,31,57.46,15380959.86,False
TMSL,31,44.61,15375174.780000001,False
TMC,31,3.77,15352035.72,False
LMB,31,45.06,15344814.379999999,False
CAE,31,27.14,15339594.120000001,False
LITZ,31,7.59,15324142.08,False
ENLT,31,83.54,15323646.120000001,False
CCS,31,70.24,15296250.479999999,False
LINT,31,127.65,15281680.049999999,False
FCF,31,21.51,15266555.600000001,False
WINA,31,349.78,15236509.680000002,False
FLXR,31,38.96,15233665.44,False
TOTL,31,38.805,15223513.59,False
KSA,31,38.02,15212043.0,False
BKLC,31,49.41,15189580.93,False
WWW,31,19.83,15189317.99,False
CCOI,31,10.75,15169463.07,False
MEC,31,24.5,15165352.290000001,False
BOBS,31,18.34,15161423.299999999,False
LOFF,31,16.51,15161387.81,False
GIII,31,33.77,15160769.37,False
CMPR,31,91.75,15115934.7,False
QDTE,31,29.81,15110476.43,False
PALL,31,24.19,15055933.9,False
SLYV,31,111.49,15036005.25,False
HG,31,35.26,15033793.32,False
MLAB,31,107.64,15027835.68,False
AVTX,31,19.95,15014059.98,False
SDGR,31,17.4,15008795.28,False
RPV,31,121.67,15001156.450000001,False
CPER,31,40.13,14978823.020000001,False
ASPI,31,4.02,14977604.069999998,False
JMTG,31,50.07,14974547.92,False
PRLB,31,90.86,14968396.040000001,False
PD,31,11.7,14961495.4,False
EPAC,31,37.08,14954074.31,False
GRC,31,80.65,14942174.799999999,False
ACT,31,49.78,14940618.840000002,False
IART,31,17.66,14940320.190000001,False
FTHI,31,24.35,14925816.0,False
FNDA,31,38.34,14924368.06,False
DAC,31,146.28,14919826.19,False
JDST,31,25.22,14902585.499999998,False
WCMI,31,20.11,14902350.6,False
ARDX,31,4.06,14884114.28,False
DISK,31,41.29,14869714.08,False
SPNT,31,23.45,14842098.6,False
CSWC,31,24.64,14833899.600000001,False
NOMD,31,11.38,14798238.85,False
CGIC,31,37.11,14795004.399999999,False
PCRX,31,23.24,14790886.0,False
BABX,31,22.5,14782773.72,False
GRBK,31,70.88,14773217.399999999,False
BOT,31,32.49,14764788.090000002,False
MUNI,31,51.76,14749499.76,False
CBL,31,56.94,14739788.31,False
ATHM,31,22.49,14730297.12,False
SHG,31,75.92,14726491.78,False
SCHL,31,41.48,14639478.0,False
SK,25,26.04,14607871.857,False
PLAY,31,10.15,14573310.18,False
NBN,31,134.01,14545431.6,False
VYX,31,7.7,14543610.72,False
MSFD,31,10.71,14532671.700000001,False
EEMV,31,75.71,14528552.295000002,False
EVER,31,23.65,14523863.88,False
GSG,31,33.08,14502859.84,False
WTI,31,3.75,14494324.5,False
VOOV,31,228.5352,14486617.7928,False
BSCQ,31,19.56,14483272.37,False
EFC,31,13.59,14482130.600000001,False
ECVT,31,10.39,14446838.0,False
CAIE,31,27.27,14441423.57,False
MPLT,31,11.245,14414650.950000001,False
SA,31,32.42,14411791.76,False
KOPN,31,5.32,14406718.239999998,False
LIT,31,76.24,14388649.44,False
COLL,31,28.07,14383098.38,False
AAUC,31,22.37,14382832.799999999,False
PFFA,31,21.05,14374869.959999999,False
BBEU,31,80.41,14359424.959999999,False
WVE,31,5.09,14356201.65,False
FHLC,31,81.29,14278124.0,False
LZB,31,41.52,14274330.719999999,False
PWB,31,163.81,14272647.629999999,False
SKE,31,32.15,14243891.999999998,False
TSHA,31,6.21,14241580.99,False
VIV,31,11.4,14239281.600000001,False
IMMX,31,11.34,14232827.76,False
ZGN,31,13.37,14232655.799999999,False
AVBP,31,29.01,14231472.64,False
WFG,31,68.41,14182158.4,False
QBTX,31,9.76,14149517.6,False
NRGV,31,3.82,14146128.15,False
ALH,31,24.79,14137101.36,False
BRC,31,94.26,14104373.67,False
SAFT,31,103.36,14099624.0,False
TFSL,31,17.505,14082008.920000002,False
PSIX,31,39.5,14049419.85,False
COHX,31,36.72,14042358.91,False
SVC,31,8.09,14036870.290000001,False
IYM,31,189.07,14033327.56,False
BXDC,31,20.33,14015106.9,False
QFIN,31,11.94,14013901.6,False
FWONA,31,93.46,13992903.27,False
RGNX,31,11.33,13988021.25,False
MRVI,31,5.68,13980516.100000001,False
WIT,31,1.91,13904370.32,False
ANDG,31,49.0,13902604.85,False
OPY,31,118.26,13899159.18,False
BCAX,31,24.94,13890816.899999999,False
KOF,31,108.69,13886645.540000001,False
EPI,31,42.89,13875839.28,False
VFMO,31,241.24,13856096.16,False
MTX,31,72.37,13840543.92,False
PRF,31,56.18,13824794.1,False
HOPE,31,14.36,13821546.41,False
OSS,31,13.44,13804878.68,False
XNTK,31,368.44,13784335.95,False
VCRM,31,74.98,13775901.75,False
TILE,31,38.04,13754449.799999999,False
PNRG,31,210.6,13753624.72,False
STC,31,68.07,13733915.649999999,False
CWH,31,6.22,13731206.4,False
SFL,31,12.48,13705887.4,False
VIR,31,9.39,13704479.64,False
WTV,31,107.34,13698667.62,False
MOO,31,81.19,13688232.600000001,False
TRMD,31,30.61,13683301.02,False
JOE,31,67.78,13682793.120000001,False
XERS,31,8.52,13662687.389999999,False
ARKQ,31,130.47,13658779.89,False
ROCK,31,47.53,13657618.8,False
MGEE,31,81.03,13649121.27,False
DGXX,31,3.88,13648166.4,False
EVH,31,4.41,13645273.14,False
ROOT,31,49.7,13608348.6,False
OFG,31,53.52,13596702.06,False
BANF,31,114.93,13589897.16,False
SCHC,31,51.22,13562812.934999999,False
FLMI,31,24.65,13561087.799999999,False
WDS,31,23.61,13528178.790000001,False
TTI,31,8.42,13526598.96,False
VSTM,31,7.18,13522049.25,False
FUBO,31,10.27,13490156.91,False
BALT,31,34.73,13482878.83,False
UNHG,31,20.12,13448859.0,False
CNOB,31,32.78,13426651.49,False
FNGD,31,27.41,13421841.42,False
SLNH,31,1.33,13417004.16,False
NNI,31,125.83,13413656.64,False
CARE,31,32.03,13388930.64,False
MLKN,31,23.34,13384012.799999999,False
LFTO,31,19.53,13372059.0,False
PMMF,31,100.32,13298284.680000002,False
GRRR,31,14.95,13293241.8,False
TDAY,31,7.17,13246747.950000001,False
WD,31,40.7,13223294.36,False
GERN,31,1.53,13195119.08,False
INVA,31,20.96,13188179.85,False
FMS,31,23.5,13177205.46,False
LNN,31,114.04,13176529.629999999,False
PAM,31,79.86,13172592.08,False
EFSC,31,65.96,13156873.8,False
RAPP,31,48.42,13126706.45,False
DFGP,31,53.3322,13114760.025,False
VET,31,11.88,13108326.0,False
SNPE,31,71.53,13098998.040000001,False
TFPM,31,31.64,13096211.05,False
BFC,31,156.88,13080802.35,False
KURA,31,11.28,13061224.0,False
KFRC,31,57.06,13031649.510000002,False
BATL,31,1.42,13024429.32,False
ETHT,31,10.43,12982450.12,False
JHMM,31,77.15,12961684.08,False
PHVS,31,35.32,12941092.92,False
EPOL,31,43.96,12935725.8,False
RIGL,31,42.45,12931334.100000001,False
GTY,31,33.07,12909715.34,False
CMBT,31,17.37,12906257.49,False
MFA,31,9.11,12888165.8,False
BBAX,31,64.08,12885396.05,False
EWP,31,62.4,12884379.98,False
NB,31,4.81,12868832.729999999,False
FELG,31,44.87,12840551.15,False
EAGG,31,46.58,12819300.76,False
HMN,31,51.3,12810764.8,False
IVES,31,39.61,12806044.440000001,False
HIFS,31,301.87,12798685.11,False
RUM,31,8.24,12789524.4,False
CRCA,31,16.47,12762461.85,False
SEPN,31,44.2,12731959.0,False
PMT,31,9.62,12730905.600000001,False
BTCI,31,28.61,12710975.96,False
BSBR,31,5.71,12698134.921,False
ETHD,31,57.09,12688252.5,False
GSL,31,43.38,12680351.48,False
PAR,31,18.55,12645046.68,False
HELP,31,11.57,12614901.0,False
AMRC,31,28.5,12614396.719999999,False
QLTY,31,42.84,12611538.799999999,False
HLX,31,10.54,12595149.299999999,False
AVL,31,45.98,12575958.5,False
FIZZ,31,31.03,12575569.14,False
GBDC,31,13.12,12559832.59,False
ECH,31,40.52,12547640.38,False
SIDU,31,2.535,12544661.5,False
GOF,31,10.3,12514814.700000001,False
DIVB,31,67.42,12502582.080000002,False
PSUS,31,39.72,12497784.3,False
IBDT,31,25.19,12496085.200000001,False
CRVS,31,14.91,12495142.19,False
PFXF,31,18.11,12481429.23,False
CGIE,31,38.22,12455193.96,False
PTY,31,11.68,12445596.24,False
MNRO,31,11.56,12430670.280000001,False
XQQI,31,50.23,12422039.0,False
WOR,31,57.71,12416293.92,False
MSTY,31,12.43,12402041.719999999,False
AHCO,31,5.81,12398180.209999999,False
KEP,31,11.81,12396733.35,False
DSI,31,147.41,12379138.2,False
PHAT,31,9.28,12344869.81,False
IAUX,31,1.65,12340197.52,False
SYBT,31,84.28,12339603.36,False
FBNC,31,66.12,12337390.96,False
IOSP,31,93.83,12336053.5,False
MAX,31,12.69,12323109.0,False
IXJ,31,102.28,12306915.0,False
DHC,31,8.29,12305361.270000001,False
EPP,31,57.03,12272140.56,False
EIDO,31,12.6,12258380.16,False
CGSD,31,25.72,12221100.88,False
HIMZ,31,28.24,12219074.700000001,False
IYK,31,73.64,12217027.95,False
PBLS,31,37.22,12212431.44,False
HELE,31,28.15,12203416.08,False
PAYP,31,14.97,12156239.5,False
ALLW,31,29.89,12150880.566,False
XHR,31,19.07,12124176.4,False
BZH,31,33.17,12113369.7,False
SKYQ,31,2.73,12109376.25,False
LBRX,31,46.23,12103291.379999999,False
BV,31,11.35,12092197.8,False
ZVRA,31,11.53,12091828.52,False
JACK,31,17.1,12084974.44,False
JBBB,31,47.43,12081602.01,False
GBTG,31,9.44,12073231.36,False
ULTY,31,27.53,12053606.22,False
EVTC,31,30.39,12041094.39,False
SATA,31,99.38,12034043.559999999,False
SMBS,31,24.98,12031170.25,False
RDVT,31,68.04,12004665.540000001,False
TNC,31,67.57,12003245.28,False
ERY,31,9.33,12002414.760000002,False
SSL,31,11.71,11994986.159999998,False
ANRO,31,33.6,11990909.19,False
AYA,31,26.67,11981420.6,False
DUSB,31,50.73,11969219.76,False
SLYG,31,118.94,11931942.0,False
SMST,31,52.9932,11909324.8602,False
IBX,31,17.05,11893368.06,False
DCOM,31,40.88,11892114.78,False
FIXD,31,42.8946,11885422.040000001,False
ODC,31,92.54,11885191.200000001,False
AMPG,31,3.7,11869580.52,False
UHAL,31,73.76,11869551.860000001,False
PFFD,31,18.53,11845863.05,False
MYE,31,33.04,11823262.5,False
GNR,31,75.33,11819270.2,False
FTGC,31,30.03,11809834.709999999,False
FEOE,31,55.81,11806392.889999999,False
TBUX,31,49.905,11800458.06,False
STBA,31,50.63,11796998.61,False
IBDS,31,24.18,11785924.48,False
QGRW,31,67.99,11776168.639999999,False
INCM,31,29.55,11758776.78,False
BEMD,2,24.885,11757087.3275,False
TBLA,31,3.89,11752122.33,False
SCHQ,31,29.71,11749095.67,False
WNC,31,12.73,11726048.77,False
RSPA,31,54.6,11724790.605,False
KC,31,11.39,11648723.07,False
BIOA,31,10.4,11647937.5,False
SMLF,31,90.47,11645706.42,False
MITK,31,18.53,11643205.72,False
WSE,31,12.91,11641614.41,False
UVV,31,44.32,11599360.08,False
DISV,31,44.16,11598621.440000001,False
PEBO,31,41.07,11586910.44,False
FCOM,31,70.19,11584058.219999999,False
TRNS,31,93.84,11570757.75,False
DMRA,31,31.09,11566821.84,False
HFWA,31,29.6,11566138.85,False
DXD,31,16.54,11559576.3,False
PAX,31,11.42,11554476.08,False
OTLK,31,0.6722,11539003.88,False
QBTZ,31,2.92,11523411.129999999,False
CLSE,31,33.9,11508609.889999999,False
IFS,31,54.64,11506540.81,False
LAR,31,6.6,11504853.360000001,False
YMAG,31,11.27,11487965.39,False
IDT,31,66.46,11480781.76,False
CTS,31,63.37,11462272.360000001,False
PSO,31,16.15,11449462.26,False
WMK,31,70.25,11446873.76,False
QNST,31,20.175,11426658.4,False
RYZ,31,29.2,11418280.4,False
IWC,31,199.44,11381225.8,False
SPGP,31,127.4,11377008.190000001,False
MCB,31,93.34,11363067.8,False
DOLE,31,12.93,11361338.8,False
APMD,12,32.55,11360421.82,False
PLSE,31,46.79,11339995.2,False
CTA,31,27.88,11338517.34,False
SRCE,31,87.9,11334833.82,False
OLMA,31,10.77,11325581.22,False
IRMD,31,88.02,11321808.54,False
ODD,31,12.09,11308003.200000001,False
USTB,31,50.47,11296072.2,False
GLTR,31,200.28,11283798.68,False
CADL,31,12.16,11273971.9,False
EFXT,31,22.48,11256986.37,False
BMNZ,31,11.87,11247501.6,False
WEAT,31,25.0,11242958.32,False
QNDX,31,24.73,11217288.78,False
CWEB,31,22.54,11214485.1,False
DOO,31,63.795,11199928.5,False
DFGR,31,29.41,11198822.540000001,False
FXY,31,57.53,11197922.700000001,False
HNRG,31,16.19,11182759.32,False
OXM,31,36.51,11182228.17,False
IBDU,31,23.07,11178598.02,False
GRDN,31,38.0,11172561.75,False
NPK,31,144.17,11170966.559999999,False
UCON,31,24.66,11158026.34,False
SPRY,31,6.24,11096539.06,False
WRD,31,6.08,11087420.0,False
SXC,31,9.51,11081892.0,False
GCOW,31,46.6,11078715.32,False
GUNR,31,53.98,11078228.7,False
ALIT,31,13.44,11058287.069999998,False
HBNC,31,20.36,11056557.6,False
FWRG,31,12.31,11055589.62,False
TWM,31,20.32,11045356.979999999,False
PLOW,31,41.98,11019091.200000001,False
XNDU,31,11.25,11018593.74,False
ALT,31,3.0,10948092.57,False
CCB,31,48.94,10945766.7,False
OSBC,31,25.83,10933368.76,False
JANX,31,16.26,10921347.4,False
CNXN,31,78.55,10898577.06,False
LADR,31,9.88,10894457.520000001,False
IBDV,31,21.61,10884200.65,False
SLVM,31,36.43,10867679.729999999,False
NWN,31,50.43,10853936.25,False
LBTYK,31,10.1,10846070.479999999,False
ARGT,31,91.33,10817173.020000001,False
ROCQ,31,56.4014,10811549.8041,False
REM,31,22.05,10793547.520000001,False
BBW,31,38.19,10768617.299999999,False
VSGX,31,83.74,10767124.4,False
BKGI,31,44.37,10760782.719999999,False
ZYME,31,25.31,10757438.14,False
FTCB,31,20.56,10745982.18,False
TLK,31,14.83,10743473.27,False
DEC,31,14.39,10734221.34,False
FXU,31,48.51,10733241.58,False
GLIBK,31,25.57,10730367.85,False
DFEN,31,86.26,10708488.92,False
DQ,31,14.24,10697828.64,False
CGEM,31,20.59,10687088.95,False
KNG,31,51.59,10681241.58,False
IBDR,31,24.2,10680362.88,False
EE,31,36.08,10674449.940000001,False
BKDV,31,34.74,10663869.13,False
ONDL,31,8.78,10660759.040000001,False
BEG,31,39.355,10659987.4,False
IAI,31,191.0,10651185.0,False
CENTA,31,37.64,10604522.82,False
NPKI,31,14.32,10596537.0,False
XIFR,31,11.61,10587873.12,False
CDRE,31,33.3,10548042.879999999,False
MLCO,31,5.47,10546269.4,False
AMTB,31,29.02,10545776.23,False
MORT,31,9.92,10536343.549999999,False
ALLO,31,2.08,10530862.56,False
FTK,31,28.66,10521766.08,False
VRP,31,24.13,10507987.74,False
OGC,31,29.49,10486710.16,False
IGEB,31,44.11,10483267.86,False
CMP,31,25.76,10472630.56,False
CCO,31,2.32,10470098.54,False
HZO,31,52.25,10464873.92,False
FET,31,86.31,10456492.68,False
IMKTA,31,86.52,10455838.639999999,False
EWQ,31,47.14,10435733.120000001,False
UROY,31,4.16,10398617.6,False
DMC,31,30.42,10395537.26,False
TIMB,31,17.59,10389530.069999998,False
BCH,31,41.09,10377445.0,False
MAZE,31,27.95,10374741.28,False
LKFN,31,61.82,10365007.95,False
VRIG,31,25.115,10354749.09,False
PRSU,31,47.99,10350014.040000001,False
AAOZ,24,7.58,10348251.920000002,False
SES,31,0.5691,10344271.986200001,False
CLM,31,6.94,10342379.932,False
SPCM,31,16.83,10329600.0,False
ROBO,31,84.82,10322758.92,False
BSCU,31,16.575,10320522.87,False
KRUS,31,50.62,10298734.379999999,False
PNTG,31,39.18,10268601.7,False
SCSC,31,51.71,10263289.469999999,False
MNTN,31,12.46,10228532.24,False
BHC,31,6.58,10207279.68,False
BPRE,31,12.04,10188093.440000001,False
AMBP,31,5.22,10169910.24,False
HOOG,31,25.8238,10164869.19,False
PRN,31,231.36,10152764.34,False
RR,31,1.72,10142298.18,False
VNM,31,17.15,10136010.3,False
HYLN,31,4.09,10119159.76,False
STGW,31,8.7,10105643.5,False
DFNM,31,47.65,10099440.0,False
XHLF,31,50.25,10097587.5,False
CTOS,31,10.49,10085559.68,False
QCLN,31,53.16,10043392.59,False
DCOR,31,85.265,10037678.4,False
ONT,31,16.04,10026198.180000002,False
HPP,31,13.8,9995892.120000001,False
BSAC,31,34.57,9979403.46,False
EVLV,31,5.47,9961345.44,False
PFBC,31,107.47,9960913.92,False
DFEV,31,42.2,9940457.3,False
ALTO,31,4.22,9940190.4,False
UTES,31,77.87,9935461.8,False
BSCR,31,19.65,9933696.66,False
RAAX,31,41.93,9930492.200000001,False
BY,31,39.15,9907775.120000001,False
TOPT,31,33.79,9906909.209999999,False
CRVL,31,66.87,9901678.05,False
DLN,31,101.0,9881153.100000001,False
TBCVU,3,9.9,9877330.91,False
AVO,31,12.95,9866030.72,False
GDYN,31,7.5,9832576.950000001,False
ACWV,31,125.965,9830610.78,False
TKC,31,5.42,9820003.2,False
UVSP,31,43.06,9818516.48,False
FSEC,31,43.34,9802116.0,False
UTG,31,40.31,9795575.040000001,False
YMAX,31,7.65,9792261.005,False
SVV,31,10.56,9788721.48,False
AGEN,31,7.15,9788330.51,False
IHAK,31,64.99,9787835.4,False
MRTN,31,15.27,9781751.04,False
IBDW,31,20.62,9781106.010000002,False
LPL,31,3.53,9773460.0,False
ITM,31,46.01,9733836.42,False
BXC,31,85.29,9722548.260000002,False
ASTE,31,43.25,9719398.72,False
DRVN,31,12.755,9702307.585,False
FFSM,31,38.43,9689936.34,False
BSCS,31,20.385,9681697.725,False
CLOI,31,52.89,9674165.790000001,False
ETHW,31,13.63,9659648.0,False
JBSS,31,83.79,9647230.32,False
DDM,31,67.89,9636168.6,False
XAGG,31,49.9161,9633630.51,False
LILAK,31,8.44,9625473.959999999,False
VOLT,31,39.31,9622244.799999999,False
FXL,31,224.1169,9617889.16,False
FOXF,31,20.55,9611593.94,False
KRP,31,14.97,9606015.48,False
APPX,31,12.95,9573593.8396,False
INVX,31,30.79,9568867.940000001,False
QCRH,31,104.84,9563698.0,False
DFIN,31,47.72,9544783.950000001,False
ITIC,31,288.35,9541122.03,False
MCHB,31,16.75,9521156.219999999,False
FWRD,31,19.32,9514374.48,False
WTAI,31,44.01,9495342.92,False
EIG,31,48.09,9488017.98,False
JMIA,31,6.33,9484947.96,False
TMP,31,100.28,9437939.12,False
PRME,31,3.17,9421514.36,False
CLVT,31,1.89,9419453.16,False
SSG,31,11.23,9409896.6,False
TDIV,31,116.0999,9406856.959999999,False
SLQD,31,50.145,9401387.450000001,False
DLX,31,23.97,9399227.09,False
NSSC,31,38.06,9394733.979999999,False
SMU,31,6.23,9394398.81,False
IONL,31,18.72,9382635.57,False
EQWL,31,134.22,9380432.46,False
CGHM,31,25.44,9372782.25,False
ASTN,31,4.01,9354935.100000001,False
HTLD,31,12.82,9347082.06,False
TBT,31,39.09,9344768.1,False
GVI,31,105.35,9310445.76,False
JKS,31,16.62,9307651.08,False
IMCG,31,100.0,9258460.5,False
CCCC,31,4.265,9253842.200000001,False
TGLS,31,40.72,9247304.36,False
DNUT,31,3.2,9228371.84,False
AOA,31,99.54,9216907.02,False
HLMN,31,8.82,9214156.85,False
BSCT,31,18.565,9213044.17,False
IAUI,31,51.92,9206329.299999999,False
SHM,31,47.67,9201462.4,False
JSCP,31,46.95,9201357.9,False
TRUP,31,29.99,9196298.28,False
CCUP,31,1.94,9177996.44,False
TIGR,31,4.84,9176740.799999999,False
SOFX,31,9.97,9157758.7,False
SPBO,31,28.34,9152764.46,False
BCAT,31,15.72,9151446.33,False
STDN,23,13.31,9145806.040000001,False
OBK,31,53.66,9138570.93,False
VNQI,31,45.2603,9125464.32,False
IYC,31,101.94,9120195.0,False
VIOO,31,138.89,9113949.459999999,False
NEA,31,11.3,9111191.4,False
PSEC,31,2.21,9106417.440000001,False
XTL,31,220.96,9104261.1,False
LTPZ,31,47.17,9100709.93,False
PGC,31,46.71,9080105.6,False
WABC,31,59.5,9065068.88,False
VSDM,31,76.19,9061473.3,False
QMCO,31,24.92,9060729.6,False
NTB,31,62.96,9059629.950000001,False
IMSR,31,5.82,9055884.125,False
AAT,31,22.65,9031011.639999999,False
RBCAA,31,96.76,9023817.51,False
GLDI,31,149.895,9021395.41,False
PACB,31,1.21,9020525.25,False
NBSD,31,50.69,9019108.93,False
ADAMK,1,24.87,9013683.84,False
IVOO,31,132.83,9004953.6,False
ROCY,31,55.55,9003443.399999999,False
VFMF,31,186.955,8993693.7342,False
PKE,31,37.49,8992788.6,False
FLIN,31,35.68,8992262.08,False
FBT,31,259.6329,8964403.99,False
WF,31,71.48,8962461.6,False
SDIV,31,24.66,8958537.28,False
CIG,31,1.92,8957117.15,False
XPEL,31,49.995,8954051.879999999,False
ABEO,31,5.94,8949353.11,False
CGCV,31,33.45,8947619.52,False
EMLP,31,44.42,8932773.16,False
SGMT,31,10.43,8920010.24,False
DIN,31,34.99,8908263.21,False
IDVO,31,43.29,8883296.620000001,False
KMTS,31,27.82,8877414.4,False
NVGS,31,21.55,8872630.83,False
DEA,31,24.53,8865803.100000001,False
TCHP,31,51.17,8860504.379999999,False
FSUN,31,40.98,8854211.399999999,False
RDTL,31,15.88,8853819.52,False
ETD,31,22.77,8823659.68,False
ABTC,31,7.12,8801713.8,False
USOI,31,46.44,8797211.19,False
DAKT,31,19.94,8790359.5,False
TREE,31,31.35,8789222.92,False
BVS,31,13.88,8787258.48,False
MLPA,31,56.23,8776366.48,False
TDUP,31,2.86,8773662.4,False
SOLT,31,33.31,8771755.47,False
COWG,31,40.03,8770857.0964,False
CSTL,31,29.95,8749760.28,False
AB,31,36.19,8743246.25,False
SVRA,31,5.37,8739004.040000001,False
REAX,31,2.42,8736178.0,False
CYRX,31,15.32,8733821.25,False
USA,31,6.05,8732904.64,False
FLDR,31,50.09,8727813.450000001,False
HEEM,31,42.66,8727550.04,False
VAW,31,234.44,8712053.56,False
CLOZ,31,26.33,8711333.16,False
FLOC,31,23.41,8706280.32,False
GSST,31,50.51,8705651.049999999,False
BLOK,31,61.08,8663296.815,False
IBTI,31,22.105,8662900.96,False
RGTX,31,14.73,8657933.06,False
TAFI,31,25.075,8645120.64,False
RAMZ,15,15.55,8637508.956999999,False
FTSL,31,44.97,8617371.4,False
ARHS,31,9.53,8614770.6,False
BLX,31,55.1,8606173.88,False
HTH,31,39.33,8605152.45,False
IBTH,31,22.36,8603182.14,False
VCX,31,41.0,8602016.9,False
SECZ,31,5.39,8590520.28,False
IX,31,40.13,8577951.6,False
FXN,31,23.12,8570818.290000001,False
FDT,31,96.1377,8569666.432599999,False
TSLX,31,18.44,8565205.34,False
DFH,31,15.08,8564820.84,False
SPIR,31,13.74,8557250.0,False
DBO,31,21.56,8556036.930000002,False
CMCO,31,19.08,8546947.2,False
IAT,31,65.2,8542900.17,False
STLN,31,6.31,8535785.3,False
TSAT,31,50.55,8532774.33,False
ARCO,31,7.86,8524573.84,False
SLDB,31,9.1,8522383.41,False
BBUC,31,28.95,8520497.37,False
CTMX,31,3.45,8517634.24,False
MAMA,31,17.27,8491214.45,False
LOB,31,43.29,8487498.0,False
TSLY,31,21.87,8480807.850000001,False
IEO,31,132.6,8480777.76,False
BHRB,31,72.33,8476425.03,False
NMR,31,9.81,8464654.14,False
IRWD,31,4.36,8432843.9,False
HFXI,31,38.59,8427070.370000001,False
QTTB,31,15.95,8424644.6,False
ASC,31,18.07,8414361.780000001,False
FBRT,31,8.03,8395765.37,False
SHOE,31,15.5,8385461.699999999,False
LRGF,31,78.85,8380528.08,False
BDYN,31,28.6172,8379639.0652,False
ARKW,31,152.13,8375198.58,False
UVE,31,42.69,8374439.359999999,False
ESRT,31,4.66,8373837.42,False
SMTH,31,25.33,8368039.2,False
VGUS,31,75.585,8366204.91,False
BBAR,31,15.26,8362113.699999999,False
CTBI,31,78.48,8353719.25,False
PDS,31,88.61,8350942.319999999,False
SWMR,31,47.08,8327831.399999999,False
RYLD,31,16.41,8310408.4799999995,False
AMPH,31,20.86,8279236.8,False
AMSF,31,26.41,8272474.9399999995,False
GGLS,31,58.5551,8250594.2,False
SPT,31,9.55,8247978.9,False
JPIB,31,47.87,8239820.819999999,False
CLB,31,12.62,8236538.57,False
SLDP,31,2.35,8223113.600000001,False
BMNG,31,16.0149,8221642.56,False
URG,31,1.36,8209078.65,False
WLTH,31,9.16,8197464.840000001,False
BBSI,31,31.33,8193652.08,False
CURE,31,127.86,8192735.2,False
DEM,31,54.71,8188112.4,False
RWT,31,4.8,8182922.28,False
RSPG,31,112.27,8179407.319999999,False
KARO,31,62.21,8165453.4,False
GTO,31,46.22,8155188.14,False
VTOL,31,46.15,8153741.76,False
EWN,31,71.5,8141368.620000001,False
CIM,31,11.74,8128564.83,False
CLPT,31,15.5,8123551.01,False
DNA,31,6.92,8098989.8,False
HFSI,31,34.96,8091557.640000001,False
BGS,31,3.45,8076000.28,False
WPP,31,25.84,8075662.01,False
ITRN,31,52.83,8040868.100000001,False
ACHV,31,7.5,8038146.84,False
MEI,31,18.08,8018240.16,False
EZA,31,68.19,8011442.04,False
LXU,31,10.5,7996497.09,False
HYS,31,92.88,7993569.100000001,False
OVL,31,58.16,7987461.76,False
BUR,31,4.27,7951539.68,False
FMTM,31,39.82,7948076.5,False
RES,31,6.57,7947125.2,False
KOP,31,47.45,7946736.2,False
LCLN,31,24.98,7929893.4399999995,False
ALMU,31,17.78,7916084.72,False
SANA,31,3.68,7912313.82,False
UYLD,31,51.1132,7902801.9,False
FTLS,31,76.38,7901740.14,False
MSEX,31,58.02,7897150.95,False
RLMD,31,4.77,7870785.3,False
NABL,31,3.27,7865691.839999999,False
HYLS,31,40.75,7863403.32,False
AMDW,31,87.7,7850093.33,False
UFCS,31,53.4,7847201.850000001,False
CTRN,31,72.67,7843749.1,False
LMUB,31,49.74,7830667.680000001,False
FLNG,31,30.88,7825167.24,False
PWRD,31,114.64,7815654.08,False
TEN,31,42.16,7809128.050000001,False
RRBI,31,102.4,7808314.0200000005,False
BUFD,31,30.28,7803800.8,False
ATTO,9,22.71,7797379.66,False
QLTA,31,46.3,7792439.76,False
JMOM,31,85.5,7791683.1,False
BALI,31,35.07,7766633.15,False
KLRA,31,18.51,7766129.63,False
PLGO,31,23.53,7761168.64,False
PFLT,31,7.26,7759297.007999999,False
AVGE,31,102.29,7754749.409999999,False
IGOV,31,41.22,7750093.300000001,False
XSW,31,195.78,7737529.8,False
ACRS,31,5.92,7730525.040000001,False
SIBN,31,18.69,7717339.5,False
TDAQ,31,27.77,7716497.06,False
IBTG,31,22.86,7716292.180000001,False
MEAR,31,50.22,7714925.55,False
RFIX,31,34.88,7708326.0,False
SCL,31,64.72,7707961.65,False
NMM,31,82.77,7703718.75,False
WS,31,37.87,7702606.430000001,False
HAFN,31,7.86,7701901.5600000005,False
DFGX,31,52.195,7697111.46,False
NYF,31,52.89,7677492.96,False
CLOU,31,27.88,7673132.17,False
EMGF,31,72.34,7665539.7,False
MDYG,31,113.685,7653372.8,False
EMEQ,31,66.41,7628599.4399999995,False
DRTS,31,14.15,7623638.76,False
AVSC,31,74.88,7610935.5,False
TBPH,31,16.92,7610593.6899999995,False
AMDG,31,96.66,7593704.942400001,False
OBE,31,11.57,7585535.94,False
CARS,31,11.86,7575723.54,False
CBOX,31,101.37,7575240.96,False
CVLG,31,35.44,7566446.840000001,False
EVMN,31,14.25,7565198.66,False
SSTK,31,5.41,7563519.81,False
GSBD,31,9.78,7555956.48,False
CABA,31,2.89,7554299.399999999,False
FLCB,31,21.03,7554081.15,False
FPX,31,193.56,7544692.760000001,False
FTH,31,32.77,7531144.39,False
DRN,31,10.9,7529957.0,False
IDEQ,31,36.13,7524214.95,False
CABO,31,29.88,7523260.159999999,False
LLYX,31,26.29,7518846.72,False
TALK,30,5.25,7498969.54,False
ORBS,31,0.6824,7488493.915999999,False
IQ,31,1.33,7470749.399999999,False
ADX,31,26.23,7460274.359999999,False
AQST,31,4.29,7454384.7,False
SPPP,31,14.25,7452949.2,False
NVRI,31,20.91,7450285.0,False
MBIN,31,54.54,7449562.45,False
HRTG,31,34.17,7448213.2,False
CWI,31,41.71,7444821.4399999995,False
AVR,31,9.42,7443167.489999999,False
GSBC,31,80.39,7440855.4799999995,False
AMA,31,29.04,7426490.2700000005,False
QGRO,31,120.04,7425288.86,False
OFRM,31,17.44,7406645.079999999,False
WQTM,31,35.3,7397742.66,False
UMH,31,16.14,7397441.04,False
PWV,31,81.47,7381476.43,False
NTGR,31,22.61,7379268.13,False
IBCP,31,38.38,7371116.76,False
COMT,31,34.1932,7364026.858,False
WEAV,31,5.53,7351442.0,False
SLVP,31,37.51,7347349.8,False
MDYV,31,96.91,7346231.97,False
PHR,31,11.58,7337745.3,False
RVI,31,28.55,7332014.8,False
ONDG,31,3.46,7318435.085999999,False
PDO,31,12.72,7316835.279999999,False
IIIN,31,32.82,7315546.680000001,False
EGBN,31,28.55,7301852.25,False
HAFC,31,32.2,7301375.92,False
TRLV,31,9.47,7300723.2,False
FEPI,31,42.22,7298994.779999999,False
IMOS,31,57.245,7287487.8,False
CERS,31,2.97,7277447.5200000005,False
ICF,31,68.48,7275418.08,False
BETR,31,13.54,7275270.24,False
NAVI,31,9.16,7271116.08,False
GENB,31,15.69,7261128.7,False
CRMD,31,7.67,7251403.93,False
ECAT,31,15.41,7248517.100000001,False
ADAM,31,10.12,7246574.16,False
RQI,31,12.35,7243336.8,False
BKKT,31,7.12,7228496.8,False
AMAL,31,50.82,7219508.399999999,False
VTHR,31,342.0176,7216884.64,False
MTUS,31,22.03,7215946.859999999,False
IXG,31,134.38,7213184.0,False
XCEM,31,51.3,7205728.54,False
METD,31,16.8283,7200507.800000001,False
ACDC,31,5.28,7198443.72,False
MBWM,31,61.14,7166792.04,False
INMD,31,15.02,7155921.0,False
REX,31,45.13,7155202.2,False
AVIV,31,83.08,7152065.33,False
BHYP,31,33.15,7146824.87,False
FDMT,31,14.545,7144910.9,False
FOTO,31,21.9,7130539.5,False
ALX,31,267.22,7126943.880000001,False
STRT,31,81.74,7124617.98,False
SECT,31,73.17,7122622.430000001,False
GOVZ,31,32.74,7122277.329999999,False
ETHB,31,24.54,7118685.899999999,False
FREL,31,29.75,7118561.3100000005,False
QCML,31,14.58,7116226.95,False
FDIS,31,102.13,7111875.7,False
THFF,31,81.61,7104116.330000001,False
REF,13,16.0,7095619.26,False
MATW,31,23.0,7093190.390000001,False
PAHC,31,34.63,7092166.449999999,False
OXLC,31,9.4,7092018.882999999,False
DDD,31,3.64,7091254.06,False
CRTO,31,17.82,7089757.08,False
GABC,31,50.94,7084457.93,False
IDU,31,112.16,7083459.899999999,False
CTO,31,21.91,7078893.51,False
XES,31,125.78,7070813.58,False
STRO,31,22.28,7061051.34,False
FRNM,31,13.0,7053307.199999999,False
ABAT,31,2.43,7048447.68,False
MNSO,31,10.76,7032548.600000001,False
FDMO,31,97.69,7023518.32,False
AGRO,31,9.26,7006721.399999999,False
BRSP,31,4.86,6997768.4,False
LSPD,31,10.23,6978384.16,False
FYC,31,123.82,6975932.329999999,False
CHT,31,42.49,6968926.81,False
NEXA,31,14.38,6961924.44,False
JGLO,31,74.29,6948908.12,False
INTF,31,43.23,6945670.06,False
CFFN,31,8.72,6935333.328,False
LQDT,31,42.71,6930027.0,False
CSR,31,54.64,6927026.8100000005,False
DSGR,31,34.87,6920776.720000001,False
JBGS,31,11.39,6906705.199999999,False
QDVO,31,30.06,6900685.399999999,False
BFST,31,32.11,6895078.26,False
PDM,31,9.36,6890074.62,False
FMB,31,50.47,6888852.18,False
GNK,31,26.22,6885730.619999999,False
LIME,31,37.43,6872852.18,False
JMEE,31,79.78,6872796.84,False
NNBR,31,4.11,6869812.3100000005,False
VTEI,31,99.31,6866389.199999999,False
STXL,31,45.48,6862903.5200000005,False
SPIP,31,25.01,6862680.5,False
SFLR,31,39.21,6858859.15,False
ARLP,31,25.93,6857084.94,False
EUAD,31,47.84,6823935.300000001,False
AVES,31,65.94,6821663.87,False
FVRR,31,8.74,6819908.7,False
SMIG,31,33.42,6814835.4,False
GSEW,31,98.68,6800038.800000001,False
BTAL,31,11.81,6798626.659999999,False
SBGI,31,14.25,6794325.59,False
NAD,31,11.75,6789467.2,False
IYG,31,97.29,6782852.0,False
SFST,31,64.35,6776412.37,False
ALRS,31,33.49,6775830.3,False
NXG,31,61.93,6768627.84,False
NBBK,31,22.91,6746256.850000001,False
CARY,31,20.71,6738474.6,False
VTS,31,16.63,6724893.6,False
MOV,31,35.43,6716639.100000001,False
OMFL,31,70.9,6707232.64,False
NAK,31,1.61,6694676.24,False
EAGL,31,34.75,6691740.4799999995,False
BLSM,7,16.38,6689288.58,False
RNW,31,6.82,6689136.96,False
STTK,31,7.39,6674947.84,False
TETH,31,9.51,6667244.4,False
APOG,31,42.18,6666661.68,False
SLVO,31,70.0753,6664896.0,False
BAR,31,43.49,6642465.21,False
SOLZ,31,7.575,6630797.825,False
RYAM,31,8.32,6629447.4399999995,False
RUSHB,31,80.23,6626396.25,False
STVN,31,21.26,6619761.6,False
KREF,31,7.47,6614473.04,False
TSSI,31,9.48,6609811.2,False
KYTX,31,8.95,6602573.5600000005,False
QQA,31,57.04,6596958.69,False
IWL,31,191.16,6594365.88,False
IREG,31,10.0,6583744.529999999,False
ADUR,31,15.85,6573721.0,False
HBCP,31,71.85,6568284.699999999,False
FELV,31,42.76,6552080.279999999,False
NHP,31,16.57,6547729.95,False
XPH,31,70.42,6542875.53,False
PWZ,31,24.02,6540202.455,False
ERII,31,8.14,6538358.76,False
CBLL,31,24.4,6533963.109999999,False
ABUS,31,4.71,6530099.43,False
FNCL,31,82.22,6526128.45,False
YEAR,31,50.3,6516560.43,False
JPC,31,7.66,6507389.42,False
SWBI,31,14.15,6505853.76,False
AKTS,31,24.72,6487578.5,False
ROM,31,151.8,6485500.5,False
HTB,31,47.8,6465813.12,False
FMBH,31,51.69,6460350.35,False
ANGO,31,15.67,6454710.99,False
MQQQ,31,236.5191,6432201.120800001,False
XRP,31,11.17,6425409.95,False
PJUL,31,49.77,6407469.5,False
MSDL,31,15.36,6405154.800000001,False
FSBC,31,46.86,6400278.25,False
SPGM,31,88.405,6383130.390000001,False
DNP,31,10.94,6377822.35,False
OILU,31,51.105,6377149.600000001,False
PBUS,31,77.51,6361303.44,False
AVLN,31,38.25,6360827.8,False
FIDU,31,99.185,6357064.205,False
SABR,31,2.155,6355724.32,False
BWLP,31,23.1,6351965.100000001,False
FXE,31,106.86,6337866.6,False
SMBC,31,76.35,6331160.43,False
CNNE,31,14.88,6331000.83,False
CQP,31,67.63,6318990.04,False
GHRS,31,29.98,6311742.2,False
FMNB,31,16.12,6307980.720000001,False
BWX,31,21.77,6304805.640000001,False
ACIO,31,47.405,6304551.600000001,False
OOMA,31,20.07,6299651.07,False
TSXU,31,60.26,6298260.2,False
JBI,31,5.11,6297461.2,False
IPX,31,24.55,6296575.04,False
BSJQ,31,22.94,6294835.32,False
MFSI,31,33.7,6290246.4,False
TRST,31,56.8,6279366.2,False
CODI,31,12.1,6275836.350000001,False
CIFU,31,13.98,6275728.225000001,False
LBRDA,31,33.94,6257698.22,False
HYDB,31,46.54,6249435.28,False
TR,31,40.2,6235752.12,False
CWBC,31,25.98,6233649.1,False
LXRX,31,2.34,6229492.499999999,False
GDE,31,68.0,6229483.2,False
LRCU,31,63.1,6228448.37,False
NMZ,31,10.19,6227985.96,False
EGY,31,5.85,6227287.680000001,False
ABX,31,9.12,6218045.58,False
CTGO,31,19.78,6208661.399999999,False
GREK,31,83.1285,6205764.2,False
JPRF,26,49.73,6200708.984999999,False
TSL,31,12.6171,6193463.64,False
TMFC,31,79.57,6193008.9,False
JPEF,31,82.7805,6188123.648899999,False
DRD,31,24.61,6183071.42,False
CRNC,31,8.52,6182881.32,False
FPEI,31,19.15,6168106.079999999,False
PRAA,31,20.23,6163916.100000001,False
AVIG,31,40.712,6161074.0,False
BLCO,31,17.0,6155596.26,False
NVTX,31,26.93,6131908.86,False
BSCV,31,16.285,6130538.74,False
MSBT,31,18.43,6128026.19,False
ACYS,31,20.52,6125159.25,False
IDR,31,30.65,6123026.52,False
STRF,31,96.03,6113409.38,False
REPX,31,37.1,6111643.260000001,False
CRF,31,6.66,6105203.28,False
DSGN,31,15.1,6097952.96,False
DC,31,6.13,6087642.84,False
POWR,31,27.115,6083314.85,False
TATT,31,40.63,6080527.399999999,False
ITRG,31,2.74,6048920.54,False
MGTX,31,13.77,6045490.92,False
AIRJ,31,5.81,6033332.579999999,False
ALMR,31,32.13,6031095.05,False
CRCD,31,3.96,6030244.0,False
EVSD,31,50.865,6028843.92,False
XRX,31,2.95,6023848.319999999,False
STCE,31,62.62,6018337.649999999,False
HYT,31,8.35,6002059.636,False
JCAP,31,23.65,5996559.84,False
TCMD,31,24.59,5992192.54,False
INN,31,5.95,5991725.08,False
RDWR,31,28.86,5988927.42,False
CLFD,31,29.46,5986305.54,False
AGIX,31,46.71,5985265.92,False
BMBL,31,2.6,5983725.11,False
PESI,31,17.63,5983594.4399999995,False
NZF,31,12.3,5982893.28,False
NGNE,31,36.68,5968954.5,False
RDWU,31,10.24,5962584.5,False
MYCH,31,24.8549,5957061.32,False
SMIN,31,71.26,5952953.77,False
JSMD,31,97.8003,5947860.6173,False
IBTA,31,35.94,5945643.0,False
SILC,31,48.65,5944544.6450000005,False
TYG,31,44.31,5939600.25,False
UTF,31,27.1,5937339.600000001,False
CBRZ,31,6.42,5931630.67,False
DAPP,31,18.17,5927852.63,False
AGNT,31,4.25,5927749.704,False
NVG,31,12.41,5920003.8,False
MH,31,12.77,5918158.96,False
BTQ,31,3.85,5915673.2700000005,False
ARQQ,31,24.35,5914978.399999999,False
WULX,31,19.88,5909677.15,False
XTEN,31,44.1,5906090.4,False
CPF,31,38.4,5899039.63,False
SMCL,31,17.99,5896446.5600000005,False
KODK,31,9.97,5890617.01,False
OPRA,31,19.62,5890068.75,False
OMAB,31,102.79,5885250.4,False
IIIV,31,16.0,5867894.05,False
LTBR,31,8.15,5861866.319999999,False
THEO,2,9.84,5858893.4399999995,False
PUBM,31,17.27,5856931.6,False
GILT,31,11.24,5852597.399999999,False
KMLM,31,29.45,5851122.5,False
AMCX,31,12.09,5848634.109999999,False
OILK,31,53.63,5848059.4799999995,False
SLN,31,14.35,5837758.43,False
TRTX,31,7.94,5833235.5,False
IPI,31,36.6,5829363.44,False
FSTA,31,53.62,5823528.4799999995,False
DUOT,31,10.28,5822725.680000001,False
NXRT,31,23.97,5814498.6899999995,False
GOGO,31,2.7,5812031.41,False
OCGN,31,1.375,5800883.2,False
FXH,31,131.1407,5795898.3,False
BDN,31,3.01,5788513.86,False
PSC,31,70.5599,5777675.9817,False
IPAC,31,86.56,5772096.12,False
AAOG,31,5.72,5770808.23,False
QQQJ,31,46.51,5730827.0,False
XT,31,83.19,5717421.84,False
BOW,31,33.45,5716032.63,False
OSPN,31,15.93,5715965.640000001,False
PSTL,31,22.75,5714996.25,False
GCO,31,34.64,5713380.77,False
MSBI,31,33.32,5705241.75,False
IYJ,31,168.85,5703918.75,False
MMIT,31,24.01,5702360.72,False
CAL,31,13.28,5702315.36,False
AVLC,31,92.67,5694141.96,False
YSWY,31,25.03,5693691.149999999,False
IBDY,31,25.29,5691651.87,False
CRUX,31,29.43,5690519.59,False
DFAW,31,85.9,5689832.399999999,False
MUNY,31,101.99,5685758.8,False
XBOX,31,100.58,5681654.01,False
RZLT,31,4.68,5678836.350000001,False
CGSM,31,26.29,5677837.4399999995,False
CAIQ,31,26.18,5676091.2,False
EQBK,31,51.37,5666718.24,False
TK,31,12.85,5651161.18,False
WB,31,7.56,5649897.4399999995,False
LNOK,31,39.39,5642571.4799999995,False
ASYS,31,16.86,5639817.66,False
SMBK,31,51.97,5632892.28,False
IDHQ,31,45.6893,5630679.090000001,False
ILCG,31,118.06,5612965.34,False
ANGX,31,4.71,5598495.279999999,False
BNDW,31,67.3739,5583895.59,False
MPB,31,38.185,5580387.78,False
SMWB,31,8.56,5577707.21,False
MBUU,31,29.41,5576296.95,False
GOOX,31,72.29,5575812.77,False
GCMG,31,13.7,5566469.6,False
ICOW,31,44.89,5562645.300000001,False
MNTS,31,4.69,5554888.93,False
FNKO,31,6.09,5552753.2,False
CRWL,31,75.3699,5552256.87,False
KOID,31,39.65,5535690.850000001,False
SB,31,8.1,5533276.56,False
CONY,31,18.13,5529485.4799999995,False
URNJ,31,24.75,5525397.0,False
OCSL,31,12.85,5522891.92,False
MCS,31,29.95,5493039.649999999,False
FLHY,31,24.18,5490285.840000001,False
LTGO,7,19.3,5487573.4799999995,False
CGBD,31,11.26,5483039.08,False
ICL,31,5.46,5475940.28,False
GROY,31,3.2,5472638.600000001,False
LAZR,31,50.5,5472470.850000001,False
CMPX,31,2.31,5470886.19,False
EUSA,31,118.6369,5467889.489999999,False
NRDS,31,9.6,5466795.88,False
FISI,31,41.56,5460903.9,False
NX,31,20.74,5457067.55,False
KYIV,31,13.12,5447396.76,False
GOOS,31,8.46,5440530.92,False
EWD,31,52.47,5423263.359999999,False
AOM,31,49.86,5421588.48,False
REGL,31,95.01,5408870.8128,False
GAU,31,2.11,5408617.74,False
PHO,31,71.21,5399253.920000001,False
TGS,31,28.3,5382520.82,False
USAC,31,26.91,5382187.76,False
PEY,31,24.88,5381643.52,False
MYGN,31,3.05,5378400.5,False
SCCR,31,25.095,5372955.57,False
XMAX,31,8.95,5371699.539999999,False
FATE,31,2.62,5369657.279999999,False
SMCZ,31,3.18,5367855.12,False
XXI,31,4.95,5364942.0,False
PDYN,31,6.47,5364737.52,False
DIVI,31,44.72,5362491.68,False
FDUS,31,19.48,5358476.12,False
GSM,31,4.29,5354673.57,False
SMMU,31,50.29,5353648.36,False
COLO,31,48.73,5349616.4399999995,False
DON,31,58.55,5347648.8,False
POEL,31,13.86,5341066.44,False
PFIX,31,53.84,5336880.3,False
CCNE,31,34.85,5336490.76,False
ENZL,31,47.1202,5326294.4352,False
FSIG,31,18.83,5317534.54,False
CSV,31,34.76,5313757.989999999,False
TUSI,31,25.34,5309536.88,False
VTWV,31,199.84,5309376.215,False
PTLC,31,60.21,5308272.8100000005,False
KARD,31,20.55,5304627.9,False
PDEX,31,67.15,5302722.4799999995,False
XDTE,31,39.32,5302437.49,False
SDOT,31,10.57,5300620.04,False
CMRE,31,15.02,5299783.24,False
KXI,31,68.25,5294453.760000001,False
SHEN,31,12.62,5288920.0,False
QTOP,31,38.01,5287329.16,False
NUKZ,31,67.83,5286705.9399999995,False
SPFI,31,45.35,5282337.68,False
EVGO,31,1.55,5278531.92,False
LDUR,31,95.44,5273246.16,False
LRMR,31,4.32,5271980.76,False
ARVN,31,9.2,5266567.56,False
SLVR,31,59.59,5262800.399999999,False
HTRB,31,33.2456,5249422.88,False
SHNY,31,10.1,5243451.84,False
CHMG,31,82.79,5242092.239999999,False
NXDR,31,2.52,5239151.6,False
SMJF,31,10.45,5231078.399999999,False
UTL,31,54.06,5229667.44,False
AIPI,31,37.42,5226413.98,False
FNDB,31,31.76,5220051.62,False
KBWD,31,12.62,5211996.840000001,False
HIBL,31,116.1095,5201653.02,False
CALI,31,50.385,5200773.28,False
ORN,31,9.81,5174094.3,False
GOOD,31,12.87,5174086.0,False
UITB,31,46.035,5174030.4,False
LYTS,31,24.75,5167651.6,False
EDC,31,80.93,5165157.41,False
FLQL,31,79.66,5164291.58,False
PALU,31,60.16,5164058.12,False
MTBA,31,48.672,5163695.46,False
EIS,31,122.502,5161104.5200000005,False
LUNL,31,7.6,5155280.97,False
RWJ,31,61.6044,5154624.899999999,False
SUSA,31,159.08,5134006.640000001,False
SRTA,31,5.9,5130442.08,False
PAYS,31,13.0,5124592.319999999,False
JSI,31,51.175,5120822.890000001,False
BSTZ,31,31.71,5112531.21,False
KRT,31,47.8,5111540.8,False
GSUS,31,106.79,5107752.0,False
CONI,31,50.2985,5103783.2,False
CUE,31,27.64,5103707.36,False
RONB,31,24.05,5093886.2,False
QQEW,31,164.82,5093075.34,False
ISSC,31,24.78,5086957.399999999,False
BBDC,31,9.39,5078155.0,False
LENZ,31,4.79,5070498.88,False
SFIX,31,3.33,5066232.85,False
NXH,1,4.28,5059084.12,False
IGE,31,64.19,5058789.05,False
GEVO,31,1.6,5055527.5200000005,False
QDPL,31,46.73,5055240.1899999995,False
FULC,31,3.84,5036228.54,False
JFLX,31,49.91,5027868.42,False
EBS,31,4.5,5021524.26,False
VRTL,31,35.8564,5020694.244,False
USDU,31,26.4,5017080.600000001,False
WASH,31,40.22,5012334.77,False
IHS,31,8.33,5008643.300000001,False
OIS,31,9.16,5008375.9799999995,False
DCTH,31,17.05,5006584.4399999995,False
MVST,31,0.8074,5004149.9724,False
LAND,31,8.193,5003811.032,False
PTLO,31,4.97,4998771.63,False
MRLN,31,3.535,4994738.28,False
FSMD,31,53.36,4993946.86,False
PXH,31,29.04,4987736.51,False
IEV,31,75.42,4985116.88,False
BUFQ,31,39.78,4984883.08,False
DGCB,31,53.32,4982395.9527,False
CPS,31,27.63,4978290.51,False
CYH,31,2.95,4967489.760000001,False
GMRS,31,13.84,4956133.0,False
MDXG,31,4.19,4955376.84,False
RCKT,31,3.4,4952857.0,False
IBDX,31,24.84,4948788.04,False
EWM,31,28.11,4947106.319999999,False
STRD,31,68.73,4945544.73,False
GEM,31,51.46,4942356.32,False
INV,31,1.385,4938399.15,False
IGLD,31,21.94,4934578.81,False
NMAX,31,10.36,4932930.15,False
HSTM,31,28.02,4924781.95,False
TECX,31,33.85,4924138.87,False
BSM,31,14.56,4897957.42,False
IBTJ,31,21.575,4896812.235,False
OKLS,31,24.82,4893457.2,False
TNXP,31,12.66,4891988.58,False
HQH,31,23.67,4889346.0,False
HNST,31,4.7,4889027.99,False
EVSM,31,50.18,4883807.6,False
FFAI,31,3.72,4883388.76,False
IEP,31,7.11,4881456.844,False
SEIV,31,51.03,4878250.52,False
CAC,31,58.38,4876152.4,False
MANU,31,23.29,4864272.08,False
EXI,31,206.45,4859218.66,False
BFLX,31,26.369,4849055.1928,False
BSCW,31,20.315,4844408.984999999,False
BUYW,31,14.64,4842753.5,False
KELYA,31,16.09,4842452.16,False
CNXT,31,53.67,4841382.91,False
BKAG,31,41.255,4834534.68,False
ASPN,31,5.82,4832819.46,False
NVDS,31,18.57,4832499.2299999995,False
ARKO,31,4.86,4825941.82,False
VIOV,31,119.99,4825890.957,False
TAGG,31,41.87,4821847.66,False
GTN,31,4.98,4812152.38,False
CORN,31,18.46,4807110.399999999,False
ELVA,31,7.7,4805843.79,False
NEXN,31,10.53,4805317.44,False
NBTX,31,42.05,4803311.11,False
PTRB,31,40.88,4802010.08,False
YEXT,31,5.84,4801281.76,False
AD,31,35.36,4799891.25,False
PXF,31,79.59,4799408.4399999995,False
DMLP,31,28.11,4797460.26,False
ISTR,31,30.91,4790322.45,False
LKFT,31,27.52,4776871.22,False
EOLS,31,7.77,4774719.39,False
EWJV,31,47.8765,4774506.88,False
REI,31,1.4,4769294.2,False
BAB,31,26.34,4763354.8,False
SMDV,31,78.27,4748935.81,False
AIOT,31,2.88,4748604.7,False
KE,31,26.85,4748329.62,False
EBND,31,21.1,4742176.23,False
VNDA,31,5.26,4737243.04,False
DSL,31,10.78,4735922.18,False
FGD,31,35.23,4728845.875,False
NUV,31,9.0,4726553.661,False
NVDD,31,29.97,4722735.24,False
ORRF,31,43.03,4722337.6,False
RBB,31,27.32,4715717.279999999,False
MAGN,31,12.0,4710666.24,False
SYSB,31,87.09,4707070.08,False
ELPC,31,10.6,4700657.57,False
CHA,31,10.15,4698088.0,False
GDXY,31,11.12,4692107.1959999995,False
IHDG,31,53.51,4691114.68,False
SAMT,31,43.86,4686908.760000001,False
AVGV,31,88.65,4685038.05,False
CYD,31,46.43,4684828.2,False
FTQI,31,22.45,4684459.2,False
MINO,31,44.81,4678849.399999999,False
CBAN,31,22.09,4674420.1,False
HOOW,31,24.47,4672204.8,False
HQ,31,16.8,4662823.2,False
DRAL,31,12.38,4661708.260000001,False
KBDC,31,13.32,4661296.44,False
RLY,31,37.01,4661250.300000001,False
SCHJ,31,24.52,4659286.18,False
TSMU,31,71.5142,4658586.19,False
RXST,31,6.48,4657676.55,False
CORP,31,94.7592,4655997.038,False
UTSL,31,41.38,4652321.73,False
FFLX,6,9.68,4650380.165,False
ZNTL,31,3.705,4643505.02,False
BTX,31,9.25,4635733.050000001,False
SHBI,31,23.64,4635291.600000001,False
SAFE,31,14.98,4599955.23,False
SMP,31,38.76,4596939.0,False
PLTK,31,2.26,4594325.46,False
BDVL,31,26.8843,4592477.399999999,False
SLP,31,18.36,4589694.18,False
SRZN,31,23.78,4581620.8,False
NGS,31,38.26,4581415.850000001,False
HSHP,31,16.34,4579517.819999999,False
PS,31,39.38,4578485.34,False
AREC,31,2.95,4574010.464,False
HBT,31,36.94,4570495.680000001,False
CCSI,31,36.84,4569032.9399999995,False
BLOX,31,13.28,4568600.16,False
USMC,31,76.4559,4563088.9744,False
KYN,31,14.75,4557373.44,False
PHYL,31,34.8,4554658.239999999,False
PRTA,31,8.88,4539964.55,False
ELE,31,21.24,4535468.84,False
FLGT,31,18.66,4533223.08,False
DBVT,31,14.67,4530634.0200000005,False
BUXX,31,20.24,4521908.16,False
FFLC,31,60.58,4519306.94,False
AVNM,31,85.59,4517512.08,False
RMIX,31,17.68,4509159.08,False
ESML,31,56.63,4508112.25,False
INFL,31,53.06,4502301.12,False
BTGO,31,5.55,4497596.529999999,False
RPC,31,8.53,4481276.8,False
OPFI,31,7.02,4477649.92,False
ARDT,31,10.89,4477187.55,False
IMXI,31,14.89,4470432.12,False
SPRX,31,51.1946,4470173.3648,False
PRFZ,31,56.6102,4467080.4332,False
IEZ,31,30.55,4466517.12,False
MFIC,31,9.7,4460498.28,False
SUSC,31,22.595,4446887.76,False
AOK,31,41.33,4443668.16,False
BBIN,31,81.49,4437918.54,False
SPXX,31,19.19,4433695.98,False
STRZ,31,25.43,4433592.24,False
TCBX,31,45.66,4422307.38,False
UAN,31,122.29,4419736.18,False
RVT,31,19.03,4415588.1,False
KRNY,31,9.77,4408669.319999999,False
DES,31,41.53,4392709.0200000005,False
CMCL,31,23.45,4392474.6,False
CNEQ,31,40.81,4390524.319999999,False
BDJ,31,9.85,4386885.216,False
GFLW,31,34.7852,4385234.1715,False
ASIX,31,16.55,4381818.0,False
TSPY,31,25.8143,4375672.54,False
CLSX,31,12.74,4374619.95,False
LOMA,31,9.34,4372477.35,False
NULG,31,117.43,4371513.66,False
CVEO,31,33.74,4370636.16,False
IBTK,31,19.425,4369307.46,False
CERY,31,37.63,4360181.75,False
LILA,31,8.51,4348521.63,False
EMBC,31,5.13,4346164.46,False
ELMT,31,19.1,4345578.54,False
NAC,31,11.74,4344679.4399999995,False
UNCY,31,5.57,4335167.45,False
GDOT,31,13.45,4330711.32,False
TAFM,31,25.19,4329636.08,False
VTWG,31,288.1643,4328493.0,False
AHRT,31,6.66,4327525.0200000005,False
HIPO,31,32.64,4319148.96,False
TIPX,31,18.605,4317264.600000001,False
EDIT,31,2.84,4299854.38,False
SDCI,31,29.93,4292932.680000001,False
GEMI,31,3.61,4287054.69,False
DVLT,31,0.3203,4285899.4032,False
UBND,31,21.355,4281890.92,False
QQH,31,85.59,4279837.62,False
CLDT,31,12.98,4274677.16,False
VLRS,31,7.6,4271062.4399999995,False
STXX,31,56.8,4270770.7,False
MCHPP,31,68.96,4266620.050000001,False
MSFX,31,23.245,4252029.38,False
TMQ,31,3.72,4251343.319999999,False
CTNM,31,14.53,4243402.45,False
SMHX,31,59.3049,4243184.399999999,False
FV,31,73.87,4240355.983999999,False
TOUS,31,40.16,4233883.5,False
VTC,31,74.95,4226805.25,False
BMRC,31,28.16,4222421.14,False
GRNJ,31,31.73,4221580.68,False
ITG,31,12.41,4216149.62,False
PCN,31,11.75,4211553.06,False
NVOX,31,13.72,4195206.16,False
BWFG,31,67.66,4193283.2499999995,False
KOMP,31,71.0,4192975.41,False
SLRC,31,12.67,4185064.08,False
XONE,31,49.345,4175590.1399999997,False
TDTT,31,23.55,4170974.8600000003,False
UTHY,31,38.4617,4169607.33,False
CHRN,31,22.19,4168296.3,False
CHCT,31,14.67,4166423.04,False
VEON,31,57.48,4164783.6599999997,False
WEBL,31,28.47,4164117.0399999996,False
RMAX,31,12.8,4163033.8200000003,False
FSCO,31,5.1,4153481.93,False
FLQM,31,60.96,4147322.25,False
PALI,31,2.15,4145949.0,False
FMHI,31,47.6615,4139652.0,False
VUSG,31,66.55,4137418.74,False
ZURA,31,5.68,4133656.0500000003,False
FIW,31,111.022,4133046.06,False
AOD,31,10.78,4129097.14,False
LMRI,31,11.81,4123944.9000000004,False
SUPV,31,7.98,4123122.38,False
FIP,31,4.25,4119276.0,False
NVCT,31,19.08,4119024.5000000005,False
NRIM,31,26.89,4112876.16,False
STRK,31,68.65,4109722.72,False
GCTS,31,2.09,4106439.58,False
ASGI,31,24.66,4103957.0,False
DFSU,31,48.5698,4100617.92,False
SHYM,31,22.14,4099728.84,False
ASMU,31,36.51,4092520.7869,False
GAB,31,5.75,4090689.54,False
UHT,31,40.27,4089542.88,False
ARKF,31,43.18,4086104.38,False
USVM,31,111.7276,4081079.4,False
FLRT,31,46.845,4078488.6,False
IBHF,31,22.51,4055626.7,False
FPI,31,9.78,4052507.3400000003,False
HYGH,31,86.55,4047522.1,False
EDIV,31,41.7,4043305.7038,False
DKL,31,53.77,4042837.8000000003,False
MATV,31,12.23,4037659.9200000004,False
XPOF,31,5.09,4033729.9200000004,False
TCAI,31,51.6,4032759.0000000005,False
SBSI,31,32.72,4017604.5799999996,False
UPB,31,7.14,4007366.4000000004,False
MSOX,31,2.53,4004523.6,False
ADV,31,31.34,3990350.5,False
CHPX,31,97.8814,3983671.765,False
SD,31,14.32,3980731.9,False
RILY,31,7.11,3976111.08,False
PLTY,31,37.41,3973001.0,False
YORW,31,33.06,3965877.58,False
PTL,31,290.75,3965721.84,False
INDY,31,43.5,3956938.23,False
GOOY,31,12.28,3953763.6,False
MMI,31,31.03,3953330.41,False
VIVK,31,1.22,3946005.0,False
PCY,31,21.06,3940062.4,False
DVYE,31,34.3,3938791.6999999997,False
SETM,31,33.32,3938518.8000000003,False
AVGG,31,28.2489,3935731.8000000003,False
DSTL,31,67.62,3927505.92,False
CGNT,31,8.95,3918495.4,False
JEDI,31,30.46,3917382.82,False
SARK,31,26.2628,3904832.07,False
DRSK,31,28.64,3899787.25,False
CAAP,31,24.01,3899606.83,False
DFIP,31,40.2,3892155.67,False
REZ,31,94.59,3889364.16,False
SLI,31,2.29,3885174.6999999997,False
SLGL,31,83.01,3883688.64,False
RETL,31,8.78,3881547.7800000003,False
SSYS,31,8.84,3874814.6799999997,False
SFLO,31,38.6784,3872998.0,False
ATS,31,19.59,3869005.41,False
NRP,31,103.19,3867251.63,False
OAKM,31,30.78,3866888.9699999997,False
PFIS,31,71.41,3863989.6500000004,False
NMFC,31,7.47,3859771.52,False
FCBC,31,49.18,3859217.57,False
CBIO,31,17.48,3843918.6,False
SWIM,31,7.13,3843344.04,False
BWMN,31,42.37,3837751.0500000003,False
XBIL,31,50.12,3836646.63,False
SPUU,31,228.61,3826130.11,False
BAK,31,2.01,3820407.06,False
VREX,31,18.46,3809758.26,False
GRFS,31,7.77,3804558.21,False
MUC,31,10.69,3801945.7,False
FNDC,31,51.26,3801202.08,False
AEBI,31,12.4,3799626.35,False
WOOF,31,2.7,3796926.96,False
EXG,31,10.0,3793727.948,False
FYX,31,145.2221,3789708.6781,False
UGA,31,123.6041,3787666.82,False
BUFF,31,53.71,3786274.03,False
SCJ,31,110.0984,3779850.3,False
AMAU,31,17.56,3779503.03,False
NCI,31,12.18,3774414.2800000003,False
ARTV,31,11.74,3769213.5,False
KPTI,31,1.81,3766895.73,False
BCSF,31,12.06,3766323.68,False
IYRI,31,49.7,3762851.1999999997,False
MQY,31,11.24,3746931.76,False
OGG,31,2.81,3745263.92,False
FDV,31,33.48,3743726.06,False
KORP,31,45.74,3743047.34,False
SHIP,31,17.1,3737373.06,False
FBIZ,31,70.95,3732561.0,False
FOSL,31,5.74,3726992.0,False
QUIK,31,12.63,3725263.4,False
RAVI,31,75.28,3724852.5,False
TOYO,31,5.94,3717286.9999999995,False
GSIT,31,6.78,3712912.29,False
TIPT,31,17.79,3710709.36,False
AMZZ,31,35.57,3708883.9,False
OCS,31,13.14,3707673.83,False
ICOP,31,54.82,3697080.5709,False
WEEK,31,100.08,3696629.23,False
EFAA,31,57.38,3695185.27,False
JFR,31,7.64,3694903.566,False
RIOX,31,25.98,3694275.48,False
KMEM,31,19.75,3693545.7299999995,False
EGGY,31,37.42,3685789.8,False
XSOE,31,47.925,3681611.52,False
SUSB,31,24.845,3678577.7,False
RELL,31,19.92,3676454.4,False
GIC,31,38.61,3675167.4699999997,False
CSQ,31,20.9,3673745.8000000003,False
MISL,31,47.82,3671275.85,False
KDK,31,4.15,3670132.4400000004,False
AKBA,31,0.86,3667003.02,False
DIV,31,19.64,3664085.0399999996,False
GOVI,31,26.305,3663648.5216,False
BST,31,50.08,3662737.1399999997,False
SECU,31,49.5601,3659342.88,False
APUE,31,47.79,3658247.4224,False
LXEO,31,4.98,3657871.1399999997,False
VTEX,31,3.53,3654714.93,False
ZUMZ,31,18.02,3653169.3500000006,False
BCAL,31,21.41,3650682.88,False
MSLC,31,61.16,3647244.1599999997,False
MRAL,31,30.0782,3645869.9099999997,False
ARMW,31,45.86,3644993.52,False
VCEB,31,61.28,3642194.5399999996,False
BSJS,31,21.82,3633947.268,False
CASS,31,57.26,3626104.02,False
CLNE,31,1.655,3618399.03,False
BUCK,31,23.43,3616826.2199999997,False
OPK,31,1.36,3615221.7,False
LTRX,31,6.65,3615208.8,False
CTKB,31,4.74,3614061.1100000003,False
APLZ,31,17.985,3612054.4,False
CIVB,31,28.36,3609040.54,False
VMD,31,9.05,3608075.66,False
XXRP,31,18.25,3603633.92,False
GPUS,30,0.0936,3603547.9417,False
BWB,31,22.33,3602628.6,False
CLOX,31,25.56,3602235.79,False
TWI,31,6.62,3588668.3200000003,False
EVV,31,9.13,3581839.26,False
MGNR,31,53.36,3577320.52,False
BKIE,31,34.91,3573957.5449999995,False
BSVO,31,30.0582,3573751.6092000003,False
TBN,31,37.35,3572614.9200000004,False
LGLV,31,187.58,3571303.68,False
VIOG,31,153.28,3571097.4,False
CENT,31,43.35,3566184.9899999998,False
PAUG,31,46.72,3563416.68,False
ELDN,31,3.58,3560672.44,False
EEMA,31,117.06,3554390.9099999997,False
HIBS,31,17.72,3553202.19,False
ACNB,31,64.37,3552874.66,False
FTGS,31,39.71,3548397.2945000003,False
FIGG,31,23.23,3548278.08,False
TASK,31,7.19,3543159.1799999997,False
TUA,31,20.46,3543100.67,False
HCKT,31,10.4,3540580.16,False
SPSK,31,17.92,3539769.0700000003,False
BLND,31,1.48,3533069.3200000003,False
HOOY,31,25.97,3530493.36,False
HLAL,31,73.2393,3526708.2081000004,False
FWDI,31,4.28,3522274.1100000003,False
COOK,31,55.4,3522029.85,False
USAU,31,14.87,3513795.36,False
RLX,31,1.87,3507132.42,False
CLMB,31,27.84,3504629.19,False
CCBG,31,51.97,3492409.05,False
RGR,31,37.44,3483893.4400000004,False
FDHY,31,49.065,3481031.58,False
FOR,31,29.16,3480031.8000000003,False
JEMA,31,62.58,3478644.3528,False
IBTL,31,20.015,3477779.25,False
MLR,31,56.62,3477428.2399999998,False
HDEF,31,33.7,3476859.8700000006,False
AVBH,31,32.65,3474426.2299999995,False
ESEA,31,77.17,3469580.1,False
GPRK,31,9.59,3461610.75,False
FLBL,31,23.09,3458572.0,False
EVTL,31,0.8018,3457612.62,False
DBB,31,25.44,3453395.01,False
TTEQ,31,43.2241,3453044.92,False
BFS,31,34.27,3450602.54,False
UNTY,31,60.87,3450398.3499999996,False
GRNT,31,5.26,3442946.6,False
SEIM,31,55.9,3440202.7449999996,False
PREF,31,18.81,3439239.0500000003,False
KIDS,31,24.7,3438941.5799999996,False
ASTL,31,4.16,3436459.1,False
OFIX,31,10.03,3434319.2,False
INR,31,13.85,3434002.51,False
ANGI,31,4.46,3432274.62,False
AVMV,31,83.66,3430138.08,False
DOMO,31,3.81,3422368.2600000002,False
CATX,31,3.22,3421027.1700000004,False
SVOL,31,16.41,3411902.58,False
COHH,31,9.145,3410137.01,False
GDRX,31,3.72,3408110.16,False
EROK,31,25.63,3405369.21,False
LOCO,31,15.46,3401736.6500000004,False
ECC,31,3.79,3400051.44,False
PDP,31,145.12,3397983.4,False
TFLR,31,50.76,3397652.54,False
FTXH,31,40.21,3396395.3024,False
NRXP,31,3.43,3393720.6,False
ISPY,31,48.81,3386437.8000000003,False
ETY,31,14.61,3385086.44,False
EH,31,5.71,3383583.5,False
BHB,31,40.33,3375582.2199999997,False
ACEL,31,12.19,3373955.1,False
VTG,31,74.115,3369453.23,False
HUMN,31,33.83,3369424.2800000003,False
TGRT,31,47.22,3363549.4695,False
TSMG,31,39.86,3361417.6525,False
LOVE,31,17.11,3360315.3099999996,False
LODE,31,3.47,3356507.84,False
VTEL,31,101.97,3353583.12,False
BRIE,31,31.21,3351286.33,False
ATOM,31,5.42,3350558.3249999997,False
EVLN,31,48.7949,3346094.8000000003,False
ACB,31,3.6,3344618.2199999997,False
INMU,31,23.8,3344429.3000000003,False
GPRO,31,0.6143,3342679.2918000002,False
ASMB,31,30.01,3341921.52,False
IVA,31,4.7,3339787.04,False
MHD,31,11.54,3339658.2800000003,False
NULV,31,53.29,3337382.88,False
SDVD,31,23.72,3330144.92,False
IMMR,31,7.51,3328783.25,False
TWFG,31,26.08,3324378.91,False
CION,31,7.21,3322034.144,False
NFLU,31,18.03,3320040.9,False
NGVC,31,27.85,3319056.81,False
HMH,31,21.25,3317048.12,False
VSDB,31,76.0,3314757.5999999996,False
MESO,31,17.02,3308565.5,False
DBND,31,44.935,3306247.3200000003,False
TDVI,31,31.77,3300172.29,False
NVDG,31,20.8993,3299580.6023999997,False
SMCY,31,5.5,3298741.53,False
TTAM,31,15.61,3294668.0,False
AIBZ,31,6.55,3292700.22,False
SAR,31,18.71,3291271.36,False
HYGV,31,40.13,3284881.2800000003,False
OVID,31,2.89,3274310.94,False
PJP,31,126.15,3273866.4651,False
MSIF,31,12.21,3271130.4899999998,False
BGSI,31,91.92,3270109.95,False
GEVX,31,23.0,3263719.04,False
IMRX,31,5.22,3262132.61,False
TWN,31,98.17,3257569.64,False
OPTX,31,9.01,3250835.0,False
GLP,31,50.88,3249192.83,False
TRUT,31,32.3727,3246027.526,False
RFIL,31,13.45,3243682.4000000004,False
BUFZ,31,28.42,3237065.2800000003,False
MX,31,3.62,3236096.5,False
KULR,31,2.62,3236083.2,False
PLTG,31,17.62,3234964.1985,False
UTWO,31,48.0148,3231697.59,False
MCFT,31,25.11,3228858.9400000004,False
PKW,31,150.3033,3225601.272,False
NRGU,31,52.19,3224550.6,False
BGIG,31,37.25,3222648.0,False
AEHG,31,22.31,3221720.15,False
MNR,31,12.69,3220156.0500000003,False
ILPT,31,8.67,3219518.692,False
TTDU,31,1.28,3216039.68,False
MAGX,31,55.0064,3214759.35,False
THQ,31,19.53,3212830.0900000003,False
EGHT,31,2.04,3210148.6199999996,False
ROUS,31,68.94,3209561.7100000004,False
BIT,31,12.11,3208448.0,False
SCZM,31,8.75,3205403.11,False
FTXO,31,43.5606,3202861.626,False
RMR,31,20.38,3202644.75,False
TEMT,31,17.98,3199517.2800000003,False
EU,31,1.13,3192443.98,False
FLXS,31,70.86,3189423.9,False
GLAS,31,9.69,3179589.1999999997,False
SNOU,31,67.01,3175062.0,False
XBCI,31,31.5715,3169276.56,False
BNED,31,11.87,3168166.32,False
PLBC,31,62.48,3167544.0,False
IBEX,31,34.79,3165097.5,False
NCT,31,3.87,3159009.36,False
TRT,31,11.6,3156882.0,False
KGLD,31,28.22,3156793.75,False
GSWO,31,65.956,3154755.855,False
DPRO,31,4.68,3151266.875,False
NBXG,31,15.83,3147702.2399999998,False
CAOS,31,90.46,3147699.1,False
PXED,31,26.89,3147140.6,False
RM,31,33.66,3146349.5,False
EZBC,31,37.14,3143291.94,False
BZAI,31,0.5206,3140894.9000000004,False
ELMD,31,40.23,3137899.7699999996,False
AROW,31,38.86,3133772.58,False
IYY,31,188.5,3126372.224,False
XTN,31,110.6297,3125451.0,False
SCTX,17,21.19,3125304.0,False
SVCO,31,7.35,3124109.96,False
BSJR,31,22.415,3120892.0938,False
BATRA,31,56.12,3119133.9,False
INTG,31,35.16,3117884.05,False
WEST,31,8.3,3112828.0,False
IRD,31,3.65,3111677.39,False
TEO,31,13.32,3109592.64,False
ARCT,31,8.14,3104189.5999999996,False
IUS,31,69.39,3103801.1599999997,False
RSKD,31,6.3,3102680.88,False
RSST,31,33.94,3101168.88,False
VTP,31,75.065,3099896.9400000004,False
AURA,31,7.68,3097339.9499999997,False
GPZ,31,25.05,3095208.4800000004,False
INNV,31,10.67,3095136.1,False
FIVA,31,40.28,3091709.6399999997,False
OEC,31,6.23,3088403.73,False
AGOX,31,34.5629,3080283.18,False
BKCH,31,66.32,3073780.8,False
IPAY,31,50.77,3066719.8566,False
TITN,31,18.11,3058493.64,False
NSLR,31,10.39,3058377.3000000003,False
GLAD,31,19.32,3057493.7499999995,False
GORO,21,2.76,3055695.41,False
VEEE,31,10.74,3048598.5,False
SIF,31,22.05,3042311.4299999997,False
HPK,31,7.88,3040687.12,False
OCC,31,17.12,3040172.14,False
HY,31,34.7,3037738.64,False
VIXM,31,14.35,3036324.76,False
PINK,31,39.26,3032859.6,False
CLW,31,20.63,3028800.8000000003,False
IMTX,31,9.25,3023744.64,False
AGGY,31,42.61,3023738.9699999997,False
PATN,31,36.5,3022957.895,False
FXF,31,108.63,3022749.6,False
WNTR,31,25.79,3022691.76,False
FTSD,31,90.09,3021745.79,False
EPU,31,89.1911,3021147.99,False
GVAL,31,38.525,3017875.52,False
FSSL,31,11.55,3015938.22,False
FVR,31,19.55,3013953.6,False
COPP,31,42.19,3005899.1599999997,False
WBTN,31,8.43,3001612.92,False
STK,31,53.24,2998244.7,False
PHK,31,4.55,2998016.764,False
PMBS,31,48.555,2992844.1,False
TVAL,31,43.2,2991913.6,False
OSCV,31,43.072,2990251.2,False
MTW,31,20.19,2989778.25,False
LILAP,31,20.91,2987016.75,False
NPCE,31,14.28,2986880.64,False
RERE,31,4.56,2982200.9099999997,False
USXF,31,70.0197,2979474.72,False
TBCH,31,12.24,2974411.25,False
BSCX,31,20.76,2971601.2898000004,False
FEM,31,32.8549,2971295.8187999995,False
MTA,31,9.95,2970712.5,False
OPTU,31,0.8842,2952375.9498,False
AERO,31,15.71,2950828.0,False
AWF,31,10.16,2945059.0,False
MGNX,31,4.06,2943758.7,False
KLAG,31,31.6416,2938667.7576,False
FDLO,31,72.29,2935092.1599999997,False
LEGH,31,29.1,2934023.96,False
VERI,31,1.085,2933962.9000000004,False
BRTR,31,49.405,2933418.125,False
GAIN,31,16.26,2931446.6999999997,False
FRD,31,48.08,2931364.86,False
SEIE,31,37.1255,2928400.9772,False
DJD,31,65.32,2928252.8,False
LE,31,12.32,2927453.75,False
PIZ,31,55.01,2915361.72,False
CEPL,29,6.67,2914150.1399999997,False
ASMG,31,55.7613,2912942.7591999997,False
TDTF,31,23.315,2910621.17,False
SGDJ,31,93.34,2907966.85,False
SRXH,31,1.89,2902350.7199999997,False
ALOT,31,28.89,2901949.38,False
RNGR,31,17.65,2892125.8499999996,False
MYI,31,10.77,2891030.4000000004,False
KBWY,31,17.9,2888761.05,False
YYY,31,11.44,2884499.98,False
GQGU,31,26.62,2884420.35,False
KRNT,31,17.7,2884255.29,False
FXZ,31,84.69,2884069.53,False
CSAN,31,2.52,2882213.46,False
LEMB,31,43.02,2881112.0,False
UAE,31,19.52,2878274.88,False
SRV,31,48.37,2877795.86,False
LGOV,31,20.89,2872992.58,False
PKOH,31,48.87,2868356.2,False
XRN,31,36.37,2867749.3800000004,False
EIKN,31,10.47,2865288.9200000004,False
SYFI,31,35.675,2860255.19,False
VFVA,31,160.592,2858931.0,False
VIVO,31,4.9,2858659.74,False
DSU,31,9.41,2858089.6640000003,False
TSME,31,51.39,2853693.62,False
IGRO,31,91.98,2853523.26,False
BKTI,31,76.22,2852970.0,False
RWAY,31,6.45,2852686.6199999996,False
XHS,31,134.13,2851533.15,False
EPS,31,81.28,2844435.6036,False
BYRN,31,3.96,2841513.48,False
HQL,31,21.37,2841335.1,False
WINN,31,33.95,2840709.0,False
NUS,31,4.68,2838705.48,False
LX,31,1.36,2837801.12,False
GEL,31,16.0,2836960.0,False
BSJT,31,21.195,2835628.95,False
PSK,31,29.69,2833377.12,False
LWAY,31,24.75,2831620.4,False
AIIO,31,2.88,2830758.62,False
QLC,31,93.26,2829427.75,False
BBAG,31,45.0798,2827242.9499999997,False
ODTX,31,20.86,2826162.36,False
CSRE,31,28.98,2824226.9,False
AVRE,31,48.19,2818659.7800000003,False
AFLG,31,45.14,2816520.3600000003,False
PBDC,31,27.9,2813447.42,False
PICS,31,10.22,2812259.74,False
GSSC,31,92.29,2807133.44,False
ORR,31,38.09,2803326.58,False
SPH,31,17.49,2803055.56,False
ZALT,31,34.505,2800354.14,False
ISHG,31,75.71,2799870.8668,False
CXDO,31,6.55,2799700.8,False
STIM,31,3.27,2799044.64,False
QQQX,31,30.78,2796276.1,False
FXO,31,66.19,2789703.6199999996,False
IGIC,31,26.17,2789682.4,False
PBT,31,32.92,2788131.32,False
NNDM,31,1.59,2788032.87,False
MUA,31,10.09,2787161.3,False
CEPU,31,13.05,2786281.26,False
SCIO,31,20.62,2785325.6300000004,False
ACCO,31,4.23,2783708.0100000002,False
NEWT,31,12.83,2783192.24,False
EDZ,31,14.6,2782128.6999999997,False
NGL,31,18.36,2778008.64,False
MGPI,31,17.89,2774618.6,False
IMCB,31,100.613,2774582.46,False
RDIV,31,63.005,2774084.6,False
BMNP,31,90.62,2760029.5500000003,False
DDWM,31,47.5009,2759775.46,False
PYXS,31,3.02,2758045.12,False
FSTR,31,38.48,2755105.36,False
PFN,31,7.03,2746918.527,False
HUMA,31,0.5606,2744989.7124,False
ENFR,31,39.5,2744341.6,False
FJUL,31,61.33,2743012.4064,False
XPER,31,6.5,2741228.54,False
MOMO,31,5.72,2739840.0,False
EBF,31,22.32,2731208.12,False
PML,31,7.39,2731065.408,False
XCCC,31,35.88,2730467.535,False
WHK,31,26.13,2728886.65,False
IQMX,31,9.92,2724265.0,False
NFJ,31,15.73,2721340.6,False
CHPS,31,89.205,2719359.1357,False
PERI,31,9.68,2718481.7199999997,False
XLSR,31,66.67,2717861.6154,False
HOOZ,31,11.85,2717120.16,False
COFS,31,34.17,2713441.5,False
PANL,31,7.67,2712735.42,False
WATT,31,14.75,2712316.32,False
HDSN,31,6.15,2708422.47,False
BWEN,31,5.27,2708300.1,False
VGHY,31,74.5309,2704559.625,False
NPB,31,17.32,2698118.19,False
ELVR,31,64.99,2694164.12,False
CATH,31,92.1008,2692906.5744,False
CMDY,31,61.59,2687341.545,False
DSP,31,12.61,2685678.6,False
HVT,31,28.44,2685185.7199999997,False
AGGH,31,19.82,2683145.58,False
RSPN,31,64.47,2676655.8000000003,False
CAGE,31,29.33,2675949.7758,False
ZIP,31,4.86,2675213.5,False
SCUS,31,25.16,2662364.352,False
BHK,31,8.97,2661617.0519999997,False
AMZY,31,10.93,2660923.001,False
WTPI,31,33.46,2659504.81,False
WRN,31,2.43,2653994.2,False
RSPH,31,35.76,2650995.5799999996,False
HRZN,31,5.0,2646353.603,False
XPAY,31,53.375,2642903.6999999997,False
DUSA,31,57.34,2637866.4,False
CBRX,31,17.77,2637421.3356,False
HYBL,31,28.015,2637338.8000000003,False
EMHY,31,40.29,2636243.12,False
NEWP,31,6.66,2635226.44,False
SBAR,31,25.78,2634231.69,False
TRDA,31,7.32,2633080.76,False
MG,31,18.14,2631451.68,False
ELIL,31,29.678,2629110.2399999998,False
EVT,31,29.42,2627445.1399999997,False
PDBA,31,37.5,2620668.1300000004,False
USPX,31,67.61,2615198.7399999998,False
PINE,31,19.59,2614629.0500000003,False
RODM,31,42.16,2610252.0799999996,False
GDV,31,30.63,2609290.76,False
BCAR,31,5.82,2608014.1,False
LFMD,31,3.32,2607996.6799999997,False
EYLD,31,47.9092,2606739.5719999997,False
PBYI,31,8.82,2603364.91,False
DHS,31,118.32,2599845.36,False
FJET,31,4.05,2596944.35,False
TBF,31,25.67,2595667.05,False
AXTU,31,8.78,2591871.75,False
LRGC,31,87.29,2583698.16,False
MCBS,31,36.16,2582300.86,False
WDI,31,13.22,2581726.08,False
ASA,31,59.63,2581444.11,False
AAPB,31,36.9891,2574673.098,False
VGZ,31,2.29,2573359.8,False
CCAP,31,10.82,2573310.06,False
PLTW,31,24.14,2573026.56,False
RISR,31,36.82,2570036.0,False
RDTE,31,29.01,2565877.7199999997,False
ENGS,31,2.85,2565403.065,False
ZAP,31,33.2,2564766.4000000004,False
MRNY,31,15.88,2561527.88,False
CRON,31,3.15,2551977.97,False
ESP,31,64.23,2551125.06,False
AVXX,31,7.35,2549134.112,False
AVGU,31,36.1016,2548658.42,False
NEOV,31,3.64,2547498.7199999997,False
CTEV,31,35.35,2545461.9200000004,False
UFOX,31,88.28,2544376.0362,False
IDGT,31,122.85,2541393.4,False
XSPI,31,50.42,2540878.54,False
NFRA,31,65.93,2536682.575,False
FRST,31,16.64,2536310.72,False
JLHL,31,7.5,2535843.42,False
GOSS,31,0.14,2535184.3975,False
VTVT,31,31.31,2535146.64,False
CGIB,31,25.32,2534557.32,False
XEMD,31,44.46,2533925.14,False
AVXC,31,82.4577,2533779.9322,False
KZIA,31,13.56,2530218.27,False
SENS,31,8.03,2526478.46,False
PYPG,31,9.5714,2526330.165,False
BTZ,31,10.2,2525766.201,False
SID,31,0.9001,2523407.77,False
SITC,31,2.97,2521260.0,False
FTA,31,103.1538,2519060.7711,False
OUSM,31,50.07,2517067.5799999996,False
BTCO,31,63.95,2516688.3000000003,False
LQDH,31,92.28,2514479.96,False
COPJ,31,45.08,2513586.7258,False
JHMD,31,46.44,2511950.77,False
RVNL,31,21.6781,2510172.045,False
USOY,31,7.13,2504603.79,False
DRNZ,31,23.78,2500307.4359999998,False
IVOG,31,148.2985,2497290.4,False
QPUX,31,20.76,2494231.74,False
CWCO,31,30.05,2493073.17,False
CRBP,31,10.49,2490943.6,False
FDTX,31,57.06,2489607.45,False
FFLG,31,33.84,2488856.16,False
XRPZ,31,10.875,2487751.68,False
GDMN,31,92.685,2483783.4525,False
TUR,31,39.4322,2476772.2,False
GCOR,31,40.46,2474532.5943,False
SBR,31,72.69,2472987.18,False
IBHG,31,21.945,2471820.47,False
URSP,31,52.26,2469162.1766000004,False
OPRT,31,7.52,2466311.4899999998,False
AIRO,31,9.41,2465699.04,False
DGS,31,63.855,2457421.92,False
ELA,31,15.82,2456881.56,False
SEMY,31,14.0448,2454133.5,False
PRE,31,19.37,2453438.8899999997,False
FQAL,31,84.665,2451653.6,False
GLRE,31,15.4,2447307.39,False
ICLO,31,25.64,2445934.5,False
WATR,1,2.51,2444473.94,False
CRCT,31,5.51,2442241.66,False
DXUV,31,70.12,2440569.36,False
EMOP,31,51.31,2436981.52,False
SBIO,31,67.8176,2434637.25,False
BSRR,31,40.81,2433010.58,False
ACIC,31,9.45,2427989.78,False
FIGB,31,42.21,2425090.83,False
YLD,31,18.92,2415749.4899999998,False
PACK,31,5.24,2415668.42,False
FVAL,31,82.6444,2412867.8000000003,False
QUS,31,194.36,2412155.9277999997,False
BBRE,31,108.06,2406788.7600000002,False
SPYX,31,63.29,2406326.21,False
SPTX,31,24.4,2406108.4,False
QQQA,31,73.43,2405829.2180999997,False
HMOP,31,38.71,2405659.08,False
DRV,31,18.17,2405196.94,False
ORCS,31,29.4481,2404803.3212,False
EPHE,31,25.46,2400955.9,False
RWO,31,50.3,2400264.9,False
KLC,31,2.56,2397917.2800000003,False
PTH,31,60.8616,2397236.24,False
IBHH,31,23.36,2395166.89,False
LXFR,31,17.12,2392651.8,False
IETC,31,112.2374,2389078.44,False
MLN,31,17.38,2388318.48,False
DMBS,31,48.205,2388109.08,False
JHCP,31,24.74,2386950.12,False
CAM,31,24.88,2385311.04,False
NRK,31,10.45,2382117.6599999997,False
JQC,31,4.77,2380692.69,False
FMAO,31,35.03,2380525.2,False
PHI,31,19.03,2376023.36,False
DBI,31,5.81,2365569.04,False
LITU,31,23.21,2365458.3,False
CHPT,31,5.88,2360236.3400000003,False
CRESY,31,10.58,2357779.91,False
PAXS,31,14.13,2354808.38,False
PSCT,31,83.3767,2353018.2272,False
SYLD,31,85.82,2351951.46,False
SMTI,31,34.0,2349825.0,False
CHY,31,13.44,2348946.7,False
JAKK,31,25.47,2346589.9,False
MVIS,31,2.14,2334762.684,False
GEME,31,42.84,2334265.9200000004,False
AMPY,31,4.82,2333451.06,False
WWJD,31,40.3851,2329404.13,False
BRCB,31,7.9,2327313.6,False
RWK,31,151.4608,2326856.2593,False
SPRB,31,52.92,2325934.2399999998,False
CHAU,31,22.72,2325801.888,False
SUJA,31,6.65,2322017.1799999997,False
HEDJ,31,57.87,2320072.1,False
IHRT,31,2.96,2315248.44,False
XFOR,31,4.3,2314200.0,False
IBDZ,31,25.49,2314092.15,False
USNA,31,12.86,2313848.0,False
FRBT,31,19.11,2313127.92,False
DDFG,11,19.4004,2312668.16,False
NATH,31,97.5,2312261.6,False
BBOT,31,9.04,2308289.6,False
AVXL,31,3.21,2307611.07,False
UIS,31,2.8,2305093.56,False
GFUZ,31,7.77,2301474.1199999996,False
BIBL,31,57.44,2301426.52,False
EVEX,31,2.66,2300699.25,False
HUTG,31,14.6,2298784.6,False
FEMB,31,29.585,2297400.6,False
OXSQ,31,1.42,2291751.826,False
QMLS,23,7.14,2291388.7600000002,False
GMTL,31,12.95,2291180.44,False
AIV,31,2.62,2289228.48,False
MASS,31,10.19,2287072.1999999997,False
ZCMD,31,1.06,2286506.4099999997,False
DFCA,31,49.56,2286247.08,False
INTT,31,14.04,2279334.96,False
CDZI,31,3.2,2278737.12,False
FMAT,31,59.98,2278632.8,False
FDD,31,20.45,2275036.48,False
GXPC,31,29.47,2272628.9,False
XZO,31,15.49,2272145.7,False
PEJ,31,68.23,2271540.1580000003,False
ALAI,31,46.24,2267184.27,False
VUZI,31,3.09,2262164.04,False
EOS,31,21.99,2261381.85,False
EVMO,31,49.76,2260876.53,False
ONIT,31,38.25,2259989.64,False
MFSB,31,24.6,2258342.58,False
MFSV,31,29.85,2256169.5,False
QCMU,31,18.12,2250873.09,False
CBK,31,35.06,2248025.9,False
JIG,31,86.58,2244226.42,False
CGC,31,1.0,2240439.588,False
DLY,31,14.15,2236491.1799999997,False
NVII,31,25.53,2232597.95,False
ZENA,31,2.05,2232584.8800000004,False
SPCL,31,31.8,2229851.95,False
STPZ,31,52.61,2229559.19,False
ALVO,31,3.88,2229548.1100000003,False
FTMH,31,11.53,2226293.11,False
PBPH,31,27.9294,2226138.95,False
QSI,31,0.7442,2223435.7888,False
NUCL,31,7.62,2221872.62,False
ASCE,31,35.2,2208221.7208000002,False
ZSQR,31,3.86,2207376.45,False
QQQU,31,55.4,2207055.28,False
NAGE,31,3.04,2205110.8,False
EFSI,31,43.69,2205097.86,False
THEOU,10,10.145,2204265.71,False
GOU,31,25.6243,2197027.4820000003,False
ROBT,31,59.6194,2195175.3537,False
GGN,31,5.4,2193822.624,False
AUSF,31,51.88,2189511.7,False
IBTM,31,22.44,2188786.69,False
OILD,31,30.24,2187040.0,False
FUTG,31,4.16,2185899.5344,False
ANL,31,13.34,2185543.08,False
GTE,31,9.38,2178877.1599999997,False
AUTL,31,2.28,2178271.64,False
ENTA,31,12.83,2177620.1999999997,False
AVNW,31,22.04,2175904.9,False
EDD,31,5.89,2173694.12,False
CORB,31,29.02,2171612.626,False
KINS,31,19.9,2170101.25,False
HLLY,31,3.05,2168953.92,False
FDEM,31,36.25,2166606.0,False
BBHY,31,45.775,2165361.23,False
VGMS,31,50.935,2163861.51,False
BSIN,31,1.42,2162892.83,False
PRPO,31,23.9,2160215.1999999997,False
JUSA,31,69.72,2159561.6097999997,False
FOXY,31,27.87,2158908.85,False
SUSL,31,138.05,2155199.5156,False
CII,31,24.68,2155075.7600000002,False
IMCV,31,97.5435,2153569.1931000003,False
ETW,31,9.84,2149314.18,False
KRO,31,8.09,2149233.13,False
KROS,31,10.48,2147177.01,False
SSMR,31,16.0,2146723.88,False
MBI,31,4.93,2145830.4,False
ACP,31,5.14,2144969.97,False
MTRX,31,11.98,2143192.8,False
BUZZ,31,36.99,2142388.43,False
THD,31,73.88,2136414.15,False
NATR,31,14.7,2135860.3200000003,False
FAD,31,194.18,2134529.02,False
WIW,31,8.37,2133532.065,False
NRC,31,21.77,2131796.24,False
TLS,31,4.39,2126707.5,False
NFGC,31,1.66,2126188.65,False
DFSI,31,47.4202,2123526.79,False
IMUX,31,16.03,2122360.1799999997,False
KDEF,31,45.5991,2119647.44,False
TYGO,31,1.17,2118910.9699999997,False
MMIN,31,23.63,2118262.2,False
JHML,31,91.93,2116495.69,False
XRPT,31,19.3431,2115013.88,False
TV,31,2.85,2113846.0,False
PRTH,31,5.34,2112592.04,False
SLX,31,108.3,2111752.4235,False
ROKT,31,122.2514,2110021.887,False
KBWP,31,131.62,2107749.1890000002,False
STAK,31,1.56,2106214.0700000003,False
SHMD,31,5.68,2102195.54,False
ETV,31,15.1,2101165.92,False
LALT,31,24.3814,2099694.83,False
LESL,31,0.6558,2096072.8,False
RCKY,31,46.68,2095626.0,False
DFSB,31,50.7,2093753.6199999999,False
DBJP,31,118.6629,2093619.5,False
KIO,31,11.08,2093152.0699999998,False
UBRL,31,15.68,2091891.5999999999,False
SOPH,31,7.63,2085635.36,False
SGDM,31,76.81,2084676.0,False
OPPJ,31,58.72,2079924.6840000001,False
DTIL,31,7.4,2078361.6099999999,False
OSG,31,4.61,2077007.4000000001,False
FTRB,31,24.75,2073587.5100000002,False
SGP,31,25.78,2073433.92,False
LASE,31,1.45,2073166.7000000002,False
RSPU,31,78.38,2073047.6250000002,False
TDVG,31,50.25,2069690.58,False
WELD,31,59.2071,2069160.96,False
ENIC,31,4.56,2065989.2000000002,False
TRC,31,16.57,2059095.8499999999,False
ISBA,31,41.0,2053005.12,False
MUST,31,20.42,2050010.6,False
TWIN,31,25.11,2047404.7,False
FINV,31,4.37,2045352.24,False
IQQQ,31,49.19,2044628.28,False
ANEL,31,28.1137,2040142.32,False
QTEX,31,0.9399,2039105.25,False
CHI,31,13.26,2039021.48,False
TSMY,31,15.66,2035548.9,False
FLSP,31,28.4,2035514.05,False
SMHC,31,52.24,2034608.3800000001,False
FNRN,31,17.55,2032824.2000000002,False
OBT,31,38.72,2026932.2800000003,False
OLP,31,24.25,2026245.12,False
CEFS,31,25.8,2024697.64,False
FRAF,31,63.84,2023141.1199999999,False
PTNQ,31,87.98,2018544.912,False
SNDC,31,10.13,2015674.0799999998,False
BNAI,31,16.05,2012474.61,False
IGBH,31,24.33,2011983.88,False
FHEQ,31,34.38,2006089.3599999999,False
LYEL,31,13.55,2001880.8,False
KCE,31,166.57,2000707.1500000001,False
JVAL,31,60.17,2000374.16,False
ILCV,31,107.32,1997511.5999999999,False
PEPG,31,3.04,1996495.36,False
AGPU,31,10.62,1994094.18,False
INSG,31,4.56,1991494.56,False
TCPC,31,4.08,1990212.24,False
DGICA,31,18.46,1989323.4399999997,False
AGBK,31,6.08,1986871.36,False
JHCR,31,24.91,1985819.76,False
GMOI,31,41.01,1985290.56,False
PSFE,31,6.71,1980337.9200000002,False
FTXN,31,39.456,1979973.3,False
NUSC,31,53.15,1979746.77,False
TOPW,31,33.98,1977222.4800000002,False
ASLE,31,5.9,1975105.3399999999,False
PAPI,31,27.93,1969803.1600000001,False
FIIG,31,20.39,1969237.6,False
SDOG,31,73.17,1968567.2499999998,False
GMUB,31,50.81,1967870.79,False
BKMI,31,26.045,1966848.5599999998,False
THRY,31,1.985,1964905.2000000002,False
SKOR,31,47.9,1963600.4500000002,False
RSPD,31,57.0,1962822.0,False
BNDS,31,50.2173,1959501.0,False
FBIO,31,2.82,1959483.96,False
PNQI,31,50.6783,1958896.8567,False
BMEZ,31,16.02,1958442.33,False
GLSI,31,17.38,1956998.4000000001,False
QDF,31,92.835,1956834.2796,False
PJAN,31,50.46,1953413.2799999998,False
ILDR,31,39.82,1951600.2,False
COPY,31,15.83,1950857.54,False
SFY,31,154.12,1948871.5,False
IBMP,31,25.365,1948620.66,False
CDX,31,20.9,1947476.96,False
FYEE,31,30.23,1946939.5,False
PDX,31,21.78,1946690.99,False
GIGB,31,44.8,1944945.0,False
GWX,31,46.5407,1939658.18,False
FMUB,31,50.77,1938296.43,False
APC,31,19.0,1937920.92,False
VMO,31,9.74,1937832.2299999997,False
GMEU,31,5.39,1937032.95,False
INYY,31,41.1027,1933726.2000000002,False
SPTE,31,48.4624,1932162.93,False
CBNK,31,37.66,1932108.64,False
LONZ,31,49.17,1928007.05,False
FEX,31,141.9679,1926622.0820000002,False
INFH,31,9.3,1926450.08,False
STXF,31,49.95,1926189.9300000002,False
FLBR,31,20.79,1925867.44,False
NCDL,31,12.22,1925837.03,False
CGUI,31,25.335,1925054.46,False
EVIM,31,52.51,1921215.0,False
ULST,31,40.35,1919901.62,False
AMKL,31,10.04,1917441.03,False
HSLV,31,5.26,1917356.22,False
IGR,31,4.71,1915665.7599999998,False
WYFL,31,13.55,1914750.5,False
CANE,31,10.93,1913281.68,False
SIGA,31,2.93,1906586.48,False
LSGR,31,44.5352,1905153.7257,False
CMRC,31,2.06,1904391.72,False
VBNK,31,19.99,1904174.08,False
WW,31,13.58,1903239.0,False
VOXR,31,5.32,1899889.32,False
TBI,31,9.94,1899700.77,False
QUBX,31,8.6,1897795.92,False
AWP,31,11.83,1897599.1500000001,False
GLNK,31,8.43,1896700.6500000001,False
LDI,31,0.8748,1896431.0400000003,False
BRKU,31,22.4837,1895482.8336,False
SNDL,31,1.23,1895316.48,False
YYAI,31,1.22,1894240.4699999997,False
BME,31,44.4,1892353.2100000002,False
IBTO,31,23.795,1888862.6400000001,False
GBFH,31,21.21,1888837.92,False
EAF,31,7.36,1888760.3099999998,False
NIHI,31,53.255,1888119.99,False
ACH,31,1.07,1887739.71,False
INO,31,1.15,1887634.32,False
BWAY,31,15.49,1887233.5,False
VFMV,31,145.8274,1883623.56,False
PNNT,31,3.63,1883067.462,False
AIRS,31,3.085,1881551.7599999998,False
JOUT,31,47.74,1880423.65,False
GMMF,31,100.32,1879713.4200000002,False
ETG,31,24.28,1878912.42,False
CIFG,31,5.7,1878118.1297999998,False
CRBU,31,1.57,1877991.1600000001,False
NMCO,31,10.46,1877102.15,False
LBGJ,31,3.24,1876778.6,False
FLUD,31,25.0,1875565.4821000001,False
RNP,31,20.45,1875445.28,False
IVVD,31,0.7405,1874760.276,False
ACES,31,32.04,1872882.27,False
SCEC,31,24.495,1868598.48,False
WCBR,31,41.17,1868140.8087999998,False
HYEM,31,20.04,1866762.9600000002,False
EMO,31,53.88,1863722.25,False
VMET,31,10.32,1863111.5,False
IBHI,31,23.33,1853819.04,False
APIE,31,39.724,1853700.962,False
FRPH,31,21.93,1852537.68,False
VCHY,31,75.05,1851313.7999999998,False
IBCA,31,24.98,1850467.9000000001,False
SPWO,31,34.08,1848666.5999999999,False
FAX,31,14.61,1846658.45,False
NXTC,31,7.71,1846193.3599999999,False
BMOP,31,24.7381,1845070.4000000001,False
FTXR,31,45.0381,1844815.4999999998,False
XMVM,31,75.7776,1842065.94,False
COSO,31,27.83,1839967.5,False
FTC,31,187.7347,1837158.003,False
MYFW,31,31.62,1834650.0,False
FAB,31,107.2,1833951.872,False
TPYP,31,43.0334,1832678.1500000001,False
NXP,31,14.25,1832436.0,False
SSP,31,3.26,1831739.55,False
WHWK,31,4.64,1828985.86,False
FNY,31,107.96,1828422.66,False
POCT,31,47.3,1824043.76,False
QQQY,31,23.05,1823716.8,False
RGP,31,4.21,1819470.1900000002,False
SMRT,31,1.48,1817401.645,False
RC,31,1.7,1814850.0,False
DFDV,31,3.16,1811063.4000000001,False
QTRX,31,2.92,1808321.4500000002,False
FSMB,31,19.93,1805168.2000000002,False
IXP,31,116.29,1801564.6800000002,False
SRFM,31,0.6901,1800623.8695999999,False
SI,31,19.92,1800439.4999999998,False
DGRS,31,61.3052,1798350.8399999999,False
PICB,31,23.22,1797949.9200000002,False
LOFD,8,7.11,1796531.108,False
TMCI,31,4.5,1796357.51,False
NJUL,31,77.5966,1793669.4600000002,False
HAUZ,31,22.79,1792652.109,False
NANR,31,87.04,1791497.44,False
FAAA,31,50.3641,1791098.4883,False
GRVY,31,69.0,1787398.0,False
CSD,31,139.08,1786831.52,False
EQL,31,52.25,1786809.7,False
STOT,31,46.825,1786601.7,False
GETY,31,0.2757,1786013.5107000002,False
HEWJ,31,66.4115,1783512.9,False
XSVN,31,46.4101,1782537.0791,False
VLGEA,31,42.8,1780644.6,False
JSML,31,92.7004,1780148.52,False
FJDIU,10,9.95,1780103.435,False
NKX,31,12.33,1778258.34,False
CFBK,31,35.92,1777914.72,False
ILTB,31,46.8346,1776885.1215,False
GPTY,31,43.13,1773759.35,False
VEL,31,17.9,1773006.75,False
THNQ,31,93.55,1772279.16,False
VYGR,31,3.23,1771866.0,False
HEGD,31,27.28,1769581.5,False
KHPI,31,26.23,1769554.49,False
MRBK,31,20.03,1768024.0,False
EMD,31,10.57,1762457.68,False
TBB,31,19.28,1761419.5299999998,False
RMT,31,14.61,1756651.75,False
IBD,31,23.64,1755709.0,False
CCD,31,26.06,1754673.0,False
BIYA,31,2.63,1754538.0,False
SRVR,31,32.3118,1754369.0525999998,False
ALDX,31,1.56,1753171.2,False
AVDS,31,80.15,1752080.05,False
RA,31,12.66,1750700.82,False
FLTB,31,50.055,1749717.22,False
VEXC,31,95.79,1749457.02,False
FC,31,19.08,1747046.4,False
THW,31,14.03,1745260.4400000002,False
EXFY,31,2.27,1744736.83,False
AVK,31,12.76,1743561.6,False
PTA,31,18.71,1743432.68,False
SNOY,31,11.63,1743254.8,False
FLIA,31,20.285,1740311.0050000001,False
BSVN,31,52.09,1740221.0,False
LEO,31,6.2,1738963.2,False
AVSF,31,46.37,1737833.76,False
ACRE,31,4.62,1737430.2,False
MPDY,4,25.1997,1737001.5693,False
CPAI,31,53.54,1735830.8800000001,False
BUI,31,27.01,1735779.6300000001,False
FSOL,31,8.96,1734258.75,False
AVMC,31,82.17,1734153.92,False
QINT,31,73.19,1732708.4000000001,False
WAGN,31,15.22,1731834.9693,False
ALLT,31,7.68,1727031.36,False
IPKW,31,61.36,1722755.3,False
ATNI,31,31.57,1722415.2,False
TAXF,31,50.01,1716928.25,False
HOVR,31,1.98,1715868.0,False
FVCB,31,18.74,1715820.75,False
FPF,31,17.85,1714863.33,False
DFJ,31,114.3813,1713909.4500000002,False
TCAL,31,23.07,1711823.8199999998,False
CHW,31,8.69,1711551.791,False
ZJUL,31,30.28,1710126.68,False
VKQ,31,9.78,1708589.256,False
BEDY,31,30.0959,1708580.92,False
GII,31,74.6826,1708110.18,False
QEFA,31,101.0002,1707895.04,False
CEMB,31,45.2901,1707617.9304000002,False
PCEF,31,20.57,1706778.48,False
LVHD,31,44.4,1702473.5999999999,False
AII,31,25.01,1698663.0,False
ESOA,31,13.04,1698651.68,False
MARO,31,3.99,1696892.8199999998,False
PPIH,31,26.61,1693229.28,False
SCM,31,8.58,1691186.409,False
USLV,31,16.9,1685547.6,False
IBMQ,31,25.515,1683053.72,False
GOOW,31,61.5852,1682864.1,False
MF,31,11.6,1679977.26,False
MDST,31,29.562,1678921.23,False
EOSU,31,8.555,1673596.57,False
PPLC,31,47.51,1673364.0599999998,False
NTSX,31,60.375,1671874.56,False
FXR,31,91.37,1671686.41,False
TARA,31,3.98,1670931.36,False
CZNC,31,25.99,1667313.56,False
VVR,31,2.93,1664746.449,False
FXB,31,130.195,1663291.28,False
TERG,31,57.6192,1662393.5586,False
FIDI,31,29.3151,1657381.05,False
BBN,31,15.73,1657085.8,False
FRBA,31,18.96,1655155.7,False
ZECP,31,38.375,1654454.7,False
BTO,31,41.02,1653252.32,False
DDFL,31,21.58,1652836.57,False
IFRX,31,2.07,1652284.8,False
MODL,31,52.8173,1651314.3499999999,False
CET,31,54.9,1651014.24,False
KVHI,31,8.15,1648187.4,False
EFIV,31,75.75,1646843.3800000001,False
AIO,31,26.95,1646804.6199999999,False
HCAT,31,1.7,1646401.38,False
MED,31,11.44,1646247.2400000002,False
PSNY,31,13.93,1644110.46,False
UTMD,31,70.21,1638129.72,False
XSVM,31,71.2726,1635213.02,False
FAI,31,54.71,1634120.8716,False
SPYT,31,17.575,1631545.92,False
FEMR,31,41.5282,1630954.6872,False
REFI,31,10.27,1629331.0199999998,False
NMAD,31,3.9,1629204.93,False
ISMD,31,50.39,1628969.34,False
ORGO,31,1.72,1626832.88,False
IGD,31,6.7,1623626.0799999998,False
SPOK,31,10.99,1623010.0,False
RPAY,31,3.51,1622565.56,False
SKYH,31,10.28,1621841.74,False
BRKRP,31,424.62,1620200.68,False
EAD,31,6.39,1620194.6199999999,False
FENC,31,11.83,1620187.0899999999,False
UTEN,31,42.355,1618064.28,False
XLEI,31,27.71,1615597.2,False
MAGY,31,41.44,1610496.8299999998,False
RMOP,31,25.1024,1610234.0999999999,False
THYP,31,34.1411,1609460.84,False
USGG,31,8.2407,1608670.8,False
CVGI,31,3.39,1606885.0,False
OSUR,31,3.81,1606203.18,False
PROK,31,1.4,1606003.2000000002,False
SOYB,31,25.8,1605291.61,False
KSCP,31,1.43,1601970.24,False
DIG,31,67.25,1601415.6,False
RMNI,31,4.96,1601385.81,False
GLND,31,1.28,1600103.34,False
BRZU,31,84.95,1599895.8,False
CVLC,31,97.24,1597185.7200000002,False
GHY,31,11.69,1596983.04,False
KRRO,31,13.14,1592888.5,False
RCBC,8,47.84,1592797.38,False
BDSX,31,23.25,1591602.0,False
DMXF,31,87.6775,1591035.0936999999,False
BBCP,31,9.6,1590482.7899999998,False
CDXS,31,1.59,1588749.4,False
HECA,31,27.74,1587294.24,False
NKTX,31,2.43,1587224.86,False
VLN,31,1.91,1584801.1,False
FAC,31,4.91,1582902.24,False
FISN,31,8.12,1582882.56,False
HYHG,31,64.63,1582775.28,False
WTBA,31,29.92,1582562.5799999998,False
EVCM,31,10.16,1580598.8,False
LGDS,26,50.4031,1579661.1,False
FNGS,31,79.58,1578084.7431,False
CARL,31,13.78,1575638.0,False
BCX,31,12.75,1572058.82,False
CIEG,31,7.09,1568810.18,False
BDL,31,47.89,1568349.61,False
NSCI,31,25.2,1567031.41,False
JRI,31,12.48,1564952.92,False
SFTY,31,31.9143,1564936.75,False
FINX,31,26.335,1564124.1600000001,False
CSEX,31,14.53,1563395.96,False
LCTU,31,83.12,1563026.25,False
BLW,31,12.81,1558722.42,False
MEGI,31,15.19,1557315.54,False
FNX,31,147.57,1554581.7759999998,False
JAJL,31,30.215,1554164.48,False
BCML,31,30.6,1553962.4100000001,False
BITQ,31,23.36,1553942.24,False
CDLR,31,23.38,1553677.4000000001,False
CAN,31,0.2285,1553129.0784,False
KSLV,31,27.635,1551227.3699999999,False
SEG,31,27.31,1550880.6400000001,False
EDGF,31,24.67,1549691.7,False
PBAM,13,87.01,1547840.78,False
RSSB,31,31.31,1546075.96,False
AVBC,31,22.35,1543759.2000000002,False
BTT,31,22.57,1543464.28,False
PGF,31,13.431,1543443.4,False
RJET,31,20.22,1543393.3800000001,False
SOXY,31,96.1551,1543348.87,False
VWAV,31,1.43,1540656.4200000002,False
FRWD,31,33.5338,1538128.3384,False
OBIL,31,50.105,1536467.8499999999,False
REA,31,14.51,1536432.9000000001,False
GVIP,31,178.52,1535758.07,False
DCRE,31,51.61,1534239.0,False
TXO,31,13.85,1530082.68,False
PLTM,31,17.03,1528549.02,False
QUAD,31,10.12,1528394.686,False
RDCM,31,10.35,1526760.0,False
FLGV,31,19.935,1526282.76,False
QVCG,6,15.4,1522050.475,False
EARN,31,4.41,1521999.6,False
WYY,31,9.05,1520580.07,False
TNYA,31,0.7001,1520344.9547,False
BSJU,31,25.8064,1519790.48,False
JAB,9,9.93,1519521.3,False
JCPI,31,47.41,1519407.48,False
QJUN,31,33.82,1517767.9008,False
FRA,31,10.9,1517748.32,False
HYDR,31,45.3157,1517197.9500000002,False
TTGT,31,3.74,1516643.7,False
EDRY,31,39.95,1516425.1500000001,False
KTF,31,8.94,1515357.04,False
IBND,31,31.165,1512955.9666000002,False
LQTI,31,18.67,1512643.7699999998,False
ASIC,31,24.09,1512525.9,False
EIPI,31,22.75,1512238.73,False
IQI,31,10.12,1511788.2,False
QFLR,31,35.815,1510355.31,False
SPXT,31,111.7,1506214.54,False
XMAG,31,26.46,1504938.96,False
CNTN,31,2.025,1503403.0,False
DTD,31,97.6,1502304.95,False
RAIL,31,7.42,1501668.7999999998,False
IRS,31,14.64,1501574.0999999999,False
ANIK,31,21.47,1499585.07,False
IBMO,31,25.63,1498393.6,False
FCOR,31,46.16,1498312.2000000002,False
VFF,31,2.58,1497835.19,False
APCB,31,28.94,1493006.1300000001,False
OPRX,31,8.48,1490238.4000000001,False
QLDY,31,42.5417,1489808.8,False
KF,31,66.45,1488961.35,False
XRPC,31,10.6174,1487748.8800000001,False
HOOX,31,29.1684,1487679.2653,False
BSCY,31,20.3,1486989.56,False
BERZ,31,19.73,1485254.52,False
HTD,31,25.46,1485059.84,False
TRFM,31,62.67,1484746.14,False
NVDW,31,38.42,1483008.6,False
AMZA,31,49.94,1480104.0,False
XFLT,31,19.31,1472595.0599999998,False
OVBC,31,45.41,1470695.94,False
VOTE,31,91.1766,1470676.8,False
PKB,31,105.32,1468562.041,False
BKUI,31,49.675,1464241.6,False
FCCO,31,34.7,1464164.0999999999,False
FYLD,31,40.3522,1463589.9200000002,False
DCBO,31,22.55,1461056.7000000002,False
IVVW,31,45.27,1460490.0,False
KKRT,31,22.805,1457832.03,False
AMIX,31,6.4,1454933.15,False
EQAL,31,61.54,1454342.44,False
PKBK,31,34.9,1453675.2,False
IFN,31,11.8,1450576.8,False
DJP,31,49.52,1450182.24,False
SHYD,31,22.7,1447165.8699999999,False
SNTH,31,30.46,1446840.18,False
DAX,31,47.1686,1445522.29,False
RUNN,31,34.8897,1444148.19,False
VGM,31,10.37,1441047.5,False
AAPX,31,34.2505,1440614.64,False
RNA,31,12.96,1439938.1199999999,False
TAYD,31,55.345,1439468.2000000002,False
EUSB,31,42.78,1438975.48,False
LEND,31,24.875,1437487.8,False
IMC,14,8.5,1437189.85,False
IJUL,31,36.995,1435827.4863,False
REXC,31,19.115,1434660.8327,False
INGN,31,5.71,1433493.94,False
IPSC,31,1.95,1431512.6199999999,False
VTMX,31,33.8,1430638.96,False
ANTW,3,25.275,1429791.9479999999,False
UMMA,31,37.913,1429618.3558,False
PDT,31,12.72,1429389.0,False
GJUL,31,44.555,1426618.5847,False
XFIV,31,48.1384,1424455.48,False
MFSG,31,30.72,1423905.8800000001,False
CZFS,31,81.89,1423388.2,False
XHE,31,94.26,1422194.8800000001,False
TDAX,31,24.5301,1420551.44,False
HYZD,31,22.6254,1419766.95,False
JELD,31,1.87,1418435.97,False
GUG,31,15.07,1417959.2,False
NLOP,31,11.42,1415859.2,False
LZM,31,4.0,1415163.5399999998,False
ILOW,31,47.25,1412692.38,False
HGTY,31,12.86,1412073.54,False
CMDT,31,33.64,1411802.52,False
FFOG,31,50.915,1411407.5,False
RBKB,31,12.68,1411401.71,False
PWRL,31,11.82,1409688.3599999999,False
FF,31,5.74,1408699.32,False
EIM,31,9.63,1405351.252,False
NYM,31,24.8565,1404077.92,False
FOIL,3,24.1,1404028.46,False
IBMS,31,25.75,1401140.1516999998,False
DFAL,31,52.1,1400887.8800000001,False
EPRX,31,6.82,1398688.56,False
MYN,31,9.76,1396974.96,False
STEW,31,18.41,1396129.02,False
MGRT,31,100.0,1395733.0,False
ISD,31,12.47,1394739.54,False
MAAS,31,16.88,1392679.44,False
QAI,31,36.7616,1392215.96,False
RBBN,31,2.08,1391935.35,False
RXI,31,200.4759,1391869.6215,False
FLCG,31,35.68,1391475.58,False
AVIR,31,5.22,1391302.5,False
PSFF,31,34.97,1389963.96,False
BCBP,31,8.94,1388774.97,False
SEEM,31,39.2897,1388542.048,False
INFU,31,12.16,1386973.18,False
AGZ,31,108.68,1383867.58,False
IMFL,31,34.945,1383729.44,False
HAP,31,74.0737,1383669.1800000002,False
FHTX,31,6.74,1383083.9000000001,False
SND,31,4.91,1381172.3199999998,False
FJUN,31,61.3344,1380459.84,False
JDVL,31,32.4185,1380088.7999999998,False
POWW,31,2.22,1379829.0,False
UYG,31,97.55,1377661.98,False
WIP,31,39.4945,1375584.5138,False
CGW,31,64.9125,1374928.1199999999,False
NKSH,31,42.61,1374283.81,False
HCMT,31,42.47,1373691.33,False
PLCI,3,9.85,1369028.22,False
CNDT,31,1.46,1368473.23,False
EEMS,31,75.8279,1368295.4874,False
AMTX,31,1.8,1365114.06,False
ALXO,31,1.97,1365018.92,False
CPSL,31,28.2247,1364160.0,False
DFMC,31,62.0396,1361580.378,False
BOC,31,13.12,1360946.72,False
OPEX,31,9.15,1358696.46,False
SPWR,31,0.2177,1356596.4048,False
FTCA,31,7.261,1354706.157,False
GXC,31,90.96,1354425.84,False
FFC,31,16.22,1354305.6800000002,False
EWZS,31,12.02,1351960.1278,False
NKLR,31,5.99,1349975.66,False
YCS,31,54.94,1348271.54,False
GDXW,31,42.84,1347386.13,False
PRLD,31,5.63,1346650.0,False
FPAG,31,42.39,1346009.07,False
GIAX,31,16.56,1345410.3,False
BRW,31,6.55,1345405.926,False
FSCC,31,36.21,1344567.12,False
PLX,31,2.29,1343680.71,False
EWO,31,43.86,1342569.06,False
BGR,31,17.0,1340911.68,False
IBMR,31,25.275,1340723.4749999999,False
RSPS,31,30.85,1340236.8,False
GLIBA,31,26.14,1337860.8,False
TDI,31,47.5606,1337821.9952,False
SOJD,31,18.27,1337537.4,False
FISR,31,25.185,1335431.0425,False
SABS,31,3.77,1335327.5,False
FPXI,31,74.6587,1334793.75,False
IQDF,31,35.7373,1334443.3418,False
FXC,31,70.425,1332799.92,False
EDN,31,23.02,1332370.6500000001,False
QQQH,31,55.25,1331554.8900000001,False
SXTC,31,3.75,1330726.8399999999,False
HODU,31,10.6533,1330441.0790000001,False
FLYT,31,8.09,1329830.96,False
GXPT,31,34.06,1328012.6400000001,False
SMC,31,34.74,1327232.48,False
EWX,31,72.68,1326398.26,False
GALT,31,3.51,1325930.8,False
LQDW,31,23.2399,1324848.42,False
VLU,31,248.7939,1323412.7534999999,False
ESPO,31,98.01,1322986.7999999998,False
ELPW,31,3.75,1322437.8499999999,False
VEGI,31,44.31,1319416.6700000002,False
FBYD,31,10.16,1317740.5250000001,False
DTH,31,58.2162,1316654.8915000001,False
RTB,31,16.9,1314988.99,False
CGVV,31,32.25,1311607.89,False
RCAX,31,4.9,1309804.1600000001,False
MFM,31,5.44,1305188.0,False
FLGB,31,37.09,1303108.28,False
PFL,31,7.67,1302789.82,False
WRAP,31,1.62,1302356.8399999999,False
RACK,31,51.32,1302199.58,False
THM,31,2.74,1302031.6400000001,False
BGT,31,10.96,1299894.8399999999,False
ENHA,31,1.71,1299429.16,False
KEN,31,64.97,1299352.24,False
MSTW,31,3.2,1298190.7820000001,False
ATII,31,10.64,1298180.52,False
NBCM,31,29.99,1296177.84,False
VTAK,31,0.228,1295938.602,False
KTUP,31,9.53,1294485.03,False
PIT,31,77.45,1287995.76,False
CCU,31,11.66,1287463.77,False
ENGN,31,1.7,1286883.84,False
GUT,31,6.36,1286881.1879999998,False
EMBX,31,51.1812,1284225.27,False
SPEU,31,57.04,1283707.74,False
ONEY,31,133.51,1282321.2318000002,False
CNXU,31,9.78,1280792.25,False
AFIF,31,9.42,1276927.596,False
OFLX,31,28.45,1276515.19,False
YALA,31,5.34,1276060.68,False
TVRD,31,1.86,1275235.84,False
ORBX,31,48.26,1272816.54,False
NIE,31,26.78,1272495.5,False
BGGG,31,36.5794,1271898.7995,False
BYLD,31,22.27,1270041.3699999999,False
AIB,31,1.64,1268573.25,False
BDTX,31,2.05,1267713.8,False
INLF,31,4.76,1266884.22,False
XV,31,25.01,1265809.5999999999,False
GGT,31,4.13,1265338.368,False
PID,31,22.845,1265048.1500000001,False
BCYC,31,4.0,1264204.16,False
MPAA,31,11.95,1263218.0,False
MXI,31,111.7,1261201.0877999999,False
USDX,31,25.58,1260678.2,False
NFLT,31,22.83,1260539.6,False
PSBD,31,10.2,1259778.0799999998,False
PBEU,31,35.9503,1258543.8503999999,False
LGH,31,66.76,1258035.4722,False
SPRO,31,1.19,1256256.8199999998,False
SEIS,31,33.6204,1256122.4777999998,False
BGB,31,11.28,1256036.28,False
HYBI,31,48.89,1255470.3,False
WSBF,31,21.1,1254924.0,False
QNC,31,2.23,1252290.6900000002,False
PAL,31,5.89,1250920.48,False
DFSE,31,48.9796,1248243.718,False
HNDL,31,22.6791,1243484.32,False
FCVT,31,52.0009,1242431.5998,False
URAA,31,26.36,1242054.0,False
PIE,31,33.7275,1241708.27,False
TSBK,31,45.87,1240684.8,False
HNVR,31,27.4,1240297.45,False
OUSA,31,61.34,1239124.92,False
ASTY,31,8.28,1238827.2519999999,False
EMPD,31,2.8,1238143.44,False
RGTU,31,16.02,1236497.6,False
HBMX,31,26.46,1236347.6451,False
APLY,31,11.38,1233567.96,False
SJB,31,15.15,1232098.68,False
FXHO,31,11.63,1231586.4,False
PLG,31,1.51,1231210.83,False
GFR,31,6.45,1230381.3,False
NDMO,31,10.02,1230059.58,False
SCD,31,15.85,1230007.55,False
CMTV,31,40.85,1229711.41,False
RCEL,31,7.9,1229185.2999999998,False
DHY,31,1.74,1228878.96,False
DJIA,31,22.89,1227531.3800000001,False
PJFV,31,101.8247,1227313.7638,False
API,31,4.4,1226722.4749999999,False
TAXX,31,50.505,1225056.825,False
CVRX,31,2.75,1223715.66,False
GAM,31,67.71,1222786.08,False
ISCG,31,66.2078,1221208.0023,False
CRBN,31,260.54,1220113.7488,False
EOI,31,20.17,1218653.1199999999,False
AFYA,31,13.79,1218560.25,False
RRGB,31,10.59,1217992.3399999999,False
FLCA,31,55.5,1215412.92,False
CMBS,31,48.335,1214646.4,False
DGT,31,191.435,1212800.8499999999,False
MMU,31,10.22,1212461.97,False
SEIX,31,23.27,1211295.2,False
DGAC,22,9.95,1210536.23,False
PDLB,31,20.75,1209371.34,False
CEPI,31,31.95,1208595.5,False
QYLG,31,29.91,1207821.51,False
IKT,31,2.39,1207618.0,False
ONFO,31,2.35,1207207.8,False
MIST,31,1.1,1206309.16,False
KUST,31,1.09,1203101.13,False
MMT,31,4.47,1202580.54,False
CVIE,31,86.3781,1202135.0778,False
FORR,31,11.15,1200750.3,False
NETG,31,20.0956,1199279.7432,False
AZ,31,7.28,1198137.61,False
UUUG,31,5.01,1197694.48,False
NUDM,31,41.46,1197017.09,False
SEIQ,31,41.3761,1196623.2000000002,False
EVSB,31,50.88,1196187.5999999999,False
NEHI,31,27.15,1194878.95,False
TSLW,31,17.2,1194722.2,False
SLSR,31,8.02,1194716.4,False
HYTR,31,21.255,1194450.58,False
PTHS,31,25.9,1193757.48,False
PEBK,31,44.6,1193422.0,False
DBEU,31,55.1199,1193128.76,False
DMAC,31,6.62,1192613.595,False
CPSH,31,4.33,1191424.6400000001,False
ZONE,31,0.1559,1191002.9326,False
CMTG,31,1.75,1190383.25,False
SOMN,31,49.14,1190229.96,False
SHOC,31,111.2053,1190071.9987,False
PEO,31,27.94,1189140.35,False
HYPG,31,20.89,1188830.06,False
DLS,31,88.7209,1187428.5045,False
BNDI,31,46.21,1185915.5126,False
SFTX,31,31.7191,1184751.4305,False
BITW,31,41.36,1184591.905,False
EUM,31,15.69,1183440.0,False
LCUT,31,9.51,1182530.8800000001,False
DWAS,31,120.2883,1180813.4296,False
NXTG,31,155.64,1177799.9968,False
SBND,31,18.67,1175254.92,False
DDTG,11,19.54,1171916.8,False
LDP,31,20.63,1170938.17,False
MOBI,31,11.74,1170434.2,False
ITWO,31,46.97,1170338.9000000001,False
VATE,31,7.56,1169608.6400000001,False
AGD,31,12.49,1169551.76,False
IQDG,31,44.5703,1169439.84,False
BWMX,31,15.93,1169101.2,False
QMOM,31,79.077,1167476.1069999998,False
XGN,31,6.7,1164590.2799999998,False
BLUX,31,32.9894,1164134.1309,False
SEVN,31,7.65,1162082.22,False
FRMM,31,5.89,1161262.5,False
JXI,31,83.12,1159600.88,False
OSEA,31,30.79,1158825.3900000001,False
AFK,31,28.09,1157626.56,False
GJUN,31,41.9752,1157100.3599999999,False
NMAI,31,14.54,1155897.0,False
HEQT,31,34.55,1155822.54,False
SHPU,31,17.58,1153029.1175,False
RFI,31,11.43,1152718.28,False
ASG,31,5.48,1150978.2,False
PRQR,31,1.93,1150515.8,False
IVOL,31,17.59,1149862.8299999998,False
AIAI,31,5.01,1148864.64,False
NCMI,31,2.73,1148699.76,False
HIX,31,3.96,1147280.274,False
CTGG,31,16.2,1146629.28,False
UJUL,31,41.475,1144079.0265,False
BINV,31,45.0451,1143929.064,False
GLXU,31,4.92,1142582.38,False
ORCZ,24,16.831,1141595.7204999998,False
NML,31,10.65,1140777.99,False
ZTG,31,3.27,1137822.14,False
STXS,31,1.39,1137794.7,False
CMDB,31,19.33,1137334.8,False
BABU,31,12.19,1135625.4,False
EZM,31,77.34,1135262.1126,False
ELME,31,1.61,1134531.3,False
SKYX,31,1.14,1134511.7999999998,False
BGRN,31,46.8345,1134063.0,False
IVOV,31,116.6252,1132200.51,False
CEGX,31,14.19,1130974.8599999999,False
INVZ,31,0.368,1130074.3674,False
SGRT,31,33.95,1128925.27,False
EQ,31,2.48,1128698.69,False
DERM,31,6.46,1128395.85,False
VFQY,31,178.5682,1126169.55,False
FTF,31,5.83,1126160.5320000001,False
CIK,31,2.42,1125816.0,False
CSMD,31,36.52,1125467.98,False
PFFV,31,22.03,1125156.2999999998,False
GBND,31,49.6158,1124591.7228,False
RTH,31,265.8123,1123939.3514999999,False
AMWL,31,12.34,1123626.0999999999,False
ISCF,31,45.99,1123341.84,False
COM,31,34.5,1122658.3699999999,False
HIO,31,3.57,1122490.8800000001,False
FTHY,31,13.42,1120843.64,False
BCD,31,37.56,1120683.02,False
MITT,31,6.75,1118726.48,False
COIW,31,7.52,1118628.963,False
BGY,31,5.84,1117990.554,False
LAB,31,0.6845,1117533.1272,False
MAXJ,31,29.475,1117276.44,False
USDE,31,3.02,1116540.0,False
GBAB,31,13.92,1115604.48,False
MVBF,31,30.69,1114120.41,False
BUUU,31,27.55,1111970.6400000001,False
RZV,31,152.08,1111856.8800000001,False
RSPF,31,84.36,1111256.4000000001,False
ASTI,31,3.27,1111254.3,False
IGHG,31,77.7448,1110724.5599999998,False
GBUG,31,48.82,1109437.328,False
XTRE,31,48.8032,1108459.25,False
KQQQ,31,29.1417,1106717.8576,False
PCB,31,28.08,1106662.4000000001,False
RPT,31,13.1,1106587.44,False
DBGI,31,13.77,1104477.93,False
CRDL,31,1.8,1103205.74,False
POW,31,28.37,1102914.84,False
QVAL,31,60.6635,1102154.832,False
CLRO,31,4.94,1102051.23,False
RBIL,31,49.9945,1101950.0,False
BBCQ,31,10.16,1100658.895,False
BGH,31,14.34,1100344.29,False
NMRA,31,1.52,1100267.8499999999,False
BOE,31,12.47,1099767.24,False
ONEW,31,11.47,1099548.61,False
FTNY,31,7.78,1097100.226,False
DEHP,31,41.57,1096915.5,False
PSH,31,49.92,1095366.3599999999,False
DSX,31,2.66,1095098.4000000001,False
DUG,31,15.23,1093646.75,False
EVI,31,15.5,1093502.1300000001,False
ACTG,31,4.68,1093150.28,False
PJUN,31,44.14,1092674.8,False
EFR,31,10.65,1092502.62,False
OPI,31,19.0,1092278.0,False
FLCH,31,21.8,1091893.55,False
EPM,31,3.82,1091410.32,False
NVA,31,4.92,1091227.56,False
SPRE,31,21.45,1090824.32,False
UDN,31,18.21,1090290.96,False
FDRR,31,69.6104,1090262.25,False
YBTC,31,17.599,1089845.6099999999,False
NWFL,31,34.09,1089826.48,False
FMAY,31,57.5422,1088888.195,False
ISUL,31,15.3828,1088709.75,False
IBMT,31,25.56,1087982.12,False
LUCD,31,0.9777,1084227.0196,False
TLX,31,11.73,1084103.52,False
XELLL,31,22.93,1083281.99,False
VSECU,31,60.75,1082151.4,False
TXUE,31,36.3753,1080667.9000000001,False
AFMC,31,41.96,1079669.7,False
DRIV,31,36.0999,1076542.14,False
BWZ,31,27.2,1074908.64,False
PILL,31,20.86,1073220.32,False
TBG,31,38.74,1071744.0,False
IMPP,31,4.97,1070382.7,False
GCBC,31,34.25,1069964.72,False
FDIG,31,42.0493,1069073.2672,False
VFS,31,3.12,1068040.71,False
OTLY,31,13.65,1067872.8,False
KIDZ,31,4.07,1067227.792,False
SMB,31,17.24,1066450.85,False
XNET,31,4.97,1065850.96,False
FEMS,31,45.9775,1065550.8,False
BNTC,31,13.07,1065513.12,False
ACU,31,61.91,1065109.5,False
PROP,31,0.71,1063686.1199999999,False
BSMS,31,23.42,1062786.56,False
OABI,31,3.82,1060856.48,False
RJCA,11,73.4264,1060654.3388,False
SIXD,31,31.54,1060499.5299,False
ESN,31,20.5877,1058962.2303,False
PBOG,31,34.8667,1058424.486,False
PIEQ,31,37.15,1056137.3499999999,False
SEPI,31,28.95,1055169.09,False
FIRY,31,9.96,1054793.12,False
SUPX,31,6.74,1054296.48,False
PCMM,31,49.81,1053174.5056,False
COSM,31,0.205,1051775.5764,False
LCAP,31,34.02,1050313.3800000001,False
TJGC,31,4.01,1049705.72,False
DEXC,31,79.2327,1048563.84,False
ANVS,31,1.74,1048230.95,False
HYFI,31,37.185,1047836.1150000001,False
DFNL,31,52.5587,1047070.64,False
OUSL,25,24.64,1045511.8600000001,False
ELCV,31,32.48,1042125.32,False
SOJF,31,24.83,1041106.96,False
AP,31,9.47,1040727.2999999999,False
AARD,31,6.74,1040103.3200000001,False
ACYQ,31,21.0112,1037937.648,False
JHSC,31,49.75,1037782.98,False
RAA,31,30.3372,1037453.3036,False
PCQ,31,8.72,1036600.5680000001,False
ARTNA,31,34.95,1036319.16,False
RICK,31,31.09,1034144.76,False
BSMR,31,23.595,1033625.5000000001,False
GNE,31,14.65,1033490.81,False
IIM,31,12.65,1032882.0299999999,False
NECB,31,26.77,1032217.52,False
WRTH,31,25.9103,1031238.78,False
NFTY,31,54.235,1031142.03,False
FNLC,31,35.37,1029350.08,False
TRX,31,1.11,1028833.9892999999,False
DBAW,31,48.8441,1028515.04,False
AMPU,31,3.29,1028451.2000000001,False
USSE,31,41.5794,1028311.9099999999,False
DGNX,31,1.21,1028177.91,False
PLBL,31,6.45,1026607.31,False
JPME,31,128.5865,1026377.443,False
SRI,31,7.06,1023115.9500000001,False
PSCE,31,63.41,1021568.7625,False
IBTP,31,24.975,1021427.2168,False
WEEI,31,24.81,1020896.8400000001,False
NNOX,31,0.9336,1019634.0,False
TAIL,31,10.33,1018600.64,False
CSCL,31,55.55,1017588.34,False
ABFL,31,84.63,1017506.49,False
ARDC,31,12.48,1017481.92,False
PPHC,31,10.05,1016177.26,False
XMLV,31,68.1262,1015919.45,False
AGNCP,31,25.35,1015536.78,False
GTIP,31,47.53,1015478.74,False
JILL,31,18.68,1014376.9600000001,False
CZWI,31,20.92,1013984.4199999999,False
USCI,31,104.7421,1013846.1699999999,False
HSBH,31,113.5333,1013543.028,False
SHYL,31,44.06,1012937.31,False
PYPD,31,4.77,1011495.42,False
NIXX,31,0.7133,1011208.6170000001,False
MEME,31,9.06,1009878.1,False
ELFY,31,43.06,1009874.6399999999,False
BUFB,31,40.27,1007321.91,False
HFRO,31,7.19,1006311.36,False
FOA,31,21.09,1006046.0100000001,False
ADAG,31,3.83,1005336.14,False
IDUB,31,28.3816,1004500.0,False
FAN,31,24.34,1004406.4800000001,False
IBAT,31,42.194,1004222.4023999999,False
FSYD,31,48.525,1002355.53,False
DJUL,31,51.2702,1002043.0700000001,False
JMSI,31,49.4756,1001965.0,False
NCV,31,17.22,1001926.24,False
DXIV,31,74.547,1001610.6843999999,False
JFB,31,4.2,1000249.25,False
RNAC,31,9.18,998031.24,False
EMQQ,31,34.0308,997416.3999999999,False
XIIIU,12,10.5,996346.77,False
ATLO,31,31.88,996110.85,False
EELV,31,28.48,995694.84,False
BGUS,15,26.3313,994806.7716,False
PSEP,31,46.735,994763.38,False
MAKO,31,9.84,993691.5,False
FBLA,31,15.53,993039.24,False
RCMT,31,40.43,992227.5,False
TEUP,31,3.21,991344.5,False
FXNC,31,31.77,990582.6000000001,False
RLGT,31,8.68,990279.6,False
XTWO,31,48.87,990256.375,False
JRVR,31,4.02,989586.69,False
SETH,31,43.9924,988793.1599999999,False
NEGG,31,18.92,988418.6400000001,False
NPWR,31,1.73,988163.4,False
ALTG,31,7.02,986630.1900000001,False
MARS,31,28.58,985200.7999999999,False
TCX,31,10.78,984684.6900000001,False
SGHT,31,8.24,984561.2000000001,False
WCPB,31,25.1,982062.6000000001,False
PUSA,31,3.665,981365.88,False
JHPI,31,22.53,981236.48,False
IPO,31,56.7998,981109.0,False
IDOG,31,44.33,978376.32,False
HGRO,31,30.7564,978091.1705,False
VBCB,31,75.515,977039.2800000001,False
CYPH,31,0.7053,976653.936,False
ILCB,31,107.2081,975833.0,False
GOAU,31,45.1694,975547.76,False
VCV,31,10.6,974947.3,False
FUNC,31,44.93,974304.7200000001,False
GTEK,31,60.5003,973559.25,False
TONX,31,2.82,972471.5,False
ECHX,31,8.6704,970658.46,False
SIND,31,16.69,969578.0,False
DESK,31,40.7759,968689.2997999999,False
PBFR,31,31.136,967807.0326,False
CNYA,31,36.64,967230.66,False
CIRC,31,0.6422,967178.4623,False
EJUL,31,31.3367,965578.2400000001,False
ZBAO,31,0.2184,965033.58,False
PEW,31,2.56,964716.39,False
PANG,31,36.8782,964633.817,False
SREA,31,20.58,964456.27,False
CRDF,31,0.9043,963527.66,False
EIC,31,10.01,962018.4,False
BBH,31,222.2858,961336.0575,False
LCTX,31,1.06,959761.6000000001,False
HUYA,31,2.28,959601.6,False
IDNA,31,35.86,959552.6399999999,False
IBCB,31,24.4983,959381.98,False
XTWY,31,34.7189,959029.6219,False
CRNT,31,2.18,957026.5599999999,False
MDWD,31,13.39,956541.3,False
MXCT,31,1.32,956448.1500000001,False
BTSGU,31,198.51,956389.04,False
FCBM,31,12.7,955193.4,False
DUSL,31,104.1,954276.9,False
BOOM,31,7.3,953872.1,False
HSCZ,31,44.04,953442.9752,False
TCPB,31,49.97,950123.83,False
AUDC,31,10.14,950081.2999999999,False
AVUQ,31,67.9263,949857.044,False
BNDD,31,94.6518,948748.8,False
BRRR,31,18.11,948613.0506999999,False
EUHY,31,53.4849,948061.08,False
MUJ,31,12.24,947186.7999999999,False
BUFP,31,32.77,946584.33,False
LDRT,31,24.99,946187.4800000001,False
PXJ,31,46.84,944546.36,False
BBLU,31,17.29,943316.6685,False
XOMX,31,48.1441,943121.1437,False
CING,31,5.21,942880.9500000001,False
FMF,31,50.9201,942589.4400000001,False
TG,31,7.98,942495.82,False
RLTY,31,15.7,941271.12,False
BSCZ,31,20.035,940250.535,False
BXBL,31,4.3,939594.66,False
JUNW,31,34.9752,939536.64,False
TPVG,31,5.49,939330.54,False
FDG,31,134.6381,938400.3435,False
GMF,31,157.6724,937748.9824,False
PSQO,31,20.8196,937479.025,False
ROE,31,44.2507,936926.5623000001,False
CAST,31,0.8598,936339.6,False
SDSI,31,51.22,934626.0,False
OPTT,31,0.1935,934311.168,False
JPHY,31,50.18,933977.88,False
VENU,31,1.85,933974.21,False
JUCY,31,22.02,933719.52,False
GNOM,31,59.09,931901.2918,False
DBE,31,32.33,930611.3200000001,False
LAW,31,4.28,930460.44,False
PSDM,31,50.93,929640.0,False
BUFC,31,43.275,927968.42,False
PMN,31,14.66,927380.22,False
ACII,31,25.6928,926966.7000000001,False
PRH,31,21.61,926799.78,False
MRDN,31,14.33,926077.74,False
NPCT,31,9.74,925584.1,False
CRMT,31,3.14,925551.4,False
NUEM,31,42.54,925245.9076,False
TPIF,31,38.86,924266.2,False
CRVO,31,2.61,924069.22,False
CPZ,31,13.4,921647.0900000001,False
ATFV,31,40.9579,920900.556,False
CAML,31,41.61,920733.8999999999,False
NAUT,31,0.8805,920631.317,False
GANX,31,2.04,917022.73,False
WARP,31,23.0092,915648.2244,False
XAIX,31,56.9348,915506.0,False
GDLC,31,29.05,913942.05,False
TBLD,31,22.295,913616.88,False
CORZW,31,13.44,913459.98,False
ADCT,31,1.1,909716.8500000001,False
ANTX,31,5.73,908655.1399999999,False
PSCH,31,55.34,906819.5663999999,False
TAXE,31,50.6296,906248.9099999999,False
SMHI,31,9.82,906135.9,False
BSMT,31,22.9446,905750.5599999999,False
PBP,31,23.35,905057.4675,False
ALEC,31,2.05,904607.3099999999,False
CNTX,31,0.5303,903615.2492000001,False
ELTX,31,3.02,903381.6,False
MDIV,31,16.9,903223.9199999999,False
KURE,31,18.6,902716.92,False
ZTR,31,6.7,901657.4,False
XBB,31,40.77,900636.64,False
EVN,31,10.76,900581.25,False
NBH,31,10.34,899555.76,False
NHS,31,6.01,899352.961,False
TTEC,31,1.45,899246.76,False
QQQD,31,12.61,898850.92,False
INMB,31,2.13,897544.9600000001,False
GQI,31,60.39,896942.9700000001,False
BIRD,31,2.48,896773.12,False
QUCY,31,1.47,894955.38,False
MBOT,31,1.51,893789.52,False
GEVG,31,29.3823,892161.51,False
PAPR,31,42.87,891846.1299999999,False
PUSH,31,50.39,889626.0,False
FGDL,31,58.98,888736.88,False
MBSF,31,25.665,888342.645,False
TLSI,31,5.27,888275.8800000001,False
RBLU,31,3.56,887934.9600000001,False
VBF,31,14.63,885965.3099999999,False
CGHY,31,25.23,885956.13,False
GUTS,31,0.66,885593.61,False
TXNU,31,46.165,883801.36,False
USAX,31,13.7,883705.9999999999,False
BIB,31,109.8842,883606.32,False
BITA,31,51.59,883515.45,False
AEF,31,9.42,882658.0000000001,False
BCHP,31,38.485,880384.347,False
JMHI,31,49.65,879831.6,False
VUSV,31,72.3866,879629.1385,False
AGMB,31,13.68,878870.52,False
ETJ,31,8.47,878594.7749999999,False
CDC,31,77.2534,875084.16,False
PLU,31,11.0,875013.44,False
TY,31,36.0,874704.96,False
RFV,31,152.5381,874656.8831999999,False
JGH,31,12.51,873678.75,False
BINT,31,33.25,872893.08,False
ETO,31,31.94,872836.74,False
TSII,31,12.83,872701.97,False
CHGG,31,0.7652,870870.0751,False
IBTQ,31,24.6,870529.53,False
IBOT,31,69.07,870180.5415,False
EBMT,31,23.3,869151.14,False
DUKB,31,22.17,868873.8,False
JOF,31,12.52,866879.66,False
LMNR,31,13.79,866529.98,False
FNGG,31,260.3408,865477.08,False
CSPF,31,25.96,865102.81,False
MUYY,31,19.9502,864669.5599999999,False
SMOT,31,40.77,863867.9700000001,False
PSP,31,63.11,863330.7000000001,False
SNAL,31,3.08,862661.8,False
BOAT,31,47.65,861401.8757999999,False
AIVC,31,116.9638,859260.6503999999,False
LOHA,31,26.98,858427.2000000001,False
CPHI,31,1.08,858059.85,False
BSET,31,19.0,857884.1699999999,False
MAYW,31,35.38,857731.1300000001,False
PFLD,31,19.53,857589.4,False
LCNB,31,19.89,857052.7100000001,False
AVSE,31,79.355,856800.0504,False
BTCW,31,67.92,856318.8725999999,False
BKT,31,10.45,855959.72,False
WEBS,31,14.87,855768.5499999999,False
FBY,31,8.4,855453.6240000001,False
VGSR,31,11.515,855412.58,False
HRTX,31,0.32,854599.376,False
GNMA,31,43.5179,853419.84,False
TPSC,31,49.1,852084.9600000001,False
BRNY,31,59.8192,851646.5507,False
VMAR,31,0.714,851549.3620000001,False
BBMC,31,129.5834,851157.52,False
WTMF,31,41.88,850200.15,False
KJUL,31,34.3484,848845.48,False
RDYY,31,16.9,848644.86,False
WDEF,31,33.175,847797.8250000001,False
EWAVU,12,9.975,847591.905,False
AXTL,31,6.29,847305.16,False
NORW,31,36.8589,847123.2,False
OAIM,31,48.68,847102.3004,False
CHRS,31,1.15,846386.2899999999,False
CNL,31,14.63,846181.64,False
VOGX,4,15.75,846081.4299999999,False
IMTB,31,42.94,846033.75,False
KYLD,31,21.3404,845912.1155999999,False
DJUN,31,50.21,845780.64,False
STI,31,7.79,845572.08,False
LIDR,31,1.28,845333.8300000001,False
MSFO,31,12.25,845077.08,False
NGEN,31,1.68,843223.9199999999,False
EIPX,31,33.3985,842910.25,False
OWLT,31,6.11,842896.62,False
FLJH,31,47.0107,842369.48,False
KEEX,31,36.7599,842229.36,False
AGCC,31,14.33,842215.6,False
FCAP,31,63.69,842172.87,False
USSG,31,72.332,841557.8,False
EMHC,31,24.905,840998.16,False
VSTL,31,23.16,839886.4110000001,False
CBNA,31,47.08,839803.7999999999,False
EVUS,31,37.06,839449.64,False
FIAT,31,20.79,838716.2000000001,False
ANGU,8,25.52,838554.9809999999,False
BUFY,31,24.0199,838445.49,False
NANC,31,52.1,837852.7999999999,False
ONEZ,31,28.2815,836994.858,False
GGUS,31,68.2984,836571.0397,False
PMTS,31,28.7,835333.2899999999,False
NUBD,31,21.73,835204.14,False
SEER,31,2.03,833923.53,False
NPFD,31,18.65,832970.8200000001,False
TMB,31,25.2302,832800.4383,False
BENJ,31,53.07,832066.8,False
CMSD,31,21.18,831927.72,False
RSSL,31,119.11,831697.56,False
FFTY,31,38.07,831468.6,False
IDN,31,2.95,831455.73,False
LUXE,31,7.69,830622.06,False
HIDE,31,24.6231,830160.045,False
XMPT,31,21.68,828120.66,False
DMRC,31,6.78,827889.66,False
USCB,31,22.5,827481.1499999999,False
JPSE,31,60.99,827465.58,False
BJDX,31,1.02,827428.45,False
FDLS,31,43.9675,826335.64,False
NCZ,31,16.07,826110.3500000001,False
DFVX,31,85.8253,826095.6,False
FEP,31,60.131,826088.12,False
GRPM,31,142.2608,825989.3999999999,False
FPH,31,5.12,825988.32,False
DBP,31,102.0027,825399.4984,False
BPRN,31,42.76,824930.19,False
HAWX,31,46.4704,823920.6065,False
FDM,31,95.21,823816.62,False
NXDT,31,4.95,823501.8,False
BAFE,31,30.11,823244.45,False
BHR,31,2.07,823217.5599999999,False
PHOS,6,17.71,822917.2999999999,False
XTIA,31,1.57,822703.5,False
ADVB,31,8.23,821968.0,False
NOAH,31,8.54,819283.43,False
GASS,31,9.6,818977.6799999999,False
QNCX,31,34.12,817910.64,False
CTAP,31,29.06,816097.04,False
BBP,31,102.7277,815967.45,False
MPG,31,5.9357,815781.4842,False
SNSC,4,3.0,815379.125,False
SOJE,31,15.95,815009.14,False
FTMS,31,9.905,813634.35,False
LOUP,31,96.67,813236.46,False
EGAN,31,7.23,813099.42,False
COYA,31,4.67,812896.0,False
BOTJ,31,27.73,812848.505,False
DPG,31,14.79,812093.58,False
CISS,31,0.0594,811210.958,False
FLCO,31,20.9,810502.88,False
FFUT,31,61.8,810314.1774,False
FUMB,31,20.075,809352.2100000001,False
AVEE,31,68.825,808029.2361000001,False
BSJV,31,26.125,807784.24,False
FITZ,31,25.74,807145.0173000001,False
SEUS,25,26.2739,807090.7459999999,False
JOET,31,47.28,806727.24,False
FSBW,31,42.87,806688.76,False
RIV,31,11.14,806565.76,False
BRCC,31,0.8155,805659.6599999999,False
PSQA,31,20.755,804536.3200000001,False
USMF,31,54.44,804473.25,False
ENTX,31,2.9,804385.26,False
HBB,31,34.0,804243.6000000001,False
CANC,31,43.1663,803794.66,False
EET,31,111.4568,802577.5482000001,False
TGEN,31,3.57,802156.92,False
III,31,4.94,801168.06,False
INSE,31,6.03,801002.4500000001,False
BBHM,31,12.42,799700.0,False
AMRN,31,14.01,799623.79,False
FTW,31,11.31,799452.7100000001,False
MSB,31,23.13,798401.2,False
BKHY,31,47.28,796590.55,False
DFP,31,20.85,794019.2000000001,False
GNT,31,8.87,793873.8699999999,False
GMAY,31,43.9415,793248.82,False
QQMG,31,50.8139,793072.35,False
HYBB,31,46.5,792367.66,False
UMI,31,61.13,789896.88,False
HEZU,31,50.66,789191.5599999999,False
ESCA,31,20.26,788953.8999999999,False
SAFX,31,0.4346,788670.63,False
LRGE,31,89.0628,788089.579,False
STXU,31,17.2,787845.96,False
GCTK,31,0.342,787765.4191,False
HFGM,31,32.4,787555.0,False
TUYA,31,1.78,787203.63,False
PLBY,31,1.18,786403.04,False
FITE,31,117.7015,786221.4332,False
OPPE,31,60.27,785456.12,False
INCO,31,62.1157,784893.9600000001,False
DNL,31,47.2232,784514.35,False
INBK,31,28.85,783181.4400000001,False
CVV,31,8.04,781904.97,False
WANT,31,41.05,781699.4700000001,False
RIET,31,9.41,781524.112,False
VSLU,31,48.67,781175.957,False
PFEB,31,43.8864,780206.68,False
XSHQ,31,49.5438,780135.2988,False
SNWV,31,4.96,779922.3099999999,False
JOBX,31,12.9045,779702.0,False
FTMA,31,8.92,779120.7840000001,False
OACP,31,22.3718,778536.33,False
NRO,31,2.95,778345.218,False
IFV,31,26.4899,777395.2999999999,False
ECX,31,1.12,777382.86,False
AOUT,31,12.12,776420.48,False
WOOD,31,71.135,775546.285,False
COTG,31,12.9596,775164.2538000001,False
QVOL,31,103.1988,775153.92,False
FRI,31,31.92,775079.64,False
FCPI,31,57.0516,774562.0094999999,False
JPEM,31,65.1062,774543.588,False
OVLY,31,34.17,774257.2000000001,False
GCC,31,25.63,773797.1,False
TPLC,31,51.6418,773792.6174999999,False
HBANP,31,16.08,773693.5499999999,False
MSTP,31,13.1949,773581.8924,False
DIVZ,31,38.33,772988.3,False
LU,31,1.45,772907.04,False
UPSX,31,15.34,772281.7034,False
BOTT,31,47.04,771006.18,False
DSCO,31,24.765,770649.66,False
SMIZ,31,44.2541,770103.5255999999,False
AOMR,31,8.94,769950.6,False
BSMU,31,21.785,769729.405,False
CTHH,31,16.85,769483.52,False
VBND,31,42.77,768783.2599999999,False
HIYY,31,12.548,768474.0,False
OPHC,31,10.09,768285.8999999999,False
NAN,31,11.26,767736.27,False
SPVM,31,78.3431,766995.7999999999,False
SDHY,31,16.22,766972.8,False
PRS,31,20.71,766663.0,False
SPCB,31,11.09,765784.8,False
QVMT,31,68.1593,765469.6896,False
PY,31,57.4238,765238.2534,False
LFGY,31,19.41,765235.2,False
BRBS,31,4.0,764846.5499999999,False
RGLO,31,33.9439,764461.425,False
JPUS,31,145.16,763946.1000000001,False
NBOS,31,28.5965,763919.04,False
KSPY,31,29.91,763410.956,False
FIZY,10,26.45,762638.358,False
BUSA,31,41.8945,762385.1287,False
QCJL,31,25.76,762258.4199999999,False
PNOV,31,45.355,761373.36,False
FGNX,31,6.95,761110.74,False
ASUR,31,8.3,760191.84,False
PAYR,31,55.78,760184.9600000001,False
CRMX,31,4.93,758900.0,False
DDI,31,12.455,757438.8999999999,False
MOBX,31,1.26,756615.15,False
IBIO,31,1.45,756515.7000000001,False
NOA,31,13.93,756169.72,False
SIZE,31,185.25,755944.92,False
CODA,31,10.47,755570.0,False
HDGE,31,14.39,755071.459,False
BNT,31,42.86,754938.66,False
BAER,31,1.19,754856.7,False
NREF,31,16.99,754632.0000000001,False
ISCV,31,81.1,753824.5,False
MIDU,31,77.36,753742.9899999999,False
AUNA,31,5.38,753662.0,False
CRPT,31,11.6156,752992.7999999999,False
IQST,31,1.12,752301.9199999999,False
DBL,31,14.2,750651.0,False
PFM,31,57.5713,750464.0199,False
REVS,31,33.7438,749656.172,False
BLUC,31,32.16,749595.45,False
FLWS,31,4.0,749425.6699999999,False
AMCI,31,5.38,748702.0800000001,False
UPXI,31,0.799,748475.508,False
EES,31,69.2,747646.12,False
BBBS,31,50.75,746161.875,False
NDLS,31,17.5,745717.5,False
PMAY,31,42.15,745478.09,False
FSEP,31,56.465,745267.1055000001,False
BUFG,31,29.98,744976.38,False
SOFA,31,14.86,744717.845,False
APLU,31,24.315,744396.51,False
XLUI,31,23.75,744230.0,False
CNTB,31,2.49,743051.925,False
RJDI,31,29.9693,743009.0,False
BKMS,31,25.4491,741273.6,False
HEDG,31,30.63,740279.4,False
HDUS,31,74.22,738934.32,False
DDL,31,2.29,738744.2200000001,False
HCRB,31,34.56,738572.3807,False
SRET,31,22.2774,738527.6000000001,False
FCLD,31,44.11,737442.88,False
OBIO,31,4.72,737192.3200000001,False
DSM,31,5.85,737130.68,False
FTNJ,31,8.6703,736849.5290000001,False
BSMQ,31,23.545,736078.8,False
ONCY,31,0.8227,735723.8565,False
TPOR,31,42.18,735691.9999999999,False
REKR,31,0.648,734955.5499999999,False
ATLX,31,3.11,733577.66,False
STFS,31,4.21,733429.65,False
QHY,31,45.84,733281.17,False
RSBT,31,18.93,732274.7400000001,False
ACV,31,27.44,731419.62,False
EINC,31,120.7397,730712.5,False
TILT,31,286.0323,730650.7727999999,False
THIR,31,34.43,730509.8,False
CVSB,31,50.77,730122.2999999999,False
IBID,31,25.75,729406.65,False
TEI,31,6.74,729059.76,False
TPHD,31,43.7306,728544.48,False
HOFT,31,14.42,727816.68,False
EDGU,31,32.4,727272.0,False
PTMC,31,42.52,725386.0551,False
TTRX,31,9.91,724972.82,False
GOOL,30,12.7436,724364.971,False
JTNY,31,49.29,724154.5499999999,False
OALC,31,42.2679,723857.4,False
SCOP,31,12.1,723724.2000000001,False
TKNO,31,7.22,723572.1900000001,False
WLDS,31,2.7,723129.9400000001,False
DAO,31,16.29,723037.0499999999,False
NUMV,31,45.3,722654.19,False
BDBT,31,24.82,721154.1257,False
DUBS,31,43.302,720750.195,False
MNSB,31,24.61,720194.64,False
MOVE,31,10.16,720123.1,False
DEFT,31,0.465,720005.77,False
AVGW,31,38.42,718510.08,False
GCAL,31,50.55,718016.1586,False
SSUS,31,56.7355,717885.28,False
FAUG,31,57.52,716192.1799999999,False
STEM,31,6.1,716104.83,False
APXT,31,10.11,715210.7599999999,False
SMZ,31,19.8905,714739.0599999999,False
RZC,31,25.66,714548.34,False
FRNW,31,22.99,713653.2,False
FAAR,31,31.1079,713432.8656,False
WEYS,31,45.51,713128.64,False
JHEM,31,40.03,712699.561,False
AGNCZ,31,25.51,710733.1599999999,False
CURI,31,2.95,710604.8,False
BBC,31,53.2599,710582.8334,False
DTK,31,23.24,710347.44,False
CRBD,31,22.085,710222.04,False
PDEC,31,46.87,709939.89,False
CTM,31,0.6284,709399.672,False
FJAN,31,56.44,708667.2565,False
CGTX,31,1.02,708190.24,False
NTRSO,31,18.31,707535.2,False
IIF,31,23.11,705990.0,False
PAYM,31,25.865,705892.78,False
PHOE,31,24.36,705724.5,False
ISVL,31,54.1365,704762.44,False
MRNX,31,32.8824,704047.74,False
SPTB,31,29.57,703711.06,False
ESUM,31,31.53,702603.54,False
IBHJ,31,26.32,702337.23,False
ORMP,31,4.57,701788.3200000001,False
TRUD,31,26.0226,701359.5567,False
ZJUN,31,27.68,700818.4500000001,False
NERV,31,4.42,700337.71,False
JPRE,31,53.17,699427.68,False
QBUF,31,30.985,698948.7999999999,False
INTL,31,31.54,697115.54,False
THTA,31,15.58,696779.9500000001,False
BOEU,31,35.9133,696158.87,False
ACET,31,8.74,696032.6399999999,False
EFT,31,10.84,695694.96,False
EPSN,31,5.65,695442.72,False
ELAB,31,0.873,694926.9149999999,False
ENOR,31,36.25,692248.79,False
EDBL,31,1.56,690599.04,False
IDVZ,31,34.4,690569.62,False
AESR,31,20.545,690188.4,False
DOL,31,76.8832,689815.88,False
DWLD,31,47.795,689366.8411999999,False
BFRZ,31,27.29,689193.3636,False
PN,31,2.81,689091.2,False
ABOS,31,2.66,688632.75,False
BRR,31,1.82,688110.16,False
BTCL,31,12.38,687798.0,False
OPBK,31,15.53,686761.95,False
ALCO,31,39.07,686457.2799999999,False
VXZ,31,50.51,686311.86,False
ZVIA,31,1.3,685992.5,False
PBD,31,18.465,685517.5,False
AVNV,31,86.8768,684075.8406,False
VKI,31,8.96,684061.08,False
HITI,31,2.33,684033.88,False
TZOO,31,6.92,683639.0,False
AMJB,31,37.63,681529.24,False
XVV,31,59.0479,680360.59,False
ACOG,31,8.84,680280.5499999999,False
HPS,31,14.19,680074.98,False
WTIU,31,22.19,679520.142,False
BKMC,31,41.9239,679216.2,False
FDEV,31,37.82,678537.0900000001,False
HPEL,31,19.7,677937.4400000001,False
SOUX,31,12.11,677267.3027,False
ANNA,31,2.73,676794.72,False
METV,31,19.1863,676119.96,False
SPBU,31,30.98,675936.3714000001,False
AEXA,31,11.59,675850.88,False
BJUL,31,55.655,675025.2873,False
NBIE,31,27.6113,674350.7799,False
BCPL,31,24.4615,673741.41,False
NATO,31,43.56,673600.12,False
LVWR,31,1.15,673113.9900000001,False
DMB,31,10.64,671939.9400000001,False
GEOS,31,5.77,671737.05,False
EMF,31,22.52,671473.7000000001,False
AEFC,31,18.24,670960.5900000001,False
JEM,31,4.04,670729.68,False
BMEA,31,1.35,670658.56,False
HTAB,31,18.8915,670092.5700000001,False
ETHV,31,27.87,669735.4199999999,False
IBIE,31,25.77,668826.915,False
DDLS,31,46.105,668196.0553,False
DWM,31,76.4558,668115.3081,False
ISOU,31,10.91,667818.24,False
UFI,31,8.03,667600.5,False
OIA,31,6.08,667231.6,False
PROF,31,6.55,665804.49,False
ETB,31,15.59,665368.5,False
NBCR,31,34.72,664818.5599999999,False
LST,31,48.29,664046.88,False
MMD,31,14.99,663739.38,False
APOS,31,25.52,663672.18,False
CAPL,31,24.07,663573.2899999999,False
ZETX,31,36.1359,663223.4,False
CNRG,31,95.2491,662964.9507,False
NBB,31,15.32,661816.2,False
GRML,31,0.1992,661631.6484,False
SGVA,31,100.645,661210.9349999999,False
IMDX,31,4.27,659971.2,False
MXF,31,21.41,659502.0800000001,False
TUGN,31,28.1359,657539.6528,False
CGGG,31,29.14,657186.4600000001,False
BVAL,31,32.35,657062.28,False
UMAL,31,20.92,656417.0532,False
GRNB,31,23.81,655685.24,False
BSMW,31,24.82,655674.24,False
DIEM,31,42.5247,654722.1900000001,False
CV,31,6.445,654505.74,False
NXXT,31,0.2517,654120.0774,False
ULH,31,19.55,653923.44,False
FDRS,31,24.68,653800.6,False
MBCE,31,39.7197,653583.472,False
TECB,31,74.8784,652188.0,False
YCL,31,17.93,652082.8704,False
UAUG,31,43.055,651843.0,False
EDOW,31,45.8852,651712.8424,False
EURL,31,50.9997,650581.6364000001,False
BALY,31,10.31,650479.04,False
TUSB,31,50.49,650185.605,False
AFB,31,11.04,649786.38,False
UXRP,31,8.78,649724.0,False
VIP,31,1.89,649489.5,False
LAKE,31,11.76,649293.76,False
NPV,31,10.85,648571.8,False
YARW,31,41.4,648125.6799999999,False
ICAP,31,29.5468,647578.8,False
FFEB,31,62.33,647166.9,False
DHF,31,2.39,647165.5800000001,False
OVF,31,32.54,646986.9419999999,False
CAMP,31,5.0,646023.2999999999,False
PGHY,31,19.7,645896.7000000001,False
AISP,31,2.02,644281.56,False
AIFD,31,54.2375,643750.4,False
ADBU,31,24.556,643622.5,False
JULW,31,41.495,642912.2111999999,False
DWSN,31,2.86,642723.76,False
ACNT,31,15.13,642335.89,False
JMSB,31,23.09,641677.76,False
PSIL,31,25.83,640973.1503999999,False
CPIX,31,7.68,640927.0,False
BSMV,31,20.8351,640710.78,False
QSU,31,7.62,640567.72,False
KGEI,31,6.04,640392.64,False
AVSU,31,90.5691,640190.7524,False
HPI,31,16.03,640084.17,False
DOGG,31,22.08,639275.56,False
SPUC,31,50.41,639216.39,False
TC,31,2.28,639063.49,False
CMTL,31,1.67,638943.96,False
DHX,31,4.25,638711.05,False
SDHC,31,13.99,638268.37,False
KBA,31,33.84,637670.0,False
BIDD,31,31.06,637348.95,False
TMUSZ,31,20.23,636950.72,False
LULG,31,6.0215,636792.002,False
BZFD,31,1.11,636015.35,False
SLJY,31,30.6403,635798.7,False
XJH,31,53.0178,635215.88,False
ELOX,31,18.47,634992.86,False
MUSI,31,43.1,632923.2000000001,False
RZG,31,70.5572,632675.4,False
AVMU,31,45.26,632463.92,False
VIVS,31,0.318,632142.3017,False
NFE,31,0.3052,631828.6128,False
OPP,31,7.56,631179.66,False
TRON,31,1.5,630784.7999999999,False
ARBE,31,0.813,630761.4062,False
JDVI,31,40.8953,630002.5991999999,False
IWMY,31,19.2498,629683.0900000001,False
ASTC,31,8.16,629382.57,False
VAIE,31,25.05,629272.1799999999,False
RCS,31,5.29,629239.6799999999,False
HBTA,31,33.0969,628967.55,False
FDEC,31,55.7102,628459.2,False
GYGY,13,1.93,628317.62,False
TII,31,2.63,627718.56,False
VTIX,31,1.69,626548.56,False
ALGS,31,6.575,625890.7050000001,False
AVAL,31,5.49,623439.84,False
PLTA,31,18.99,623242.75,False
BRUNW,31,11.05,622443.08,False
SIXA,31,57.95,621307.2156,False
PMO,31,10.51,621299.9099999999,False
CYCU,31,0.7315,620660.74,False
MJ,31,24.8,619785.5184,False
FTMU,31,7.75,619717.464,False
IPWR,31,5.2,619330.3999999999,False
FTCI,31,2.32,619058.4600000001,False
RXL,31,57.9766,618993.5660999999,False
WNEB,31,13.93,618471.45,False
GLDG,31,1.05,618113.0102,False
TSI,31,4.39,617292.34,False
AAPW,31,38.13,616843.88,False
BMM,31,5.11,616775.5,False
DIAL,31,17.915,615452.64,False
MSSM,31,61.7075,615227.4081,False
BILT,31,28.04,614887.6,False
LGHL,31,0.742,614237.183,False
HYPR,31,0.8958,614096.1,False
OCLTU,7,10.0,612702.14,False
PLRZ,31,10.98,611523.8999999999,False
CCLD,31,2.47,610087.84,False
ADAMO,31,25.09,609988.1,False
PSCI,31,183.1946,609789.536,False
LFCR,31,4.54,609653.9,False
GLOO,31,3.2,609547.25,False
OM,31,4.51,609402.96,False
FXA,31,70.3224,608359.0824000001,False
EMNT,31,98.93,606761.505,False
FLLA,31,26.215,606536.455,False
TSYY,31,20.3641,606359.8099999999,False
GLRY,31,41.76,605876.0456000001,False
XOVL,31,20.62,605682.1,False
PCYO,31,11.27,604915.36,False
ECOW,31,27.2413,604354.6696,False
PRCS,31,29.26,604116.427,False
STEX,31,0.8966,603507.7875,False
HERO,31,27.52,603351.84,False
GTOP,31,49.655,603295.4003999999,False
MPRO,31,32.53,602748.37,False
GLO,31,5.976,602398.715,False
WLKP,31,21.66,602299.62,False
MAYT,31,39.905,600808.74,False
MKOR,31,63.0497,600667.7309999999,False
FIXT,31,37.1795,600405.24,False
GLOF,31,61.4,600059.6799999999,False
HOLA,31,57.2053,599721.9226,False
IPW,31,3.14,598775.76,False
KPDD,31,5.77,598648.1087999999,False
EDGH,31,34.8829,597880.2067,False
ANIX,31,3.49,596968.6,False
COIG,31,4.0842,596839.6000000001,False
EQIN,31,54.29,596567.08,False
NIKL,31,14.42,595973.68,False
INDO,31,3.03,595650.7999999999,False
GSID,31,78.42,595129.38,False
XLVI,31,27.0306,594991.8801,False
BUFS,31,25.41,594583.02,False
NUW,31,14.04,594425.76,False
GRSD,31,2.07,594382.9199999999,False
JHMB,31,21.66,594361.35,False
GWRS,31,8.88,593589.6780000001,False
EFNL,31,54.29,593424.2880000001,False
TMUSL,31,22.71,592472.4,False
BATT,31,15.56,591995.76,False
DOUG,31,1.95,591818.36,False
PSF,31,19.48,591607.6,False
HYI,31,10.52,591042.4,False
INCE,31,69.5169,590673.3300000001,False
FAPR,31,47.745,590618.1765,False
MPIM,4,25.1363,590029.3088499999,False
FCAL,31,48.7873,589627.9044,False
BTAI,31,0.89,589592.2552,False
CDL,31,80.6095,588897.48,False
NAKA,31,5.03,588880.5,False
BTCS,31,1.12,587939.3200000001,False
FBCV,31,42.3804,587529.846,False
FXG,31,65.24,585630.72,False
EDF,31,5.19,585455.08,False
BGX,31,10.84,584516.76,False
MNA,31,36.7775,583625.79,False
PMM,31,6.33,583385.88,False
MIY,31,12.41,583343.1,False
EETH,31,23.17,582901.76,False
INDL,31,45.13,582460.0599999999,False
FJP,31,78.485,581898.315,False
AJUL,31,30.43,581742.1305,False
IBBQ,31,34.3,581717.88,False
FLYX,31,1.15,581717.76,False
KWY,31,9.82,581624.16,False
HYPD,31,2.84,581610.7,False
JYNT,31,8.4,580937.9,False
NUWE,31,1.26,580479.06,False
CPAC,31,11.8,579999.73,False
OKUR,31,4.11,578396.1900000001,False
SDFI,31,35.412,577998.7999999999,False
SCLX,31,6.4,577423.11,False
HFGO,31,30.4,577281.6812,False
ONL,31,2.84,575445.78,False
JCAL,31,49.3107,574568.2764,False
PGJ,31,24.39,573406.86,False
HYGW,31,28.9,573339.2,False
FOCT,31,53.55,573208.1291,False
ACGLN,31,16.2,572630.88,False
MAIA,31,1.39,571742.72,False
MRSK,31,39.91,571499.9521,False
NMG,31,1.46,571386.3200000001,False
JCE,31,17.21,570374.3,False
CHSCM,31,24.48,570139.2,False
PLCIU,17,10.01,569887.9400000001,False
VACI,31,10.2201,569498.4700000001,False
ONDU,31,5.55,568372.8400000001,False
ENLV,31,1.58,568265.49,False
BBBI,31,50.49,566766.72,False
TMGN,24,24.75,566647.9299999999,False
RFMZ,31,13.34,566496.72,False
EDGI,31,32.2016,566488.35,False
BBHL,31,17.465,566244.7200000001,False
HARD,31,32.7198,565433.0,False
BNDY,31,24.7133,565368.5327,False
FCUS,31,40.73,564859.6020000001,False
LGI,31,18.53,564668.2799999999,False
BLNK,31,0.5821,564568.2422,False
NCTY,31,4.63,563689.98,False
CRCO,31,13.5136,563544.1472,False
FOF,31,13.7,563097.08,False
SMUP,31,4.96,562829.26,False
CJMB,31,2.68,561966.6,False
DJTU,31,9.5,561218.5800000001,False
BSSX,31,25.445,560638.0521,False
SAMG,31,10.16,559651.05,False
CURV,31,2.02,559300.0,False
RMM,31,14.44,558754.24,False
FABC,31,2.88,558508.6,False
ARMP,31,4.48,558129.18,False
JMMF,31,100.17,558053.2,False
SOJC,31,19.8,557508.6000000001,False
SCEP,31,25.5003,557262.21,False
YLDE,31,57.1945,556835.565,False
TSMZ,31,7.6952,556542.628,False
XNDX,31,10.13,556415.2847000001,False
XRPI,31,5.46,556196.905,False
QUIZ,31,30.11,556083.943,False
BACC,30,10.5299,556039.37,False
GROZ,31,33.33,556035.5568,False
WAR,31,34.0932,555668.52,False
ITDC,31,37.2958,555448.859,False
KAMO,31,24.635,555151.5,False
GNLX,31,2.7,555130.24,False
NRGD,31,15.4,554817.12,False
SGC,31,12.75,554775.2000000001,False
OBX,10,17.535,554610.45,False
NYAX,31,48.01,554274.43,False
MST,31,8.247,553866.0599999999,False
DAVA,31,2.95,552918.7999999999,False
FXD,31,69.7735,552284.075,False
CIA,31,3.82,552113.9800000001,False
TCPA,31,22.42,551843.6,False
SKIN,31,0.6,551607.2484,False
FMUN,31,49.765,551058.56,False
FBOT,31,40.6772,550869.1496,False
IVVM,31,37.87,550044.42,False
CMT,31,26.28,549908.64,False
TEQI,31,52.4677,549376.7787,False
PFRL,31,49.7151,549090.62,False
RMBI,31,15.86,548425.02,False
ELM,31,29.81,548101.52,False
ULTI,31,7.8084,547015.758,False
BHFAN,31,11.0299,546840.0,False
YYGH,31,1.44,546357.0,False
TINY,31,83.3429,545581.7856000001,False
QDTY,31,39.8749,545292.51,False
KRMD,31,3.36,545147.47,False
CATG,31,12.4845,544969.74,False
RSIT,31,21.39,544831.99,False
NC,31,41.51,544484.32,False
PYPY,31,30.4056,543858.26,False
RANI,31,0.7959,543718.2423,False
BSMY,31,24.105,542244.1271,False
AGNCO,31,25.65,542213.98,False
SSTI,31,5.58,542104.2000000001,False
UJUN,31,39.2998,542004.1705,False
BLGR,31,32.6851,539767.142,False
PLCE,31,2.23,539765.38,False
VERU,31,2.63,539590.59,False
CGEN,31,2.35,539347.6799999999,False
WLDR,31,48.7224,539131.46,False
ZNB,31,2.12,538303.64,False
IMOM,31,42.47,538147.8216,False
SJT,31,2.8,537408.48,False
BRHY,31,50.9477,537373.87,False
COAL,31,25.1927,537237.171,False
BZUN,31,2.78,535878.36,False
QABA,31,69.7938,535382.6429,False
ITDB,31,35.4899,535243.4299999999,False
TDF,31,10.89,535132.85,False
SGLC,31,46.01,534623.0399999999,False
HWBK,31,39.71,532878.12,False
QTUP,31,19.07,532743.2568,False
IDRV,31,37.5618,532315.2251,False
PBJ,31,47.78,532216.6799999999,False
CHSCL,31,25.35,531964.7999999999,False
ONEV,31,149.5871,531661.0068,False
ACRV,31,2.05,531383.32,False
NAUG,31,32.9115,531016.81,False
IGA,31,10.51,530947.622,False
OVS,31,42.7475,530174.8622,False
NUMG,31,48.9,529878.7365,False
TNGY,31,11.06,529579.15,False
EOD,31,6.73,529169.76,False
FGN,31,24.98,528991.12,False
CXSE,31,38.96,528863.0844,False
PZG,31,1.48,528833.62,False
XOMO,31,11.34,528623.22,False
PALD,31,10.4303,528514.9060000001,False
BANX,31,20.73,528442.2000000001,False
PATX,31,15.675,528327.7999999999,False
FINS,31,12.6,527772.8,False
PRFD,31,50.51,527688.26,False
SKHN,15,13.8974,526739.2548,False
SCNM,31,24.7499,526370.15,False
UCYB,31,88.67,526188.8488,False
IWLG,31,57.7998,525989.9280000001,False
IFLO,31,36.3716,525167.5506,False
BRSV,16,45.5197,525161.43005,False
FNOV,31,59.79,524476.2252,False
TSEC,31,25.58,524099.88999999996,False
YNOT,31,33.7784,523589.0571,False
FTMN,31,8.71,522270.0,False
SLON,31,18.48,522131.9168,False
ELOL,13,21.9308,520881.8698,False
TCI,31,35.38,520842.54,False
DWX,31,47.618,520780.052,False
AMZE,31,0.2114,519659.3622,False
FFA,31,23.54,519564.33,False
EQTY,31,29.7017,519508.61,False
VNCE,31,6.19,519217.16,False
VUSE,31,73.8611,519015.99679999996,False
SVAL,31,43.992,518549.682,False
JRS,31,8.465,518390.91000000003,False
GOTU,31,1.64,518326.6,False
BRTMU,20,9.97,517616.49,False
TMAT,31,30.58,515924.52,False
MGRX,31,0.5289,515537.32100000005,False
CPLB,31,20.73,515128.44,False
EMAT,31,2.79,514790.68,False
HQWWW,31,7.33,514658.62,False
HGLB,31,7.57,514484.92,False
EHI,31,5.84,513863.99999999994,False
PFFR,31,17.65,513844.44999999995,False
AOHY,31,11.0551,513412.64999999997,False
BUFM,31,41.26,512446.35000000003,False
COMB,31,26.93,512055.21,False
RGTIW,31,8.45,512004.37,False
ZH,31,3.19,510787.83999999997,False
SBMT,31,7.76,510533.8,False
TILL,31,19.28,510382.6,False
UAVS,31,0.92,509799.4671,False
ZAUG,31,27.91,509119.383,False
TROO,31,2.0,509072.76,False
ACEI,31,23.51,508346.0,False
CD,31,3.52,508319.24,False
MNVT,31,29.72,508042.28,False
LUCK,31,6.7,507703.98000000004,False
SUNS,31,7.76,506848.88,False
FLRG,31,42.7525,506562.51200000005,False
OSTX,31,1.47,506558.24,False
FMAR,31,53.2598,505911.59849999996,False
SHEH,31,66.0294,505324.9044,False
HAO,31,4.08,505263.66,False
NTSI,31,48.4375,503166.17,False
SBFG,31,27.1,502369.56,False
GXPS,31,26.67,502225.92,False
CONX,31,5.0621,499622.10000000003,False
SMX,31,14.59,498765.5,False
AGNCN,31,25.87,498643.60000000003,False
BGDE,31,7.0,498601.8,False
JIII,31,49.63,497842.8,False
STOX,31,32.2087,496900.8,False
AVD,31,2.23,496854.05,False
QQQT,31,18.3372,496566.60000000003,False
LMTL,31,40.3828,496560.65979999996,False
GSC,31,68.94,496549.16709999996,False
HIPS,31,11.77,496171.18000000005,False
PMAR,31,48.6652,495797.60000000003,False
WETO,31,24.59,495608.16,False
MMKT,31,100.215,495592.86,False
BUFT,31,26.27,495493.465,False
OCCI,31,2.47,494994.58999999997,False
STKH,31,3.96,494992.27999999997,False
ADAMH,31,25.44,494743.60679999995,False
DRMY,23,51.5578,494365.6,False
NCIQ,31,15.97,494339.24,False
GSIB,31,65.3064,494156.6422,False
VDG,31,83.0061,493148.93399999995,False
GXRP,31,19.37,493094.97000000003,False
RSJN,31,38.0797,493026.44159999996,False
ACGLO,31,19.36,492626.4,False
ANY,31,2.1,492626.2,False
CFFI,31,85.96,492507.50999999995,False
PXE,31,40.04,492228.63,False
CMII,31,10.02,491651.33999999997,False
JZXN,31,1.36,491593.7,False
KLIP,31,23.93,491530.4199,False
LEUX,31,13.688,491330.88,False
EALT,31,36.82,491252.44,False
ATRA,31,8.36,491207.36999999994,False
TUSK,31,3.3,491183.25,False
NCLO,31,25.0,490158.77,False
QDEF,31,90.9224,489826.7256,False
FFEM,31,42.64,488499.6459,False
UBT,31,14.6,487787.95,False
AQLT,31,32.21,487376.362,False
EBI,31,67.9325,487102.7764,False
MVFG,31,35.6954,485640.79199999996,False
IBIG,31,25.67,485611.61,False
TP,7,7.03,485341.29,False
BHFAO,31,13.87,485266.59,False
AMZW,31,37.67,484636.45999999996,False
UP,31,4.91,484545.02,False
IFLR,31,54.66,483790.77119999996,False
CQTM,31,27.2,483479.0,False
JPXN,31,104.7539,483267.81,False
SUNE,31,2.45,483139.68000000005,False
MADE,31,38.3843,482552.95,False
HURA,31,2.28,482302.92,False
FMAG,31,37.133,482215.36400000006,False
RSVR,31,9.8,481934.52,False
FYT,31,72.8153,481855.2537,False
NIU,31,2.05,481351.3,False
THEOR,2,0.31,481076.7,False
EFAX,31,56.2639,480919.5432,False
USL,31,52.1347,480618.0162,False
PFH,31,15.375,480298.5,False
HURC,31,22.6,479798.00000000006,False
ATHS,31,24.93,479028.87,False
JANW,31,39.325,478852.31279999996,False
QMMY,31,26.6402,478263.18,False
EDEN,31,116.5007,477763.59,False
LIMN,31,0.1414,477359.783,False
AEYE,31,8.26,476381.82,False
SPCI,31,25.2032,476376.56,False
TRAK,31,8.11,476157.5,False
THYF,31,51.4599,475778.93,False
SLQT,31,0.7266,475761.04799999995,False
NCA,31,9.14,475524.679,False
AZIO,31,1.37,475125.0,False
FCEF,31,24.24,473554.6,False
NBP,31,1.93,472481.24,False
TDV,31,103.016,471743.7894,False
PBTP,31,25.715,471244.0635,False
BBGI,31,22.34,471105.92,False
PPI,31,21.9204,470814.8308,False
OZEM,31,33.0203,470571.7992,False
LFVN,31,6.52,470054.26,False
IBIH,31,25.652,470017.35,False
SIO,31,25.3472,468877.13,False
TLTP,31,19.8,468841.94,False
WDTE,31,29.9061,468543.84,False
ADME,31,56.92,467828.928,False
ATCL,31,24.6,466713.24,False
AVMA,31,74.2619,466616.8424,False
QCLS,31,2.81,466108.76,False
NVDB,31,34.3,465931.5,False
GSEP,31,41.745,465905.726,False
FERA,31,10.47,465897.67,False
LGCY,31,10.35,465764.52,False
NNVC,31,1.36,465369.72,False
IMVP,31,20.22,465303.85000000003,False
FNWD,31,45.0,464925.42,False
KMLI,31,8.9541,464879.87559999997,False
GBF,31,101.9315,464285.3,False
JSPR,31,0.8422,464112.396,False
AVSD,31,83.4083,463993.92000000004,False
YHC,31,1.655,463843.08,False
HCM,31,12.56,463236.95999999996,False
ECOR,31,10.25,463151.36000000004,False
AIYY,31,7.43,462713.58,False
DTI,31,2.57,462603.3,False
PARK,31,22.88,461505.36000000004,False
LRGG,31,29.56,461379.75,False
TRSY,31,30.175,461216.63999999996,False
MFUS,31,67.515,461120.61199999996,False
SIFY,31,15.5,460663.945,False
VBCD,31,74.99,460588.57999999996,False
STRW,31,13.6,460414.39999999997,False
KEMX,31,50.9101,460382.5545,False
IG,31,20.14,460163.67,False
BRT,31,14.48,459772.3,False
EART,31,30.435,459055.96499999997,False
GDEC,31,40.5722,458808.27,False
MRCO,1,9.89,458045.46,False
VBCA,31,75.61,458006.39999999997,False
ALP,31,0.1587,457209.3324,False
ITDD,31,39.2846,456551.87999999995,False
DRLL,31,40.32,456303.82019999996,False
RDGT,31,0.7728,455943.62999999995,False
AFSM,31,41.55,455472.06,False
SCMC,31,24.925,455388.08,False
SURG,31,0.2776,455289.9354,False
TLYS,31,3.68,454866.12,False
ASHS,31,44.3739,453692.2746,False
COIA,31,6.36,453340.32,False
KNOP,31,10.56,453160.6,False
GOLY,31,26.967,452405.25,False
SMLV,31,160.7474,452239.1883,False
CAFX,31,24.495,451742.54,False
JULT,31,48.9,451708.88,False
CSB,31,67.8408,451506.24000000005,False
EUVX,31,19.415,450985.024,False
WDIV,31,84.9517,450931.116,False
DTW,31,19.5,449854.2,False
RSSY,31,25.88,449780.87,False
NJUN,31,32.9582,449476.8,False
PFDE,31,28.9368,449288.83280000003,False
VEMY,31,28.63,448888.19999999995,False
EXYN,31,2.45,448303.24,False
FLCV,31,37.7395,447467.6731,False
TARK,31,47.5975,447267.01499999996,False
OCTW,31,41.6,447193.25,False
MAMB,31,23.907,446716.435,False
TRVG,31,5.01,446673.32,False
KTEC,31,13.3,446219.49,False
IDLV,31,35.9258,446015.5,False
MRAX,5,37.8511,445850.96,False
FCTE,31,30.4369,445822.4227,False
RKTO,31,0.766,445726.918,False
LIEN,31,9.48,445523.96,False
TAXI,31,50.71,445428.3,False
GRNI,31,21.27,444840.77999999997,False
CEE,31,21.08,444702.3,False
GQQQ,31,36.3378,443980.8128,False
KNCT,31,202.5767,443237.8196,False
XHLD,31,7.36,443228.7,False
SPYH,31,56.92,443014.05000000005,False
MSLE,31,9.94,442701.37,False
MBRX,31,0.607,442654.85000000003,False
BOLD,31,2.83,442443.225,False
SRBK,31,20.04,442314.29000000004,False
TPTS,31,16.44,442260.96,False
NPFI,31,25.875,441978.63999999996,False
PCLA,31,7.14,441173.45999999996,False
EUO,31,30.055,441157.587,False
SBI,31,7.66,440963.82,False
EWK,31,27.0588,440920.8,False
DMX,31,50.07,440857.7706,False
EMMF,31,38.3906,440486.9112,False
RDTY,31,38.1678,440130.56,False
GOP,31,45.715,439963.6994,False
VBCC,31,75.325,439930.24,False
GJAN,31,45.84,439835.75,False
SOHU,31,14.6,439767.89999999997,False
LNGX,31,44.3183,439300.61999999994,False
IBIF,31,25.74,438902.34,False
GCPB,6,49.894,438859.148,False
DIVN,31,30.3882,438758.43,False
DDFZ,31,19.6847,438305.7,False
ARQ,31,2.31,438135.36,False
TCRX,31,0.7835,437327.856,False
GOOP,31,36.58,437039.8314,False
EHGO,31,1.83,436195.35,False
NRXS,31,6.28,435945.51,False
FLCC,31,37.176,435922.85799999995,False
NINE,31,11.18,435876.60000000003,False
LMNX,31,7.948,435761.08160000003,False
HBANL,31,25.1164,435526.3,False
MIND,31,4.92,435448.92,False
HPF,31,15.7601,435425.04,False
AFOS,31,47.4118,435241.8441,False
FNGO,31,148.7435,435200.0094,False
DEUS,31,67.9456,434859.86620000005,False
OPAL,31,2.2,434613.84,False
PGP,31,8.83,434452.6,False
ACLC,31,86.806,434148.687,False
ILS,31,20.05,434010.01,False
PHEQ,31,35.11,433152.07,False
YQQQ,31,9.66,432763.56,False
IDE,31,13.36,432376.08,False
BSMC,31,40.4715,431366.208,False
IWMW,31,40.27,430890.9926,False
MGRE,31,22.61,429985.0,False
ASBA,31,24.46,429573.67,False
RLYB,31,17.0,429067.21,False
GAL,31,53.9147,428156.9238,False
TPET,31,0.2497,428100.2568,False
LANDP,31,21.13,427311.58999999997,False
GENC,31,20.0,427242.0,False
MTEN,31,1.12,427123.95,False
FATN,31,6.07,426455.96,False
DABS,31,50.395,425868.75,False
JA,31,50.195,425429.75999999995,False
CSEN,31,25.9256,425183.4032,False
BNC,31,2.54,424866.13,False
PLRX,31,1.1,424666.80000000005,False
IROC,31,50.455,424660.2414,False
UNMA,31,21.17,424614.02,False
CHMI,31,2.92,423969.75,False
METCB,31,6.31,423230.39999999997,False
TMS,31,8.94,423144.0,False
KLXE,31,1.61,422555.99,False
PBJL,31,31.8298,422500.0,False
BYAH,31,2.96,421717.17,False
MDCX,31,0.26,421172.0604,False
INVE,31,2.74,420910.1,False
MSS,31,1.46,420687.5,False
BAMG,31,45.2042,419604.3723,False
NNNN,31,8.485,419288.35000000003,False
NAMM,31,1.37,418963.06,False
CEPO,31,10.67,418896.45,False
MFDX,31,42.85,418493.91,False
OESX,31,19.28,418201.26,False
SEV,31,2.17,417706.83,False
BCV,31,25.68,417483.2,False
JUST,31,111.1,416718.523,False
TLPH,31,1.2,416376.0,False
PBE,31,94.7167,416328.24000000005,False
CHSCN,31,25.16,416200.13,False
UJAN,31,46.15,416061.2586,False
SPWH,31,1.16,415441.25999999995,False
CHCI,31,18.77,415355.8,False
KARS,31,31.3751,414666.108,False
BWG,31,7.74,414577.314,False
WALD,31,1.36,414540.76,False
SDTY,31,41.8046,414438.56000000006,False
EZET,31,14.45,414428.68,False
AGZD,31,22.58,413745.52280000004,False
AKTX,31,7.52,413632.0,False
TSQ,31,5.78,413073.3,False
VEGN,31,79.3884,412518.6375,False
VDV,31,79.74,412121.7807,False
BFRI,31,1.35,412120.88,False
ROLR,31,5.72,412011.93,False
CSHR,31,5.32,411805.24000000005,False
LQID,31,25.035,411534.94,False
NCO,12,9.87,410224.0425,False
UGLD,31,23.03,409711.095,False
UNHW,31,48.0,409350.24,False
GVH,31,1.01,409140.205,False
SEAT,31,7.0,408467.4,False
TWOD,31,25.37,408436.56,False
DIBS,31,4.95,408385.42999999993,False
FRTY,31,23.7719,408366.0006,False
ASEA,31,21.622,408355.2,False
GQRE,31,64.1339,407923.24000000005,False
BIGY,31,52.47,407522.5,False
AIRG,31,5.41,407356.47,False
YETH,31,8.94,407330.90400000004,False
OMFS,31,53.838,407067.7611,False
TURF,31,34.03,406337.75999999995,False
TSEG,31,10.27,405977.31999999995,False
BAIG,31,18.2235,405866.37960000004,False
SKIL,31,7.72,405662.0,False
FDBC,31,54.42,404939.22000000003,False
BOEG,31,14.2114,404848.8668,False
SNSR,31,49.37,404735.25999999995,False
IVEP,31,27.6489,404516.7148,False
GMM,31,2.73,404311.68,False
CFA,31,102.3552,404300.0,False
CAPE,31,32.9648,403644.01,False
BSJW,31,25.315,403408.77999999997,False
STBF,31,25.205,402939.24000000005,False
PENU,8,31.8,402881.2306,False
BSL,31,13.07,402759.36,False
FTPA,31,8.56,402462.06,False
FGRU,31,12.75,402415.5,False
MGR,31,19.86,402394.5,False
EMXF,31,57.0783,402155.9444,False
NVYY,31,12.2148,401762.39999999997,False
HTUS,31,46.0815,401303.6964,False
RINT,31,33.3124,401203.37179999996,False
TLSA,31,1.15,400131.31,False
DMO,31,10.48,399796.05,False
GDMA,31,43.37,399789.45399999997,False
PZT,31,22.11,399631.89,False
RWX,31,27.47,399523.68,False
CPOP,31,0.389,399383.6189,False
MKTN,31,27.33,399122.01,False
FRGN,31,32.1338,398941.6445,False
HYXF,31,46.445,398619.69999999995,False
HIDV,31,92.8352,398438.6032,False
USIO,31,2.45,398207.92,False
SMID,31,28.54,398149.845,False
NFLY,31,7.68,397772.2,False
ACIU,31,2.53,397570.47000000003,False
FINW,31,13.71,396945.63,False
GLBS,31,3.67,396434.81,False
GDO,31,10.28,395861.04000000004,False
KRBN,31,34.31,395758.80000000005,False
HYSA,31,14.86,395721.8,False
QDEC,31,36.2,395672.49409999995,False
BID,21,9.87,395322.0,False
BIVI,31,1.17,395053.47000000003,False
ATYR,31,0.5189,394512.2304,False
USGO,31,8.95,394415.39999999997,False
MBS,31,8.55,394065.685,False
QETH,31,18.97,394012.32,False
HTEC,31,41.05,393662.1178,False
XXV,31,24.13,393385.08,False
KLTR,31,1.64,393342.3,False
BAMV,31,38.1561,392227.42,False
DSTX,31,35.6919,392197.6905,False
MOOD,31,44.5143,391167.16740000003,False
MOB,31,6.01,391165.5,False
RDNW,31,6.13,390976.0,False
BEEM,31,1.14,390057.92000000004,False
FLV,31,87.0876,389996.0904,False
SRJN,31,22.8601,389811.60000000003,False
VELL,31,6.6252,389805.9,False
XDIV,31,31.5229,389480.41250000003,False
CHSCP,31,26.64,389422.72,False
RFDI,31,92.7069,389305.66980000003,False
BARK,31,10.3,388711.27,False
HEFT,31,26.7031,388503.4019,False
SRS,31,39.0,388381.7,False
IRTR,31,32.089,388366.0,False
NEXR,31,2.6,388060.794,False
CURR,31,3.86,388060.71,False
MTLS,31,6.73,388012.37,False
CODX,31,1.34,387916.88,False
GMEX,31,1.21,387869.85000000003,False
LEE,31,8.24,387674.22,False
EVG,31,10.71,387584.84,False
JPO,31,14.7,387554.7096,False
ILLR,31,0.9996,387536.64,False
WDRN,31,29.02,387164.04000000004,False
VSDA,31,60.1017,387064.98000000004,False
IQM,31,115.11,386529.0,False
LNZA,31,6.3,386486.17000000004,False
MVV,31,94.3788,386406.6689,False
RPID,31,1.55,385707.77,False
YALL,31,44.28,385244.02,False
GLQ,31,8.297,384963.992,False
SIHY,31,45.4404,384013.91,False
WMTI,31,21.37,383891.82,False
QVML,31,45.8188,383629.71239999996,False
ADPV,31,46.28,383360.32,False
JRSH,31,5.64,383040.352,False
VIDI,31,40.21,382698.01440000004,False
VBCE,31,74.88,382321.5,False
MFIN,31,11.1,381833.082,False
MBBA,31,48.9052,381521.6592,False
MHF,31,6.82,381478.63,False
OKTG,31,29.9261,381198.6618,False
MCI,31,18.22,380692.79000000004,False
XYLG,31,29.61,380555.19999999995,False
ALTI,31,3.99,379560.3,False
IPFX,31,10.13,379469.63999999996,False
UFEB,31,39.345,379352.16000000003,False
BAUG,31,55.4,378898.64999999997,False
LABT,31,2.16,378602.07,False
RAFE,31,49.76,378223.68,False
NFXS,31,20.074,377891.57999999996,False
TLTD,31,104.534,377205.435,False
BHFAP,31,13.5099,376759.25,False
PERF,31,1.89,376739.86,False
ACKY,31,18.11,376720.68,False
BJAN,31,60.34,376339.6494,False
SOR,31,46.49,375639.2,False
BHFAL,31,15.77,375364.63,False
MSD,31,7.28,374768.24,False
GFEB,31,44.7805,374048.5404,False
KAUG,31,29.4095,373707.44,False
SPE,31,13.46,373700.04,False
PPT,31,3.45,373527.0,False
RSPM,31,40.0902,373114.74,False
QEW,31,30.7256,372631.369,False
NOVTU,31,69.565,372454.25,False
JLS,31,17.11,372403.80000000005,False
KAT,31,57.9397,372316.6032,False
TRPA,31,38.9817,372137.92,False
FFOX,31,31.19,371946.67000000004,False
TSLI,31,16.0465,371753.232,False
VRA,31,3.17,371631.72000000003,False
GHYG,31,45.2686,371067.4,False
SCYX,31,5.09,370480.32,False
LEXI,31,41.295,369723.69,False
FCNCN,31,24.89,368535.77,False
EOT,31,17.44,368474.2,False
ERC,31,9.21,368288.75,False
PFIG,31,23.705,368268.61,False
INEQ,31,41.5451,368174.6596,False
UGE,31,19.11,367588.32,False
XLKI,31,27.17,367572.8,False
GXPD,31,26.24,367505.325,False
PDN,31,47.5719,367371.80549999996,False
XSHD,31,14.34,367237.77999999997,False
ELD,31,28.89,367121.22,False
AIBU,31,66.8767,366638.712,False
RITR,31,0.1218,366487.5052,False
JTAI,31,1.55,365891.46,False
BLCV,31,42.95,365681.7907,False
GHYB,31,44.5801,365622.44,False
PBQQ,31,31.91,365579.6976,False
AIVL,31,135.1111,365158.08,False
USAI,31,46.9667,364691.25,False
DFEB,31,51.395,364438.8923,False
FNUC,31,1.79,364255.125,False
CTEF,31,91.3544,363636.47,False
MYO,31,1.57,363103.0,False
SPFF,31,9.515,362603.263,False
AMZO,31,13.6,362580.84199999995,False
UDIV,31,62.169,362206.4502,False
IFLN,31,18.235,361347.14,False
EGGS,31,40.6288,361341.10000000003,False
QTJL,31,42.4885,361024.4778,False
QQQP,31,227.2211,360988.72109999997,False
DFLI,31,1.26,360877.49,False
EMBD,31,23.5599,360774.0,False
GIGL,31,49.4537,360535.32,False
AIFC,31,0.4235,360102.6984,False
JPIN,31,76.412,360077.184,False
STXE,31,50.18,359962.239,False
TSYX,31,23.7508,359777.16000000003,False
DDTL,31,22.45,359504.32999999996,False
IBLC,31,44.24,359071.99799999996,False
GWH,31,0.6093,358821.782,False
GCAD,31,57.4007,358750.36079999997,False
TMCR,31,6.57,358511.13,False
EHTH,31,1.2,358033.06000000006,False
ENDW,31,35.216,357141.4427,False
MSFW,31,31.3566,356583.6,False
CGO,31,13.28,356300.12,False
METW,31,23.065,356143.2,False
RDZN,31,1.5,356051.57,False
KKRS,31,16.17,355720.81999999995,False
ITDE,31,41.0099,355648.7,False
CBUS,31,1.67,355038.66,False
EAI,31,19.7204,354797.31000000006,False
CHSCO,31,25.8799,354706.25,False
MINV,31,51.5096,354641.3162,False
BTMD,31,1.37,354619.8,False
PALC,31,58.05,354485.9,False
TMUSI,31,20.955,353696.38,False
RTAC,31,10.44,353450.35,False
MFSM,31,24.7995,353156.69999999995,False
DJAN,31,46.4111,352445.27499999997,False
VRXA,31,1.86,352021.27,False
TACK,31,32.67,351236.4876,False
PAVS,31,6.36,350452.53,False
DSC,31,7.405,350160.3,False
RILYZ,31,20.0,349562.0,False
PNI,31,6.85,349433.98,False
FICS,31,42.3427,349387.09979999997,False
GMOV,31,32.28,349050.89999999997,False
LSAK,31,4.77,348302.84,False
CRIS,31,1.8,348240.06,False
CLOB,31,50.3,346707.9,False
GINX,31,36.86,346341.9864,False
BRNX,31,3.05,345243.132,False
AZUL,31,7.98,344813.7,False
LPRE,31,29.89,344048.82,False
XJR,31,52.9362,343950.06940000004,False
LUNG,31,2.23,343832.6,False
TACO,31,10.45,343789.2,False
WOK,31,2.33,343699.72,False
RBNE,31,2.83,343538.58,False
IBIC,31,25.625,343337.95,False
IHD,31,7.67,343211.52,False
GLGG,31,4.2078,343132.2405,False
APMU,31,24.785,342972.63,False
NRT,31,8.73,342919.91099999996,False
ABEQ,31,38.71,342777.05,False
TYD,31,22.62,342208.24,False
JUNP,31,32.4,342080.26,False
HAIN,31,0.559,341265.65760000004,False
MNZL,31,61.1616,340292.9376,False
DULL,31,56.0241,340070.8944,False
SPBX,31,29.77,340063.72,False
BSMZ,31,24.985,339701.0984,False
RILYT,31,21.92,339102.4,False
GAUG,31,42.0,338923.2,False
INT,27,19.67,338892.95999999996,False
WHF,31,7.08,338737.7,False
BUL,31,63.6453,338371.362,False
MERC,31,0.4867,337918.783,False
DMAY,31,48.0136,337648.5,False
CPRJ,31,27.8647,337567.32,False
COZX,31,11.7099,336580.16000000003,False
SIMX,31,15.02,336452.2,False
ACR,31,14.52,336437.8,False
STXV,31,39.6747,336413.38,False
FLDB,31,50.415,336306.36,False
AIBD,31,47.55,335684.09140000003,False
BSEM,7,3.0,335361.54,False
CVM,31,1.55,335267.24,False
IBUY,31,72.1227,334973.275,False
RBUF,31,31.54,334954.38,False
OZKAP,31,16.155,334939.44999999995,False
TPGXL,31,22.68,334823.01,False
GSGO,31,45.341,334592.5326,False
SBEV,31,0.378,334487.958,False
FLNA,31,0.89,333853.9,False
GYRE,31,6.81,333494.0,False
KAZR,31,2.15,333218.16000000003,False
TOLZ,31,59.0578,333080.55,False
IBHK,31,25.4648,333013.50999999995,False
WTFCN,31,26.05,332952.60000000003,False
WHLR,31,0.374,332500.35,False
FEBT,31,42.084,332216.3205,False
GOCT,31,42.325,331297.6271,False
PCPP,31,26.32,330956.99,False
MWC,31,1.32,330538.62,False
SPBW,31,29.1768,330481.235,False
RGCO,31,21.28,330348.58999999997,False
SPDV,31,40.9375,330226.8,False
MEXX,31,27.54,329878.92000000004,False
AQEC,31,25.83,329149.2807,False
BNKU,31,48.0293,328280.2655,False
AIXI,31,0.8923,328068.18,False
PMTV,31,25.25,327947.0,False
BCTX,31,3.39,327941.6,False
CHIQ,31,17.705,327826.81000000006,False
SUGP,31,2.0,327478.73000000004,False
LCTD,31,60.5224,327259.1898,False
TLTI,31,43.06,327218.0,False
KCOP,31,24.0963,327177.64999999997,False
EDGQ,31,27.9356,326811.0,False
CAF,31,19.625,326753.56,False
WSHP,31,4.75,326588.65,False
FHYS,31,23.0,326550.9,False
CLAR,31,3.63,326526.396,False
GOEX,31,87.11,326402.0712,False
AMZG,30,16.32,326347.1608,False
PARA,31,1.45,326089.28,False
DUOG,31,45.644,326036.699,False
OAEM,31,49.0974,325951.5303,False
SGLY,31,4.49,325833.97,False
AGEM,31,49.3119,325238.93820000003,False
TCV,31,33.97,325079.04000000004,False
PRIV,31,24.75,324773.79,False
IBIL,31,24.75,324653.37,False
MLP,31,15.98,324640.4,False
CWS,31,73.4881,324622.42500000005,False
IBIM,31,24.595,324573.425,False
MDAI,31,1.64,324070.32,False
NJAN,31,59.8398,323935.05,False
QLV,31,79.4808,323908.19999999995,False
CPAG,31,101.4278,323605.42439999996,False
IVAL,31,36.7874,323449.45920000004,False
IBUF,31,32.13,323449.1235,False
DRGN,31,36.4896,323441.75,False
YB,31,14.38,323152.21,False
CRMU,31,2.1283,323142.8643,False
MTGP,31,43.7485,323126.421,False
DDSQ,31,21.455,322998.06,False
MSSS,31,36.78,322600.14,False
NRUC,31,21.7,322458.44,False
SLTY,31,21.1808,322204.48,False
IXHL,31,3.315,321680.64499999996,False
QQQG,31,32.074,321624.6426,False
UBOT,31,25.3547,321536.32,False
BJUN,31,49.905,321446.408,False
DEFR,31,26.6248,321040.8,False
TCGX,9,14.02,320965.68,False
CPXR,31,32.5561,320794.0946,False
YSPC,24,50.1667,320358.52,False
CUB,31,10.84,320148.96,False
BRAI,31,5.46,319910.11,False
NBSM,31,29.3797,319697.73,False
SDST,31,0.67,319341.12,False
UDEC,31,42.54,319094.51999999996,False
UPC,31,5.78,319029.0,False
SPKL,31,11.61,318905.45999999996,False
QSPT,31,35.5351,318785.3821,False
SKF,31,22.72,318740.2,False
ROAM,31,36.2849,318480.66000000003,False
PWCM,31,1.28,318330.1,False
RVNU,31,24.65,317738.5,False
ONLN,31,58.47,317671.26,False
TRTY,31,31.75,317576.39540000004,False
WKEY,31,6.76,317467.77,False
CELZ,31,1.1,316380.2684,False
AGNCM,31,25.135,316129.01999999996,False
FGSN,31,20.91,315842.64,False
GINC,6,50.0483,315577.2,False
SPAI,31,5.9,315517.44,False
LGCL,31,1.41,315463.95,False
ATMP,31,36.6375,315205.83999999997,False
BNDP,31,73.0947,315048.87,False
RTXG,31,30.1254,314826.6854,False
FVN,31,11.7,314584.34,False
SIXH,31,44.1395,313964.2635,False
ADAMM,31,25.43,313910.95680000004,False
SNTQ,29,25.005,313818.531,False
CFO,31,82.9584,313555.32,False
BLES,31,49.86,313370.1,False
APYX,31,3.06,313034.92000000004,False
CRSH,31,21.2625,312957.68,False
BNH,31,15.1186,312896.7226,False
TAGS,31,26.3705,312875.2,False
DRMP,31,24.063,312664.0,False
INUV,31,0.7501,312296.634,False
GRWG,31,1.89,311805.0,False
SOFR,31,100.23,311700.0,False
HUBC,31,0.7375,311680.23000000004,False
WHG,31,19.41,311592.60000000003,False
TXXH,31,36.2616,311546.1174,False
EML,31,25.11,311414.94,False
DYTA,31,32.22,311372.4,False
AALG,31,12.3978,311279.7206,False
NDIV,31,34.96,310172.5872,False
ARCX,31,17.0675,310096.815,False
RDFI,31,23.4006,309493.29,False
GNS,31,0.1584,309305.577,False
STSM,31,16.99,309192.3125,False
SIXJ,31,37.29,309154.0,False
QCMD,31,18.4481,309092.3322,False
CINT,31,3.54,309034.92,False
BCTK,31,31.3583,308558.8079,False
VDIG,31,64.15,308297.2368,False
JSTC,31,23.26,308279.56,False
ELLA,31,25.25,308226.75,False
IAE,31,8.87,308175.19999999995,False
ALAR,31,1.74,306952.72000000003,False
EDUC,31,1.38,306402.135,False
BRIF,31,38.279,306241.32,False
CSM,31,89.527,305896.8192,False
CVU,31,5.73,305881.56,False
BNJ,31,15.07,305627.27999999997,False
LGO,31,0.6612,305563.0356,False
SSK,31,10.2239,305461.23720000003,False
BHFAM,31,9.54,305298.18,False
MIN,31,2.46,305273.7,False
SY,31,2.21,305197.2,False
PXI,31,63.8787,304841.9583,False
HYTI,31,18.9854,304677.6992,False
ITDF,31,42.6043,304625.7812,False
VABK,31,46.19,304538.88,False
YJUN,31,27.585,304480.6482,False
INDS,31,41.1716,304398.6195,False
MREO,31,0.3077,304273.5635,False
RSPR,31,36.4585,304167.24,False
IVVB,31,35.56,304151.80120000005,False
BAGX,16,102.4976,303734.99639999995,False
FOCL,31,4.36,303689.04,False
MCRB,31,4.51,303537.36,False
FTRI,31,17.6209,303414.2771,False
SEPU,31,32.016,302900.07,False
RSSX,31,26.0,302822.288,False
OMEX,31,0.856,302805.8392,False
BEPH,31,15.18,302790.45,False
DSAC,30,10.17,302660.8225,False
JUNT,31,38.7069,302606.5504,False
JULP,31,33.3762,302408.01999999996,False
GRCE,31,2.16,302009.05000000005,False
FTHF,31,47.575,301892.14999999997,False
BCIC,31,7.63,301853.875,False
CLDI,31,1.36,301030.4,False
TOTR,31,39.505,300934.44,False
SMOX,31,31.2672,300747.66,False
PGRO,31,47.7455,300300.1,False
EDSA,31,5.65,299650.4,False
GSUN,31,0.3051,299482.23,False
SABA,31,8.24,299211.395,False
ZVOL,31,7.92,299032.27,False
SFGV,31,36.6601,298413.214,False
XDSQ,31,44.5575,298194.81649999996,False
DECW,31,36.31,297971.48360000004,False
SMRI,31,47.2156,297862.3344,False
QGRD,31,29.8914,297174.528,False
BESS,31,3.84,296984.76,False
RNIN,31,36.8103,296932.41270000004,False
RVSB,31,5.14,296693.25,False
SHE,31,160.3365,296627.49000000005,False
PFOE,31,23.1396,296441.4156,False
SMCO,31,30.7932,296349.5475,False
SLGB,31,0.559,296095.1148,False
LDSF,31,18.9,295882.2,False
GLDW,31,44.0,295769.88,False
GPJA,31,20.42,295651.2,False
AMID,31,37.7122,295391.707,False
GHI,31,5.88,295252.68,False
HYP,31,28.5889,294666.8604,False
LITP,31,11.67,294526.6955,False
MCN,31,5.62,293874.422,False
IDX,31,11.22,293125.46,False
DCGO,31,0.7101,293075.55,False
CSNR,31,37.2315,292863.837,False
PODC,31,2.83,292726.35,False
MFAN,31,25.1,292613.2625,False
NHYM,31,24.695,292486.04000000004,False
FREI,31,24.865,292468.31,False
DTG,31,16.04,292281.0,False
OGI,31,1.225,292051.1043,False
SELV,31,34.59,291896.76999999996,False
ECON,31,35.3849,291582.6,False
MFEM,31,28.7102,291557.0516,False
REIT,31,30.6035,291422.4027,False
RFLR,31,33.42,290890.1202,False
CCNR,31,40.87,290455.9,False
RUBI,31,1.8349,289928.94,False
SMMV,31,47.5078,289807.98000000004,False
OPXS,31,11.22,289238.04,False
QQXT,31,102.9151,289228.2853,False
BEPI,31,16.16,289118.56,False
IBIK,31,25.035,289118.52,False
SRG,31,2.29,288269.93,False
FEAM,31,1.67,288123.0,False
NVIT,31,51.1743,287119.72000000003,False
REMG,31,36.85,286914.10000000003,False
OPER,31,100.2333,286099.59,False
RANK,31,20.25,286078.14,False
BAMD,31,35.0143,285414.94320000004,False
UPW,31,22.44,285108.8,False
LVLU,31,15.08,284995.55,False
TTXU,31,35.0142,284947.934,False
OZ,31,47.525,284535.0,False
WWR,31,0.5889,284147.34249999997,False
CMSC,31,21.36,284108.94,False
COYY,31,16.5849,283803.32,False
GP,31,1.64,283508.88,False
DHDG,31,37.595,283351.23309999995,False
ATLCZ,31,25.4299,283211.3172,False
METL,31,27.98,283169.25,False
PFD,31,11.35,282995.37,False
GLIN,31,45.8802,282892.23000000004,False
PCF,31,5.432,282749.994,False
GLV,31,6.263,282599.688,False
ESIM,31,29.6585,282496.5174,False
RWTQ,31,23.745,282197.5,False
SEPZ,31,46.7169,282009.5744,False
SHIM,31,3.69,281777.65,False
NCSM,31,51.14,281684.4,False
QALT,31,26.7239,281671.06,False
BFOR,31,24.5453,280755.36,False
VCIG,31,0.2555,280745.14,False
AGGA,31,24.875,280561.33,False
NRDY,31,0.6855,280344.1434,False
RFG,31,64.63,280211.12,False
NCRA,31,2.16,279931.08999999997,False
CNSY,31,3.2,279912.0,False
KMDA,31,7.76,279903.37,False
MGMT,31,52.1533,279762.60000000003,False
EONR,31,0.5,279736.7572,False
FT,31,7.87,279634.299,False
VPV,31,11.17,279496.0,False
TGHL,31,0.9227,279291.01,False
BAPR,31,54.2712,279267.54240000003,False
QAT,31,17.45,279003.76,False
TIPZ,31,50.95,278932.0,False
PED,31,12.53,278885.2,False
FTOH,31,8.34,278662.17600000004,False
BNOV,31,49.27,278659.19899999996,False
SEGG,31,2.47,278390.05199999997,False
BCLO,31,49.645,278291.33999999997,False
ICCM,31,2.82,277928.64,False
ZNOV,31,27.76,277731.83999999997,False
MPL,31,15.89,277663.36,False
TMFG,31,31.7216,277468.29000000004,False
NNY,31,8.27,277170.2,False
VINP,31,9.33,277065.6,False
TDIC,31,2.79,276728.4,False
SFBC,31,46.3,276629.6,False
ZYBT,31,1.52,276449.16000000003,False
BIOT,17,0.3794,276278.9888,False
MCGA,31,10.295,276111.9,False
CHGX,31,34.0418,275927.4536,False
SVAQ,31,10.05,275822.25,False
ICCC,31,9.7,275449.3,False
AUGW,31,34.715,275428.81000000006,False
NODK,31,15.22,275164.5,False
LTRN,31,2.6,274782.39999999997,False
YBIT,31,18.23,274671.45,False
LOWV,31,83.6554,274669.74,False
BLST,31,24.8847,274312.69,False
BLTD,31,24.26,274095.9,False
SGU,31,12.53,273750.82,False
CARZ,31,110.0962,273750.70650000003,False
DECT,31,40.305,273728.39999999997,False
IBII,31,25.295,273633.18,False
DTB,31,16.05,273371.86,False
LARK,31,31.99,273241.05,False
IBIJ,31,25.265,273136.38,False
XSLV,31,53.5678,273120.96,False
NSYS,31,12.36,273096.72000000003,False
CVNY,31,20.8858,272974.0851,False
DEED,31,21.1497,272512.5,False
DARP,31,59.69,272406.3021,False
BODI,31,6.4,271972.2,False
FEBW,31,36.1648,271877.0256,False
YSG,31,3.19,271645.71,False
OASC,31,35.64,271596.642,False
RUSC,31,39.1981,271588.8057,False
CIIT,31,3.5,271148.63999999996,False
GSEU,31,50.3866,271085.79839999997,False
JHCB,31,20.78,270869.49,False
REW,31,11.0771,270534.9196,False
ARB,31,29.73,269925.1357,False
BTGD,31,22.735,269774.1696,False
YGLD,31,36.147,269741.55,False
FUND,31,10.72,269569.79000000004,False
XOS,31,2.09,269535.24,False
HBANM,31,20.3,269403.52,False
OGIG,31,49.8654,269359.837,False
FDIV,31,28.3284,269359.6664,False
VALQ,31,72.07,269244.16219999996,False
VTGN,31,0.26,269116.64,False
BDRY,31,14.0,269007.63,False
HEPS,31,2.74,268769.25,False
VOC,31,3.24,268586.391,False
RPAR,31,22.22,268482.06,False
SOTK,31,5.4,267736.92,False
TAOX,31,3.38,267414.24,False
AMYY,31,14.435,267209.27999999997,False
MTNB,31,0.2222,266836.0182,False
NHIC,31,10.64,266627.84,False
AXIN,31,10.29,266409.0,False
UOCT,31,41.915,266259.735,False
CLNN,31,4.2,266122.56,False
AEHL,31,5.11,266120.306,False
QXQ,31,32.4426,265856.71749999997,False
PMI,31,3.52,265730.92,False
RILYN,31,25.01,265727.46,False
KITT,31,0.9531,265632.48000000004,False
QNTM,31,3.68,265234.0,False
BPYPM,31,16.109,264923.21,False
GLOW,31,35.4048,264809.16,False
HBR,31,8.945,264732.48960000003,False
LENS,31,45.1665,264708.999,False
PAB,31,41.515,264389.94,False
PSCC,31,37.266,264372.8595,False
FNWB,31,11.4,264252.0,False
VANI,31,1.35,264234.60000000003,False
QXL,31,4.66,264213.0,False
MODD,31,2.37,264026.88,False
SLBT,31,2.76,264016.32,False
HTCO,31,2.96,263910.39999999997,False
MMTM,31,311.3667,263878.19940000004,False
MMCA,31,21.495,263591.79000000004,False
SOAR,31,0.1574,263438.6125,False
COPL,31,10.5,263381.8,False
WEEL,31,20.73,263327.80299999996,False
GRO,31,2.15,263202.44,False
DNOV,31,52.25,262098.6822,False
DOCT,31,47.53,261792.43999999997,False
DGRE,31,40.6693,261748.6024,False
AGNG,31,38.042,261340.7427,False
DFE,31,77.3136,261319.968,False
SBTU,31,2.58,261155.46,False
DSPY,31,67.55,260912.27500000002,False
SEMI,31,39.49,260691.9707,False
INFO,31,28.45,260615.0231,False
VGI,31,7.3,260401.68000000002,False
DSEP,31,48.405,260374.2,False
CVMC,31,78.3872,260182.9566,False
NOCT,31,63.6376,259990.62120000002,False
NODE,31,38.9707,259733.00960000002,False
CRTC,31,41.1223,259697.32949999996,False
COE,31,18.87,259669.25999999998,False
MNTK,31,1.87,259601.94,False
COWS,31,39.5452,259297.8764,False
AXG,31,2.65,259233.0,False
BVC,31,14.6,259222.41,False
TRUC,31,25.1584,259181.70190000001,False
FULTP,31,17.75,259055.5,False
PRMR,31,28.9997,258691.931,False
BDEC,31,54.6657,257624.28,False
RWLC,31,39.0,257575.63499999998,False
FTWO,31,46.4826,257458.91360000003,False
EEV,31,10.73,257233.37999999998,False
KLRS,31,3.96,256639.46,False
HTT,31,2.51,256571.28,False
MPWX,31,16.7889,256462.56,False
VRAX,31,2.81,256120.94,False
BGLD,31,17.0,255994.90290000002,False
CVRT,31,49.6125,255685.6706,False
ICU,31,3.25,255380.26,False
PAMT,31,12.66,255277.02000000002,False
RNTX,31,0.8413,254715.72,False
KNGZ,31,42.4822,254544.97119999997,False
MXLL,5,22.6935,254145.79739999998,False
CMSA,31,20.41,253855.81999999998,False
UPSD,31,30.4071,253599.7032,False
QUSA,31,18.35,253497.25439999998,False
GAPR,31,42.4273,253275.89280000003,False
ADAMG,31,25.08,253183.58,False
CCXIW,31,8.55,252961.05,False
BMAY,31,48.5303,252926.52000000002,False
CHAI,31,0.2809,252816.874,False
DDEC,31,48.27,252809.1,False
OVLH,31,42.8004,252766.46,False
EMKT,31,31.8752,252720.8805,False
EVPF,31,49.7259,252388.94999999998,False
ERH,31,11.59,252154.37,False
DAPR,31,41.605,252137.79499999998,False
STXG,31,56.7783,252096.1582,False
BVFL,31,21.36,251985.8,False
SOBR,31,0.5333,251953.768,False
XRPN,31,10.491,251341.84,False
UYM,31,30.9757,251132.31,False
VNRX,31,0.5,250770.72999999998,False
GTOC,31,24.71,250734.96,False
XLII,31,26.65,250349.05000000002,False
ABLD,31,32.5877,250335.25,False
SMHU,10,31.6166,250048.74670000002,False
QMAR,31,37.8401,249937.8156,False
VTN,31,10.99,249806.4,False
FLX,31,2.03,249793.11,False
KNRG,31,25.755,249528.09,False
ACLO,31,50.405,249131.80000000002,False
SIXS,31,58.72,249114.77000000002,False
UMAR,31,42.95,248224.2,False
SPYC,31,47.28,248176.88069999998,False
XYZY,31,25.5179,248063.30000000002,False
MGRB,31,16.31,247911.0,False
ONG,31,5.5939,247389.05000000002,False
TENJ,31,28.35,247280.64,False
FLC,31,16.8,247240.05000000002,False
WTBN,31,24.765,246610.75,False
BLNE,31,0.98,246444.3261,False
FID,31,23.1,245787.35499999998,False
LDRC,31,25.02,245326.83,False
GUMI,31,50.3336,245308.41999999998,False
VHC,31,13.54,245305.22000000003,False
QWLD,31,158.5747,245130.8427,False
VBCF,31,74.765,245121.88000000003,False
FMN,31,11.18,244601.72000000003,False
IRHO,31,10.015,244579.92500000002,False
COPZ,31,17.06,244535.06999999998,False
RGT,31,15.27,244409.43000000002,False
CNVS,31,2.74,243835.0,False
WIA,31,7.965,243130.24,False
IZRL,31,29.4045,242270.1524,False
MTAW,3,25.29,242126.46,False
BEAT,31,0.5,241914.83580000003,False
ITDG,31,43.42,241872.12499999997,False
RSBY,31,17.9246,241761.25000000003,False
BBEM,31,77.3114,241613.6667,False
PLUL,31,8.8899,241055.52000000002,False
SOCL,31,45.73,241049.96999999997,False
FPAA,31,25.688,240419.40000000002,False
VSMV,31,60.6685,240065.2545,False
CCIF,31,2.89,239708.16,False
MSSE,15,20.52,239276.1,False
RACC,31,26.7,238950.00000000003,False
NUHY,31,21.285,238871.25,False
EIRL,31,83.0135,238441.6216,False
PBK,31,0.4574,238430.673,False
DBEM,31,39.5345,238409.46329999997,False
EMDM,31,41.7087,238366.506,False
ARAY,31,0.3266,238307.915,False
BOCT,31,54.4651,238247.80000000002,False
PNBK,31,1.08,238217.84999999998,False
AFCG,31,3.47,238159.81999999998,False
FPFD,31,21.1851,238097.19999999998,False
NBDS,31,42.515,237936.75840000002,False
SZZL,31,10.41,237773.72999999998,False
PMVP,31,1.25,237536.46,False
SKHA,15,33.6833,237437.28,False
HYIN,31,14.33,237346.86000000002,False
MPDB,4,25.07,237300.5896,False
WXM,31,4.7,237197.6,False
ADAML,31,24.9072,237189.44999999998,False
MSTB,31,44.365,237171.6396,False
OXLCM,31,25.16,237170.55,False
ICPI,31,50.01,237157.62,False
TURB,31,1.31,237105.4,False
BTCU,31,16.841,236775.93570000003,False
SBC,31,3.65,236719.75,False
IAUG,31,31.02,236499.0,False
CDTG,31,2.8,236414.87,False
WEED,31,20.14,236394.0321,False
EGGQ,31,57.019,236333.016,False
TCHI,31,24.52,235776.87000000002,False
KGRN,31,24.07,234875.06,False
RNXT,31,1.2,234776.7919,False
XC,31,32.0696,234770.542,False
RWTS,31,24.035,234725.04,False
BASV,31,31.9756,234626.4814,False
MLPD,31,25.1672,234460.0,False
TFPN,31,30.105,233851.7441,False
GMOD,31,28.0329,233815.26,False
BKCI,31,54.535,233639.32,False
MBINL,31,24.85,233261.0,False
CEV,31,10.63,233253.0,False
HYFT,31,1.33,233189.68000000002,False
PTIN,31,38.16,233065.40139999997,False
PRSD,31,24.955,233051.856,False
BABO,31,8.37,233000.715,False
JOYT,31,59.36,232603.3584,False
EWAV,2,9.83,232156.43,False
IONR,31,3.2,232108.8,False
SNFCA,31,8.6,232074.42,False
LANDO,31,21.53,231970.05000000002,False
SDG,31,92.287,231744.17,False
DUNK,31,27.9476,231494.59,False
MPV,31,16.75,231397.4,False
BKFI,31,23.49,230849.9151,False
PSFJ,31,35.995,230791.533,False
DINT,31,30.175,230753.83000000002,False
TLTE,31,77.182,230517.1662,False
CCHH,31,1.37,230108.09999999998,False
SMRF,31,26.52,229885.53999999998,False
MILN,31,45.79,229567.541,False
ITAN,31,44.3795,229406.9894,False
GAME,31,0.441,229001.31,False
EVF,31,4.99,228535.57799999998,False
STLL,5,19.35,228480.8818,False
GECC,31,5.74,228391.22999999998,False
RSEE,31,40.0208,228054.3435,False
ETU,31,4.26,228004.16,False
RFL,31,1.87,227936.17,False
XBFR,31,27.0347,227739.1431,False
QNTU,31,13.99,227051.0,False
LNSR,31,8.09,226963.25,False
BALQ,31,56.7431,226918.23,False
TSXD,31,5.19,226578.99,False
BFEB,31,53.925,226448.75,False
SAV,31,24.49,226137.6,False
WKHS,31,3.31,225709.17,False
IYLD,31,22.32,225243.03,False
AQNB,31,25.615,224436.98,False
MNDR,31,1.69,224406.25,False
JUNS,31,5.18,224396.34,False
PMTW,31,25.63,224385.28,False
XJUN,31,45.21,224359.31999999998,False
RGNT,31,2.04,224291.22,False
WEA,31,10.48,223650.24000000002,False
FCNCO,31,20.585,223489.92,False
FDCF,31,51.1044,223139.1834,False
AIZN,31,18.58,223011.18999999997,False
BIDG,31,9.1109,222967.631,False
GF,31,11.62,222876.80000000002,False
ISCB,31,77.1374,222314.94249999998,False
CPSJ,31,27.99,222163.28,False
QQQS,31,44.82,221983.68289999999,False
UMAY,31,38.69,221895.80159999998,False
DEW,31,72.6515,221167.52310000002,False
HODO,31,0.5058,220900.13,False
PIII,31,10.57,220884.86000000002,False
ZINN,1,41.8867,220742.90899999999,False
SLND,31,0.6607,220558.36000000002,False
KMPB,31,24.65,220435.74,False
PIO,31,44.6384,220203.80599999998,False
SPD,31,42.8716,220183.49839999998,False
NUGO,31,44.5633,220116.9,False
NETL,31,26.48,220106.25,False
BDVG,31,15.1484,220052.5421,False
ACTU,31,0.99,219799.80000000002,False
FRTT,31,1.06,219789.94,False
IBGA,31,23.33,219785.49,False
EFAS,31,23.03,219654.48,False
OBAI,31,0.3613,219542.87600000002,False
FCLO,31,50.275,219493.75,False
HVAC,31,37.6,219459.24,False
WXET,31,21.8522,219355.0491,False
TXXI,31,50.065,219206.15,False
BSCA,31,19.705,219199.17500000002,False
AMZP,31,26.73,219195.3,False
AUUD,31,0.9701,218782.52,False
BMAR,31,58.9548,218620.0539,False
TEKX,31,65.8639,218473.44120000003,False
PFI,31,63.749,218446.1831,False
DDFY,31,20.3699,218158.72000000003,False
APMC,31,9.92,218158.33959999998,False
DDDD,31,33.6173,217717.878,False
OVT,31,21.8178,217608.75,False
XDQQ,31,40.82,217604.8336,False
JELM,31,25.545,217450.8,False
CSTE,31,3.43,217354.58500000002,False
EZRA,31,2.21,217160.18,False
XLSI,31,23.4859,216965.63,False
PSTP,31,37.445,216667.7625,False
MDPL,31,29.57,216608.22,False
ZMAY,31,26.2301,216581.19,False
FWAC,12,9.89,216497.045,False
WTID,31,3.03,216416.19999999998,False
HSDT,31,1.66,216380.84,False
TCBIO,31,20.565,216280.8,False
HIGH,31,21.845,215986.6268,False
RYM,31,20.33,215667.14,False
THLV,31,32.9146,215636.5208,False
EVYM,31,50.0152,215618.81,False
PLSM,31,2.89,215497.5,False
GENT,31,10.1795,215413.45,False
PCAP,31,10.335,215370.17,False
TTT,31,78.253,215088.30419999998,False
SUIG,31,0.8181,215054.18999999997,False
THOR,31,26.2909,215033.2711,False
CAFG,31,34.1216,215032.97280000002,False
FCRS,31,10.23,214881.15000000002,False
LUMA,24,27.9199,214619.9231,False
JETD,31,2.43,214610.24000000002,False
EQRR,31,87.2234,214507.5661,False
BBDO,31,3.0,214493.69999999998,False
DYNC,31,10.87,214424.97999999998,False
AFJK,31,12.0,214104.0,False
HFFG,31,1.83,213984.41999999998,False
CCM,31,4.66,213890.03999999998,False
CRWX,30,31.7889,213714.16875,False
XMAR,31,43.28,213407.64,False
GSUI,31,9.7827,213185.712,False
MPA,31,11.09,213160.78,False
AIFU,31,17.25,213006.36,False
DAAQ,31,10.415,212891.85,False
WSMD,14,25.8754,212568.75825,False
TJUL,31,30.55,212393.34,False
NAZ,31,12.435,211574.7,False
LOEV,21,16.445,211442.1882,False
MYSE,31,2.67,211321.08,False
SSAC,31,10.07,211190.0,False
QBER,31,23.835,210949.765,False
OSCX,31,113.3365,210378.4804,False
OARK,31,29.4673,210368.53,False
OPEG,31,2.2984,210213.294,False
ROC,31,4.41,210205.0,False
CCEC,31,22.69,210019.23,False
DBCA,31,9.99,209919.32,False
WBIY,31,38.1548,209555.9262,False
XSHP,31,17.8731,209428.388,False
HEQ,31,11.75,209145.88,False
DLTH,31,3.95,209072.37000000002,False
RSPE,31,34.92,208998.0,False
XYF,31,5.3,208903.04,False
TMFE,31,30.7953,208585.68,False
ATCH,31,0.1923,208541.068,False
ASBP,31,7.74,208426.24,False
HIS,31,26.395,208312.96639999998,False
KJAN,31,46.3801,208141.2,False
ACVF,31,56.3325,208085.88999999998,False
GUSE,31,46.2986,207941.28,False
INTZ,31,0.6499,207730.82,False
PTBD,31,19.155,207473.3466,False
EEMO,31,22.66,207307.38,False
TVC,31,24.08,206869.32,False
TRUG,31,1.54,206707.19999999998,False
TIER,31,33.2177,206614.094,False
ZKH,31,2.88,206340.7,False
EPV,31,16.9217,206328.83920000002,False
UNL,31,5.8273,206326.557,False
RAML,18,15.0288,206311.277,False
GMOM,31,37.9618,206134.294,False
MVFD,31,31.6544,206013.295,False
DAUG,31,47.49,205963.44999999998,False
AXR,31,22.75,205887.5,False
EMCS,31,45.5252,205824.07200000001,False
JPMB,31,39.65,205769.98,False
PRSO,31,0.6705,205602.705,False
VBCJ,31,73.555,205515.90000000002,False
PSQH,31,4.11,205336.18000000002,False
FGBI,31,8.29,205053.14999999997,False
LODI,31,25.245,205035.48,False
AGNCL,31,24.91,205008.598,False
WKSP,31,0.66,204820.3928,False
OCNL,8,28.8694,204801.842,False
ONOF,31,41.305,204417.286,False
PDDL,31,13.798,204379.5,False
NMI,31,10.43,204371.41999999998,False
YLDW,31,25.9154,204312.6,False
ECNS,31,29.55,204213.36,False
NIPG,31,11.59,203578.1487,False
APRW,31,37.62,203225.7969,False
MYPS,31,0.5157,202890.12,False
EBUF,31,32.13,202656.96,False
GNPX,31,4.475,202495.98,False
DHCNI,31,18.35,201952.40000000002,False
LHSW,31,2.62,201787.45,False
XLFI,31,24.4501,201670.91,False
PAYH,31,25.77,201566.16,False
DUKZ,31,25.2833,201556.76,False
CNQQ,31,24.485,201403.84,False
XUDV,31,33.6061,201172.7448,False
POWA,31,92.3773,201053.56,False
PHUN,31,2.05,200985.94,False
TSLP,31,14.1,200931.16,False
KWIN,31,25.7255,200882.7648,False
DARE,31,0.8102,200845.65000000002,False
GOLI,31,13.1404,200794.41,False
RMI,31,15.7284,200299.18,False
CGABL,31,16.08,200195.24,False
RVMDW,31,12.04,200184.0,False
CPLS,31,34.4855,200162.96999999997,False
HCAI,31,4.82,200138.40000000002,False
MSMR,31,35.14,199385.56,False
MGOV,31,19.88,198852.24,False
OPAD,31,4.19,198450.59999999998,False
IJAN,31,39.01,198315.91999999998,False
ULBI,31,7.27,198271.76,False
UXIN,31,1.13,197987.5,False
PJFG,31,119.4427,197909.85309999998,False
TRBF,31,48.7,197395.5162,False
NTHI,31,4.91,197358.77000000002,False
BRLN,31,50.83,197326.31999999998,False
MIC,31,15.13,197247.168,False
PCM,31,5.49,197066.233,False
BUSEP,31,25.73,197054.55,False
VEGA,31,53.4695,196999.46000000002,False
OVB,31,20.1767,196970.3338,False
UMBFO,31,26.69,196869.4,False
PPSI,31,2.94,196678.5,False
DCMT,31,35.0052,196554.198,False
GNOV,31,42.5577,196547.34,False
OIO,31,1.905,196176.12,False
SFB,31,19.55,195997.82,False
TMED,31,35.1441,195792.33419999998,False
DHLX,31,13.77,195726.76799999998,False
FBIOP,31,18.13,195714.76,False
ENRD,31,6.16,195656.79,False
ADDS,31,25.7041,195474.0986,False
NTCL,31,2.49,194795.264,False
MIMI,31,1.82,194730.0,False
AVRY,31,25.2073,194569.22,False
ACFN,31,19.48,194515.73,False
PFO,31,9.09,194512.16400000002,False
NAPR,31,60.1409,193946.6844,False
CSAI,31,5.7,193932.81,False
OSRH,31,0.59,193915.2938,False
EVGN,31,0.56,193708.48,False
KMID,31,25.3103,193635.301,False
UMDD,31,38.8907,193554.2315,False
CETX,31,3.02,193515.97999999998,False
CIMN,31,25.0601,193250.0,False
ETHO,31,83.26,193095.5,False
FCXG,31,14.7193,192937.6098,False
EGG,31,2.96,192847.9,False
SPIT,31,34.45,192702.84840000002,False
FLL,31,2.18,192453.89,False
RWEM,31,36.99,192434.40000000002,False
BBSC,31,92.9025,192288.8976,False
BCDA,31,0.94,192022.6806,False
STXK,31,39.4018,191988.8096,False
TYA,31,12.33,191946.30000000002,False
PFSA,31,4.53,191795.692,False
KCCA,31,17.22,191588.53,False
SPBC,31,49.245,191481.9276,False
INQQ,31,13.7319,191477.15,False
AMAN,31,10.54,191372.19,False
BIPH,31,15.9798,191342.34,False
UFIV,31,47.985,191196.2635,False
TNMG,31,0.39,190825.956,False
NL,31,6.42,190579.77000000002,False
LHAI,31,0.7401,190330.19460000002,False
ISRA,31,66.8964,190047.0032,False
PRZO,31,0.622,189940.85700000002,False
ONMD,31,0.6102,189925.34550000002,False
SWAN,31,33.613,189890.85,False
TLDR,31,25.025,189420.4,False
IBTR,31,24.375,189392.48,False
VIDA,31,2.43,189374.76,False
CCG,31,16.99,189254.52,False
CNAV,31,40.7846,188971.1852,False
USEP,31,41.92,188962.56,False
ARL,31,14.55,188890.92,False
MKTW,31,19.46,188664.7,False
MSOL,15,20.5452,188439.0966,False
AMAX,31,7.5903,188266.85,False
DSMC,31,43.3339,188132.7045,False
SPRC,31,6.64,188037.22,False
OTGA,31,10.2,187983.88,False
WNW,31,2.56,187802.5,False
PLYX,31,2.1,187493.12,False
BKEM,31,30.866,187085.32,False
EEA,31,11.21,186963.48,False
AIOS,31,14.26,186480.36,False
ZDGE,31,2.93,186409.2,False
ELC,31,19.74,186289.74000000002,False
WDCC,27,19.205,186263.24500000002,False
GYLD,31,14.36,186262.26,False
NIKI,31,8.26,185288.32,False
AOTG,31,65.5131,185044.80000000002,False
DIPS,31,33.7667,184685.0,False
CMND,31,1.89,184425.21,False
FUSI,31,50.56,184358.79,False
PDSB,31,0.2205,184349.665,False
EMET,31,43.4084,184154.641,False
DVLU,31,42.0959,184141.20870000002,False
ULVM,31,110.909,184108.94,False
IFGL,31,22.69,184043.3,False
AZI,31,1.25,183881.88,False
NYXH,31,1.6,183852.72,False
UAPR,31,35.6498,183836.445,False
SLVX,31,15.59,183828.42,False
CWD,31,0.518,183756.9888,False
SWP,31,29.1094,183493.44,False
FBDC,31,17.69,183480.68000000002,False
IOYY,31,6.7694,183276.758,False
EMP,31,19.75,183236.95,False
EMPB,31,34.9037,183204.1236,False
BGDV,31,31.7516,182926.6714,False
WAFDP,31,16.46,182821.22,False
FMST,31,1.19,182736.58000000002,False
SITX,5,29.4,182408.19,False
NYSX,31,128.2613,182398.5939,False
MFMO,31,23.9325,182217.5462,False
SPDF,31,28.38,182160.8786,False
GRDX,31,3.95,182099.69999999998,False
JSM,31,17.74,182065.48,False
IFEB,31,32.1735,182009.5,False
FNK,31,64.2812,181487.75759999998,False
SPYQ,31,197.7422,181231.6352,False
GMAR,31,44.9533,181190.7621,False
LDRX,31,36.6898,181160.595,False
MNRS,31,35.0875,181071.5085,False
XYZG,31,17.5044,180975.77680000002,False
DXST,31,2.64,180897.36,False
DHCNL,31,18.76,180801.38,False
RYOJ,31,4.56,180160.4,False
USNG,31,35.46,180124.24949999998,False
LVO,31,3.93,180081.72,False
FFND,31,33.9859,180068.5436,False
ITDH,31,43.4856,180014.9159,False
CRWS,31,2.95,179690.94,False
VLT,31,10.01,179677.41999999998,False
LUCY,31,0.7003,179675.94950000002,False
ONCO,31,0.7575,179596.0992,False
SPOG,31,6.9224,179436.392,False
NFLW,31,16.5789,179422.31999999998,False
GXAI,31,0.8558,179363.16,False
QVOY,31,29.7887,179248.4694,False
QCAP,31,25.2,179180.3133,False
OCAC,10,9.93,179166.99,False
DDIV,31,47.6755,179082.71920000002,False
JHHY,31,25.5798,179080.2,False
DMAR,31,45.4102,179065.55250000002,False
XDEC,31,43.54,179007.8844,False
NXPL,31,8.46,178964.04,False
MCRP,31,1.16,178611.02000000002,False
EVX,31,41.661,178443.63869999998,False
CPNJ,31,27.72,178120.32,False
JFLI,31,54.5189,178096.12,False
IEUS,31,73.76,177197.285,False
AUGP,31,34.005,176843.25,False
CALC,31,0.6625,176822.76,False
RSPC,31,36.9581,176635.3253,False
BASG,31,28.6496,175968.813,False
HCWB,31,2.52,175915.575,False
VLYPN,31,25.7,175796.66,False
RFEM,31,98.2188,175790.90219999998,False
MINN,31,22.0488,175743.4,False
STXT,31,19.51,175702.34999999998,False
ZEPP,31,5.82,175335.68,False
NHPAP,31,25.19,174962.88,False
ACVU,31,32.25,174944.11049999998,False
FPA,31,50.7129,174880.44,False
JULU,31,32.79,174609.255,False
ALBG,31,7.12,174564.7045,False
PHGE,31,0.1445,174453.40000000002,False
SIOO,31,19.9115,174225.3755,False
XLO,31,9.49,173683.35,False
SPCT,31,27.9857,173527.19999999998,False
SILO,31,3.07,173069.46000000002,False
GSJY,31,55.9818,173024.1396,False
CLNK,31,17.2413,172888.80000000002,False
IAF,31,13.23,172813.13999999998,False
KAPR,31,40.4301,172604.43519999998,False
MBOX,31,42.7742,172554.27,False
FMNY,31,26.385,172211.41,False
AIM,31,0.243,172075.0135,False
ARMH,31,11.3929,172025.9235,False
JHLN,31,24.68,171961.58680000002,False
CATF,31,49.605,171652.53999999998,False
BRES,31,27.8102,171652.4584,False
NTSD,31,48.83,171644.7168,False
EXOD,31,6.6,171577.91999999998,False
UECG,31,4.2749,171404.9343,False
HUHU,31,4.87,171382.5,False
DDT,31,26.311,171354.05000000002,False
GARY,31,27.6126,171261.98,False
CIX,31,30.77,171206.4,False
EFO,31,78.842,171075.176,False
BLZR,31,10.17,170662.1,False
MSFY,31,19.52,170538.63999999998,False
KAPA,31,0.3245,170476.43420000002,False
APHU,31,28.228,170420.88,False
HKD,31,1.71,170330.34,False
TOPC,31,35.33,170296.02,False
RVER,31,36.92,170172.30299999999,False
SLMT,31,3.97,170134.83000000002,False
GTBP,31,0.285,170070.3197,False
BETZ,31,19.4647,170001.96,False
FCNCP,31,19.95,169966.1,False
PGZ,31,10.07,169807.56,False
SCDV,31,28.4482,169750.4094,False
PXLW,31,6.8,169685.59999999998,False
QBSF,31,27.365,169401.0752,False
CRAC,31,10.19,169334.12,False
CDLX,31,4.05,169228.5,False
DXF,31,0.5062,169204.68000000002,False
FBUF,31,33.555,169019.05,False
TPZ,31,21.72,168896.72939999998,False
CBSE,31,49.3784,168643.3886,False
VLYPO,31,24.845,168548.7769,False
AIEQ,31,51.2471,168457.75220000002,False
ETX,31,18.29,168298.13999999998,False
BIPI,31,16.69,168253.84,False
CTXR,31,0.562,168223.3938,False
DH,31,0.6394,168174.1176,False
FLAX,31,36.8528,168138.3704,False
PCSA,31,2.13,168120.8,False
FRGT,31,1.71,167990.62,False
ONX,31,8.8252,167955.92,False
DYAI,31,0.7803,167945.06,False
IMAR,31,31.3282,167714.1,False
VPX,31,31.4459,167515.28280000002,False
IOCT,31,38.06,167323.25100000002,False
MITP,31,25.23,167179.14,False
SFYF,31,63.2195,166886.1324,False
NIVF,31,0.6084,166673.28,False
BTCC,31,12.8664,166652.28,False
CATO,31,3.27,166524.59999999998,False
QH,31,4.79,166072.23,False
EEMX,31,53.1294,165972.574,False
ZFEB,31,26.26,165738.69999999998,False
XRPR,31,8.16,165721.89,False
TOLL,31,40.265,165554.83599999998,False
BIPJ,31,24.69,165258.04499999998,False
URE,31,70.5403,164900.4,False
AIHY,20,20.9277,164722.44840000002,False
FTEK,31,1.44,164679.4,False
ZINC,31,26.7346,164679.12,False
MGX,31,1.22,164281.5,False
PUI,31,46.2097,164275.4835,False
POCI,31,4.18,164205.0,False
GOVX,31,0.655,164138.43,False
HELS,31,24.15,164000.7,False
ADSE,31,12.0,163738.62,False
VIRC,31,5.95,163727.12,False
LQDB,31,84.46,163688.8,False
ATOS,31,2.79,163647.99,False
LQDI,31,25.6098,163604.91999999998,False
TMFM,31,22.9989,163585.0088,False
ASUP,31,10.46,163490.6857,False
HISF,31,43.91,163429.68,False
AUMI,31,96.3285,163170.464,False
CPSS,31,9.19,162981.0,False
UST,31,41.22,162976.3032,False
TYO,31,14.7171,162841.316,False
UXI,31,63.673,162645.5619,False
FPWR,31,37.28,162545.0352,False
NUCLW,31,1.04,162215.2,False
MEMA,31,30.9852,162077.73119999998,False
NBJP,31,37.0766,162065.86200000002,False
MFAO,31,25.1549,162045.0,False
ISMF,31,28.4313,161998.0538,False
TOON,31,0.6026,161851.83430000002,False
TNON,31,4.92,161521.36,False
BTDL,25,11.8974,161489.9068,False
LSAF,31,55.6177,161163.6703,False
TEK,31,40.1163,161119.6422,False
NWGL,31,0.3703,161059.03999999998,False
MTVA,31,1.48,161043.67,False
FLMX,31,36.3318,160845.8816,False
BPYPP,31,16.28,160755.19,False
KOCT,31,37.98,160592.37300000002,False
PDC,31,3.11,160582.69,False
SSII,31,3.76,160475.33,False
BSEP,31,53.935,160423.44,False
KWH,24,25.6375,160270.39500000002,False
VRCA,31,4.89,160150.06,False
BUFH,31,21.61,159977.1544,False
QQWZ,31,28.6991,159834.8976,False
CIMP,31,25.23,159800.0,False
APLM,31,23.55,159784.68,False
DMAX,31,27.6467,159688.935,False
QEMM,31,81.6679,159665.9271,False
EMEM,31,25.9841,159434.3257,False
FTBD,31,48.4383,159418.485,False
LPSN,31,2.84,159411.46,False
BAMU,31,25.325,159327.0,False
ECF,31,12.99,159261.06,False
ALPX,30,9.89,159172.53,False
JHAI,31,35.6259,159075.9808,False
DIM,31,89.0665,159072.769,False
TGRW,31,48.1569,158924.8584,False
URAN,31,39.405,158878.41019999998,False
FLSW,31,43.6246,158852.72,False
SVRE,31,2.9,158776.87,False
DDFO,31,22.75,158669.65999999997,False
EJAN,31,36.7313,158412.8,False
HCOW,31,25.7266,158029.57890000002,False
ELBM,31,0.5722,157874.4882,False
CGV,31,16.2915,157872.79549999998,False
FLN,31,24.707,157853.84,False
NEUP,31,3.85,157848.4,False
LSF,31,4.47,157783.80000000002,False
LFSC,31,47.425,157523.9822,False
EFAD,31,44.49,157494.6,False
TTMX,31,12.179,157412.36000000002,False
UNB,31,24.42,157325.04,False
APOC,31,26.465,156963.915,False
NGHT,31,20.725,156780.036,False
JANP,31,35.48,156768.66,False
WISE,31,37.4481,156679.0365,False
HUSV,31,41.04,156506.44799999997,False
OFS,31,3.56,156395.97999999998,False
SPMC,31,9.48,156393.408,False
RGS,31,27.1,156365.0,False
JULB,31,28.15,156300.21,False
ALTL,31,46.9578,155943.08000000002,False
HERD,31,51.495,155778.59,False
FDIF,31,41.8598,155743.69999999998,False
STRN,31,27.4329,155702.6733,False
PBFS,31,17.1,155651.52,False
BBCB,31,44.2154,155334.24,False
QLTI,31,27.62,155265.21,False
IAPR,31,34.1,155237.10719999997,False
DRKY,31,21.58,155185.5024,False
FSCS,31,38.0738,155116.98739999998,False
GIPR,31,0.3518,154843.36,False
BKYI,29,3.14,154808.28,False
CZA,31,126.854,154636.9206,False
PYPU,31,41.7883,154613.78,False
WDH,31,1.0,154347.25,False
CDIG,31,26.6387,154342.74659999998,False
ADAMN,31,24.71,153921.947,False
TVE,31,23.52,153902.35,False
BGCG,31,27.6468,153863.8772,False
HYUP,31,41.425,153753.7562,False
QTPI,31,25.3449,153657.6,False
RSBA,31,20.4956,153531.84,False
GFUZW,31,1.65,153481.6,False
CSIO,31,28.5286,153238.5808,False
RKTL,31,10.3716,153000.8508,False
HOWL,31,0.4055,152794.0428,False
FPSX,31,5.0949,152423.69999999998,False
GAEM,31,26.8412,152359.3066,False
CIMO,31,25.181,152315.36,False
PHOX,6,27.5323,152252.12985000003,False
GPMT,31,1.17,152243.99000000002,False
ZMUN,31,50.06,152028.28,False
RILYG,31,24.63,152027.88999999998,False
PQUS,31,28.83,151946.4732,False
QFF,25,25.445,151816.0924,False
HAKY,31,31.0005,151793.6409,False
LGVN,31,0.82,151714.0526,False
NMT,31,12.525,151691.4,False
TACH,31,10.49,151600.05,False
NMAY,31,29.8549,151505.299,False
RMMZ,31,14.756,151118.24,False
PPCB,31,1.15,151012.8,False
DSY,31,4.27,150883.68,False
BIAF,31,0.392,150819.2256,False
TLTX,31,21.335,150805.2,False
AAPE,30,13.97,150749.79865,False
AFGD,31,19.49,150726.15999999997,False
PETS,31,1.75,150512.69999999998,False
SLMBP,31,75.0,150497.6,False
SOVF,31,31.8791,150280.0155,False
FUFU,31,1.29,150256.26,False
TAXS,31,50.175,150158.81,False
ADIL,31,4.99,150137.16,False
BUFI,31,43.34,150136.245,False
BHST,31,2.17,150001.32,False
HBANZ,31,19.4,149884.91999999998,False
WLCO,5,9.78,149728.25999999998,False
PTOR,31,9.9784,149685.13499999998,False
NEMD,31,52.6654,149608.8893,False
TOAK,31,28.99,149519.465,False
CRDX,31,7.5233,149500.89,False
NMS,31,11.42,149407.86,False
BKSE,31,45.5249,149314.08,False
ACXP,31,1.65,149311.58000000002,False
PBAU,31,32.06,149163.71,False
GSRV,31,9.87,149119.15,False
ECBK,31,20.64,149006.44,False
DVYA,31,51.2821,149005.4038,False
PSL,31,114.3642,148911.8854,False
OWNS,31,17.09,148795.35,False
PRPL,31,6.31,148757.84,False
GOAI,31,1.69,148533.84,False
PVEX,31,31.55,148463.1135,False
SMAY,31,28.7601,148320.42,False
LFS,31,2.34,148277.06,False
TBX,31,28.844,148241.0025,False
PBOC,31,31.165,148110.69,False
MASK,31,1.46,148109.85,False
UCTX,31,10.0448,148042.74000000002,False
DLNG,31,3.81,147984.68,False
PCPI,31,49.695,147510.15,False
CSSD,31,25.145,147450.0,False
PRAY,31,36.31,147446.5792,False
BCUS,31,37.148,147231.5052,False
AEC,31,4.53,146918.72,False
WSBCO,31,25.74,146795.6,False
MOTI,31,36.55,146774.19840000002,False
ALTY,31,12.35,146759.82,False
DTCX,31,1.91,146713.325,False
GRX,31,9.885,146630.7,False
AAAA,31,30.955,145916.6598,False
UNHU,31,49.0096,145909.626,False
BMN,31,25.54,145710.52,False
THMR,31,25.6626,145647.0935,False
CBFV,31,37.32,145626.0,False
RENT,31,3.64,145464.24,False
INDP,31,1.0,145345.68,False
BRKW,31,38.5502,145212.80000000002,False
NWAX,31,10.17,145194.66,False
TOK,31,155.7693,144949.5464,False
RMTI,31,7.485,144940.96,False
BRKC,31,39.5984,144899.7412,False
BKF,31,40.4248,144837.00149999998,False
LGRO,31,47.1674,144547.1,False
ERNA,31,4.06,144489.45,False
BCAB,31,3.06,144430.95,False
LEDS,31,2.23,144299.26,False
ITEQ,31,65.1474,144274.7456,False
IQDY,31,43.8403,144147.0926,False
FCA,31,27.57,144145.043,False
CYN,31,1.06,144108.16,False
LITG,5,20.7,144082.0449,False
COHN,31,12.19,143982.1,False
NYC,31,6.83,143908.1,False
QQUP,31,62.3594,143770.8817,False
FDIQ,31,71.9239,143744.9256,False
PRNT,31,25.83,143536.21,False
MGN,31,0.1005,143256.3216,False
ATER,31,0.4572,143101.25,False
CDRO,31,9.09,143008.25,False
XBAP,31,42.6556,142881.6186,False
PYZ,31,128.2323,142777.6223,False
DTEC,31,52.35,142664.1628,False
GDOG,31,8.24,142357.41,False
QMAG,31,25.675,142079.42,False
SQNS,31,3.02,142061.86,False
FLEU,31,37.15,142056.0,False
SEF,31,29.38,141944.193,False
STXD,31,40.8863,141941.8161,False
ARP,31,34.119,141869.19999999998,False
HLTH,20,27.9283,141750.42065,False
BAIV,31,28.4208,141667.28199999998,False
TPST,31,1.13,141557.9922,False
GLIX,31,27.3493,141521.6,False
EMCB,31,65.925,141455.095,False
RADX,31,2.67,141401.16999999998,False
LVIG,31,98.095,141282.1295,False
SWZ,31,5.93,141235.38,False
MDXH,31,0.8556,141048.635,False
BPYPN,31,13.96,140945.035,False
CDT,31,2.8038,140868.838,False
NUKX,31,37.72,140799.24,False
LRNZ,31,65.0511,140510.37600000002,False
IBHL,31,25.3249,140460.6,False
YSPY,31,14.985,140368.03,False
APT,31,5.36,140229.18,False
RBLY,31,8.9912,140176.14,False
HEAL,31,28.88,140165.0,False
GAA,31,35.84,140152.78,False
SRL,31,5.86,140062.16999999998,False
LFT,31,0.6,139800.63999999998,False
MBSD,31,20.415,139651.11000000002,False
DOMH,31,2.59,139485.85,False
AZTR,31,0.1353,139428.52000000002,False
AFGB,31,20.68,139362.72,False
DVOL,31,38.0563,139326.24550000002,False
OKYO,31,1.52,139275.36,False
VBCG,31,74.165,139253.7,False
BPYPO,31,15.385,139124.7844,False
SMOG,31,140.7903,138838.9711,False
JEMB,31,52.8,138837.49000000002,False
OVM,31,21.46,138752.68,False
RTYY,31,9.2168,138737.74,False
FNGR,31,0.3031,138735.57,False
UEIC,31,5.12,138614.5,False
DIVP,31,27.6462,138547.78,False
DAIO,31,3.11,138529.6,False
EMSC,31,25.5822,138450.8664,False
IGI,31,15.91,138380.76,False
MGF,31,2.84,138370.47999999998,False
EMM,31,44.0942,138339.30000000002,False
EASY,31,27.3185,138186.09,False
BTCT,31,0.4411,138165.43720000001,False
SMYY,31,6.2495,137800.71,False
UNOV,31,41.03,137748.48,False
TRNI,31,25.25,137599.04,False
JULM,31,34.96,137332.8,False
JHMU,31,25.91,137063.9,False
LICN,31,1.27,137043.2,False
AUID,31,0.4,136955.8004,False
QBIG,31,41.1174,136915.6392,False
LBRDP,31,22.1,136847.5,False
CLSM,31,27.7697,136773.87230000002,False
EWUS,31,45.5651,136687.6275,False
WSML,31,36.245,136665.16679999998,False
ISTM,31,30.9562,136590.57,False
HFND,31,24.7258,136255.8798,False
HRTS,31,37.2743,136229.85369999998,False
FIEE,31,5.63,136185.53,False
DKNX,31,18.6006,135600.9772,False
AAPY,31,25.5389,135558.96,False
OPTZ,31,48.4216,135204.40959999998,False
SEA,31,19.48,134981.9848,False
ASMH,31,12.7658,134774.63999999998,False
HWCPZ,31,22.22,134574.24,False
CNCK,31,2.0,134562.31999999998,False
KTTA,31,0.478,134226.6048,False
EQQQ,18,43.7871,134062.84055000002,False
AFRU,31,10.41,134060.173,False
TCAN,31,15.3362,133973.3417,False
SDMF,31,26.2101,133966.3896,False
FMTL,31,35.8909,133943.48450000002,False
XBJL,31,40.87,133810.51320000002,False
MCHS,31,43.7704,133795.071,False
PRXV,31,36.412,133749.6552,False
EUDG,31,39.7602,133405.4056,False
ILIT,31,15.58,133384.4226,False
GAING,31,25.2499,133381.0869,False
SMOM,31,29.5622,133244.9688,False
ARAI,31,0.248,133053.6125,False
XIJN,31,30.835,133043.75,False
PXS,31,5.14,133012.91999999998,False
AFGC,31,17.92,132812.98,False
CFIT,31,26.045,132760.92,False
DEPW,3,25.2806,132590.147,False
LPBB,31,10.78,132140.375,False
PONX,31,19.9,132127.9,False
AADR,31,84.945,131898.09600000002,False
NUDV,31,34.06,131778.14,False
KWM,31,2.77,131346.0,False
SNAG,31,5.1,131061.90179999999,False
CSTK,31,33.938,130941.45959999999,False
THY,31,21.64,130684.29,False
AMOM,31,60.8585,130570.95999999999,False
TDTH,31,1.93,130552.73,False
FTFT,31,0.8501,130400.982,False
FDFF,31,37.0284,130396.749,False
TIH,8,25.001,130308.43049999999,False
PSCF,31,67.2408,130257.9648,False
ODTE,31,26.1495,130212.6,False
XUSP,31,54.7842,130125.65299999999,False
NZAC,31,47.2236,130124.6973,False
GEMG,31,5.5182,129918.6338,False
PAI,31,11.94,129799.73999999999,False
HGBL,31,1.17,129735.0,False
EMC,31,37.29,129652.52000000002,False
RSF,31,14.56,129643.8,False
NIM,31,9.2896,129389.96399999999,False
SAGT,31,0.6486,129318.91219999999,False
TRNZ,31,25.33,129224.70000000001,False
EWAVR,2,0.16,129200.895,False
AOMN,31,25.07,128816.3337,False
EOCT,31,34.9136,128810.94000000002,False
PLAG,31,0.8433,128731.97839999999,False
MEDI,31,34.0644,128729.3676,False
NBET,31,41.4967,128493.4904,False
LOAN,31,4.11,128406.6,False
VGVT,31,74.08,128286.03,False
MYCF,31,25.04,128236.68000000001,False
JANB,31,27.855,128153.245,False
FIAX,31,17.465,128042.655,False
FDNI,31,28.4506,127983.69,False
VNAM,31,23.155,127969.59999999999,False
GAIA,31,1.51,127921.40999999999,False
SEPW,31,33.82,127826.40779999999,False
DDFJ,31,20.0201,127771.86499999999,False
GFSG,31,4.81,127702.35720000001,False
EXUS,31,29.345,127680.095,False
OLOX,31,2.73,127508.29000000001,False
RJMI,31,25.115,127493.28,False
ITDJ,31,33.7729,127445.952,False
AKAL,8,24.8263,127404.4,False
LVDS,31,60.7284,127394.08649999999,False
EDGX,31,27.15,127082.05,False
FMED,31,30.5871,127044.8639,False
NPFE,31,28.5247,127023.64289999999,False
BAMB,31,25.8401,126985.545,False
KJUN,31,30.2376,126954.49,False
RWTP,31,24.09,126723.62000000001,False
TRIB,31,11.17,126721.56,False
IZEA,31,3.09,126502.95,False
GNSS,31,1.83,126350.4,False
CANG,31,1.79,126309.92,False
YCBD,31,0.475,126260.02799999999,False
TFNS,31,29.6613,126165.8304,False
BUDA,31,8.72,126032.81999999999,False
SIXO,31,36.34,126027.12000000001,False
GAINI,31,25.4878,125782.293,False
STKE,31,1.01,125718.74,False
TKNZ,23,24.3313,125560.974,False
AACB,31,10.585,125347.20000000001,False
AIOO,31,26.5,125309.52,False
TOVX,31,0.2376,125215.23,False
POLA,31,1.68,125166.04000000001,False
GCV,31,4.72,125146.56,False
AIRT,31,27.81,125145.0,False
JHDG,31,28.5653,125065.2576,False
DQJN,31,29.7563,124995.2,False
NEWTH,31,25.28,124913.73,False
YDEC,31,28.21,124842.90000000001,False
FSP,31,0.4665,124831.7678,False
RSMV,31,29.16,124806.9977,False
BLSG,31,1.7648,124714.5,False
VHI,31,16.25,124486.98000000001,False
BNDC,31,21.695,124408.89,False
HBIL,3,20.005,124371.08499999999,False
FEMY,31,2.16,124316.22,False
IBMU,31,25.12,124316.01000000001,False
KG,31,7.6,124295.79999999999,False
UTRE,31,49.015,124166.8712,False
RNTY,31,49.5536,124118.32999999999,False
FGL,31,0.4144,123969.363,False
ZDIS,1,63.8351,123903.9291,False
XITK,31,209.3728,123831.1116,False
RCT,31,0.219,123776.5818,False
DDTY,31,20.625,123653.346,False
OFAL,31,1.1,123650.47,False
RFM,31,14.82,123572.68,False
PEXL,31,73.5197,123470.48520000001,False
KXIN,31,5.41,123256.32,False
METG,30,12.88,122783.55249999999,False
ABXL,31,25.49,122705.45999999999,False
TDAC,31,10.8504,122458.14000000001,False
PCEB,31,24.69,122432.65,False
JHI,31,13.43,122167.72,False
TGLR,31,41.3173,121997.6775,False
GPRF,31,49.235,121886.73000000001,False
AMACU,22,9.95,121830.72,False
UNX,31,110.56,121602.06,False
JANT,31,45.0458,121511.45000000001,False
TSEL,31,29.7466,121350.39839999999,False
AMGR,31,25.8054,121289.9832,False
OCG,31,1.68,121288.04,False
BAMY,31,27.605,121063.8,False
OAIW,3,25.1052,121039.4808,False
TDSC,31,28.7166,121016.92439999999,False
PRFX,31,0.9702,120661.0,False
AFIX,31,24.405,120631.3976,False
XSEP,31,44.995,120586.59999999999,False
FLXN,31,24.9201,120552.8,False
NTSE,31,46.997,120504.5152,False
WLTG,31,39.3188,120468.0992,False
HQI,31,16.15,120445.28,False
RWTO,31,24.3801,120368.89,False
BAFN,31,6.1,120334.68000000001,False
RCD,31,23.18,120318.75,False
NVPS,31,24.2697,120194.865,False
SBFM,31,1.12,120047.34999999999,False
CANF,31,3.58,120021.0,False
LDRI,31,24.995,119947.96,False
BAOS,31,0.4797,119920.5,False
GOLS,31,27.5657,119815.73999999999,False
CCTG,31,0.6653,119740.72,False
MTAKU,17,9.975,119510.39000000001,False
TORO,31,5.62,119312.235,False
ENO,31,20.8724,119290.35,False
DAIC,31,0.558,119254.2,False
STHH,31,11.2576,119245.4332,False
CPTL,31,49.3659,119195.6655,False
SPPL,31,2.36,119064.71999999999,False
VBIO,31,0.1825,118973.361,False
FTBI,31,21.9853,118940.473,False
ENSC,31,0.3766,118799.09360000001,False
SKRE,31,5.85,118778.4,False
IBMV,31,25.0101,118572.88410000001,False
MPLY,31,32.4967,118552.15,False
ADAMI,31,25.22,118378.2705,False
CPSA,31,28.1,118286.99,False
OEI,31,26.2479,118265.875,False
RWAYI,31,24.77,118243.79999999999,False
PIM,31,3.18,118241.0,False
BLUI,31,25.745,118225.8,False
CNOBP,31,25.05,118091.48,False
PAMC,31,54.7761,117982.02,False
GRIN,31,34.5103,117930.27,False
BFLB,31,55.5518,117849.8,False
WAVE,31,6.97,117746.3,False
MGRD,31,14.81,117682.37999999999,False
FMQQ,31,12.7299,117550.4256,False
FLMB,31,23.4249,117358.74900000001,False
NIOG,31,10.2715,117341.3636,False
GDIV,31,19.03,117332.25140000001,False
RTOO,23,26.84,117319.1216,False
PRVS,31,33.4095,117227.38750000001,False
ASTG,31,11.3989,117048.8,False
DDC,31,0.55,117021.6008,False
FTCE,31,27.8871,117003.79250000001,False
ONBPP,31,24.91,116966.08,False
THYM,31,50.1353,116901.0,False
NMFCZ,31,25.15,116896.74,False
ARTL,31,0.721,116895.00349999999,False
UCC,31,46.9,116731.8126,False
MLPB,31,30.9555,116576.32,False
TYLG,31,42.2761,116531.48079999999,False
JELH,31,25.58,116411.666,False
MINY,31,39.2775,116336.00000000001,False
DLFE,31,32.295,116291.01,False
SOGP,31,11.56,116073.96,False
TANH,31,0.3711,115982.132,False
CRT,31,10.57,115970.145,False
RGYY,31,6.7197,115880.65000000001,False
RFDA,31,73.85,115736.9685,False
RPGL,31,2.2,115719.06,False
XA,31,40.3015,115718.265,False
CMMB,31,1.92,115615.5,False
CGTL,31,4.79,115420.34,False
MMK,31,100.175,115257.59999999999,False
ABVC,31,0.8499,115229.89,False
TMDE,31,0.7931,115219.85609999999,False
LCR,31,40.7309,114911.3768,False
FFLV,31,29.01,114908.61,False
LSTA,31,1.08,114863.72,False
RAUS,31,30.2872,114747.8685,False
LSBK,31,17.175,114714.6,False
MAAY,31,5.4856,114684.361,False
UIVM,31,77.5832,114503.3,False
NUMI,31,24.775,114495.55,False
DWSH,31,5.655,114272.5514,False
DDTZ,31,19.83,114247.67,False
AMEI,31,26.4813,114174.42480000001,False
AAUS,31,61.885,114150.92,False
CLPR,31,3.255,114109.14600000001,False
HERZ,31,16.25,114071.02,False
WYHG,31,5.32,114004.04,False
DFVE,31,37.41,113958.48300000001,False
EPRF,31,16.6145,113883.34999999999,False
MSGM,31,3.88,113631.7,False
AMDC,31,20.3943,113516.8538,False
PSR,31,104.5483,113472.03270000001,False
YMT,31,0.2213,113347.89749999999,False
RNAZ,31,3.16,113228.28,False
HFEQ,31,25.0,113106.7872,False
RIGS,31,22.62,112977.29699999999,False
AUST,31,1.26,112699.08,False
PRXG,31,40.22,112580.64850000001,False
CAES,31,10.07,112571.40000000001,False
SFEB,31,26.6655,112430.87999999999,False
ATPC,31,2.52,112354.2,False
ACCS,31,5.1,112290.08,False
WAMA,31,27.0923,112285.6416,False
COCH,31,0.735,112188.82479999999,False
BUYB,31,43.5557,111979.08480000001,False
SCNX,31,0.4692,111814.0,False
VALN,31,7.06,111720.6,False
MID,31,70.29,111676.1723,False
OPTH,31,4.77,111544.73,False
BEPJ,31,24.42,111536.64,False
CVY,31,30.2911,111440.97,False
FFLS,31,24.1439,111261.7,False
DDFN,31,20.37,111125.5992,False
ICPY,31,13.1383,111015.4695,False
ETNG,31,16.1711,110903.4784,False
AFGE,31,16.2,110821.29999999999,False
PBDE,31,31.51,110711.2913,False
DYNB,31,38.935,110625.1342,False
FLAU,31,35.4446,110604.9277,False
PHIO,31,1.06,110545.78,False
PROV,31,17.95,110439.81,False
ASIA,31,41.9284,110363.472,False
QSIG,31,48.27,110362.09000000001,False
TMFS,31,37.01,110350.24,False
INTS,31,4.15,110325.6,False
BAMA,31,37.1773,110263.1985,False
QTAC,31,25.01,110246.34,False
DCOY,31,3.52,110218.31999999999,False
GLU,31,19.62,110188.26,False
SAA,31,38.2904,110076.5992,False
ISPC,31,2.15,110065.49,False
GOGL,31,24.063,110056.19119999999,False
SMTK,31,0.0891,109920.096,False
FTHM,31,0.723,109901.561,False
FTLF,31,9.72,109845.59999999999,False
GVLU,31,28.79,109755.415,False
BZQ,31,23.4922,109385.565,False
SKYA,31,1.0,109252.02,False
LITS,31,0.8801,109217.88500000001,False
BAMO,31,35.1886,109088.012,False
DAVEW,31,1.44,109063.31,False
GEMD,31,41.591,109054.1295,False
PBM,31,3.61,109017.88,False
PMA,31,1.65,109001.28000000001,False
DMA,31,7.57,108759.81999999999,False
SEPP,31,33.105,108628.31999999999,False
YMAT,31,1.95,108621.23999999999,False
CSHP,31,99.226,108603.18,False
RWTN,31,24.5049,108592.38,False
SDEV,31,0.98,108535.22,False
MENS,31,2.01,108447.29999999999,False
KRWX,31,15.79,108419.0317,False
NUAG,31,20.6,108361.695,False
XPND,31,40.2281,108277.7993,False
AERT,31,6.85,108086.15,False
AFRI,31,10.58,107994.55,False
FTKI,31,20.4038,107791.6864,False
GCSH,31,50.01,107662.62,False
ENVB,31,1.48,107649.01,False
FDSB,31,18.31,107614.15,False
MKLY,31,10.23,107565.64,False
RBLD,31,90.0906,107436.0448,False
JFIN,31,2.22,107433.34999999999,False
NPAC,31,10.455,107381.1,False
MMSD,31,25.3,107336.31999999999,False
WPRT,31,1.75,107220.85,False
CHGA,31,0.195,106997.15520000001,False
FEAC,31,33.6335,106785.23400000001,False
NPT,31,3.52,106684.68999999999,False
HSCS,31,2.21,106656.5,False
OAKI,31,27.1071,106617.4046,False
ZDEK,31,26.695,106523.595,False
SCC,31,14.5718,106502.5938,False
ZJAN,31,28.295,106436.56,False
FAMI,31,0.1318,106413.00799999999,False
OBTC,31,20.6573,106392.0,False
KEQU,31,36.32,106379.91,False
JADE,31,80.0592,106250.91660000001,False
HLP,31,1.22,106023.50000000001,False
OWLS,31,5.43,106002.4,False
DDFS,31,22.22,105836.08,False
AFGR,31,37.5853,105756.6972,False
VALU,31,35.89,105440.76,False
CITR,31,5.73,105420.51000000001,False
SNOA,31,1.32,105383.75,False
VEEA,31,0.1337,105296.9,False
ZOCT,31,27.89,105137.5108,False
ASPS,31,5.42,105039.06000000001,False
BBUL,30,13.7438,104850.44760000001,False
NELS,31,29.5011,104719.0536,False
ESLG,31,29.3605,104324.3794,False
STLU,31,13.2978,104260.03,False
WBX,31,3.0,104217.36,False
LONA,31,7.71,104121.92,False
WETH,31,1.27,104110.89,False
GENM,31,10.205,104079.04000000001,False
MARM,31,34.41,103950.3346,False
XRMI,31,17.4299,103819.2,False
LND,31,3.56,103784.09999999999,False
NOVP,31,33.41,103739.959,False
ATLCL,31,25.1,103724.32,False
HCTI,31,1.18,103597.90999999999,False
ACON,31,2.77,103473.3,False
DDFD,31,20.2649,103391.92,False
WCME,31,19.2006,103190.08,False
PHDG,31,41.7311,103170.43109999999,False
YSEP,31,28.305,103123.28,False
MPIA,4,25.3694,103105.9292,False
IACQ,31,9.92,103099.77,False
UEVM,31,59.7596,103092.0,False
VSOL,31,10.145,103082.625,False
YMAR,31,29.3462,103030.45999999999,False
VBCH,31,74.09,102910.56000000001,False
VTSI,31,3.11,102858.0,False
OXLCZ,31,24.9521,102822.07500000001,False
ONBPO,31,24.95,102473.28,False
NDRA,31,4.49,102427.38,False
TPCS,31,6.23,102349.12,False
HDRN,31,1.82,102345.12000000001,False
SST,31,2.21,102240.27,False
APVO,31,2.81,102095.95000000001,False
PMIO,31,50.405,101904.79999999999,False
JVA,31,3.52,101846.99,False
SGA,31,9.4,101579.3,False
VPC,31,15.6618,101488.409,False
MWYN,31,1.03,101438.93759999999,False
ADAMZ,31,18.6233,101419.56000000001,False
GIW,30,10.14,101336.45999999999,False
INKT,31,11.22,101278.89,False
XRPM,31,9.7457,101222.40000000001,False
RIFR,31,28.725,101208.86200000001,False
MRVX,25,26.4225,101128.49279999999,False
NCOOU,20,10.05,101087.91,False
KBAB,31,8.7836,100842.2272,False
MEDS,31,1.49,100835.36,False
DBEZ,31,64.3288,100418.7366,False
SIC,1,49.8334,100414.30099999999,False
BNGO,31,1.19,99704.09999999999,False
SAMM,31,32.76,99599.36,False
BSTP,31,40.24,99558.2198,False
PQJL,31,31.2191,99515.59000000001,False
SIXZ,31,32.18,99494.01,False
TPRY,31,19.6345,99405.05799999999,False
OCTT,31,47.8068,99320.5224,False
TSUI,31,13.5128,99116.1648,False
HYNE,31,16.49,98960.40000000001,False
SACH,31,0.79,98855.328,False
STHO,31,9.37,98795.16,False
XPEG,31,4.2354,98788.56390000001,False
EVO,31,1.96,98576.24,False
HVII,31,10.51,98561.87999999999,False
MBINN,31,19.94,98489.22,False
FFGX,31,35.32,98473.39559999999,False
EVLU,31,41.4765,98417.51299999999,False
PTN,31,9.95,98301.525,False
RTRE,31,24.5102,98298.2,False
WILC,31,28.33,98213.09999999999,False
SELF,31,5.27,98148.81999999999,False
TXS,31,42.5531,98058.73,False
AQWA,31,19.3714,98031.2961,False
NXTS,31,1.94,97948.62,False
CIGL,31,0.485,97929.49440000001,False
XAIR,31,5.71,97823.44,False
CBTO,31,19.7749,97722.6157,False
TEAD,31,0.6255,97693.0248,False
PRTS,31,6.08,97642.3,False
XLBI,31,24.2613,97533.75,False
PBHC,31,16.27,97493.76000000001,False
KDEC,31,28.9217,97481.16,False
EWV,31,15.935,97474.395,False
IBRN,31,39.6414,97402.106,False
TAFL,31,24.83,97196.39,False
GTR,31,27.8,97169.3556,False
AAPR,31,29.7603,97102.65,False
ROMA,31,9.0,96917.58,False
PFLA,31,25.19,96900.65879999999,False
COSW,31,39.7275,96857.95,False
IGC,31,0.28,96666.52900000001,False
HTZWW,31,1.095,96166.1066,False
LRHC,31,0.6039,96093.1719,False
ITDI,31,43.47,95992.84999999999,False
EVHY,31,52.2456,95955.07999999999,False
SNGX,31,0.3812,95946.375,False
EAPR,31,33.56,95713.12000000001,False
KMCA,31,20.1878,95691.8684,False
DDFA,31,20.44,95687.42880000001,False
NBIC,25,29.43,95655.1696,False
NEMG,31,21.6887,95463.379,False
DRTSW,31,3.61,95403.18000000001,False
SQLV,31,54.4784,95328.0846,False
BSBK,31,9.25,94968.51,False
TQQY,31,12.335,94827.25,False
SNOV,31,27.52,94696.31999999999,False
CICC,31,25.0,94678.34,False
CPNX,31,12.6047,94604.8176,False
NEON,31,0.8886,94521.98,False
MDLV,31,31.9097,94484.2914,False
HYSD,31,20.0136,94376.02,False
BUSM,16,17.325,94275.20525,False
TXXD,31,2.945,94238.6374,False
JAGX,31,0.8789,94231.269,False
USEA,31,2.7,94133.95999999999,False
BCIL,31,30.6486,94029.90479999999,False
PHAR,31,11.79,93993.66,False
COPA,31,53.7107,93723.903,False
SIGIP,31,15.75,93705.2,False
ESLV,31,29.469,93562.84,False
BNAV,14,24.9025,93452.1551,False
ZSEP,31,27.775,93401.7,False
LDRH,31,24.56,93350.09999999999,False
NMB,31,24.4084,93331.39,False
SCWO,31,2.46,93311.68000000001,False
QBSV,31,27.32,93282.0084,False
FEUZ,31,68.655,93241.2,False
EBIZ,31,29.9318,93135.6,False
OBND,31,25.455,93075.32,False
PBJN,31,31.4029,93040.4437,False
INKM,31,34.6433,92947.97390000001,False
DDNQ,31,20.9282,92890.93340000001,False
DFSC,31,2.16,92827.45000000001,False
BOSC,31,4.6,92795.99999999999,False
EGUS,31,59.28,92638.87999999999,False
FLEE,31,40.05,92601.6792,False
NDOW,31,29.4231,92568.33099999999,False
ONTX,31,25.73,92558.2556,False
SEMG,31,27.7803,92246.5,False
CTEC,31,59.2826,92103.48,False
AGIQ,31,25.4365,92097.1809,False
INM,31,1.46,92089.5,False
ALLR,31,1.34,92079.4,False
MRCP,31,35.086,91873.39000000001,False
CAAA,31,20.23,91788.8,False
RXD,31,15.42,91675.77,False
LEGR,31,66.96,91483.3746,False
AESP,31,9.94,91419.75,False
BCHT,31,1.3,91419.20000000001,False
PRIZ,31,25.105,91384.53,False
DUKH,31,23.79,91304.04,False
EZJ,31,70.8069,91115.3475,False
RILYP,31,13.15,91113.75,False
ATLCP,31,24.225,90841.2,False
BOF,31,4.01,90826.90000000001,False
BCARW,31,0.55,90775.84,False
FCUV,31,6.49,90566.19,False
IMF,31,52.7891,90533.30649999999,False
SDEM,31,32.6473,90484.76000000001,False
LOT,31,1.09,90436.68000000001,False
HCWC,31,0.2717,90408.825,False
AINP,31,24.8,90341.54000000001,False
LTCC,31,10.8303,90279.44320000001,False
CATLU,15,9.97,90227.64000000001,False
KMAY,31,30.84,89961.597,False
CBXJ,31,20.0199,89943.3928,False
LNAI,31,2.25,89917.11,False
CVKD,31,1.76,89891.84,False
LOTI,31,26.1046,89880.0,False
AIFF,31,1.13,89873.96,False
NULC,31,56.4724,89812.5735,False
ELWT,31,8.66,89734.7,False
NXTE,31,48.3783,89716.166,False
WLDU,31,18.1638,89700.46,False
BHDG,31,23.69,89477.76,False
OTAI,31,10.01,89400.75,False
PSCM,31,103.3953,89372.1386,False
AVAT,31,0.386,89359.14,False
ERTH,31,47.1868,89321.31330000001,False
JPY,31,39.064,89306.16,False
RIME,31,0.31,89279.194,False
EIIA,31,25.4,89228.1,False
CRY,31,17.41,89142.3,False
CREX,31,3.05,89036.29,False
BBBYW,1,0.645,89013.87,False
TISI,31,22.36,89012.36000000002,False
EZPZ,31,15.9352,88960.0,False
MEMX,31,48.3757,88851.3717,False
GLDN,31,16.5055,88849.44,False
PPTY,31,33.7091,88832.7291,False
BCSM,31,26.0458,88821.8596,False
BULG,31,47.5927,88728.2368,False
EZGO,31,0.955,88616.85,False
YDES,31,3.37,88551.75,False
BCCC,31,11.74,88544.4,False
MBINM,31,25.56,88352.64,False
INBS,31,3.37,88232.682,False
MMSC,31,29.2156,88216.9652,False
NUGY,31,13.0789,88207.40000000001,False
SMAX,31,28.215,88202.3084,False
TOPS,31,0.88,88192.2051,False
TMFX,31,24.2669,88113.1139,False
BOBP,31,30.6984,88101.5652,False
GALX,23,26.4249,88096.5018,False
MAXI,31,8.985,88095.34,False
JAGU,31,1.52,88064.20999999999,False
GLDB,31,21.182,88031.955,False
GISC,31,49.9652,87677.08,False
MILK,31,24.0836,87674.40000000001,False
LPA,31,3.43,87674.23000000001,False
ASRV,31,5.24,87670.11,False
TRNR,31,3.52,87611.74,False
FMET,31,38.897,87594.2442,False
ATNM,31,1.05,87275.485,False
FHDG,31,37.215,87194.74500000001,False
GNTA,31,1.26,87165.39,False
PBFB,31,32.45,86941.77,False
CLRB,31,2.56,86923.88,False
GAINZ,31,24.19,86915.90000000001,False
ACTS,31,27.6981,86885.2116,False
XJUL,31,41.5348,86642.3,False
HOYY,31,5.11,86637.548,False
PCLG,31,23.2889,86405.6501,False
SDP,31,22.76,86395.6142,False
FDRV,31,18.2448,86378.75,False
FURY,31,0.624,86217.2046,False
RENX,31,1.78,85963.8,False
CEFA,31,41.6225,85963.41600000001,False
KALA,31,0.9102,85917.8805,False
HBIO,31,6.5,85822.31,False
APRP,31,33.157,85815.2659,False
ESSC,31,31.4234,85787.3016,False
NOWX,25,26.7358,85768.4464,False
MYCJ,31,24.46,85711.08,False
KMRK,31,1.21,85688.81000000001,False
IHY,31,21.618,85670.48849999999,False
AWAY,31,20.0913,85594.90000000001,False
IVDA,31,0.37,85460.9562,False
DECP,31,33.291,85370.82,False
CBTJ,31,17.6849,85249.64,False
BCSS,31,10.25,85202.45000000001,False
SAGP,31,37.6,85064.3892,False
PSET,31,80.6955,84917.43500000001,False
CCEF,31,30.0724,84871.5,False
GAIQ,4,64.5339,84815.47925,False
LIQT,31,0.5605,84791.9842,False
UBEW,31,27.058,84789.2,False
DLMY,31,30.5248,84713.0778,False
BCEM,31,26.8982,84483.1504,False
GVLE,31,49.2902,84468.8631,False
NURE,31,31.68,84441.67139999999,False
DUKR,31,5.62,84396.95999999999,False
QCOC,31,24.28,84336.84000000001,False
WTIP,31,36.25,84322.7,False
NNOV,31,31.95,84281.03749999999,False
DYFI,31,22.65,84134.05,False
GGZ,31,16.94,84121.68000000001,False
BNKK,31,0.9756,84100.8,False
PJIO,31,67.1329,84079.31910000001,False
AEON,31,0.2555,84007.5386,False
CDZIP,31,22.5801,83929.12,False
HIHO,31,1.03,83911.98,False
TMAR,31,26.5368,83888.685,False
FLQS,31,50.3024,83860.77,False
FSTB,31,20.055,83851.96,False
CHDG,10,25.35,83719.875,False
TACT,31,5.0,83616.0,False
PSTR,31,32.0,83569.84139999999,False
FINT,31,37.09,83494.79379999998,False
UZF,31,16.85,83244.81,False
QNRX,31,5.19,83216.67,False
IJUN,31,32.0329,83148.78,False
AMSS,31,0.95,82998.73999999999,False
ANGH,31,3.57,82892.0,False
QRED,31,10.01,82870.0,False
FLGR,31,34.22,82813.75319999999,False
SCCE,31,24.53,82719.615,False
BYRE,31,27.5319,82710.03,False
GLXG,31,0.9827,82573.2,False
AVIE,31,79.5143,82535.84340000001,False
CRE,31,2.78,82473.43,False
SAZ,31,25.19,82325.0,False
NDEC,31,30.48,82304.5696,False
AHMA,31,1.57,82249.23999999999,False
FXP,31,20.6752,82229.03450000001,False
AIQU,31,18.4617,82208.0,False
HYDW,31,46.756,82059.48,False
SAY,31,25.09,81778.26000000001,False
BTOG,31,0.8199,81601.056,False
DRMA,31,1.46,81569.28,False
PMAX,31,1.18,81500.86,False
UZE,31,16.73,81218.42,False
DIVD,31,44.8957,81180.25,False
CSPI,31,7.9,80964.52,False
CEFZ,31,8.3626,80927.608,False
NUSA,31,23.08,80824.31999999999,False
PASG,31,4.54,80645.76000000001,False
TESL,31,13.187,80580.4012,False
IMMP,31,0.3865,80477.749,False
RMSG,31,0.3816,80409.10500000001,False
MSGY,31,2.71,80320.287,False
SER,31,2.85,80278.98999999999,False
PAPL,31,1.04,80181.9,False
CBON,31,23.9925,80169.39,False
EMCR,31,43.8487,80163.1688,False
AAA,31,24.95,80139.4,False
BOXL,31,7.22,80081.75,False
SXQG,31,33.19,80035.23,False
QNXT,31,32.2863,80005.45139999999,False
SOEZ,31,13.0751,80004.06,False
FLCE,31,32.0949,79951.8272,False
YRD,31,1.19,79951.62,False
BLIN,31,1.0,79906.34,False
TLG,31,28.52,79769.8896,False
AHYB,31,46.0113,79728.3,False
XB,31,39.14,79720.415,False
JNEU,31,33.855,79481.79449999999,False
HELX,31,41.1366,79232.148,False
RMHY,31,25.059,79133.20999999999,False
FSI,31,5.39,79039.8,False
LIVE,31,10.06,78979.2,False
BSJX,31,25.212,78887.625,False
SKYU,31,51.66,78868.6198,False
MFUT,31,19.5025,78772.582,False
RGEF,31,35.7559,78701.1312,False
DJTWW,31,3.49,78689.52,False
AMMO,23,28.4804,78634.3844,False
PSIG,31,1.08,78610.20999999999,False
AIRTP,31,18.7751,78581.64,False
GMNY,31,49.6603,78562.5946,False
YSAU,24,44.2426,78516.87225,False
APUS,31,4.28,78501.3,False
MATE,31,31.5875,78491.3492,False
AQMS,31,2.69,78484.56,False
MAGC,31,19.67,78451.76999999999,False
QBY,31,6.66,78286.08,False
PQDI,31,19.22,78233.065,False
LEXX,31,10.32,78209.55,False
IQSU,31,63.0464,78192.0525,False
MTAL,31,10.21,78183.0,False
FBLG,31,1.02,78088.5,False
HOMZ,31,46.23,78026.16,False
AAPG,31,18.2,77988.085,False
MSAI,31,5.42,77826.98,False
CYAB,31,0.3175,77651.61,False
BULD,31,37.6546,77584.068,False
GSPY,31,42.5978,77533.68000000001,False
LSAT,31,46.6727,77336.3196,False
JONEU,24,9.92,77043.29000000001,False
RISN,31,31.4197,77010.2092,False
SNTI,31,0.43,76884.3276,False
DRIO,31,7.36,76699.0,False
RWAYL,31,25.12,76486.97,False
MHH,31,7.8,76455.59999999999,False
NACP,31,60.77,76331.1237,False
XCUR,31,1.38,76280.40000000001,False
SXTP,31,1.08,76261.55,False
PEMX,31,86.905,76173.1278,False
JUNM,31,35.41,76105.04,False
RAAA,31,25.035,76061.43,False
SAIH,31,19.845,75963.8161,False
POLE,30,10.82,75813.75,False
ESGG,31,242.3625,75798.5357,False
LTL,31,23.991,75729.627,False
GOODO,31,20.8,75668.25,False
NBFR,31,26.8804,75554.3738,False
GCL,31,0.5501,75482.72499999999,False
OCTP,31,33.06,75388.2,False
GABF,31,46.462,75305.5524,False
UPLD,31,4.72,75296.84999999999,False
FLZH,31,1.18,75290.23999999999,False
CCXIU,31,17.91,75276.0,False
CGCF,1,9.97,75253.56,False
IVF,31,1.53,75129.59999999999,False
VVOS,31,0.3012,75119.616,False
MBND,31,26.9,75072.76,False
GLE,31,0.41,74942.0394,False
CNEY,31,0.5911,74856.732,False
PQJA,31,32.23,74845.2032,False
RHRX,31,22.1908,74794.6177,False
FSEA,31,17.08,74755.14,False
TIL,31,7.36,74712.56,False
PBAP,31,31.455,74661.21,False
FEED,31,0.4641,74624.2512,False
CUPR,31,2.92,74560.2,False
EP,31,2.76,74545.68000000001,False
CRAN,30,10.14,74519.125,False
GSIW,31,17.72,74430.51,False
CFND,31,2.71,74379.59999999999,False
YAAS,31,2.96,74367.56,False
WEPN,31,46.67,74341.79999999999,False
WCT,31,0.925,74254.79000000001,False
JAPN,31,25.285,74175.87,False
JABS,31,49.945,74022.86,False
SQS,31,28.7282,74002.2036,False
IBHM,31,25.265,73957.84,False
RILYL,31,13.6001,73932.87,False
CHR,31,1.85,73866.18000000001,False
SAT,31,24.95,73859.37,False
WBUY,31,0.8391,73749.1372,False
BITY,31,25.6649,73690.20360000001,False
RCTR,31,34.7487,73516.023,False
RSDE,31,24.01,73483.64,False
QCJA,31,23.6821,73438.1921,False
JANU,31,30.885,73420.822,False
FCTR,31,40.0089,73326.071,False
BOUT,31,45.2562,73259.5701,False
NTRP,31,1.4,73152.79999999999,False
TVA,31,10.5326,73135.04,False
SNES,31,1.21,73096.45,False
JOUL,31,25.226,72920.0388,False
FPRO,31,25.3387,72882.4277,False
CABR,31,1.33,72803.05,False
CNBS,31,26.7878,72777.3933,False
NRSN,31,0.432,72768.4872,False
AXTC,30,37.9712,72614.6752,False
GSEE,31,69.3039,72549.39540000001,False
DEMZ,31,48.109,72485.9925,False
NTRL,31,21.355,72391.20000000001,False
BUFX,31,22.515,72291.96,False
AOMD,31,24.95,72255.67,False
PSMJ,31,34.4817,72156.7488,False
IDAI,31,2.51,72146.45,False
VBCI,31,73.825,72083.06,False
VLYPP,31,25.11,71768.25,False
SLNHP,31,12.4,71758.82,False
REK,31,15.46,71677.38,False
PTLE,31,6.8,71602.92,False
WBIF,31,36.6722,71560.31999999999,False
CHOW,31,0.4056,71480.0,False
ISPR,31,1.57,71240.56,False
SQMX,31,34.76,71204.40000000001,False
MI,31,8.11,71100.95999999999,False
RSMC,31,29.5829,71095.24799999999,False
SHAG,31,47.287,70960.75,False
BFRG,31,0.5555,70902.184,False
GAMR,31,97.155,70863.8796,False
LQDM,31,23.8153,70853.51000000001,False
SVRN,31,7.11,70781.0,False
MEM,31,44.7865,70768.8668,False
QARP,31,67.84,70645.2876,False
PDPA,31,25.1409,70630.40000000001,False
ODYS,31,3.91,70477.84,False
DRAY,31,15.04,70431.04000000001,False
SMDD,31,7.13,70354.4589,False
MGIH,31,1.56,70267.85,False
NMTC,31,1.88,70256.85,False
OPENW,31,0.1998,70227.1762,False
OCTU,31,31.21,70214.7464,False
VSA,31,3.32,70165.75,False
DECO,31,74.9645,70116.0138,False
DOJE,31,6.5,70049.94,False
FGM,31,63.1913,69998.08380000001,False
SBXD,31,10.82,69972.79999999999,False
KEMQ,31,26.33,69923.74440000001,False
APRH,31,25.205,69891.91,False
DOYU,31,4.71,69770.48,False
YOKE,31,32.5902,69735.6243,False
TXXS,31,19.0634,69519.72499999999,False
CORZZ,31,20.09,69469.4,False
TBLU,31,51.5874,69457.635,False
TVGN,31,6.58,69420.24,False
AHLT,31,29.6616,69386.625,False
LNKS,31,1.09,69198.72,False
CCCT,12,9.85,69102.44,False
XBIT,31,2.31,69015.23999999999,False
COPR,31,2.54,68947.39,False
SLNG,31,5.86,68932.52,False
LPCN,31,2.05,68629.8,False
PBJA,31,32.83,68620.131,False
LGPS,31,0.9181,68608.12950000001,False
ION,31,52.5153,68520.12180000001,False
FTRK,31,0.16,68472.0893,False
VAMO,31,37.4352,68459.04000000001,False
MLAA,31,9.99,68426.95999999999,False
HFMF,31,21.9,68233.27500000001,False
BGL,31,0.1982,68157.803,False
MCHU,31,15.2839,68154.20259999999,False
XOEF,31,30.7699,68148.78,False
SCAG,31,0.2869,68132.0388,False
TELO,31,1.06,68121.88,False
ZAPR,31,26.85,68045.6819,False
BSGT,31,25.075,68027.2,False
JHS,31,10.96,67961.5,False
DWTX,31,2.06,67949.31,False
NHPBP,31,25.21,67917.1032,False
CSCS,31,13.5262,67894.68000000001,False
CICB,31,24.94,67888.95,False
NSTS,31,13.89,67870.02,False
CBAT,31,0.7317,67731.1498,False
FTXG,31,22.8291,67473.1248,False
XCH,31,0.2454,67235.2954,False
AIRE,31,1.47,67183.83,False
PCLO,31,24.9503,67146.86,False
SHDG,31,33.6134,67114.6776,False
FGI,31,9.08,67088.7,False
MMAX,31,27.325,67087.65,False
ECCU,31,25.3799,66921.19,False
SORA,31,2.44,66893.64,False
ABCS,31,36.0615,66763.6882,False
EFZ,31,22.1172,66661.047,False
SCOR,31,5.65,66487.41,False
GURU,31,70.7742,66432.11249999999,False
FXED,31,17.31,66419.36,False
FLNT,31,4.15,66248.0,False
CMCT,31,5.1,66223.3,False
AEMD,31,2.935,66215.5,False
PMCB,31,0.5422,66185.0,False
METCZ,31,25.3005,66111.29999999999,False
FVC,31,42.635,66087.7664,False
ESG,31,182.6649,66023.58750000001,False
INAB,31,1.11,65812.7442,False
GRAG,31,5.9753,65761.3821,False
NAMI,31,3.08,65740.95,False
TPFI,31,24.5894,65739.52,False
SLXN,31,0.422,65680.0,False
BRTX,31,0.22,65668.05,False
EDHL,31,3.88,65640.34999999999,False
BBSB,31,98.175,65611.8405,False
QQXL,31,56.3582,65587.993,False
HTCR,31,2.55,65546.7,False
MYLD,31,33.5996,65536.7464,False
CTRM,31,2.33,65481.78999999999,False
OXLCG,31,25.17,65444.4,False
MRT,31,1.84,65367.509999999995,False
SAUG,31,28.045,65262.132000000005,False
TPUT,31,25.205,65156.0,False
AHD,31,26.52,65131.850000000006,False
TALV,31,29.2882,65091.6192,False
DADS,31,20.07,65003.81999999999,False
PAWZ,31,51.39,64878.528,False
SSPY,31,100.5934,64859.059199999996,False
BIS,31,12.2873,64844.5476,False
SPMA,31,25.0101,64843.53999999999,False
REGS,31,11.7394,64836.9414,False
SMSI,31,2.92,64755.6,False
TFFI,31,20.28,64746.64,False
BMR,31,1.29,64710.4,False
BUFE,31,21.7222,64568.4786,False
QSIX,31,43.0756,64503.719999999994,False
BNR,31,9.1,64477.35,False
SPAM,31,45.8874,64463.1612,False
MINE,31,2.95,64375.560000000005,False
WBIL,31,41.2209,64319.5809,False
SPLS,31,55.9234,64262.221000000005,False
BQ,31,1.04,64192.3675,False
FFDI,31,33.631,64175.727,False
PVL,31,1.76,64145.51,False
NXB,31,1.92,64140.96,False
DDTO,31,23.4201,64120.424999999996,False
WDAF,31,32.8926,64053.3423,False
DLHC,31,4.5,63970.5,False
BRIB,31,24.795,63896.715000000004,False
UZD,31,18.97,63796.10999999999,False
AIVI,31,60.1575,63681.967599999996,False
HMR,31,1.36,63616.56,False
HOVNP,31,19.75,63458.23,False
OCTB,31,27.815,63437.6988,False
FLOW,31,43.2082,63386.354999999996,False
SHFS,31,0.1629,63329.818499999994,False
AMST,31,0.9601,63329.76,False
CAAS,31,4.575,63034.350000000006,False
FNG,31,11.7,63026.982299999996,False
LASC,31,12.68,63025.9938,False
TRND,31,37.7625,62975.1736,False
GINN,31,82.0153,62891.28,False
ACSG,31,50.8387,62804.2425,False
SMN,31,19.1837,62711.5212,False
TOV,31,32.6105,62640.038400000005,False
NAAS,31,3.38,62421.840000000004,False
RAVE,31,3.0,62264.28,False
HSMV,31,39.1433,62222.4612,False
ROSC,31,56.3093,62190.0916,False
JETU,31,34.55,62119.453499999996,False
AENT,31,5.46,61893.00000000001,False
GFAI,31,0.3484,61869.8652,False
SNAV,31,39.13,61854.0972,False
RJVI,31,24.8207,61851.69,False
WTLS,31,62.827,61724.980800000005,False
PEZ,31,100.1577,61704.21,False
FTDS,31,65.945,61661.413499999995,False
IMNN,31,1.6,61626.18,False
AGMI,31,72.9641,61562.542199999996,False
OMSE,31,4.43,61507.2,False
HTAX,31,24.3699,61503.19,False
AUGT,31,39.27,61425.4392,False
DURA,31,39.3882,61396.688,False
ZIONP,31,18.41,61295.1856,False
MYCG,31,24.955,61289.479999999996,False
AHT,31,3.21,61265.16,False
NDIA,31,27.3571,61249.0,False
XBTY,31,5.53,61188.575,False
DLCU,9,50.0933,61111.508,False
CPNQ,31,27.633,61108.034999999996,False
FMKT,31,22.9497,61077.5235,False
FEBP,31,34.7867,61036.8,False
DFII,31,11.72,60993.46,False
ZMAR,31,28.49,60970.386399999996,False
EVMU,31,19.0946,60911.549100000004,False
ZTEK,31,0.595,60803.049999999996,False
YBMN,31,12.6181,60678.16,False
CNTY,31,1.265,60639.6,False
AVTM,31,56.2646,60620.4224,False
SPIN,31,33.6353,60594.92999999999,False
EASG,31,39.3507,60544.26,False
XIDV,31,39.1911,60488.7369,False
SPRU,31,1.9,60472.03,False
KNDI,31,0.6299,60469.4734,False
AMOD,31,4.34,60429.03999999999,False
XLRI,31,23.7154,60362.770000000004,False
INVN,31,25.6553,60289.866,False
MAYU,31,34.99,60210.7884,False
BLDG,31,26.8131,60145.11,False
QMNV,31,25.51,60114.5,False
EVAC,31,10.265,59963.33,False
BTF,31,17.2744,59935.1618,False
AGIG,31,0.927,59839.91,False
PST,31,23.5654,59819.616,False
SKYE,31,0.4151,59736.78680000001,False
EZMO,31,26.7964,59671.936799999996,False
QTI,31,2.7,59375.05,False
JULH,31,25.175,59344.799999999996,False
FOMG,31,8.9834,59304.96,False
NXL,31,0.34,59205.8856,False
NVX,31,0.4416,59051.233499999995,False
EMSF,31,40.2531,58914.6674,False
RSSS,31,2.305,58717.57000000001,False
BOXA,31,104.4684,58713.699,False
GCDT,31,0.4793,58711.0816,False
ADIV,31,19.705,58554.6098,False
IDYN,31,31.1329,58548.678,False
XBJA,31,34.43,58382.48300000001,False
CTW,31,2.66,58327.99999999999,False
BBB,31,30.22,58283.822400000005,False
AREN,31,1.01,58248.892,False
MLSS,31,0.488,58146.75,False
GDL,31,8.42,58128.692,False
JYD,31,1.05,58121.1265,False
GVUS,31,65.89,58054.852600000006,False
IMCC,31,0.105,57997.737499999996,False
XBOC,31,36.12,57899.7279,False
RMBX,31,13.125,57855.4812,False
ELLO,31,20.01,57824.16,False
LCOW,31,26.4439,57777.2,False
FLD,31,0.455,57770.136,False
KOSS,31,3.7,57712.08,False
PRT,31,2.195,57586.5,False
XELB,31,0.99,57491.46,False
AVX,31,3.05,57420.0,False
MAKX,31,72.5653,57219.24,False
ONEH,31,24.675,57116.97,False
PBMY,31,31.697,57095.156800000004,False
AIMS,31,28.8848,57084.0138,False
APHG,31,16.53,56987.76,False
QLEP,31,10.0,56978.55,False
JABRU,31,10.09,56976.060000000005,False
BKCG,31,39.4133,56948.683000000005,False
LINK,31,5.7,56883.469,False
ANV,31,25.48,56727.32,False
RKX,31,15.6282,56667.1863,False
ADGM,31,0.6515,56528.092500000006,False
PABU,31,78.2447,56526.5604,False
TRAW,31,0.54,56502.36,False
SMXT,31,3.88,56410.216,False
DIVY,31,30.8195,56357.24,False
HCAC,31,10.08,56249.850000000006,False
PBSE,31,31.265,56238.7506,False
YOLO,31,2.8463,56214.18,False
NEWTP,31,24.8501,56167.29,False
RNRG,31,34.565,56029.865,False
PSWD,31,47.0744,56024.6391,False
AIMD,31,1.42,56013.899999999994,False
BITS,31,56.3484,55978.1092,False
YOUL,31,0.53,55976.74800000001,False
ALA,27,12.8092,55967.436,False
ALZN,31,1.58,55940.99999999999,False
SERA,31,1.95,55933.8,False
VETZ,31,19.37,55779.295,False
GREEL,31,24.9,55725.6,False
ETS,31,1.13,55549.578,False
SCCG,31,24.612,55541.5,False
FOFO,31,2.7,55411.159999999996,False
AAUB,18,51.755,55371.85800000001,False
EZRO,31,25.3036,55308.7764,False
APRT,31,46.695,55232.1386,False
HTFC,31,24.97,55217.16,False
SRTS,31,2.9,55176.32,False
GGRP,31,0.94,55053.72,False
NVNI,31,1.04,55028.4,False
ZTRE,31,50.55,54998.399999999994,False
DDFF,31,20.23,54985.691600000006,False
RULE,31,31.2301,54974.6736,False
PUR,29,13.9489,54963.7758,False
BBIB,31,96.75,54936.63,False
MFIG,31,21.4684,54869.194800000005,False
SYPR,31,2.04,54864.11,False
KPLT,31,6.845,54853.65,False
BAGY,31,22.9759,54774.5456,False
PSHG,31,1.75,54741.64,False
XPP,31,20.72,54734.1166,False
AIDX,31,0.5503,54728.376599999996,False
ARMY,31,27.5995,54693.8524,False
MYCK,31,24.5496,54668.25,False
TMVE,31,18.19,54624.8803,False
MYCI,31,24.665,54517.255000000005,False
IQMXW,31,2.78,54498.49999999999,False
OLB,31,0.2879,54471.7322,False
TTXD,31,12.7344,54438.23,False
CEW,31,19.75,54431.0,False
MTUL,31,57.5162,54368.5749,False
KJD,31,16.905,54348.907199999994,False
THMZ,31,34.8826,54311.28920000001,False
SPXN,31,84.6311,54237.5411,False
GGME,31,63.4994,54170.64,False
PBMR,31,32.595,54152.8302,False
CRMLW,31,2.82,54133.94,False
IMAY,31,32.59,54128.340000000004,False
CYCN,31,4.03,54042.4,False
FLYD,31,40.26,54026.19,False
DCX,31,0.9513,53953.12,False
PQOC,31,31.885,53935.2177,False
NUG,31,10.4745,53933.200500000006,False
PQAP,31,32.54,53926.659999999996,False
FKU,31,56.3444,53880.0144,False
CLIK,31,1.39,53836.46,False
SIXF,31,35.15,53793.84,False
INRO,31,37.1716,53734.636999999995,False
AMEM,31,25.2861,53726.051499999994,False
LZMH,31,1.12,53622.0,False
OPTXW,31,1.64,53509.0,False
BOLT,31,3.2,53492.8,False
MAGA,31,58.2827,53478.047999999995,False
CAS,31,27.0983,53444.16,False
CHRI,31,91.8184,53345.9654,False
XPON,31,4.43,53233.06,False
ACQQ,2,24.92,53099.865,False
GRW,31,32.355,53096.64,False
TEXN,31,33.7848,53080.6694,False
LFEQ,31,61.4506,53052.723900000005,False
BDMD,31,1.14,53036.28,False
MSBIP,31,25.2499,52959.89,False
VRM,31,9.66,52939.32,False
SWAG,31,1.9,52842.12,False
GECCG,31,24.98,52735.32,False
GENZ,31,39.3408,52728.92,False
ZHDG,31,24.3211,52614.5237,False
LKOR,31,39.68,52429.36,False
PBRG,31,34.3275,52398.2208,False
MTC,31,2.9,52370.2,False
ALIS,31,10.2,52366.409999999996,False
ARLU,31,32.825,52364.168999999994,False
NEWTG,31,25.65,52362.259999999995,False
TDSB,31,24.9304,52090.189,False
CXRN,31,18.37,52070.53999999999,False
GBLI,31,27.18,52056.1928,False
GLED,31,9.96,52055.78,False
JOJO,31,15.04,52025.1,False
FTAIM,31,27.5552,51949.1455,False
ACCL,31,2.85,51944.86,False
MRKR,31,1.16,51944.1,False
PLA,31,25.795,51943.119999999995,False
XOCT,31,40.05,51941.82,False
BDIV,31,25.0996,51932.6,False
SONM,31,3.34,51884.28,False
MFICL,31,25.469,51841.399999999994,False
SAAQ,31,10.12,51836.05,False
PAVM,31,5.325,51780.75,False
IBMX,31,24.591,51745.98,False
CXII,31,10.76,51678.0,False
VIOT,31,0.7,51661.35400000001,False
SPXV,31,84.7748,51648.302800000005,False
TLA,31,23.695,51576.46,False
HAPI,31,46.315,51283.766,False
TEXU,31,42.061,51273.6575,False
CSBR,31,5.03,51269.399999999994,False
GAUZ,31,0.38,51219.143599999996,False
SFYI,30,25.2435,51173.454750000004,False
ASLV,31,31.0678,51118.4401,False
MESH,31,10.04,51048.045,False
MHY,31,25.825,50970.06,False
RYDE,31,0.9699,50877.6996,False
TEND,31,27.925,50844.659999999996,False
ISBG,31,12.4463,50843.25,False
AIIR,31,7.7,50819.16,False
BPAC,31,10.17,50751.3,False
XCBE,30,9.99,50744.59,False
IBMW,31,24.87,50732.3465,False
HNNA,31,9.98,50575.35,False
XLCI,31,23.5083,50571.009999999995,False
TUG,31,47.2507,50565.271499999995,False
THEQ,31,30.4617,50458.0013,False
TOMZ,31,1.78,50430.380000000005,False
HERE,31,1.84,50403.98,False
IDAU,10,25.0713,50378.8616,False
REBN,31,1.48,50328.6,False
FSEG,31,28.3248,50317.1604,False
VHUB,31,0.66,50248.029599999994,False
SPCK,31,22.195,50183.58,False
IVSS,31,30.7863,50167.5582,False
NSEP,31,31.67,50054.46,False
AUAU,31,39.5288,49869.76,False
CMAG,31,25.7733,49845.7008,False
SDA,31,0.7614,49786.611000000004,False
MAYP,31,33.165,49762.503699999994,False
MNDO,31,1.03,49742.340000000004,False
CCSB,31,19.85,49704.4,False
WFF,31,2.02,49676.22,False
NCEL,31,3.26,49616.6,False
UPGD,31,83.4978,49598.8056,False
SPHL,31,2.68,49520.27,False
MTEK,31,1.17,49514.72,False
MNBD,31,25.685,49467.58,False
PZIV,31,30.307,49461.3756,False
FLUX,31,0.635,49433.58,False
BDRX,31,1.42,49186.689999999995,False
GTIM,31,1.57,49168.92,False
NHTC,31,1.72,49153.4,False
DRES,31,31.4611,49102.08,False
AGRZ,31,0.2681,49086.905999999995,False
RKNG,31,25.6431,49059.9954,False
AYTU,31,2.36,48973.6,False
UG,31,7.15,48893.84,False
MIG,31,20.86,48866.67,False
THRV,31,24.1528,48774.53,False
LTTI,31,17.3137,48748.6521,False
CLWT,31,1.66,48744.18,False
LFWD,31,7.39,48741.28,False
METCI,31,25.25,48732.5,False
PCHI,31,24.24,48718.47,False
WSBK,31,12.98,48686.520000000004,False
NEXM,31,2.17,48682.905,False
TSCV,31,32.8076,48620.8632,False
QBF,31,15.555,48574.2491,False
FB,31,45.0515,48521.221099999995,False
SCAP,31,39.8873,48509.28,False
HDG,31,55.05,48456.412500000006,False
NFLP,31,18.511,48357.52,False
GITS,31,1.86,48285.3,False
QPX,31,49.6014,48277.270300000004,False
BRF,31,14.984,48269.524999999994,False
NTIC,31,8.05,48214.53,False
DTF,31,11.54,48093.759999999995,False
TLCI,31,27.735,48092.49,False
KHYB,31,24.2,47979.65,False
PFX,31,46.13,47956.149999999994,False
JULC,31,25.6746,47947.7172,False
BESF,31,40.3536,47905.3472,False
PIPE,31,30.7954,47902.96,False
KVLE,31,29.36,47876.0058,False
USG,31,34.6478,47817.02160000001,False
ECCV,31,24.21,47814.75,False
KBFR,31,28.0105,47755.1124,False
NIXT,31,33.9572,47659.7008,False
DDTS,31,22.91,47620.810000000005,False
CCAQ,31,10.52,47613.52,False
UUU,31,3.8,47610.96,False
AXIL,31,6.3,47542.02,False
EGHA,31,10.3501,47541.00000000001,False
UK,31,2.3,47439.6,False
QDIV,31,40.1596,47379.600000000006,False
MIRA,31,0.79,47379.46,False
FRSX,31,1.1904,47374.55,False
TWAV,31,1.27,47258.64000000001,False
ARCI,31,10.1434,47126.6,False
DALI,31,29.6672,47051.439999999995,False
SNPG,31,60.9847,47018.7584,False
NFEB,31,30.8034,46809.0788,False
SCKT,31,0.92,46769.184,False
GUAC,31,9.9354,46755.049999999996,False
JULZ,31,46.4975,46724.7781,False
GRI,31,1.73,46644.18,False
PLUR,31,1.6,46598.96,False
MFLX,31,16.9704,46515.041300000004,False
JGRW,31,28.21,46510.5282,False
BIOY,31,21.205,46464.08,False
ASCI,31,37.1346,46432.717099999994,False
BABW,31,23.9769,46368.6,False
BETE,31,30.6362,46340.5357,False
SPUT,31,28.766,46337.24,False
DEEP,31,43.6913,46335.752100000005,False
SLDR,31,49.715,46315.909999999996,False
APRJ,31,24.92,46248.81,False
XSEM,31,20.27,46233.7386,False
VSME,31,1.21,46180.35,False
DDX,31,25.4498,46086.024999999994,False
OILT,31,31.5088,46037.0456,False
TGL,31,2.85,46001.39,False
STAX,31,25.28,45957.69,False
HIT,31,1.01,45944.85,False
KTCC,31,3.81,45944.810000000005,False
SINT,31,1.64,45918.18,False
VCRE,31,12.23,45882.1,False
GENK,31,1.89,45781.12,False
ZTWO,31,50.395,45773.28,False
TELA,31,0.65,45743.0025,False
OXLCI,31,25.6101,45736.08,False
DAT,31,48.8258,45732.57260000001,False
BRN,31,0.96,45600.96,False
CLOC,31,25.05,45575.0,False
CRGO,31,1.67,45530.76,False
MLCI,31,3.12,45438.25,False
AIRI,31,2.5,45276.22,False
CCSO,31,27.5344,45190.1719,False
EXOZ,31,6.03,45081.049999999996,False
AGQI,31,18.7716,45031.4802,False
SWKHL,31,25.43,45018.96,False
XTOC,31,36.88,44997.235700000005,False
KYNB,31,6.81,44741.22,False
QBQV,31,27.1325,44740.102399999996,False
MSTQ,31,39.5757,44706.7008,False
SMTG,31,9.76,44700.9,False
FMFC,31,0.242,44687.34,False
BRLT,31,1.22,44671.77,False
ECCC,31,24.92,44614.83,False
IMA,31,5.58,44563.76,False
CULP,31,3.35,44558.14,False
FGSM,31,36.1539,44526.039399999994,False
ONEG,31,1.04,44521.05,False
JL,31,4.3901,44487.17,False
LSEQ,31,34.0514,44478.590399999994,False
UJB,31,78.91,44374.4,False
SMHD,10,37.583,44356.44305,False
NTWK,31,4.05,44313.22,False
MFVL,31,22.0957,44242.604999999996,False
XPL,31,0.8022,44229.628800000006,False
DECU,31,29.975,44147.382300000005,False
KWT,31,36.945,44140.9216,False
MCHG,31,8.6984,44120.23,False
GOODN,31,23.46,44077.72,False
ARTW,31,3.22,44057.6,False
SPXE,31,83.1051,44013.9206,False
FOPC,31,25.205,44004.6,False
REGCO,31,21.88,44000.68,False
BMGL,31,5.25,43956.75,False
AIFA,31,3.025,43925.630000000005,False
TOPP,31,0.2121,43915.8104,False
SNTG,31,1.89,43906.5,False
ATHR,31,3.6,43893.1,False
ATIIW,31,1.51,43887.07,False
INBKZ,31,25.27,43860.25,False
PSCU,31,65.5188,43808.8054,False
ONEO,31,158.5593,43771.2353,False
ATTR,31,95.19,43763.7376,False
SECR,31,25.0552,43726.2,False
NVNO,31,11.8,43708.955,False
RVSN,31,5.0,43691.670000000006,False
PBNV,31,31.585,43650.36,False
GLNDW,31,0.49,43513.3715,False
CRD,25,32.0142,43425.3029,False
EUDA,31,14.4876,43393.32,False
XBIO,31,3.26,43322.399999999994,False
WIMA,31,44.0866,43297.8156,False
SMHB,31,4.1502,43255.534,False
MMA,31,0.395,43246.728,False
SYZ,31,31.0976,43196.7144,False
BPAY,31,27.0403,43097.4828,False
MKZR,31,1.56,43059.28,False
SAWS,31,24.7794,42992.259,False
BEEP,31,2.58,42801.07,False
KEO,9,25.0608,42710.0075,False
HCXY,31,25.06,42698.009999999995,False
TOGA,31,31.2767,42636.4125,False
PIFI,31,93.135,42596.29,False
DRUP,31,68.5427,42593.4088,False
USBC,31,0.367,42579.6594,False
FBGL,31,0.399,42566.17860000001,False
TWG,31,1.125,42528.96,False
OXSQH,31,24.96,42382.575000000004,False
BLDX,31,26.4446,42377.6,False
OPENZ,31,0.125,42351.96,False
POAS,31,0.165,42299.788,False
CUT,31,29.73,42271.39,False
NCNA,31,1.55,42243.46,False
UX,31,29.27,42129.93,False
JULJ,31,24.9993,42121.5228,False
PVI,31,24.85,42069.9,False
JCTC,31,3.3,41983.2,False
SLE,31,3.02,41970.24,False
CDIO,31,1.99,41903.3,False
NUAIW,31,2.55,41776.13,False
QTAP,31,52.243,41770.154800000004,False
QRMI,31,15.325,41724.0,False
MCVT,31,28.7877,41677.5464,False
NSPR,31,0.8798,41666.1366,False
NA,31,1.93,41636.15,False
INOV,31,38.0141,41577.585,False
CIEX,31,18.8155,41560.8744,False
POM,31,0.8755,41532.363000000005,False
XRPNW,31,0.8,41458.56,False
RAYA,31,2.32,41441.46,False
TDEC,31,26.9037,41349.347200000004,False
TSYW,31,40.7639,41334.61,False
NMAR,31,32.6792,41318.64,False
ENTL,31,10.05,41204.68,False
SCCF,31,24.53,41147.19,False
XAIW,3,25.2334,41039.945999999996,False
GDT,31,36.1869,40968.0,False
FEMG,31,27.3817,40935.684,False
CBTY,31,19.7658,40876.9008,False
JXX,31,32.5875,40816.804000000004,False
IPOS,31,23.895,40815.7808,False
SMCP,31,26.8764,40771.1595,False
MVRL,31,13.2035,40767.2,False
RDI,31,1.75,40723.94,False
CARD,31,2.3882,40639.529,False
LCLG,31,73.3346,40616.953199999996,False
OPENL,31,0.149,40582.1,False
FCHL,31,1.12,40452.75,False
SURE,31,151.8067,40448.9296,False
MBAI,31,8.02,40341.14,False
YFYA,31,9.8,40293.165,False
EQLT,31,39.7052,40264.8925,False
YSAG,24,66.0281,40253.5076,False
TBJL,31,18.83,40241.43,False
CHNU,31,20.1939,40178.775,False
CPSM,31,29.5,40125.39,False
XNOV,31,40.155,40103.784,False
DPRE,31,26.2518,40088.6976,False
NXPG,31,7.6496,39984.93,False
GTOQ,31,22.365,39917.0,False
CBOJ,31,23.715,39795.21,False
MYY,31,14.78,39622.28,False
EVAX,31,3.13,39566.28,False
FFF,31,26.42,39446.848,False
LGL,31,7.48,39398.4,False
BENF,31,2.27,39367.25,False
LRCC,30,22.0089,39265.032300000006,False
DTST,31,3.01,39243.913,False
FUSB,31,16.49,39237.0,False
TOXR,31,9.7374,39235.33,False
DVAL,31,16.6397,39219.334200000005,False
RAIN,31,0.8807,39187.845,False
FCBD,31,25.21,39179.9244,False
OXLCN,31,24.72,39096.560000000005,False
CEPF,31,10.35,39043.619999999995,False
UFG,31,5.903,38964.235,False
DIVG,31,38.423,38955.0,False
BEC,31,14.1266,38943.7566,False
BEMB,31,52.7465,38938.799999999996,False
WLCOW,4,0.3599,38887.2883,False
ZDAI,31,1.69,38862.72,False
ATCX,31,3.7,38773.78,False
TEST,31,36.7389,38758.5,False
TBXU,31,40.3209,38678.3072,False
HOUR,31,1.8899,38623.65,False
XLYI,31,22.7829,38613.96,False
TSSD,31,31.22,38603.24,False
MFI,30,7.94,38593.65,False
CRDT,31,23.6878,38575.020000000004,False
DGJL,21,30.199,38532.2112,False
IOTR,31,2.69,38514.24,False
NMP,30,10.33,38506.82,False
HRSK,31,25.8352,38502.84,False
MBSX,31,26.575,38451.45,False
CKX,31,10.61,38422.5,False
FINA,28,25.96,38400.32675,False
SURI,31,19.251,38370.7546,False
RMCF,31,1.37,38334.5175,False
WCEO,31,39.644,38328.7888,False
BLRK,31,10.06,38228.5,False
SOWG,31,3.44,38200.25,False
IBFR,31,51.4068,38150.9778,False
TSEU,31,21.9548,38053.73,False
HPAI,31,0.468,37997.188,False
PDCC,31,8.9699,37955.526,False
CAPS,31,0.2139,37943.799,False
MXC,31,9.01,37929.36,False
OCTH,31,24.165,37879.54,False
MTSG,31,9.04,37875.799999999996,False
SCSB,31,24.8899,37812.17,False
YBTY,31,11.06,37771.72,False
KBON,30,10.1,37686.32,False
ORAC,31,23.317,37673.1216,False
LOOP,31,0.65,37644.8816,False
GIND,31,24.7762,37612.72,False
FDTS,31,71.3983,37559.5762,False
DLUX,31,50.3313,37552.5,False
FTIF,31,29.3322,37541.0476,False
AAVM,31,34.9356,37535.6945,False
DECZ,31,44.3847,37444.29,False
MTEX,31,6.5,37358.82,False
BBLG,31,0.66,37321.2,False
DIVE,31,27.4719,37234.3035,False
MRNO,31,0.2169,37211.3595,False
EICA,31,24.955,37175.6,False
MRCOU,28,10.015,37089.78,False
UBR,31,28.0551,37043.773,False
HKPD,31,0.4121,37035.6884,False
XAPR,31,38.32,37009.92,False
LJUL,31,24.005,36995.07,False
DGIN,31,37.1081,36957.4128,False
KTN,31,25.3801,36924.6504,False
IRIX,31,0.88,36916.9642,False
HAIL,31,38.4626,36862.406,False
COOT,31,0.438,36783.81,False
XXII,31,4.12,36750.44,False
XLEX,31,28.558,36683.6872,False
PLYY,31,8.515,36666.44,False
IHT,31,1.6,36624.799999999996,False
NJNK,31,20.0306,36611.409999999996,False
ITP,31,0.1753,36596.9903,False
MITN,31,25.45,36581.049999999996,False
CLLS,31,3.11,36547.14,False
DUSG,31,53.7959,36514.6416,False
PW,31,7.86,36480.0,False
RMNY,31,24.32,36464.48,False
IIGD,31,24.39,36451.2,False
POWWP,31,24.35,36447.75,False
CCOR,31,26.313,36436.68,False
CRWC,25,31.0839,36324.8209,False
RACD,25,11.9,36313.1986,False
BSAA,31,11.17,36281.235,False
APRB,31,27.35,36265.72,False
ATHE,31,4.57,36242.1,False
OOSP,31,10.125,36168.1,False
OWNB,31,17.0733,36078.207,False
SSXU,31,36.6713,36027.5077,False
BMED,31,32.4416,35976.5688,False
NBFC,31,50.575,35949.9,False
TOCT,31,27.28,35908.619999999995,False
WBIG,31,26.744,35884.892400000004,False
WDIG,31,46.3275,35706.5199,False
TSNF,31,32.22,35640.8771,False
IBGM,31,23.5291,35634.4286,False
CPRY,31,28.2386,35612.2518,False
SSCP,31,26.9278,35610.0864,False
BRAG,31,1.46,35488.44,False
ABUF,31,27.635,35467.4274,False
TAOP,31,0.8469,35454.72,False
XIMR,31,31.415,35412.0,False
LOBO,31,0.6801,35356.723999999995,False
RDOG,31,40.5005,35300.0778,False
JPAN,31,44.1896,35246.9759,False
XOEX,31,41.7152,35230.331,False
JPFP,31,51.8009,35224.612,False
LFMDP,31,23.25,35038.5,False
INVG,31,24.94,35037.520000000004,False
QQDN,31,20.9603,35021.1783,False
BITC,31,35.485,34974.2232,False
DYLD,31,22.3,34925.94,False
QMFE,31,24.6506,34924.1508,False
AOCT,31,27.565,34910.19,False
MPU,31,0.2024,34898.005,False
BETH,31,35.5695,34897.9566,False
XSPC,31,24.1126,34842.06,False
WOMN,31,45.3134,34805.132999999994,False
UBCP,31,15.28,34766.5,False
ANPA,31,4.25,34627.119999999995,False
CDNG,31,9.91,34585.884,False
IWDL,31,70.2899,34547.2589,False
WTRE,31,24.86,34515.8479,False
GIBO,31,30.4,34512.5,False
IBGC,31,23.8,34511.75,False
SHMDW,31,1.73,34387.200000000004,False
BEGS,31,14.99,34385.1745,False
FKWL,31,2.37,34362.630000000005,False
VAVX,31,13.165,34345.102999999996,False
UONEK,31,5.025,34343.16,False
KSEP,31,31.23,34149.61,False
ELUT,31,0.9759,34068.168,False
OCTJ,31,24.105,34060.365,False
PTEU,31,34.7065,34034.4249,False
NVBW,31,36.3,33998.25,False
OEFA,31,36.3739,33971.48,False
FACWW,31,0.6002,33938.08,False
AUBN,31,26.26,33860.64,False
MNOV,31,1.32,33803.0,False
IPEX,31,10.5,33801.78,False
GROW,31,3.18,33790.052,False
FUSE,31,0.8361,33773.8243,False
PSCD,31,119.9083,33694.232299999996,False
VIAG,30,15.9489,33664.134399999995,False
ZIG,31,40.4628,33627.0618,False
DRVR,28,25.4302,33620.019700000004,False
ZEO,31,0.6059,33544.705,False
NCPB,31,24.525,33537.6,False
XWEL,31,0.93,33465.18,False
IMSRW,31,2.7,33432.04,False
GIFT,31,0.8667,33418.0455,False
UXJA,31,39.3962,33398.7521,False
QBKV,31,27.965,33373.0425,False
BDGS,31,37.0373,33372.0927,False
BMVP,31,54.7802,33276.548800000004,False
BHV,31,12.8,33241.21,False
LDEM,31,61.3764,33198.8385,False
DETX,31,3.62,33188.6,False
NSRX,31,3.7,33187.9462,False
AZYY,31,14.135,33091.3,False
RYLG,31,25.2315,33091.026,False
CISO,31,0.2505,33090.2174,False
ISEP,31,35.5049,33006.22,False
AWRE,31,1.17,32996.32,False
KRSP,31,10.48,32990.97,False
KPRX,31,2.59,32986.24,False
LITC,27,33.1802,32962.8306,False
TIME,31,27.1293,32954.88,False
GIX,30,9.97,32951.1,False
KLMN,31,31.8307,32949.98,False
JG,31,5.55,32915.52,False
THNR,31,26.215,32857.0856,False
UZX,31,0.1191,32839.251000000004,False
EFU,31,6.718,32673.6172,False
GTEC,31,0.81,32667.075,False
SOUNW,31,1.4,32622.4,False
AACP,30,10.03,32534.800000000003,False
MEDX,31,35.8903,32489.2285,False
SSBI,31,12.92,32467.895500000002,False
BFOC,31,17.0349,32417.629199999996,False
CBTL,31,17.6962,32408.8831,False
DUTY,31,28.6519,32401.7733,False
COHC,30,23.12,32357.1493,False
VGAS,31,1.37,32332.300000000003,False
VOOX,31,25.4547,32307.3253,False
TMYY,31,23.155,32287.050000000003,False
JANZ,31,42.0357,32250.102499999997,False
TXMD,31,2.01,32231.16,False
CPBI,31,20.93,32179.35,False
CAII,30,9.97,32051.08,False
EDOG,31,24.6342,32044.379699999998,False
UMCX,31,12.5054,32026.3294,False
MLPR,31,77.1522,32013.699999999997,False
GGR,31,2.33,31980.960000000003,False
ARWG,31,27.2276,31928.535,False
GLMD,31,0.5134,31927.768,False
MIACU,31,9.97,31916.04,False
MHNC,31,11.99,31845.859999999997,False
JUDB,31,26.345,31757.764,False
OXLCL,31,24.425,31728.1803,False
TACU,31,28.3086,31711.3368,False
ACSV,31,51.0063,31688.510000000002,False
BYSI,31,0.7115,31625.54,False
CGPT,3,20.8366,31585.1886,False
TSOL,31,7.36,31569.7248,False
BWBBP,31,19.7,31517.2,False
NVOH,31,24.4193,31481.219999999998,False
ICON,31,1.03,31401.609,False
ZTEN,31,49.37,31393.39,False
CTOR,31,0.74,31384.815000000002,False
MYHD,31,25.0828,31298.02,False
CPRO,31,28.4451,31228.47,False
MIVL,31,26.6643,31211.7081,False
ISWN,31,22.6664,31173.064799999996,False
COCP,31,1.09,31116.48,False
FXAC,29,10.05,31082.039999999997,False
BEEX,31,28.025,31057.2633,False
QTOC,31,38.8602,31037.4,False
EMIF,31,25.305,31023.125,False
RND,31,33.0636,31013.6568,False
KCHV,31,10.43,31012.8,False
TAXM,31,49.5538,31001.8125,False
FORTY,31,109.875,31001.7687,False
REVB,31,1.15,30950.88,False
TSCM,31,21.3073,30917.4012,False
THH,31,2.64,30912.420000000002,False
JPSV,31,71.4439,30898.847999999998,False
SGRW,31,26.9277,30896.2148,False
BGMS,31,0.9091,30747.5136,False
PLMK,31,10.575,30672.600000000002,False
LAPR,31,25.28,30670.04,False
NCPL,31,0.3194,30645.5978,False
UXOC,31,40.565,30620.989499999996,False
CLST,31,17.61,30576.520000000004,False
LUD,31,4.4,30531.600000000002,False
XCOR,31,90.5893,30519.3912,False
NEPH,31,4.32,30512.16,False
NXGL,31,0.3755,30347.9042,False
OSPRU,31,10.05,30320.84,False
NVBT,31,40.7001,30260.41,False
JANH,31,25.0012,30251.452,False
OXBR,31,1.37,30224.940000000002,False
ASMF,31,26.215,30180.2422,False
CPNS,31,28.3551,30151.53,False
ACMM,31,15.02,30140.865999999998,False
ICMB,31,0.828,30110.8019,False
BGI,31,0.364,30110.632800000003,False
FLYU,31,50.33,30103.5897,False
MUIB,14,31.2707,30088.525,False
DRCT,31,2.66,30056.4,False
XRXDW,31,0.2996,30052.596899999997,False
AGMH,31,0.97,30002.56,False
BEDZ,31,36.7729,29991.198,False
BIOX,31,0.4371,29960.364,False
PMJL,31,26.925,29955.46,False
UPV,31,105.8979,29947.0759,False
SNYR,31,0.1549,29919.6107,False
IMRN,31,1.08,29861.59,False
DUKQ,31,32.35,29846.32,False
OCTZ,31,46.9358,29773.9921,False
SLSN,31,0.9354,29746.9935,False
DGICB,31,24.74,29667.100000000002,False
QNME,31,0.4167,29656.044,False
BFIX,31,24.995,29602.56,False
KOOL,31,14.909,29591.5986,False
FTRA,16,9.86,29457.552799999998,False
SPDG,31,47.2625,29404.6914,False
BBCQW,31,1.95,29370.959999999995,False
SPKLW,31,1.25,29237.26,False
INDE,31,29.8202,29213.3601,False
NTIP,31,1.52,29119.4,False
JMID,31,32.9365,29014.0088,False
IREC,25,27.0153,28944.8292,False
BPH,31,66.8693,28881.824999999997,False
PSNYW,31,2.75,28773.12,False
CBLS,31,31.59,28676.6722,False
BZZ,31,27.3459,28506.618000000002,False
GPT,31,34.8938,28438.025,False
ABLV,31,0.7301,28415.22,False
PPBT,31,1.53,28402.170000000002,False
TGE,31,0.901,28400.219999999998,False
XIDE,31,30.385,28384.2,False
ADIU,31,11.7893,28262.148800000003,False
LOCT,31,23.925,28250.52,False
ULE,31,12.6648,28232.22,False
DKI,31,4.04,28208.97,False
SOUL,30,10.43,28176.510000000002,False
RINF,31,32.68,28101.704,False
SYNX,31,1.07,27988.24,False
CPSN,31,28.0138,27939.215,False
DSS,31,0.5615,27930.500399999997,False
JOB,31,0.2356,27917.0439,False
DFTT,31,31.2999,27900.55,False
IBG,31,0.9,27868.768900000003,False
AUGU,31,32.455,27867.315199999997,False
FEMV,31,27.975,27853.688,False
MBNKO,31,25.8925,27799.199999999997,False
RDHL,31,0.585,27795.039999999997,False
FTAG,31,28.9438,27786.048,False
OCCIM,31,25.165,27751.48,False
ROPE,31,30.327,27679.372499999998,False
CDEI,31,94.4361,27661.005,False
REGCP,31,23.23,27626.7456,False
REFR,31,0.4305,27474.176000000003,False
HDLB,31,17.542,27461.3,False
MKDW,31,11.69,27437.18,False
FEIG,31,39.88,27428.475,False
CLCG,31,29.374,27407.72,False
WUGI,31,88.9783,27373.1076,False
ABTS,31,1.21,27368.74,False
ORIO,31,0.8904,27313.864999999998,False
XBP,31,2.6,27303.5,False
HALX,31,25.95,27188.4342,False
MRCOW,1,0.35,27126.05,False
QOWZ,31,37.0898,27106.2402,False
SIEB,31,1.94,27093.0,False
YYYM,31,19.7146,27035.477,False
BGSF,31,5.57,27003.86,False
BTBD,31,1.22,26999.82,False
IPST,31,7.39,26965.379999999997,False
GROV,31,1.04,26940.81,False
JDIV,31,58.4694,26903.529,False
GWAV,31,3.68,26880.100000000002,False
CANQ,31,30.3151,26852.54,False
UFOD,31,26.1401,26841.592,False
RSSE,31,23.7415,26814.9,False
QUMS,31,10.315,26798.37,False
GKAT,31,45.3577,26774.5016,False
STKS,31,1.77,26762.56,False
QBQF,31,26.145,26736.325,False
NERD,31,22.6192,26645.4054,False
DRNL,31,7.0944,26621.0,False
TPAY,31,54.5887,26618.935999999998,False
DDTN,31,20.8606,26597.6466,False
SCNI,31,0.2282,26557.548000000003,False
EPOW,31,0.4901,26557.26,False
APRE,31,0.69,26394.7034,False
SUIL,31,5.455,26370.7912,False
RMCO,31,2.92,26346.499999999996,False
BCG,31,1.56,26346.48,False
GDEV,31,11.96,26303.42,False
MWHS,31,18.1225,26296.02,False
AVGB,31,51.01,26234.56,False
SIXL,31,39.8247,26201.349800000004,False
TSEP,31,26.655,26154.2736,False
GELS,31,0.5641,26134.072099999998,False
BPOPM,31,25.15,26129.100000000002,False
MGYR,31,19.49,26115.12,False
CBXY,31,22.19,26028.870000000003,False
CLCV,31,31.5471,25997.6268,False
SIJ,31,15.3121,25987.0988,False
JMM,31,5.77,25937.442,False
SMCC,31,40.38,25876.8576,False
CCEL,31,3.7,25834.68,False
TOUR,31,4.88,25806.51,False
CVGD,31,26.5711,25695.1296,False
VS,31,1.31,25665.25,False
SANG,30,4.1047,25654.545,False
GAVA,31,15.385,25602.157499999998,False
NAII,31,2.05,25558.4,False
OCIO,31,38.3332,25511.856399999997,False
CEPV,30,10.37,25497.270000000004,False
HWH,31,1.91,25472.5,False
CVAR,31,30.9026,25460.2268,False
XJAN,31,39.024,25417.5026,False
CSRA,4,25.2811,25392.4836,False
RCLO,31,25.065,25374.72,False
SDUR,13,25.165,25350.324999999997,False
MVPA,31,37.04,25334.713799999998,False
MLEC,31,8.57,25322.4,False
EVOX,31,10.09,25295.84,False
NTAL,24,37.5608,25276.72445,False
HYFM,31,1.25,25223.76,False
EEIQ,31,2.39,25187.94,False
RDDC,25,14.71,25182.7056,False
PEX,31,23.9118,25179.481799999998,False
RW,31,25.8806,25159.1,False
PWS,31,33.6272,25156.5372,False
NEWTI,31,25.55,25143.0,False
TEMR,31,28.6723,25093.8464,False
HYBX,31,29.575,25062.73,False
ZSTK,31,1.95,25023.6,False
PZLV,31,31.0758,25018.554,False
QVMM,31,36.6415,24976.4368,False
STEN,31,28.3861,24968.8724,False
BULLW,31,2.93,24950.31,False
MRGR,31,45.5913,24875.857200000002,False
DWAW,31,51.568,24870.3324,False
HONG,31,15.0659,24752.166,False
MATH,31,0.8197,24741.0,False
TSES,31,32.1496,24676.3296,False
TPFG,31,27.1302,24656.1336,False
MAVF,31,140.9379,24601.0248,False
NXPX,31,11.536,24573.5154,False
DLXY,31,0.4411,24566.4433,False
TKLF,31,1.88,24514.86,False
FEBU,31,30.4398,24445.407799999997,False
GBR,31,0.7402,24403.399999999998,False
IQSI,31,39.4173,24393.5736,False
SCCD,31,24.9,24349.29,False
YXI,31,22.125,24252.044400000002,False
ALPS,31,0.3202,24220.44,False
INEO,31,0.586,24206.9212,False
DWMF,31,34.4833,24048.192,False
CNSP,31,5.4,24031.800000000003,False
DCBG,31,26.56,24027.9,False
DSWL,31,3.11,24018.53,False
LCCC,30,10.49,23997.48,False
CLIR,31,4.56,23991.5,False
GENVR,31,2.85,23954.039999999997,False
AIUP,31,31.0455,23757.57,False
GXUS,31,65.0056,23710.2795,False
BLRX,31,2.64,23662.2,False
UONE,31,5.04,23661.120000000003,False
EFOI,31,2.92,23587.74,False
CPSD,31,27.0,23575.2,False
VRAI,31,28.6795,23545.8695,False
MMTX,31,10.17,23530.5,False
PULM,31,1.56,23530.15,False
FESC,31,24.7634,23517.2187,False
FDND,31,22.5162,23493.9,False
LDDR,31,77.281,23484.0,False
INTJ,31,3.38,23470.68,False
RFCI,31,22.015,23429.41,False
QRHC,31,1.63,23427.84,False
DNMX,30,10.04,23384.21,False
BEAG,31,10.735,23367.3,False
KROP,31,34.8266,23366.2392,False
ITOC,31,0.2759,23353.512000000002,False
DDFM,31,20.025,23312.62,False
EDGE,31,51.94,23211.9048,False
LTGR,16,9.93,23162.66,False
ACAA,30,10.0056,23095.0,False
XTNT,31,0.3315,23084.2089,False
AIXC,31,0.7102,23075.36,False
QSOL,31,7.61,23062.93,False
AIHS,31,1.5,23004.41,False
LBTYB,31,12.97,23004.0,False
BYFC,31,11.56,22987.12,False
XTJL,31,42.22,22967.68,False
TLF,31,2.6,22934.45,False
IWFG,31,56.0464,22877.771500000003,False
SKK,31,4.56,22863.6,False
SCDS,31,77.9412,22858.3432,False
KRKR,31,3.175,22802.280000000002,False
VRME,31,0.6683,22758.5014,False
CLIX,31,58.8962,22742.126,False
ACSP,2,24.735,22740.345,False
FGII,31,9.985,22736.16,False
HMYY,31,5.8407,22699.08,False
BLUW,31,10.36,22635.45,False
CPSU,31,27.9263,22622.73,False
ARBK,31,2.875,22586.600000000002,False
AQB,31,1.4,22558.3984,False
SCLZ,31,57.0958,22500.52,False
CHNR,31,4.1,22487.850000000002,False
VNTG,31,0.6385,22434.4944,False
TYLD,31,25.385,22431.5,False
ICG,31,0.898,22427.100000000002,False
LANV,31,1.07,22352.300000000003,False
CWY,31,17.085,22344.8,False
AMS,31,1.55,22340.92,False
EYES,31,29.5443,22312.9317,False
MMLP,31,2.44,22186.324999999997,False
BTR,31,28.5105,22164.391200000002,False
GCGR,31,10.18,22141.5,False
WTIB,31,24.951,22133.680800000002,False
IPAV,31,32.5872,22133.254,False
EHY,31,7.751,22058.183999999997,False
MARPS,31,4.7853,22000.41,False
BHM,31,8.64,21997.440000000002,False
DGAP,31,30.935,21990.111699999998,False
BTOC,31,0.271,21824.2787,False
PCS,31,49.84,21805.13,False
MARW,31,36.685,21802.935,False
JANM,31,34.22,21799.11,False
DIVS,31,34.5656,21670.880500000003,False
CTSO,31,0.3772,21652.7853,False
RMBC,31,13.8218,21635.6812,False
ALDB,31,25.765,21622.6368,False
RKDA,31,0.4802,21613.0035,False
FMY,31,11.7,21599.2,False
CPST,31,28.045,21595.710000000003,False
STRR,31,9.82,21590.08,False
DRAI,31,34.0556,21588.121100000004,False
UTSI,31,2.42,21586.2543,False
APPC,31,10.6239,21554.7516,False
DVDN,31,15.6017,21546.636,False
WHFCL,31,25.3402,21530.72,False
HIND,31,2.27,21525.8,False
ETCO,31,8.395,21511.460000000003,False
BDCX,31,20.6009,21470.0,False
SPTU,31,25.055,21457.0,False
TONT,31,10.84,21407.359999999997,False
FSML,31,31.0445,21370.921,False
LCF,31,46.0161,21345.61,False
NTRB,31,3.23,21327.69,False
DOGZ,31,1.23,21316.05,False
ARMA,31,13.9203,21245.499,False
GASZ,31,24.357,21204.4568,False
CXIIW,31,1.93,21203.579999999998,False
STBQ,31,21.0044,21151.430800000002,False
HLXC,31,10.85,21124.199999999997,False
YSXT,31,0.9899,21122.3646,False
HEMI,31,42.2768,21084.16,False
JUDO,31,29.0179,21059.8332,False
SSM,31,2.62,20994.06,False
WDGF,31,34.4706,20965.0874,False
USE,31,33.1126,20949.9796,False
MCH,31,28.6001,20926.5784,False
EVNT,31,12.345,20924.715,False
XTR,31,29.1933,20905.4532,False
TRUH,31,29.1309,20889.567900000002,False
HXHX,31,0.5732,20855.539800000002,False
AKA,31,10.51,20838.928,False
LXEH,31,1.74,20755.36,False
CPHC,31,15.63,20547.34,False
AUGZ,31,46.3961,20508.641200000002,False
MXE,30,13.4,20508.11,False
JANI,31,26.4798,20490.87,False
DDTD,31,20.7847,20481.6,False
BCCQU,30,10.0441,20410.16,False
EPSM,31,1.42,20380.960000000003,False
LCFY,31,2.74,20299.44,False
DTAN,31,33.75,20283.3246,False
IPB,31,25.17,20261.850000000002,False
FOWF,31,36.9466,20235.447699999997,False
TPLS,31,24.665,20171.73,False
RNEM,31,55.895,20161.3347,False
QIG,31,43.5007,20140.920000000002,False
GPAC,31,10.04,20140.12,False
MCHX,31,1.81,20072.780000000002,False
BGEG,31,23.7655,20067.5285,False
TLIH,31,5.7,20043.54,False
GXIG,31,24.27,20024.64,False
ZOOZ,31,5.35,20017.359999999997,False
LSVD,31,36.2374,19974.62,False
AWX,31,2.77,19953.9164,False
PRHI,31,6.55,19944.8,False
BIXI,31,10.05,19926.878999999997,False
IPVVU,31,9.91,19919.76,False
GTPE,31,62.9069,19900.8785,False
GHTA,31,30.8398,19876.7049,False
QBUL,31,24.225,19828.949999999997,False
MTYY,31,17.745,19801.600000000002,False
PMJN,31,26.97,19796.56,False
TJAN,31,28.465,19796.239999999998,False
MYCL,31,24.355,19755.780000000002,False
BCFN,31,23.1655,19755.459,False
QVMS,31,35.2955,19729.4905,False
EBIT,31,40.5508,19708.0264,False
GXDW,31,24.7108,19694.0314,False
XLFX,31,30.74,19674.27,False
SOS,31,0.8648,19630.36,False
MSST,31,22.9965,19602.0,False
CETY,31,0.92,19577.36,False
OCCIN,31,24.96,19545.12,False
SNT,31,1.74,19478.68,False
ADVE,31,46.9435,19478.548300000002,False
GMEY,31,23.3858,19476.667,False
QTR,31,34.5458,19476.5513,False
LOGO,31,21.105,19458.81,False
ABIG,31,35.6495,19457.658,False
WCAP,31,9.5262,19443.5,False
IDEC,31,35.3954,19420.5,False
ROMO,31,34.9792,19418.154599999998,False
OXLCO,31,23.9,19378.420000000002,False
IPDN,31,0.2302,19357.1678,False
FXACU,31,10.1385,19351.6,False
NVTC,30,19.7259,19324.4682,False
WSDB,31,24.935,19243.25,False
DANA,31,25.05,19242.3,False
XRTX,31,2.06,19232.420000000002,False
QTJA,31,33.7266,19214.884,False
BREE,31,27.3033,19191.7637,False
IBGB,31,23.26,19183.92,False
KTH,30,28.765,19165.4125,False
NWTG,31,1.47,19061.0,False
FOXX,31,2.51,19048.5,False
GTEN,31,10.59,19031.68,False
ZJK,31,1.92,19025.94,False
MVPL,31,44.9624,19009.3749,False
SSFI,31,21.0291,18975.059999999998,False
DMII,30,10.13,18927.27035,False
UPAR,31,16.1232,18917.921000000002,False
UMCU,5,26.81,18825.012,False
YDKG,31,1.08,18774.3318,False
STG,31,3.18,18685.68,False
BWQG,28,26.113,18616.093,False
LSE,31,4.9,18574.989999999998,False
BRID,31,6.36,18555.81,False
PSAI,31,28.8896,18548.204999999998,False
LRND,31,46.8549,18491.475300000002,False
SLNZ,31,45.645,18491.08,False
KNOV,31,32.3258,18487.2457,False
ESLA,31,0.7602,18464.7465,False
FGBIP,31,19.125,18460.36,False
CTEX,31,35.2554,18439.506,False
SEPM,31,33.2,18381.6,False
IOPP,31,26.951,18337.594800000003,False
NOMA,31,2.75,18317.54,False
CELU,31,0.696,18315.18,False
AMUN,31,26.035,18288.545000000002,False
VERS,31,73.7086,18234.72,False
GNLN,31,2.01,18230.6102,False
MZYX,31,9.95,18226.800000000003,False
CPSP,31,27.14,18189.83,False
CENN,31,3.47,18106.460000000003,False
GHXIU,30,10.19,18104.010000000002,False
LOCL,31,1.06,18089.7,False
TVGNW,31,0.0523,18058.3338,False
EVMT,31,17.83,18043.41,False
IINC,31,26.1601,17960.64,False
TRIO,31,66.0708,17959.630699999998,False
PABD,31,71.4475,17947.1691,False
AMBR,31,1.25,17946.899999999998,False
PMTU,31,25.75,17946.52,False
QBIF,31,26.505,17907.5988,False
AURE,31,1.71,17897.1,False
MAYM,31,33.235,17878.5465,False
ORKT,31,1.01,17860.440000000002,False
TMH,31,50.2498,17849.950399999998,False
HBDC,31,24.785,17804.52,False
DYLG,31,28.6816,17786.7174,False
BDCI,30,10.09,17721.52,False
ABLS,31,23.292,17641.5162,False
RILA,31,12.4113,17598.012,False
KMAR,31,32.6964,17597.7829,False
KFEB,31,31.5848,17589.6,False
STNC,31,37.7824,17550.8474,False
FARX,31,29.8466,17527.920000000002,False
JCHI,31,54.857,17519.8268,False
MYCN,31,23.9945,17493.84,False
AUC,30,6.98,17485.43,False
BCGD,31,26.9715,17457.871600000002,False
AIQD,31,50.5181,17449.4208,False
FSEV,31,27.4497,17416.1414,False
TENM,31,27.6,17393.15,False
DXLG,31,0.6,17391.245300000002,False
YTRA,31,0.935,17353.02,False
MZZ,31,5.59,17294.256,False
PLGI,31,25.3901,17240.295,False
ACGC,30,10.0,17162.82,False
ELTK,31,9.05,17097.079999999998,False
XISE,31,30.405,17076.370000000003,False
BCDF,31,33.2406,17044.842500000002,False
CVSM,31,26.5949,17040.98,False
IACO,31,9.98,17037.16,False
TMLP,31,30.21,17027.22,False
LATR,31,28.31,16968.4955,False
GTOS,31,24.975,16950.09,False
APWC,31,1.51,16934.4,False
BTOT,31,48.8062,16931.510000000002,False
YBST,31,12.575,16920.719999999998,False
NSI,31,38.5465,16902.72,False
DRDB,30,10.65,16850.305500000002,False
CNF,31,2.29,16828.8677,False
USFE,31,36.952,16805.338200000002,False
SPME,31,25.0225,16771.16,False
SATO,31,15.8191,16761.9816,False
CVR,31,10.1793,16727.2,False
SJ,31,0.9499,16672.5,False
BSGR,31,25.08,16669.98,False
PMTR,31,10.39,16635.991,False
CUVL,21,6.875,16600.48,False
RDAC,31,5.81,16545.600000000002,False
OKLC,30,16.0803,16527.85695,False
ESBA,31,4.52,16512.0,False
JATT,31,13.38,16413.66,False
PLTL,31,58.0623,16376.914999999999,False
RFAI,31,9.29,16372.53,False
ACRT,2,25.075,16368.152499999998,False
MYCM,31,24.1994,16365.960000000001,False
CLSKW,31,0.2775,16343.5076,False
MBIO,31,0.5943,16318.962,False
USCA,31,45.6688,16271.3716,False
SAJ,31,25.3214,16266.23,False
NLSI,31,57.4567,16259.5,False
DVGR,31,27.422,16212.0952,False
MANI,31,25.96,16194.62,False
SJCP,31,25.14,16181.470000000001,False
CLBR,30,10.24,16158.14,False
CCCTU,28,10.0,16142.650000000001,False
VICE,31,32.315,16060.3976,False
MAGG,31,19.8712,16035.09,False
FSGS,31,33.8596,16005.8379,False
CMCM,31,3.15,16003.91,False
AUGM,31,35.315,15993.4704,False
GSKH,31,69.8844,15985.217599999998,False
TJUN,31,23.0717,15976.7094,False
FFIU,31,21.385,15976.634399999999,False
MARZ,31,37.633,15953.2836,False
BBLB,31,76.8866,15890.0,False
BROL,31,26.3781,15861.469799999999,False
TCRT,31,1.91,15840.88,False
FSZ,31,82.9792,15818.092800000002,False
BDCZ,31,15.3339,15788.629500000001,False
EHLD,31,10.68,15788.36,False
JABRW,8,0.05,15731.431250000001,False
RITA,31,21.4746,15715.913,False
MTR,31,2.7599,15688.1,False
AJAN,31,28.6152,15686.9568,False
SOLM,31,8.2859,15647.8112,False
CURX,31,0.2127,15646.6,False
DTSS,31,0.7599,15640.729000000001,False
AGGS,31,40.225,15633.91,False
TWOX,31,30.085,15622.4838,False
NICM,31,6.19,15587.800000000001,False
QQHG,31,66.9427,15572.412800000002,False
PUL,30,52.9628,15569.604600000002,False
LBAY,31,26.3812,15525.289999999999,False
HDMV,31,38.7746,15521.7849,False
RETO,31,1.67,15477.84,False
RFFC,31,77.159,15465.100799999998,False
SQFTP,31,6.82,15455.699999999999,False
JULI,31,25.7252,15451.699999999999,False
VCOB,31,48.8012,15439.380000000001,False
ETTY,31,8.535,15422.596,False
RMME,31,100.21,15392.300000000001,False
HTLM,30,1.89,15290.724999999999,False
UCOP,31,43.4148,15251.858199999999,False
AMKX,30,15.8305,15245.1987,False
GDHG,31,1.27,15243.85,False
XDEF,31,24.6788,15231.7616,False
AAME,31,1.42,15124.800000000001,False
IPVV,16,9.82,15118.91,False
NVBU,31,31.6284,15105.679999999998,False
CBOY,31,24.58,15085.532,False
RTACU,30,10.73,15077.265,False
DEEF,31,40.4108,14966.686800000001,False
NSIV,28,26.2514,14941.1181,False
MBBB,31,20.8912,14930.220000000001,False
AGRW,31,33.0264,14919.345,False
DDV,31,25.505,14916.425,False
MHLA,31,10.77,14897.05,False
SEPT,31,38.305,14875.667,False
DVXK,31,38.345,14859.742,False
XLVX,31,32.0285,14846.706,False
ZHOG,31,51.115,14827.7,False
KELYB,30,23.94,14815.9075,False
BTTC,31,0.599,14802.6501,False
DPU,31,2.3,14703.305,False
BRNS,31,0.5935,14695.888,False
CCID,31,25.15,14691.6,False
TCBS,31,17.41,14678.509999999998,False
WFCF,31,12.34,14677.32,False
CCNEP,31,25.04,14657.529999999999,False
SMLL,31,22.05,14650.9902,False
GTOH,31,25.3749,14637.12,False
PASW,31,0.134,14570.92,False
OXSQG,31,24.05,14567.68,False
GTND,31,25.8114,14546.4389,False
USAF,31,28.315,14486.039999999999,False
DUO,31,0.66,14474.64,False
TACN,31,29.5319,14462.8596,False
VABS,31,24.235,14453.37,False
BBBL,31,45.5387,14429.800000000001,False
RDAG,30,10.38,14395.31,False
SUPL,31,47.87,14391.053600000001,False
AINT,31,32.8386,14344.994799999999,False
SCDL,31,61.6442,14291.2464,False
RAND,31,10.12,14285.073,False
RVP,31,0.7,14269.7672,False
BRKH,25,9.97,14232.840000000002,False
BGM,31,0.2715,14218.5258,False
CPSO,31,28.15,14198.359999999999,False
UCIB,31,36.4552,14198.0,False
CGCFU,31,10.0,14109.099999999999,False
XNAV,31,94.4596,14072.1612,False
EPAI,31,29.2061,14041.3091,False
AV,31,29.2052,14030.3289,False
NSLRL,31,25.2001,14016.525,False
CUBB,31,22.17,14015.04,False
BCTXZ,31,0.1099,13996.5,False
MOTG,31,41.0117,13980.9822,False
DGZ,31,5.2457,13964.480000000001,False
FTHB,31,25.2357,13909.5,False
YXT,31,3.55,13906.0,False
HAUS,31,18.5247,13898.703000000001,False
KFFB,31,5.46,13892.050000000001,False
DLPN,31,1.15,13886.460000000001,False
LITB,31,2.95,13876.800000000001,False
DDXX,31,28.8416,13829.858999999999,False
CEFD,31,19.1432,13810.759999999998,False
USCL,31,86.7763,13806.1767,False
LITL,31,35.0135,13795.88,False
QLVD,31,34.5222,13707.637899999998,False
SZK,31,21.2211,13696.740300000001,False
FEUS,31,84.2144,13686.1536,False
UTWY,31,40.8845,13685.923200000001,False
PSFD,31,40.685,13670.404999999999,False
STLR,31,18.5297,13637.4,False
WABF,31,24.49,13558.65,False
RMCA,31,23.97,13545.779999999999,False
OCTM,31,33.98,13525.73,False
WCMG,31,22.22,13511.5116,False
CIFC,31,10.38,13474.175000000001,False
JLQD,31,40.35,13462.599999999999,False
CNET,31,1.31,13460.720000000001,False
FLJJ,31,34.45,13457.5119,False
SRHQ,31,49.5399,13422.6965,False
AUSM,31,25.085,13409.775000000001,False
PFXNZ,31,24.0,13392.0,False
MART,31,42.87,13379.2,False
FLYE,31,1.74,13378.16,False
QSML,31,34.757,13360.538100000002,False
VII,21,9.83,13331.79,False
KOKU,31,135.2505,13322.609999999999,False
TDOT,31,9.1284,13319.1968,False
ACEP,31,20.8924,13242.2529,False
RSMR,31,24.205,13197.44,False
WATS,31,21.11,13175.9634,False
SOLC,31,15.2169,13158.633899999999,False
JABRR,9,0.13,13146.25,False
QB,31,48.89,13101.7968,False
FSPC,28,21.0499,13101.787499999999,False
FDAT,31,22.8839,13087.0831,False
CPSF,31,26.53,13044.800000000001,False
DDTJ,31,20.4811,13034.820000000002,False
PETZ,31,1.36,13025.65,False
XRLX,31,49.5544,13015.8756,False
TDCL,24,14.1109,12965.7921,False
CABZ,31,22.8871,12942.391500000002,False
JUNZ,31,36.0716,12922.9508,False
IPM,31,1.915,12913.9,False
HYGM,31,24.5901,12869.3876,False
YDDL,31,1.865,12862.199999999999,False
DIPR,31,25.4201,12826.5904,False
DEFI,31,72.7656,12819.6796,False
SAPH,31,37.9556,12754.663999999999,False
YHGJ,31,3.33,12747.84,False
CIR,30,27.4978,12737.769,False
FINY,31,25.57,12689.04,False
AOTS,31,23.25,12582.3674,False
SIMS,31,45.5722,12576.8312,False
FLSA,31,32.7652,12575.891500000002,False
XFEB,31,37.96,12573.12,False
BSR,31,31.0228,12555.0486,False
WVVI,31,2.26,12554.67,False
HTOO,31,2.21,12529.0,False
PBL,31,33.9922,12493.5977,False
KBDU,31,15.6846,12488.2173,False
VSHY,31,21.73,12478.759999999998,False
MDIA,31,0.8717,12449.61,False
GEGGL,31,24.7583,12449.6,False
MITQ,31,0.5302,12444.24,False
XAUG,31,39.435,12399.84,False
ENJ,30,19.8907,12325.699999999999,False
INCR,31,0.9478,12322.595,False
NEWZ,31,30.7592,12308.453300000001,False
RYET,31,1.0439,12269.48,False
IQHI,31,25.845,12257.375,False
GK,31,29.98,12219.6689,False
LEGO,31,9.99,12181.080000000002,False
AEI,31,1.5,12180.84,False
KEYY,31,9.88,12167.24,False
RCG,31,2.8,12145.804999999998,False
TGLB,31,30.7291,12141.9374,False
GMHS,31,0.764,12094.264799999999,False
NOVM,31,34.09,12007.9278,False
ASPC,31,10.57,11976.24,False
BRSM,31,26.5485,11926.283300000001,False
DMAA,31,10.72,11903.960000000001,False
IBO,31,0.4774,11855.324,False
SWVL,31,1.405,11841.199999999999,False
CBXA,31,21.42,11803.9748,False
KEAT,31,34.3058,11766.8894,False
WZRD,31,0.945,11741.32,False
MSTI,31,20.185,11721.48,False
INAC,31,10.31,11716.199999999999,False
JXG,30,7.096,11711.205000000002,False
EHLS,31,26.447,11696.5959,False
USDEW,31,0.6,11674.8,False
XTJA,31,34.855,11650.09,False
GXPE,31,36.56,11636.584200000001,False
NXTI,31,36.3627,11614.374,False
VBNB,31,23.46,11563.5608,False
SNPD,31,30.919,11543.16,False
SAWG,31,24.5952,11488.5456,False
RAY,31,2.6999,11444.8761,False
TELG,31,14.6143,11432.586,False
TLNC,31,10.23,11406.45,False
FPXE,31,34.35,11400.71,False
ERET,31,29.1689,11396.199999999999,False
DHSB,31,27.525,11380.0082,False
TOS,31,30.6538,11367.1575,False
INDH,31,39.2232,11359.46,False
ASTT,31,24.615,11273.67,False
AMPGZ,31,0.4,11268.234999999999,False
CPSR,31,26.0799,11257.92,False
OPPG,31,36.9582,11253.093,False
SUIS,31,17.5315,11215.9734,False
IQSM,31,40.7936,11208.271600000002,False
TEC,31,34.11,11191.0769,False
CCII,30,10.33,11167.199999999999,False
JLVP,12,51.1251,11166.569300000001,False
COOL,3,20.8813,11160.5132,False
HFBL,31,24.2,11150.7,False
ANNAW,31,0.2101,11144.672,False
OGEN,31,0.535,11129.5566,False
CXIIU,30,11.15,11087.2,False
XTLB,31,2.6,11071.199999999999,False
MYSZ,31,3.08,11017.439999999999,False
AMBO,31,2.07,10948.859999999999,False
AETH,31,29.78,10947.9922,False
ETFT,31,10.01,10921.2102,False
LVLN,31,24.77,10902.5,False
WAFU,31,1.37,10840.380000000001,False
COLA,31,10.72,10831.050000000001,False
DECM,31,34.11,10812.869999999999,False
ETEC,31,27.6298,10805.0275,False
OSSL,31,9.0748,10784.2565,False
DVND,31,39.5378,10780.087300000001,False
HBNB,31,5.45,10741.95,False
RISE,31,18.5134,10660.9697,False
BWTG,31,43.2361,10647.0906,False
QIDX,31,11.9811,10617.48,False
JBLG,30,17.1588,10605.395499999999,False
FIXP,31,19.869,10545.66,False
TEXX,31,30.3963,10493.7066,False
QQAU,10,25.6593,10487.738099999999,False
GFGF,31,36.4079,10440.84,False
HYGD,5,49.6904,10438.3177,False
LYLD,31,33.2957,10421.5541,False
PWER,31,45.6858,10342.4,False
AMAA,31,31.5807,10326.8889,False
GDTC,31,0.9058,10311.84,False
WENC,31,10.0,10298.640000000001,False
DLAG,31,33.565,10292.154999999999,False
TMNS,31,49.8483,10292.039999999999,False
BRFH,31,1.33,10280.34,False
CRDD,31,13.3322,10252.737000000001,False
NOVZ,31,48.162,10222.8105,False
AVOS,31,27.8094,10195.5888,False
ALPXU,31,10.06,10190.7991,False
CPSY,31,25.9549,10174.752,False
BRAZ,31,29.4565,10163.3508,False
MSTC,31,30.2439,10139.3244,False
SFHG,31,2.51,10133.2,False
TNUK,31,24.6364,10102.341400000001,False
WR,31,27.8552,10088.832,False
EFRA,31,36.2892,10083.4123,False
JANJ,31,24.91,10081.39,False
UPAL,31,25.4831,10071.534599999999,False
KNRX,31,0.3341,10018.7758,False
KOYN,31,10.2,9992.195,False
UDI,31,37.392,9979.382,False
GXLC,31,93.0512,9816.800000000001,False
MDEV,31,21.187,9812.8608,False
LJAN,31,24.76,9802.74,False
GOIB,14,24.6923,9796.94,False
HECO,31,65.4241,9792.0965,False
DXR,31,10.203,9760.3,False
LCTO,30,25.4843,9748.28525,False
GRF,31,10.3,9736.44,False
VYLD,31,30.4089,9701.596800000001,False
WDNA,31,21.4455,9700.0978,False
PBOT,31,34.0819,9658.79,False
EPSV,31,31.8041,9654.716400000001,False
MEMS,31,31.1388,9642.7475,False
BRIA,31,1.36,9622.519,False
REED,31,1.07,9598.8715,False
AIIA,31,10.24,9598.199999999999,False
BSTV,31,25.01,9578.83,False
USSH,31,50.32,9562.699999999999,False
WTF,31,3.005,9547.070000000002,False
TSRS,31,27.2333,9546.150000000001,False
BMRA,31,1.56,9462.42,False
FEBM,31,31.5948,9416.785,False
RECT,31,1.27,9404.119999999999,False
BRLS,31,0.872,9377.550000000001,False
ANTA,31,3.87,9352.62,False
BGLC,31,1.5911,9352.02,False
JHID,31,44.4464,9327.887999999999,False
TECY,31,22.285,9318.56,False
VCLN,31,28.585,9306.1475,False
TAOZ,31,91.9663,9295.5708,False
MBBC,31,15.0,9282.36,False
WLYB,30,51.43,9265.8,False
ARBB,31,4.27,9252.0,False
AHG,31,1.21,9240.0,False
ATGL,31,7.0,9235.2,False
ALIL,31,32.822,9221.76,False
GRPZ,31,33.2331,9218.55,False
GURE,31,2.9999,9177.78,False
DUKX,31,29.035,9173.4825,False
UXAP,31,44.46,9146.4768,False
USVN,31,47.085,9145.7226,False
IMPPP,31,25.71,9108.8651,False
VECA,30,10.0,9102.2,False
ACSI,31,77.281,9100.1204,False
MUNX,31,24.7058,9068.57,False
KFII,31,10.61,9052.4,False
EFSCP,31,19.68,9051.570000000002,False
IPHA,31,2.26,9029.425,False
ABLG,31,32.3087,9012.0016,False
PLCIR,4,0.13,9001.115000000002,False
RMRC,31,26.0064,8980.151,False
KPHO,31,22.3056,8795.8906,False
VRC,25,21.2881,8783.4495,False
TNXT,31,28.5872,8734.2948,False
TFJL,31,18.71,8729.3426,False
MEMY,31,17.6838,8727.42,False
XCHG,31,27.7514,8703.0528,False
TRUO,31,25.5724,8702.5707,False
JF,31,0.9301,8657.3708,False
IGAC,31,10.05,8655.89,False
ECML,31,41.6094,8653.4981,False
MGLD,31,1.045,8653.255,False
CLGN,31,0.3197,8652.7148,False
BPRO,31,21.045,8640.7288,False
KNO,31,65.2363,8596.468299999999,False
XQTM,31,17.9694,8589.4086,False
HIMC,25,15.1139,8566.5792,False
WMSB,31,24.95,8557.85,False
MRM,31,1.08,8550.66,False
AAAP,31,25.365,8507.460000000001,False
EMTY,31,23.6343,8474.6934,False
MDRR,31,11.74,8444.52,False
AAEQ,31,55.1022,8422.4428,False
LIMI,31,45.245,8419.949999999999,False
MSFC,31,44.2381,8403.9543,False
AFSC,31,40.0591,8400.0384,False
MSN,31,0.3711,8387.248800000001,False
GLAM,31,27.6569,8371.7384,False
PFFL,31,7.3645,8366.33,False
VMAX,31,65.4014,8350.5646,False
THCH,31,1.7,8334.93,False
AUGC,10,25.298,8293.487799999999,False
GHXI,3,10.05,8285.76,False
BZAIW,31,0.1199,8253.047799999998,False
SMCF,31,40.485,8195.9141,False
SAGU,30,9.94,8140.83,False
DVXE,31,42.7219,8134.5599999999995,False
SHRD,31,24.705,8126.2,False
IMTE,31,0.5,8125.637,False
SBB,31,21.935,8113.05,False
YI,31,3.61,8077.86,False
BREW,31,26.8234,8077.3049,False
KBSX,31,0.9899,8046.16,False
TINT,31,41.4644,8027.69,False
MNSBP,30,25.23,8023.5599999999995,False
DFNSW,31,0.0801,8016.389999999999,False
TPFC,31,28.0,7982.85,False
MNY,31,0.91,7973.349999999999,False
MLCIL,31,22.6482,7934.250000000001,False
NDAA,31,24.5716,7920.6314,False
SHRT,31,6.51,7897.489600000001,False
WSPC,28,30.96,7841.23995,False
XTAI,31,23.6101,7799.691900000001,False
BCOR,31,21.8916,7790.5245,False
SPXD,31,29.7154,7720.5636,False
CARU,31,22.9494,7714.4693,False
KEYG,31,14.3017,7710.82,False
SATLW,31,0.79,7697.97,False
CBOO,31,24.56,7667.4,False
VPFF,24,25.304,7653.865400000001,False
FWACR,12,0.1799,7643.12,False
TSIC,31,25.2821,7609.280000000001,False
YQ,31,2.24,7607.370000000001,False
APMI,30,18.707,7589.46065,False
BGRO,31,44.3751,7588.142100000001,False
AIRJW,31,1.5,7587.405,False
HOVRW,31,0.4099,7574.9218,False
FACT,31,10.67,7572.0599999999995,False
BNGE,31,32.6823,7546.6162,False
EKG,31,21.005,7510.7456,False
RUMBW,31,1.795,7501.75,False
CBXO,31,22.155,7491.222,False
JHDV,31,48.0904,7480.896000000001,False
MCDS,31,70.1197,7442.303000000001,False
BPI,31,20.6836,7366.68,False
RAAR,31,51.185,7365.5712,False
ZKIN,31,1.02,7324.62,False
DWUS,31,60.4853,7308.407999999999,False
OAKG,31,27.0688,7305.7555999999995,False
DIVL,31,25.69,7270.444799999999,False
DOCK,31,27.684,7222.2106,False
DDTF,31,20.6298,7204.755999999999,False
MOTO,31,64.799,7203.6258,False
SROI,31,38.1513,7193.533200000001,False
YIBO,31,1.3,7174.4400000000005,False
GJS,31,23.63,7173.599999999999,False
MAYZ,31,37.0307,7147.776,False
BRCE,31,30.5744,7138.7876,False
SQFT,31,1.45,7137.93,False
SCA,31,24.7105,7127.28,False
BON,31,1.14,7098.4278,False
VLOS,30,10.71,7040.68895,False
GHG,31,1.1289,7029.000000000001,False
IBGK,31,22.025,7005.030000000001,False
DIME,31,7.305,6955.26,False
EHCC,31,19.7844,6948.99,False
CLPS,31,0.8558,6943.5873,False
PSCX,31,33.29,6936.5406,False
USIN,31,48.855,6926.76,False
FDMM,9,9.8,6918.8,False
HHS,31,4.18,6863.46,False
BBYY,31,9.595,6862.592,False
KDKRW,31,0.68,6825.870000000001,False
HUIZ,31,1.31,6798.3418,False
TMCWW,31,0.0131,6793.514999999999,False
LPAA,31,10.74,6767.360000000001,False
MYCO,31,23.8961,6762.5963,False
GRNQ,31,10.04,6751.8,False
EQS,31,1.12,6751.8,False
TMSF,31,50.18,6751.349999999999,False
DVXF,31,28.5311,6743.1122000000005,False
ARKR,31,5.59,6688.4400000000005,False
BAVA,31,17.1534,6677.3376,False
TAXT,31,50.88,6658.599999999999,False
HOLD,31,32.2315,6637.4011,False
USEW,31,57.411,6596.8372,False
ISSB,31,17.3257,6587.18,False
LQ,31,24.2345,6535.919,False
TDOG,31,14.125,6522.8581,False
LQAI,31,46.9797,6521.4432,False
XMAY,31,36.7317,6519.402,False
CMBO,31,103.25,6504.12,False
BSTS,31,25.09,6480.18,False
MIDE,31,39.1245,6473.8908,False
FEDM,31,66.2447,6455.932,False
XDAT,31,26.949,6444.819,False
PSCJ,31,32.2813,6423.0434000000005,False
CPNM,31,27.0048,6412.799999999999,False
NCEW,30,17.31,6400.200000000001,False
IND,31,23.005,6395.93,False
FCSH,31,24.085,6389.32,False
GNMX,31,32.3271,6385.2217,False
MJSC,31,63.4303,6377.904,False
NMBL,31,21.293,6376.9545,False
CTIF,31,55.4052,6348.4358,False
TULP,31,3.46,6338.5,False
DVSP,31,30.2625,6292.0395,False
CLUB,31,26.3231,6250.979200000001,False
DTRE,31,42.5587,6226.2486,False
QQLV,31,25.4027,6221.2131,False
TRUF,31,30.0281,6189.75,False
GMOC,31,50.195,6154.92,False
JDOC,31,62.1225,6154.8201,False
MOGU,31,1.89,6144.0,False
WENN,31,10.38,6140.400000000001,False
NHIV,31,10.1134,6111.51,False
FIMU,31,19.855,6110.5352,False
XCLR,31,28.2361,6089.04,False
ODDS,31,25.6305,6084.6842,False
UXJL,31,37.5874,6081.633999999999,False
BREM,31,50.7403,6041.63,False
ONCHU,30,10.36,6029.2184,False
BNKD,31,25.54,6020.5585,False
TMSWW,31,1.37,6018.86,False
SEED,31,1.06,5997.2319,False
AFRIW,31,1.02,5989.1038,False
RZLVW,31,0.7143,5972.925,False
NVIR,31,40.465,5930.1173,False
NIOBW,31,1.48,5926.96,False
VGRO,31,26.0085,5910.6948,False
TXBC,31,13.2363,5880.1028,False
OGCP,30,4.7,5875.61555,False
MWG,31,1.28,5875.4,False
SDD,31,7.9038,5873.24,False
DVQQ,31,31.9771,5845.1274,False
ARMS,13,25.085,5844.805,False
MCGAU,30,10.39,5827.83,False
QFHD,31,28.0674,5825.736,False
APRZ,31,40.9439,5824.838500000001,False
FBX,31,26.0532,5819.297500000001,False
MB,31,5.8,5793.400000000001,False
INTM,31,51.535,5771.92,False
SCOW,31,23.5363,5763.5226999999995,False
VALG,31,15.4363,5754.094,False
MAPP,31,28.3036,5752.944,False
EBON,31,2.0,5752.599999999999,False
ARCP,13,25.0215,5751.335,False
NBGX,31,30.1945,5740.9612,False
FIGX,31,10.3,5723.200000000001,False
BSJY,31,25.05,5711.26,False
NFX,30,24.3205,5697.0425,False
KDVD,31,29.3067,5691.9212,False
MEIB,14,23.7934,5680.865,False
BACCR,31,0.49,5679.16,False
ONDC,30,28.9975,5663.89705,False
PLIB,14,32.98,5649.17,False
GEG,31,2.15,5648.400000000001,False
KCAI,31,32.88,5642.385,False
ZTAX,31,25.5,5640.950000000001,False
ASGM,31,32.4149,5640.7824,False
SUPP,31,84.2036,5628.8061,False
HVMC,30,10.21,5627.965,False
PMEC,31,0.483,5601.33,False
OHAC,31,9.94,5591.9,False
TBFC,31,29.6309,5583.321599999999,False
TDACW,31,1.76,5579.43,False
CARK,31,48.6524,5544.8757,False
XBIX,31,37.5332,5542.755,False
TOT,31,24.4118,5537.5969000000005,False
AISPW,31,0.4301,5537.3397,False
TSIB,14,27.6939,5528.475,False
RCLR,31,51.37,5525.689600000001,False
KLMT,31,35.5365,5525.2392,False
USNZ,31,48.8962,5516.0118,False
RTACW,31,0.6,5506.6188,False
HYGU,5,25.0473,5490.33,False
XFLX,31,22.735,5463.0121,False
PQX,31,25.48,5454.86,False
SFWL,31,0.88,5451.285,False
MARU,31,30.4318,5450.0309,False
PCTTW,31,2.0,5445.12,False
CPHY,31,51.79,5430.599999999999,False
AMTD,31,0.7542,5421.9438,False
TVIVU,30,10.03,5421.445,False
IFBD,31,1.04,5419.02,False
CHEC,31,10.24,5411.67,False
EURK,30,11.98,5406.91,False
TACOW,31,0.71,5395.34,False
UPLT,31,25.6155,5390.3808,False
KONG,31,32.953,5386.8726,False
ESMV,31,31.606,5384.9488,False
LRE,31,1.35,5384.6,False
NBCE,31,41.1,5383.0152,False
AIX,31,23.9031,5335.7469,False
SVCC,30,10.63,5324.3775,False
SRHR,31,58.5103,5304.400000000001,False
TPLX,31,22.6156,5286.9432,False
ASPSZ,31,0.2,5281.400000000001,False
BMHL,31,5.8399,5258.7887,False
OBOR,31,27.6503,5253.557000000001,False
FEDU,31,9.2,5226.33,False
KRYP,31,17.61,5214.04,False
QQJL,31,25.3505,5183.4544000000005,False
MPWC,30,26.2559,5149.920399999999,False
NQLT,25,25.8011,5130.5562,False
AEAQ,30,10.085,5097.845,False
ASD,31,27.775,5082.6636,False
PBSC,31,25.285,5080.299999999999,False
IDAC,31,9.98,5079.820000000001,False
DLNV,31,33.515,5077.38,False
GIGM,31,1.49,5010.78,False
LGHT,31,9.1537,4979.389800000001,False
BTCK,31,24.4,4968.08,False
CLOD,31,34.0236,4960.8546,False
NYYY,31,45.6627,4955.639999999999,False
MNSX,31,22.9155,4942.4424,False
ACGR,31,71.6108,4941.2901,False
BUYZ,31,36.1513,4938.1359999999995,False
AVAZ,31,7.065,4937.336,False
OWN,31,25.07,4926.4017,False
NVIB,14,28.15,4902.46,False
SIXP,31,34.38,4901.725,False
MFUL,31,22.5967,4889.01,False
LIBD,31,264.5992,4849.56,False
DZZ,31,1.705,4835.3543,False
XLKX,31,22.0143,4809.0836,False
ABOT,31,43.1568,4777.9144,False
MVAL,31,38.8892,4772.1492,False
MYMI,31,24.575,4753.0,False
INDZ,31,25.4567,4741.994,False
KYC,31,26.5604,4734.8543,False
ARTC,31,9.9849,4730.52,False
GEND,31,13.4203,4696.7436,False
AUROW,31,0.1451,4689.01,False
PCR,31,19.7096,4679.5,False
ZTOP,31,51.7172,4678.765,False
HJUN,31,25.2624,4661.8705,False
AVGC,31,26.73,4645.6793,False
SHRY,31,46.8185,4621.9635,False
RREV,30,9.935,4604.030000000001,False
PRHIZ,31,18.785,4593.46,False
BGIN,31,2.1801,4536.3393,False
PRAE,31,41.6672,4531.4255,False
PFAI,31,2.8605,4516.34,False
IPFXW,31,1.35,4515.150000000001,False
TMNL,31,49.582,4495.389999999999,False
NRSH,31,33.1991,4493.5616,False
VWAVW,31,0.1202,4483.7004,False
GRN,31,32.485,4478.4244,False
WVVIP,31,2.685,4470.525,False
MDBH,31,2.9407,4469.46,False
BUYO,31,34.35,4457.7456,False
YFFI,31,9.86,4435.2,False
UCL,31,0.68,4434.75,False
GGTL,31,40.2957,4426.38,False
HF,31,22.7856,4419.8946000000005,False
GUACU,30,10.1206,4406.92,False
MMMA,31,25.0717,4405.3275,False
CBOT,31,25.7455,4401.2908,False
CUBWW,31,0.611,4378.095,False
APXTW,30,0.37,4362.1842,False
XLUX,31,25.0706,4357.8180999999995,False
CAMX,31,35.7872,4307.3862,False
OTGL,31,10.5815,4307.175,False
NGIF,31,12.7543,4298.1991,False
STRRP,31,9.5,4293.45,False
HQGO,31,67.6075,4287.5847,False
IONC,31,17.0894,4278.62,False
FCFY,31,29.87,4257.722,False
DACL,3,25.025,4229.224999999999,False
FDMMW,8,0.4,4221.0,False
ASMZ,31,23.8039,4215.2061,False
PEPS,31,33.075,4213.86,False
BKLG,31,25.8354,4210.905400000001,False
EO,31,9.1945,4155.1211,False
PTORU,31,10.265,4147.06,False
FDMMU,28,9.94,4107.72,False
YJ,31,1.88,4099.725,False
MSC,31,1.82,4089.75,False
MYHE,31,25.0356,4080.2799999999997,False
IBGL,31,22.6394,4060.3552,False
SVIV,30,10.2,4055.1825,False
FORH,31,25.2589,4036.207,False
ARKE,31,20.1172,4034.1420000000003,False
NYNY,31,27.7363,4023.9868,False
IH,31,1.29,4019.6400000000003,False
PTAC,31,9.93,4017.6,False
DYOR,30,10.1,3973.6605,False
PWRZ,31,31.0782,3943.6032,False
QFRD,31,29.4992,3942.4292,False
PYT,31,23.65,3924.18,False
PSFO,31,35.46,3909.5951999999997,False
TKNQ,31,23.2807,3907.1375,False
ACHX,31,40.3483,3904.5933999999997,False
YUNG,31,28.5489,3900.9966,False
FRMEP,31,25.29,3896.7000000000003,False
ASPSW,31,0.32,3884.9919000000004,False
ANEW,31,53.2239,3867.3066,False
SQLT,31,29.613,3848.923,False
FEMD,31,37.5902,3819.6994,False
PSMD,31,34.9721,3806.8468,False
XXX,31,19.8389,3803.9527999999996,False
XFLH,30,9.98,3798.5299,False
FENG,31,1.54,3769.72,False
TIIV,31,30.8441,3758.0026,False
FEBO,31,0.7401,3743.82,False
EFFI,31,27.3331,3733.1712,False
FECM,31,24.7912,3709.9808000000003,False
HDL,31,14.1,3699.8399999999997,False
XTAP,31,46.3287,3659.9673,False
QCLR,31,28.354,3648.832,False
PEVC,31,31.8562,3642.6762,False
FEBZ,31,41.3257,3616.7375,False
WLCOU,31,9.99,3610.0,False
ARCM,31,100.225,3606.12,False
NVOC,25,20.46,3601.8846,False
XIWC,31,26.3016,3570.6041999999998,False
LBO,31,27.1105,3537.9216,False
MYND,31,0.44,3534.3933,False
WDAI,31,29.1198,3533.5035000000003,False
EUDV,31,54.5723,3526.8866999999996,False
EMES,31,28.539,3499.225,False
RIVC,25,17.6345,3478.4904,False
BGIA,31,25.6705,3470.8127999999997,False
LIAM,31,227.4599,3448.0530000000003,False
IVSI,31,29.945,3442.9437000000003,False
EMOT,31,26.8952,3420.1254,False
RAC,31,10.51,3381.8100000000004,False
CMIIW,30,0.825,3380.3125,False
KPRO,31,26.8451,3376.3959999999997,False
DBCAW,30,0.415,3367.4028,False
BLCK,31,22.6098,3358.3151000000003,False
LADM,31,32.789,3355.5496,False
SLVY,28,22.3615,3338.345,False
GGRW,31,38.4758,3335.9568,False
PSMR,31,32.695,3327.24,False
IWFL,31,61.4348,3325.6446,False
VUSI,31,50.3028,3319.9847999999997,False
XLPX,31,26.4985,3293.079,False
KIQQ,31,25.4186,3292.8999999999996,False
SPEG,31,10.34,3288.12,False
ELOG,31,0.7957,3284.145,False
CLIM,31,26.4042,3266.5256,False
DDTA,31,20.7998,3262.68,False
TRUI,31,26.6803,3247.6182000000003,False
HDRNW,31,0.15,3243.321,False
ACOM,31,23.105,3239.705,False
DGLO,31,24.975,3238.6905,False
BEEZ,31,35.3112,3233.6564,False
TRSG,30,1.4559,3228.58,False
MHX,25,14.4448,3214.392,False
VOXP,31,40.2137,3206.6748000000002,False
TIPD,31,93.6953,3205.86,False
GUSA,31,66.9876,3197.6495999999997,False
GDOC,31,37.2566,3195.1623,False
XSLL,30,9.97,3192.05,False
EPIN,31,29.31,3190.1,False
JFU,31,2.32,3180.8999999999996,False
LATA,30,10.15,3180.0200000000004,False
MLDR,31,48.125,3177.2400000000002,False
APUR,30,9.97,3170.8599999999997,False
GYRO,31,5.48,3164.4,False
TRUM,29,25.655,3133.3428,False
MMID,31,27.7055,3096.2646,False
JWEL,31,2.72,3090.824,False
BCTXL,31,0.84,3089.75,False
TYYY,31,36.2362,3088.8,False
NITE,31,39.6254,3086.4504,False
ESBG,31,22.11,3081.3896000000004,False
TERC,30,30.9452,3055.2918,False
NUSB,31,25.225,3041.94,False
QLVE,31,33.8522,3028.4764999999998,False
JIDE,31,53.0847,3028.1040000000003,False
EMJL,31,24.7751,3025.1241999999997,False
BHYB,31,53.9888,3015.8912,False
BFAP,31,14.275,3010.3999999999996,False
XHG,31,3.91,3002.4719999999998,False
XIGV,31,23.954,3001.9,False
STYL,31,25.7121,2996.2560000000003,False
XCNY,31,33.3359,2995.6499999999996,False
LTGRU,31,10.06,2981.8799999999997,False
DINE,31,25.1,2980.0899999999997,False
MBVI,31,10.21,2969.64,False
NXUS,31,24.62,2960.4,False
COMD,31,28.913,2953.69,False
VLLU,31,26.9742,2953.6099999999997,False
HWO,19,27.0334,2946.3,False
LOPP,31,38.4703,2939.6137,False
MOLN,31,4.25,2932.2724,False
SIMA,31,10.98,2931.92,False
AACG,31,1.01,2930.0913,False
PMTL,18,24.7276,2905.2424,False
GLCR,31,24.66,2897.3087,False
FBYY,31,10.7952,2892.4799999999996,False
PRTO,31,28.5818,2882.0552,False
LKSP,31,10.19,2878.0817,False
JLCO,24,26.0297,2866.58245,False
LIAE,31,201.3175,2829.54,False
BAERW,31,0.178,2828.3723,False
MULT,31,24.9753,2813.7,False
GGM,31,31.8586,2813.2864,False
TWSC,31,23.3475,2795.7018000000003,False
MOBBW,31,2.25,2787.99,False
MRA,31,19.5869,2783.69,False
PSMO,31,33.19,2777.0316,False
GEVC,27,24.2775,2762.0879999999997,False
TEKY,31,45.9274,2748.9726,False
NUIF,31,25.3631,2735.5950000000003,False
TRAD,31,10.0399,2720.8129,False
GEW,31,57.125,2681.2996,False
SSS,31,20.7919,2666.7783,False
LFAI,31,144.9902,2635.2000000000003,False
QBKF,31,26.3693,2633.7164,False
SLWS,31,101.24,2622.62,False
PAII,31,10.26,2618.88,False
CBOA,31,24.2623,2612.4336,False
TKNS,31,21.7563,2606.4675,False
MESHW,31,0.265,2596.66,False
TEMC,27,16.4374,2576.0778999999998,False
PRXI,31,25.8468,2571.9718000000003,False
MIGO,31,30.6503,2567.6023999999998,False
GMMA,31,22.0599,2562.204,False
RESM,31,24.8827,2561.5324,False
TAVI,30,10.69,2554.91,False
LIAU,31,250.5175,2552.1,False
PCAPU,30,10.44,2539.5,False
IOSX,31,28.625,2521.344,False
XLIX,31,27.9125,2512.125,False
JBK,31,25.72,2510.0,False
TESC,31,18.9243,2509.1706,False
CBOL,31,23.515,2484.6506,False
TABD,31,24.6,2484.5697,False
AXINR,31,0.3499,2477.98,False
BIVIW,31,0.24,2463.7200000000003,False
ARVR,31,57.5112,2461.1953,False
OFSSH,31,23.698,2459.6,False
MUSQ,31,25.3058,2457.9065,False
ENRDW,31,0.4756,2445.59,False
INLX,30,5.5,2411.43,False
NHYB,31,24.62,2404.92,False
NVC,31,31.8897,2400.6954,False
BHAV,31,10.01,2397.6,False
BFXU,31,23.985,2396.4083,False
HOOC,27,16.5599,2395.6893,False
APMCU,31,10.02,2364.72,False
BTRN,31,24.7915,2361.852,False
SPAQ,31,93.77,2354.25,False
TVIV,25,9.91,2346.3,False
FDRX,31,23.1794,2344.9083,False
ATC,31,21.156,2331.6000000000004,False
GLX,31,12.668,2330.3462999999997,False
JOBC,27,22.7374,2326.8166,False
EYEG,31,34.46,2315.185,False
HULL,31,26.8798,2311.3550999999998,False
IVSX,31,25.6987,2310.4,False
VDI,31,37.2723,2292.2445000000002,False
TVAI,31,10.37,2291.77,False
USML,31,47.255,2282.5611000000004,False
BCCQW,8,0.5298,2279.7327,False
RECI,25,20.4066,2276.7127,False
MDAIW,31,0.56,2269.3,False
CDPI,25,20.4301,2265.1216,False
SSEA,30,10.28,2254.29,False
GSRF,31,10.2,2245.36,False
PACH,31,10.3,2236.68,False
GRAN,31,1.26,2232.8399999999997,False
SOFC,27,22.938,2203.0099,False
QSEA,30,10.65,2202.38745,False
VUS,31,30.6924,2201.73,False
EEE,31,21.1321,2192.0652,False
CHYG,31,25.09,2186.4231,False
KNOW,31,13.19,2185.2264,False
UUUC,27,28.0688,2179.3812,False
USLN,31,50.61,2171.5,False
LFDR,31,176.118,2171.16,False
TBFG,31,33.3494,2167.7435,False
FPAS,31,24.485,2164.48,False
COIX,31,25.8776,2164.3265,False
DDTM,31,20.41,2163.99,False
WTG,31,10.49,2156.82,False
PRAB,31,24.91,2137.1,False
FMAC,30,10.02,2134.335,False
PAAC,30,9.97,2106.54,False
TIPC,31,95.6887,2106.2799999999997,False
APAC,31,10.21,2103.26,False
AZTD,31,32.958,2085.5835,False
QUA,27,21.4511,2064.807,False
LFAW,31,167.6025,2061.0,False
WNDR,31,27.8609,2033.8457,False
ENHI,31,27.7798,2027.795,False
EDTK,31,0.86,2010.9502,False
NAMSW,31,16.0,1995.0,False
CBTA,31,20.987,1994.7758999999999,False
UPSC,27,19.2335,1963.8899999999999,False
SCAU,10,25.2854,1956.4572500000002,False
CCFE,31,27.6969,1951.5929999999998,False
SBXE,31,10.105,1950.72,False
PRVT,31,23.1502,1944.6168000000002,False
AAUA,31,58.963,1932.2268,False
ZSC,31,30.7054,1928.1527999999998,False
PLUN,30,10.0,1919.25,False
CSHRW,31,0.7,1908.0872000000002,False
MACI,31,10.94,1901.27,False
PCLN,31,31.9836,1895.375,False
LIFT,31,22.6388,1876.4972,False
OND,31,35.3305,1872.5165,False
KBUF,31,26.6902,1866.9263999999998,False
GENW,31,15.4705,1850.0573,False
APXM,31,32.035,1822.575,False
UPGR,31,24.9162,1818.8826,False
QIS,31,10.7753,1810.2504,False
LFBE,31,175.9894,1799.7,False
SLDPW,31,0.044,1784.2,False
MCOW,31,22.493,1766.739,False
MYMG,31,24.605,1745.535,False
TMDV,31,53.5355,1744.8221999999998,False
TRUN,29,29.4459,1740.5818,False
TEMX,31,37.4936,1738.0272,False
EMDV,31,47.3399,1731.5839999999998,False
DFDVW,31,0.3001,1710.098,False
MGKX,31,23.434,1709.05,False
OIM,30,10.13,1704.7050000000002,False
BWOW,31,11.525,1703.73,False
BSTU,31,25.035,1700.0,False
MYMK,31,24.835,1692.18,False
ACLZ,31,15.1466,1672.5104,False
BFJL,31,17.3402,1644.96,False
GUACW,31,0.62,1629.9997,False
CAMC,31,23.07,1616.3741,False
QMID,31,30.6877,1612.7532,False
MDAA,31,118.0085,1610.3234,False
MYMJ,31,24.665,1605.175,False
CPRA,31,27.917,1587.1479,False
WRND,31,43.5551,1585.4664,False
WTMY,31,25.125,1582.875,False
SUMA,31,9.92,1582.05,False
LFAO,31,157.5528,1581.3419999999999,False
RKSG,31,28.7259,1579.9244999999999,False
TAX,31,32.0544,1554.0,False
KCSH,31,25.09,1553.72,False
XLBX,31,25.0859,1549.2295,False
MUND,31,101.085,1537.5,False
ALOV,30,9.96,1532.3,False
CPII,31,18.925,1527.6599999999999,False
GHXIW,2,0.75,1527.4602499999999,False
ODDZ,31,25.2864,1495.8953999999999,False
WHLRP,31,9.6741,1492.42,False
TIPA,31,98.7277,1478.772,False
CGOV,31,25.08,1478.54,False
YICC,26,9.92,1473.12,False
GEQ,31,52.5892,1468.8016,False
ADXN,31,5.7,1465.365,False
BRKL,31,23.8757,1451.7342,False
LGCF,31,38.6434,1437.45,False
HVIIR,31,0.2801,1429.3999999999999,False
IDACW,31,0.2501,1428.3400000000001,False
ALF,31,10.84,1426.92,False
FACTW,31,0.23,1420.71,False
RB,31,47.1052,1418.346,False
CGRO,31,22.4982,1416.096,False
NBRG,31,10.02,1408.59,False
OCSAW,31,4.75,1385.0,False
ABI,31,24.795,1384.32,False
REMC,31,23.7224,1380.6145999999999,False
PGYWW,31,0.0259,1378.2962,False
EGLE,31,32.6209,1370.0778,False
GRMLW,31,0.15,1369.925,False
BILD,31,29.7693,1357.0874999999999,False
ALRG,31,31.4411,1351.9673,False
SBCWW,31,0.24,1351.5375,False
XBNB,31,20.8221,1334.2832999999998,False
NRES,31,34.605,1331.19,False
NBTR,31,49.1861,1326.51,False
MTNE,30,9.871,1318.3319999999999,False
TTOP,31,15.077,1300.1175,False
CAIIW,30,0.2112,1295.745,False
NTZ,31,1.35,1290.6000000000001,False
ITHA,30,10.03,1281.98,False
HEQQ,31,61.9322,1280.538,False
EMAU,10,25.5402,1269.315,False
IDVY,31,27.4563,1268.5267000000001,False
LLDR,31,42.7722,1259.6179,False
BESO,31,25.72,1259.33,False
ONCH,31,10.29,1254.1599999999999,False
DTSQ,30,11.26,1250.8600000000001,False
PTORW,31,0.43,1247.1200000000001,False
FLAG,31,28.5143,1246.366,False
FERAR,30,0.32,1245.3649,False
IWML,31,34.495,1231.1403,False
FMCX,31,37.2533,1219.155,False
NFRX,31,26.5302,1217.232,False
SHOTU,30,9.9677,1216.01,False
QQMY,31,26.1311,1211.8847999999998,False
MUNB,31,100.17,1201.68,False
GRRRW,30,0.175,1201.1150499999999,False
SVAQW,31,0.43,1186.374,False
NOEM,30,10.69,1167.04,False
DUKRW,30,1.78,1158.8,False
KITTW,31,0.0139,1145.1224,False
ALDF,31,10.77,1134.2106,False
MYMH,31,24.44,1125.62,False
NCOOW,11,0.0245,1125.0,False
IGCB,31,44.7631,1118.25,False
YLDY,3,25.0172,1104.0524,False
EXYNW,30,0.65,1096.7105,False
PMDE,31,26.14,1094.73,False
HCMA,30,10.32,1094.29,False
SAC,31,10.09,1094.0400000000002,False
LAFA,31,10.1339,1091.8799999999999,False
FGSI,31,21.365,1086.5,False
PTNT,31,24.7746,1078.7805,False
LCDS,31,74.5104,1071.813,False
MCAH,31,9.9899,1055.76,False
BIOTW,17,0.0155,1040.0598,False
SCPQU,31,10.2,1030.0,False
KBONU,31,10.24,1029.0,False
CAUG,10,25.344,1027.7562,False
SUMAU,31,10.25,1022.0000000000001,False
BDCIU,30,10.25,1019.9999999999999,False
HCACR,30,0.25,1019.4456,False
IDACU,31,10.1,1016.0,False
PJFM,31,69.0615,1011.7724999999999,False
GMEC,31,16.6918,1011.1583999999999,False
NSIG,28,25.3871,1003.0877499999999,False
EUIG,31,49.815,998.4000000000001,False
SIFI,31,43.43,996.935,False
ALISR,30,0.6201,984.41,False
MTRA,31,27.4218,976.8924,False
TIPB,31,97.555,976.8000000000001,False
CHNL,31,21.9333,972.6143999999999,False
PCSG,31,23.8746,970.5487,False
ARQQW,31,0.01,960.736,False
XAGI,31,21.0958,948.8847,False
WSGE,31,28.9028,943.1702,False
ACGO,31,38.82,932.9088,False
PLMKW,31,0.33,928.8000000000001,False
CAIIU,30,10.05,927.775,False
EGHAR,30,0.38,903.0,False
EMFI,31,50.0156,901.98,False
BCCQ,10,9.878,900.9,False
RDZNW,31,0.1021,895.8254,False
XVUG,31,23.7226,893.4618,False
ARKT,31,19.31,891.8544,False
YICCU,30,10.09,890.3100000000001,False
AFJKR,31,0.1508,890.134,False
DAK,31,30.0743,878.43,False
CMCI,31,30.4738,875.7719999999999,False
CBIL,31,25.08,873.6,False
ARLI,31,27.0734,866.2176,False
EAFG,31,26.3636,864.458,False
SHPP,31,35.7299,863.3649999999999,False
TLSIW,30,0.56,860.14085,False
ZSB,31,22.045,859.7550000000001,False
FTHAW,31,0.2448,856.08,False
UCRD,31,21.085,854.4,False
UN,30,21.9198,846.1996,False
ISHP,31,36.5359,834.8399999999999,False
ACVT,31,28.5969,816.64,False
ARKI,31,22.3363,804.78,False
BCKT,31,40.32,803.0,False
PALO,30,9.95,802.7019,False
SMDX,31,27.6945,802.38,False
MKAM,31,32.4566,798.25,False
PCI,31,49.1114,790.2448,False
LTGRW,16,0.2502,788.3317999999999,False
MUSE,31,49.715,786.72,False
PCFI,31,22.445,786.4499999999999,False
RGTC,25,33.7822,779.4254000000001,False
QULL,31,70.665,777.0070000000001,False
DMAAR,31,0.1569,775.4877,False
SASS,31,25.3048,766.1247,False
BNMC,27,37.4837,765.242,False
UNIY,31,47.6197,764.8672,False
SMRX,27,23.7117,749.0736,False
ASEC,31,49.95,748.05,False
HAPS,31,38.6263,747.6959999999999,False
FLDZ,31,33.9903,742.4825000000001,False
AAAD,31,49.495,741.75,False
FGIWW,30,0.11,734.8484000000001,False
NHICW,30,1.7,730.8299999999999,False
PCL,31,47.3182,724.2,False
TRUU,29,24.1511,719.7103999999999,False
GIEQ,31,43.1603,715.1373,False
FUSD,31,25.085,702.1,False
MUNA,31,99.83,701.3299999999999,False
XEY,31,19.725,693.0,False
GSRFR,31,1.7,689.0400000000001,False
ARIA,6,25.5334,687.10765,False
ARKD,31,20.48,684.656,False
CRUC,31,13.884,677.6883,False
BREZ,30,9.96,670.9499999999999,False
NAMMW,31,0.245,670.5600000000001,False
PSCQ,31,31.865,668.43,False
TAPR,31,26.68,667.25,False
REAI,31,21.9054,662.8451,False
FIYY,31,24.535,662.445,False
YDESW,31,0.25,657.75,False
FHIL,31,25.6309,657.163,False
BCGS,31,28.8308,656.8317,False
VEFA,31,85.0098,655.3232,False
PLUT,30,2.725,646.8912,False
PINC,31,50.0651,646.62,False
BGLWW,30,0.065,644.18975,False
RHTX,31,20.5756,637.8436,False
SABSW,31,0.0177,634.13,False
BRKHW,24,0.1601,633.991,False
GRABW,31,0.0198,631.84,False
CXAIW,31,0.0376,615.172,False
RAAY,31,102.4052,613.6986,False
MUNC,31,100.875,610.38,False
RCLY,31,102.77,609.0558,False
ILLRW,30,0.0403,601.7568,False
LQDD,5,50.4353,597.4368,False
PDYNW,31,0.0081,588.0468,False
WLII,30,10.26,585.9599999999999,False
MSIX,31,33.5596,578.4156,False
EXPN,3,25.9197,570.2334,False
TRUR,29,25.415,564.5376,False
IGGY,31,30.063,564.2126,False
FRIZ,31,27.592,562.1448,False
APMCR,31,0.12,550.0,False
AKAF,31,33.5029,543.9575,False
BRRWW,31,0.2476,537.5129999999999,False
VNSE,31,42.7501,535.886,False
ADAC,30,10.1,534.77,False
BRKHU,30,10.5,533.1800000000001,False
HCMAU,30,10.48,523.5,False
PJUS,31,53.2553,520.1120000000001,False
TEMD,31,24.775,519.645,False
FWACU,30,10.145,508.03000000000003,False
GOVM,31,24.875,496.2,False
VMSB,31,49.595,493.9,False
ZCBA,31,48.925,488.0,False
SPYA,31,30.9695,486.0544,False
ZCBB,31,48.7314,485.09999999999997,False
MCGAW,31,0.36,481.41,False
KRAQW,30,0.4,480.48,False
GIXXR,31,0.29,479.43,False
PMTRW,30,0.75,469.1706,False
DVXV,31,33.5178,466.7264,False
USX,31,25.6022,461.662,False
ABXB,31,19.155,460.1376,False
TVACW,31,0.4605,458.4,False
NICO,31,24.8289,452.5272,False
NUDG,31,64.8908,447.2783,False
NEOVW,31,1.33,445.2,False
MSR,31,14.505,440.448,False
ZCBF,31,48.3487,439.38,False
ZCBC,31,48.6503,439.11,False
ZCBE,31,48.5197,438.84,False
ZCBG,31,48.2575,438.84,False
XW,31,24.9206,436.5144,False
FMCE,31,29.0814,435.522,False
EFFE,31,28.4815,432.4885,False
VEM,31,27.7717,431.312,False
CRGOW,31,0.0564,431.235,False
LTRYW,31,0.006,428.697,False
QBIV,31,27.44,427.76,False
USMD,31,32.2647,421.30400000000003,False
BABC,27,30.5702,417.3632,False
GARA,31,27.5797,413.20050000000003,False
MOBXW,30,0.0859,409.08124999999995,False
ENHU,31,28.9284,402.2886,False
KIDZW,31,0.0084,399.49420000000003,False
CUST,31,25.065,398.88,False
MYHA,31,24.915,396.96,False
MJUN,31,32.95,396.12,False
BNCWZ,31,0.0599,391.68,False
HUBCW,31,0.011,386.0143,False
PSFM,31,35.48,385.33000000000004,False
AAAC,31,20.09,381.615,False
TXUG,31,28.4003,381.0688,False
PQNT,31,23.7501,380.792,False
CCOM,31,23.885,377.9248,False
PMAU,31,26.9698,376.6686,False
EPEM,31,30.0331,376.6386,False
AMUB,31,23.5428,376.49219999999997,False
IDJL,31,25.6342,375.94649999999996,False
SCUB,31,25.07,375.15000000000003,False
INDQ,31,27.0164,374.794,False
ARBEW,31,0.0319,372.6285,False
SSMG,31,28.1221,371.32759999999996,False
WX,31,25.3738,371.3056,False
TILC,31,26.1199,365.8998,False
GLBL,31,28.6605,365.235,False
IRVH,31,19.09,362.33,False
DGOC,31,32.7907,360.03,False
DVVY,31,27.603,359.9063,False
CVRD,31,18.7596,359.222,False
EPSB,31,28.2196,358.4373,False
SHUS,31,52.2018,357.9828,False
IQSZ,31,32.6656,356.6332,False
RTAI,31,21.1079,356.15,False
LQDU,5,24.7172,350.637,False
PCLC,31,25.3149,350.1694,False
DAAQW,31,0.1452,348.16,False
WEBX,31,21.762,346.8928,False
VRXAW,31,0.0875,344.65409999999997,False
TFGZ,31,37.8708,343.238,False
EDBLW,31,0.041,341.8295,False
NOEQ,31,29.8231,341.5752,False
IQRA,31,30.5486,341.2497,False
VBX,31,26.4802,340.9536,False
FLXI,31,48.865,340.90000000000003,False
APDB,31,26.1616,340.6728,False
RNMN,31,26.06,338.51869999999997,False
TISC,31,24.0759,336.76160000000004,False
CRIB,31,25.4478,332.9872,False
RCGE,31,31.3453,331.41679999999997,False
DVXB,31,28.6531,328.548,False
HWIV,19,26.695,328.30330000000004,False
GBHI,31,25.3049,328.25,False
EPMV,31,27.3871,327.02639999999997,False
CARX,31,26.7307,324.4696,False
AACIW,30,0.3599,320.235,False
XPAV,31,25.9767,319.0291,False
CBXL,31,19.9552,318.7744,False
EMMY,31,24.787,318.7652,False
LATAW,30,0.2801,317.62014999999997,False
HAUG,10,25.1125,314.67465000000004,False
SCMY,31,26.088,313.05600000000004,False
CRXP,31,19.551,312.48,False
SPWRW,31,0.049,311.5756,False
VNIE,31,25.8153,309.7356,False
HWSM,31,32.0702,308.65500000000003,False
GCGRW,31,0.73,307.7,False
SDCP,31,25.5851,307.0212,False
AACBR,31,0.012,304.265,False
FMSTW,31,0.3001,302.46999999999997,False
BENFW,30,0.0099,301.99440000000004,False
EXEQ,31,28.1452,300.9149,False
LPAAW,31,0.18,300.3501,False
IPEXR,30,0.5999,297.28499999999997,False
TSPX,31,30.6711,296.443,False
ADSEW,30,0.5,294.82500000000005,False
AQLG,31,26.7834,294.6174,False
IVDAW,31,0.036,293.9274,False
IMTG,31,48.48,291.84000000000003,False
DWWN,31,23.6736,291.3036,False
ORO,31,17.8867,289.9024,False
EPMB,31,27.1343,287.82050000000004,False
CMAY,31,25.9107,285.3389,False
FLAO,31,28.575,283.8,False
DVXP,31,25.6033,283.6053,False
APLMW,31,0.0171,282.94539999999995,False
CTAU,10,25.3527,278.91985,False
CTWO,31,18.25,274.875,False
HBTC,31,17.7078,273.312,False
MYMF,31,24.83,272.90999999999997,False
DVRE,31,24.7736,271.9112,False
PSCW,31,30.495,270.40500000000003,False
TINS,31,29.6054,267.23339999999996,False
USFI,31,24.285,267.08000000000004,False
XKRE,31,30.3766,265.02750000000003,False
TACHW,31,0.51,264.6,False
LRNX,31,23.4691,262.73519999999996,False
MDCXW,30,0.3302,261.67999999999995,False
PIIIW,31,0.0182,260.2278,False
BFEW,31,21.795,257.88,False
LCO,31,28.3838,256.809,False
WTMU,31,25.375,254.65,False
SJLD,31,25.27,252.25,False
BAY,31,29.4648,251.11169999999998,False
YCLO,31,25.205,250.7,False
MYHB,31,24.98,249.45,False
CIVG,31,24.96,249.14999999999998,False
ERNAW,30,0.0502,247.77249999999998,False
DVIN,31,31.525,247.6912,False
TROT,31,24.62,245.39999999999998,False
PGRI,31,27.3376,243.9576,False
MHIG,31,20.2629,242.12879999999998,False
NPACW,30,0.2,240.6,False
KEYX,31,24.7826,240.00699999999998,False
CYCUW,31,0.0304,239.12640000000002,False
XEML,31,26.192,238.5441,False
XCOM,31,24.6292,236.9499,False
DVUT,31,26.1514,236.8782,False
BETRW,31,0.104,236.285,False
QAU,10,25.673,229.53430000000003,False
BGFI,15,25.0699,226.9422,False
SSACW,31,0.1,226.11599999999999,False
PQXX,31,25.335,225.4509,False
MMAR,31,32.9,225.3811,False
BNAIW,31,0.1,225.12,False
MYHC,31,25.055,224.54999999999998,False
QJN,31,24.9953,223.2018,False
DGJA,31,32.015,223.125,False
MHIP,31,20.9347,222.09220000000002,False
EMXX,31,23.727,221.325,False
ZKPW,31,0.2902,218.57750000000001,False
REFA,31,23.868,214.35569999999998,False
FBYDW,30,1.455,210.78,False
AIIOW,31,0.0235,209.83409999999998,False
KDRN,31,23.07,207.8964,False
FLDDW,31,0.083,206.05010000000001,False
LGDX,31,26.0117,202.4168,False
QMY,31,26.1571,200.3144,False
MMAY,31,33.315,199.44,False
MNVR,31,33.2,198.7836,False
BD,31,24.725,198.72,False
PIEL,31,29.6297,198.6712,False
LSTB,31,24.68,198.56,False
MFEB,31,33.2648,197.21820000000002,False
RIZE,31,24.58,196.32,False
MAUG,31,33.3505,196.1094,False
MSEP,31,32.7098,194.96999999999997,False
MDCR,31,32.849,194.5608,False
CCPX,31,22.9947,193.9344,False
DFLIW,31,0.0319,193.5572,False
PMJA,31,27.71,192.465,False
DVXC,31,23.5953,191.4976,False
ONFOW,31,0.0175,189.8535,False
PECER,30,0.32,187.70000000000002,False
XVO,31,27.2325,184.7524,False
RWIN,31,27.8409,184.51999999999998,False
XHOA,31,26.267,183.10670000000002,False
MAYC,31,26.1518,182.8442,False
PMOC,31,26.325,182.525,False
DVXY,31,22.3593,180.908,False
ASTLW,31,0.0069,180.3087,False
PQV,31,25.67,179.97,False
OGSP,31,10.01,179.316,False
NISM,31,25.6069,177.4633,False
HMAY,31,25.35,177.45000000000002,False
TAJX,31,25.9251,177.0475,False
BMSI,15,25.285,175.875,False
SCLXW,31,0.17,175.12380000000002,False
CJUN,31,25.4664,174.58980000000003,False
CIEI,31,24.9551,174.3343,False
CCRP,31,19.305,174.195,False
SCJL,31,25.3256,174.174,False
QJL,31,25.3352,173.5874,False
XLYX,31,23.9947,172.9805,False
LSCP,31,24.7086,172.69,False
HBRD,31,24.381,171.5,False
BRZX,31,22.2156,167.6227,False
HFSP,31,13.185,166.44,False
AESPR,31,0.21,165.42,False
PMFB,31,27.575,165.18,False
PMAP,31,27.505,164.3658,False
PMMR,31,27.345,163.26,False
XEUR,31,26.7543,162.63660000000002,False
PMMY,31,27.045,161.91,False
TOAO,31,27.5084,161.01780000000002,False
INACR,31,0.1002,160.81,False
DSYWW,31,0.0162,160.3125,False
PMSE,31,26.555,159.18,False
OCDB,31,26.3857,158.49,False
JHAC,31,15.66,157.446,False
JADB,31,26.235,157.23,False
PMNV,31,26.275,156.59879999999998,False
SCJN,31,25.9643,155.51160000000002,False
CTMA,31,25.77,154.8012,False
CJUL,31,25.53,154.10999999999999,False
CTJL,31,25.6125,153.5154,False
IDMY,31,25.8156,153.3282,False
HJLY,31,25.31,152.421,False
JUNC,31,25.4961,152.3862,False
PQXV,31,25.395,152.37,False
CTJN,31,25.41,151.9236,False
IDJN,31,25.6129,151.5078,False
CLOO,31,25.2,150.81,False
WDE,31,25.0501,150.54059999999998,False
LTAX,31,24.7467,150.48,False
UUPP,31,25.13,150.42000000000002,False
QQJN,31,25.0561,150.35039999999998,False
AMHI,31,24.5657,149.57999999999998,False
SKYAW,31,0.0226,143.3518,False
MRNOW,31,0.0124,141.92680000000001,False
EMJN,31,23.205,137.349,False
ALPXR,29,0.16,136.0,False
DSACW,30,0.6,135.9152,False
BZFDW,31,0.0167,133.6345,False
RMSGW,31,0.0347,132.1648,False
RFAIR,31,0.1072,131.78,False
ACONW,31,0.0248,130.8525,False
YICCW,25,0.45,127.5,False
HUBCZ,31,0.0125,125.2941,False
LUCYW,30,0.0393,124.6958,False
MLECW,31,0.0135,122.16959999999999,False
FWACW,12,0.05,120.78,False
MSAIW,31,0.0249,110.0,False
ODHY,31,9.96,109.32900000000001,False
NOEMW,30,0.16,108.3215,False
CDROW,31,0.7683,106.77640000000001,False
BFJA,31,17.33,104.7624,False
WLIIW,30,0.84,102.89999999999999,False
SAAQW,31,0.83,101.0,False
OHACR,31,0.22,100.25,False
ENGNW,31,0.2447,97.2,False
AENTW,31,0.3,92.974,False
CRANR,30,0.2299,88.125,False
FVNNR,30,0.19,81.87,False
RANGR,31,0.24,81.048,False
SORNW,31,0.2399,77.7992,False
IACOW,31,0.344,69.10379999999999,False
STLNW,29,0.0569,68.7045,False
CCCTW,12,0.321,68.04249999999999,False
BLZRW,30,0.3001,67.22,False
DAICW,31,0.0039,64.464,False
WALDW,31,0.0233,63.800000000000004,False
PARAW,30,0.0124,63.051100000000005,False
COLAR,31,0.3751,62.29729999999999,False
AESPW,31,0.06,55.77,False
HUMAW,31,0.0074,54.302,False
HOLOW,31,0.0597,53.2,False
XOSWW,31,0.0008,52.3692,False
PBMWW,31,0.0226,52.160799999999995,False
RNWWW,31,0.0068,49.8993,False
CINGW,31,0.007,48.615,False
DNMXW,31,0.2389,48.0,False
ISNRW,13,0.2599,46.02,False
VGASW,30,0.0334,44.67705,False
SWVLW,30,0.0085,44.28975,False
KCHVR,30,0.115,43.8463,False
OSRHW,31,0.0496,40.3192,False
EUDAW,31,0.0299,40.217600000000004,False
NCOOR,11,0.2,40.0,False
VFSWW,31,0.2533,39.9,False
SDSTW,31,0.1396,38.07,False
BEATW,31,0.015,36.6016,False
ICUCW,31,0.0224,36.3802,False
RCKTW,31,0.001,34.7159,False
PRENW,30,0.0113,34.3388,False
LIMNW,31,0.047,34.092999999999996,False
SLXNW,31,0.0129,34.0,False
LNZAW,31,0.0137,33.21,False
AERTW,31,0.02,32.2,False
BLRKW,30,0.3887,30.38,False
COOTW,31,0.0167,29.7093,False
FIGXW,31,0.1911,28.000000000000004,False
POLEW,30,0.1899,25.185000000000002,False
AACPW,31,0.0904,22.08,False
KWMWW,31,0.0095,21.96,False
NVNIW,30,0.0284,20.20475,False
PONOR,31,0.2302,20.02,False
IEAGR,31,0.18,19.99,False
DMIIR,31,0.0998,19.44,False
ALOVW,30,0.3576,18.9528,False
COCHW,30,0.0301,18.93315,False
SQFTW,31,0.014,18.857400000000002,False
NXGLW,31,0.0243,18.504900000000003,False
AACOW,30,0.37,18.5,False
MKLYR,31,0.25,18.0,False
TRGSR,31,0.1708,17.02,False
LPBBW,30,0.2899,16.68,False
MTEKW,31,0.1129,16.2004,False
BFRIW,30,0.0249,16.0697,False
BFRGW,30,0.1169,15.8445,False
TVIVW,26,0.3199,15.024999999999999,False
RVSNW,30,0.019,9.9784,False
ASBPW,31,0.0195,9.450000000000001,False
ZEOWW,30,0.018,7.8486,False
AMODW,31,0.0276,7.532,False
OXBRW,30,0.0805,7.0840000000000005,False
GDEVW,31,0.001,6.918,False
CRACR,30,0.1269,6.5,False
CDIOW,31,0.0174,6.2738,False
ABLVW,30,0.0166,6.201600000000001,False
VEEAW,30,0.0352,6.0398,False
CDTTW,30,0.0108,5.4367,False
DRMAW,31,0.0006,4.4979,False
ONMDW,30,0.036,4.28125,False
NEXRW,31,0.0147,2.74,False
BTBDW,30,0.03,2.38075,False
KTTAW,30,0.0069,2.292,False
MNYWW,30,0.04,2.1149999999999998,False
ANGHW,31,0.0075,1.9,False
DFSCW,31,0.0252,1.7877,False
TNONW,31,0.008,1.2463,False
GGROW,31,0.0061,0.61,False
LPCVU,30,10.0999,0.0,False
QETAU,30,11.51,0.0,False
LPCVW,30,0.33,0.0,False
WLDSW,30,12.0,0.0,False
BKHAR,30,1.31,0.0,False
AACOU,30,10.13,0.0,False
BANXR,30,0.0141,0.0,False
QSEAR,31,0.25,0.0,False
LKSPR,30,0.9285,0.0,False
QADR,30,9.97,0.0,False
OYSE,31,10.35,0.0,False
BLIV,31,2.3,0.0,False
TACHU,30,10.7,0.0,False
OTGAU,30,10.36,0.0,False
FACTU,30,10.83,0.0,False
BKHA,31,11.83,0.0,False
HCICU,30,10.12,0.0,False
CHPG,30,10.45,0.0,False
LAFAR,31,0.0803,0.0,False
QSEAU,30,10.71,0.0,False
QUMSR,30,0.1463,0.0,False
HCMAW,30,0.6012,0.0,False
QETA,30,11.74,0.0,False
QUMSU,30,10.33,0.0,False
ISNRU,30,10.02,0.0,False
BKHAU,31,11.95,0.0,False
LPBBU,30,10.85,0.0,False
CRAQ,30,10.35,0.0,False
BIDWU,31,9.96,0.0,False
FGIIW,30,0.2151,0.0,False
VHCPU,31,10.1216,0.0,False
GJO,31,24.9,0.0,False
PLTS,30,17.5,0.0,False
PONOU,30,10.47,0.0,False
MACIU,31,11.15,0.0,False
SVCCU,30,10.65,0.0,False
APXTU,30,10.22,0.0,False
CHARR,30,0.09,0.0,False
TACOU,30,10.7501,0.0,False
ARTCU,31,10.13,0.0,False
AACI,31,10.05,0.0,False
NCL,30,0.159,0.0,False
MBVIW,30,0.35,0.0,False
MCAHU,30,10.18,0.0,False
SVIVW,30,0.7999,0.0,False
MEVOU,30,10.1201,0.0,False
POLEU,30,10.86,0.0,False
SVREW,30,0.0106,0.0,False
EURKU,30,11.64,0.0,False
NBRGR,30,0.1851,0.0,False
LPAAU,30,11.11,0.0,False
PONO,30,10.02,0.0,False
PMTRU,30,11.135,0.0,False
WENNU,31,10.46,0.0,False
ZOOZW,30,0.022,0.0,False
CUBWU,30,11.05,0.0,False
AIMDW,30,0.1034,0.0,False
KEYYU,31,10.11,0.0,False
MEVO,30,9.97,0.0,False
MACIW,30,0.1332,0.0,False
ORIQ,31,10.37,0.0,False
WPAC,30,10.02,0.0,False
GTERW,30,0.0681,0.0,False
GTERA,30,10.39,0.0,False
BIAFW,31,0.075,0.0,False
BACCU,30,11.23,0.0,False
GTENU,30,10.8,0.0,False
SOCA,30,10.33,0.0,False
GPAT,30,11.16,0.0,False
ALUB,31,10.15,0.0,False
CTAAR,30,0.2101,0.0,False
PGACR,31,0.1501,0.0,False
OIOWW,30,0.056,0.0,False
CHARU,30,10.8,0.0,False
AEAQW,30,0.34,0.0,False
ORIQW,30,0.14,0.0,False
GSRFU,30,10.58,0.0,False
EVOXW,30,0.3798,0.0,False
MCAHR,31,0.2699,0.0,False
MBVIU,30,10.29,0.0,False
CRACW,30,0.04,0.0,False
GSRVR,28,1.5,0.0,False
GPACW,31,0.2399,0.0,False
MEVOW,31,0.4,0.0,False
MESHU,30,10.1101,0.0,False
GPACU,30,10.13,0.0,False
CHAR,30,10.93,0.0,False
PGACU,30,10.84,0.0,False
PGAC,30,10.69,0.0,False
AEAQU,30,10.43,0.0,False
CTAAU,30,10.1001,0.0,False
BIII,31,9.98,0.0,False
SSACU,30,10.28,0.0,False
PLMKU,30,10.81,0.0,False
EVOXU,31,10.26,0.0,False
GPATU,30,11.01,0.0,False
PECEU,31,10.29,0.0,False
PECEW,30,0.07,0.0,False
GPATW,31,0.215,0.0,False
GTERR,30,0.08,0.0,False
GSHRW,30,0.37,0.0,False
GJR,30,24.7201,0.0,False
DYORW,30,0.2005,0.0,False
PACHW,31,0.2134,0.0,False
PAACW,31,0.39,0.0,False
GIXXU,30,10.2101,0.0,False
ADACW,31,0.5,0.0,False
ACGCW,30,0.3373,0.0,False
ARCLU,31,10.19,0.0,False
BIDWR,20,0.1251,0.0,False
GIWWR,30,0.2805,0.0,False
ADACU,30,10.23,0.0,False
HCICR,30,0.1501,0.0,False
HAVAU,30,10.49,0.0,False
GJT,30,23.47,0.0,False
HAVA,31,10.18,0.0,False
ARCLW,31,0.09,0.0,False
PTACU,30,10.05,0.0,False
LWAC,30,10.35,0.0,False
LWACW,30,0.2301,0.0,False
AACIU,30,10.14,0.0,False
LPCV,31,10.05,0.0,False
PAACU,30,10.09,0.0,False
PALOU,30,10.05,0.0,False
HCHL,30,3.96,0.0,False
HCIC,30,10.0,0.0,False
GJP,30,24.72,0.0,False
QADRU,30,10.1,0.0,False
GIWWU,30,10.461,0.0,False
MKDWW,30,0.0109,0.0,False
ACGCU,30,10.1201,0.0,False
CHPGR,30,0.12,0.0,False
MYXXU,30,10.2,0.0,False
DAAQU,30,10.65,0.0,False
PTACW,20,0.25,0.0,False
ARCIW,31,0.5299,0.0,False
BOWN,7,9.19,0.0,False
KPET,30,9.975,0.0,False
HACQU,30,10.17,0.0,False
DYNCU,30,10.8501,0.0,False
DYORU,30,10.15,0.0,False
WLIIU,30,10.4401,0.0,False
MAYS,30,41.5,0.0,False
TWLVR,30,0.1252,0.0,False
CHPGU,30,10.48,0.0,False
ESLAW,30,0.0697,0.0,False
GSHRU,30,10.61,0.0,False
MAGH,30,6.76,0.0,False
PCTTU,30,11.0,0.0,False
GJH,30,9.4211,0.0,False
GTENW,30,0.8,0.0,False
MAMK,30,13.0,0.0,False
PC,30,9.4,0.0,False
HACQW,30,0.5046,0.0,False
BIXIU,31,10.22,0.0,False
ARCL,31,9.96,0.0,False
PCAPW,30,0.3,0.0,False
BRBI,31,9.1345,0.0,False
CEPS,30,10.4,0.0,False
HACQ,30,10.07,0.0,False
NBRGU,30,10.2,0.0,False
PALOW,30,0.3,0.0,False
APACU,30,10.35,0.0,False
ARCIU,30,10.38,0.0,False
OHACU,30,10.14,0.0,False
BIXIW,31,0.4,0.0,False
APACR,31,0.0801,0.0,False
LWACU,30,10.36,0.0,False
AXINU,31,11.0,0.0,False
GTERU,30,10.45,0.0,False
BEAGR,31,0.2401,0.0,False
AACO,31,9.97,0.0,False
NOEMU,30,12.12,0.0,False
DNMXU,30,10.12,0.0,False
KCHVU,30,10.9,0.0,False
ZKP,31,10.0104,0.0,False
HPAIW,30,0.0188,0.0,False
SPKLU,30,12.83,0.0,False
KFIIU,30,10.69,0.0,False
BCGWW,30,0.117,0.0,False
IRHOR,31,0.1515,0.0,False
ALVOW,31,0.2175,0.0,False
IRHOU,30,10.2,0.0,False
FERAU,30,10.69,0.0,False
NTRBW,30,0.35,0.0,False
NRSNW,31,0.075,0.0,False
LAFAU,30,10.2,0.0,False
SIMAW,31,0.1603,0.0,False
DMAAU,30,10.79,0.0,False
IOR,31,20.02,0.0,False
TVAIR,30,0.1258,0.0,False
ECXWW,30,0.0497,0.0,False
SXTPW,31,0.0354,0.0,False
FSHP,31,11.23,0.0,False
NMPAU,30,10.35,0.0,False
TAVIU,30,10.8,0.0,False
HAVAR,30,0.1536,0.0,False
ITHAW,31,0.2006,0.0,False
DRDBW,30,0.1899,0.0,False
SVCCW,30,0.3045,0.0,False
SWAGW,31,0.0151,0.0,False
TVAIU,30,10.5,0.0,False
SSEAU,30,10.4,0.0,False
SSEAR,30,0.1501,0.0,False
JENA,30,10.41,0.0,False
KEYYW,31,0.3551,0.0,False
LOTWW,30,0.0532,0.0,False
ITHAU,30,10.06,0.0,False
SSACR,31,0.17,0.0,False
YHNA,30,10.96,0.0,False
NOEMR,30,0.1301,0.0,False
SPEGU,30,10.48,0.0,False
NTWOU,30,10.65,0.0,False
SORNU,30,10.255,0.0,False
NTWO,30,10.71,0.0,False
XCBEU,30,10.06,0.0,False
FVAV,31,10.19,0.0,False
ETSS,30,9.87,0.0,False
FOXXW,30,0.07,0.0,False
QETAR,30,0.65,0.0,False
WHLRL,30,80.0,0.0,False
CHECU,30,10.25,0.0,False
INACU,30,10.33,0.0,False
SPEGR,30,0.23,0.0,False
MUZE,30,9.99,0.0,False
IBAC,31,10.88,0.0,False
IBACR,31,0.1097,0.0,False
OTGAW,31,0.35,0.0,False
SIMAU,31,10.93,0.0,False
FGNXP,30,24.9901,0.0,False
BSAAU,30,10.41,0.0,False
PECE,30,9.96,0.0,False
FSHPR,31,0.07,0.0,False
NPACU,30,10.47,0.0,False
FUFUW,31,0.14,0.0,False
IPEXU,30,11.05,0.0,False
SORN,30,9.96,0.0,False
YHNAU,31,11.04,0.0,False
SOCAW,30,0.2502,0.0,False
IPVVW,13,0.35,0.0,False
VLOSU,29,10.71,0.0,False
SOCAU,30,10.4,0.0,False
NTWOW,30,0.28,0.0,False
IPFXU,30,10.68,0.0,False
ASPCR,31,0.086,0.0,False
WSTNR,30,0.1631,0.0,False
CMIIU,30,10.95,0.0,False
NEWTO,31,25.5201,0.0,False
GSHR,31,10.51,0.0,False
FTHA,31,9.93,0.0,False
FTHAU,30,10.12,0.0,False
INHD,31,8.02,0.0,False
SZZLR,31,0.1499,0.0,False
YHNAR,30,0.1102,0.0,False
BSAAR,31,0.12,0.0,False
WSTNU,31,10.28,0.0,False
ALPXW,30,0.06,0.0,False
XCBEW,30,0.265,0.0,False
BBLGW,31,8.5,0.0,False
UCFIW,30,0.09,0.0,False
ALFUW,31,0.2999,0.0,False
XSLLW,30,0.218,0.0,False
DTSQU,30,11.49,0.0,False
JDZG,31,4.17,0.0,False
BEBE,31,10.0,0.0,False
MUZEW,30,0.3,0.0,False
DTSQR,30,0.1075,0.0,False
TVACU,30,10.71,0.0,False
TWLV,31,10.05,0.0,False
FGIIU,30,10.05,0.0,False
FIGXU,31,10.3501,0.0,False
AACPR,31,0.1608,0.0,False
BBCQU,31,11.15,0.0,False
GFAIW,30,0.0249,0.0,False
IRAB,31,9.95,0.0,False
VLOSW,29,0.3601,0.0,False
SIM,30,30.5,0.0,False
VNME,30,10.23,0.0,False
VNMEU,30,10.3,0.0,False
ARCLR,30,0.2001,0.0,False
MYXXW,31,0.0799,0.0,False
WTGUU,30,10.51,0.0,False
WTGUR,30,0.14,0.0,False
XBPEW,30,0.0401,0.0,False
NEN,31,56.0,0.0,False
WSTN,31,10.145,0.0,False
UYSCR,30,0.09,0.0,False
UYSCU,30,10.74,0.0,False
FMACR,30,0.18,0.0,False
UYSC,31,10.84,0.0,False
BHAVR,30,0.2002,0.0,False
UCFI,30,5.51,0.0,False
AACBU,30,10.7,0.0,False
FMACU,30,10.3082,0.0,False
XSLLU,31,10.01,0.0,False
TRGSU,30,10.06,0.0,False
AACPU,31,10.2799,0.0,False
NHIVW,31,0.5279,0.0,False
BHAVU,30,10.24,0.0,False
TDACU,30,12.57,0.0,False
KBONW,31,0.75,0.0,False
TDWD,30,10.08,0.0,False
DIT,30,68.0,0.0,False
AFJKU,31,11.71,0.0,False
HSCSW,30,0.0406,0.0,False
YCY,31,10.25,0.0,False
SUMAR,31,0.2221,0.0,False
TAVIR,31,0.1001,0.0,False
HVMCU,30,10.31,0.0,False
NMPAR,31,0.207,0.0,False
BWIV,31,9.94,0.0,False
SZZLU,30,10.56,0.0,False
DRDBU,30,10.63,0.0,False
KFIIR,31,0.1097,0.0,False
SVIVU,30,10.3701,0.0,False
TDWDU,30,10.15,0.0,False
TDWDR,30,0.145,0.0,False
VHCPW,30,0.3502,0.0,False
JACS,31,10.71,0.0,False
ATIIU,30,11.475,0.0,False
TMTSU,30,10.5,0.0,False
TLNCU,30,10.42,0.0,False
TMTS,30,10.09,0.0,False
DSACU,30,10.3,0.0,False
NHICU,30,11.89,0.0,False
CNCKW,31,0.24,0.0,False
TLNCW,31,0.65,0.0,False
VHCP,30,10.02,0.0,False
ACAAW,31,0.8,0.0,False
NIVFW,30,0.0175,0.0,False
NHIVU,30,10.29,0.0,False
TMTSW,31,0.4,0.0,False
EURKR,30,0.29,0.0,False
ALOVU,30,10.06,0.0,False
VNMEW,30,0.2461,0.0,False
ALISU,30,10.79,0.0,False
ILLUW,30,0.4399,0.0,False
LKSPU,30,10.445,0.0,False
HVIIU,30,10.78,0.0,False
LFACU,31,10.18,0.0,False
CCGWW,30,0.0146,0.0,False
MLAAW,31,0.26,0.0,False
ISNR,13,9.875,0.0,False
WENNW,31,0.2952,0.0,False
RNGTU,31,10.29,0.0,False
RNGTW,30,0.33,0.0,False
RNGT,30,10.15,0.0,False
COLAU,30,11.05,0.0,False
BEAGU,30,11.03,0.0,False
ALDFW,31,0.2611,0.0,False
ILLU,31,9.94,0.0,False
RMCOW,31,0.1902,0.0,False
GECCI,30,25.3203,0.0,False
HVMCW,31,0.33,0.0,False
BANFP,31,27.3258,0.0,False
LCCCR,30,0.1541,0.0,False
LFACW,30,0.34,0.0,False
MMTXW,30,0.12,0.0,False
CCAQU,30,10.74,0.0,False
ALDFU,30,10.82,0.0,False
OFSSO,30,25.43,0.0,False
EMISR,30,0.1112,0.0,False
IACQU,30,10.12,0.0,False
LCCCU,30,10.61,0.0,False
CCAQW,31,0.3125,0.0,False
RREVU,30,10.05,0.0,False
FSHPU,30,11.19,0.0,False
LFAC,31,10.05,0.0,False
CRAQU,30,10.53,0.0,False
LCFYW,30,3.99,0.0,False
ASPCU,30,10.8499,0.0,False
IACOU,31,10.05,0.0,False
IACQW,30,0.5155,0.0,False
CTAA,30,9.91,0.0,False
MLAAU,30,10.07,0.0,False
DBCAU,30,10.2,0.0,False
RREVW,31,0.56,0.0,False
KTWOR,31,0.2699,0.0,False
RIBBU,30,11.0,0.0,False
EMIS,31,10.21,0.0,False
XRPNU,31,10.88,0.0,False
CCIIW,30,0.8,0.0,False
RAINW,31,0.1475,0.0,False
RDACR,30,0.0782,0.0,False
CRACU,30,10.25,0.0,False
TWLVU,31,10.16,0.0,False
ORIQU,30,10.35,0.0,False
RANGU,30,11.3151,0.0,False
RDAGU,31,10.54,0.0,False
RDIB,31,9.2,0.0,False
MMTXU,30,10.1,0.0,False
MYX,31,9.97,0.0,False
RDAGW,31,0.2625,0.0,False
WHLRD,30,36.32,0.0,False
MKLYU,30,10.55,0.0,False
RANG,31,10.76,0.0,False
CRAQR,30,0.21,0.0,False
ZKPU,30,10.03,0.0,False
OYSEU,30,10.66,0.0,False
BLRKU,30,10.23,0.0,False
JSPRW,30,0.0138,0.0,False
PACHU,30,10.4,0.0,False
BLZRU,31,10.24,0.0,False
RIBB,30,10.82,0.0,False
CCIIU,30,10.57,0.0,False
RIBBR,30,0.25,0.0,False
ONCHW,30,0.4105,0.0,False
RFAIU,30,11.03,0.0,False
RFAMU,30,10.0,0.0,False
BLUWU,30,10.5,0.0,False
RDACU,30,7.6,0.0,False
CRANU,30,10.355,0.0,False
SVAQU,30,10.35,0.0,False
BLUWW,31,0.2502,0.0,False
CCZ,31,63.3,0.0,False
RFAMR,30,0.1101,0.0,False
GECCH,31,25.0501,0.0,False
RFAM,31,10.0,0.0,False
ARTCW,30,0.3401,0.0,False
LATAU,30,10.23,0.0,False
ILLUU,31,10.27,0.0,False
SCPQW,31,0.3888,0.0,False
CAQ,31,9.99,0.0,False
OBA,31,10.3,0.0,False
SDAWW,30,0.1195,0.0,False
KRAQ,31,9.985,0.0,False
SDHIR,31,0.18,0.0,False
SDHIU,31,10.6,0.0,False
KOYNW,31,0.1802,0.0,False
BCARU,31,6.04,0.0,False
SENEB,30,188.8,0.0,False
OACCW,30,1.03,0.0,False
BREZR,31,0.235,0.0,False
GIPRW,31,0.0295,0.0,False
SDHI,30,10.48,0.0,False
CAPN,30,11.1,0.0,False
KRAQU,30,10.1,0.0,False
SCPQ,31,10.02,0.0,False
APURR,30,0.1802,0.0,False
CAPNU,30,11.17,0.0,False
EFTY,30,15.02,0.0,False
OIMAU,30,10.19,0.0,False
SHOT,31,9.83,0.0,False
HCACU,30,10.3,0.0,False
IEAG,31,10.235,0.0,False
IEAGU,31,10.36,0.0,False
SHFSW,31,0.0182,0.0,False
CAQUU,30,10.25,0.0,False
KTWO,30,10.06,0.0,False
SHOTR,21,0.1796,0.0,False
FUSEW,30,0.065,0.0,False
BRLSW,30,0.0256,0.0,False
KTWOU,31,10.2499,0.0,False
IGACU,30,10.225,0.0,False
EGHAU,30,10.6601,0.0,False
CAQUW,30,0.3001,0.0,False
FVNNU,30,10.67,0.0,False
IFED,31,49.2,0.0,False
MYXXR,31,0.2,0.0,False
IGACR,30,0.1551,0.0,False
BDMDW,30,0.0439,0.0,False
DMIIU,31,10.1999,0.0,False
SEATW,31,0.0492,0.0,False
OABIW,31,0.2151,0.0,False
TRGS,30,9.92,0.0,False
BPACU,30,10.3,0.0,False
BDCIW,30,0.42,0.0,False
OIMAW,31,0.72,0.0,False
BNCWW,30,0.02,0.0,False
LAWR,30,3.75,0.0,False
GCLWW,30,0.0198,0.0,False
ALFUU,30,10.91,0.0,False
GCGRU,30,10.3,0.0,False
DYNCW,31,0.16,0.0,False
OGGWZ,31,0.042,0.0,False
KYIVW,30,5.1,0.0,False
OYSER,30,0.111,0.0,False
SAAQU,31,10.38,0.0,False
SAIHW,31,0.0385,0.0,False
GIBOW,30,0.02,0.0,False
ACAAU,30,10.07,0.0,False
UAC,31,9.96,0.0,False
QADRW,30,0.235,0.0,False
OACCU,30,10.9988,0.0,False
SCII,31,10.1,0.0,False
OBAWW,31,0.2126,0.0,False
FISK,30,4.69,0.0,False
SCIIR,30,0.1802,0.0,False
KOYNU,30,10.28,0.0,False
SCIIU,30,10.22,0.0,False
OACC,30,10.8,0.0,False
MUZEU,30,10.08,0.0,False
FXACW,29,0.155,0.0,False
CAPNR,30,0.19,0.0,False
GSRVU,30,10.65,0.0,False
CHECW,31,0.15,0.0,False
SBFMW,31,0.031,0.0,False
SCAGW,31,0.0267,0.0,False
NCPLW,30,0.0246,0.0,False
OBAWU,30,10.37,0.0,False
AESPU,30,10.15,0.0,False
BPACR,30,0.1546,0.0,False
